account_id,is_fraud
acc_0,0
acc_1,0
acc_2,0
acc_3,1
acc_4,0
acc_5,1
acc_6,0
acc_7,0
acc_8,0
acc_9,1
acc_10,0
acc_11,0
acc_12,0
acc_13,0
acc_14,0
acc_15,0
acc_16,0
acc_17,0
acc_18,0
acc_19,0
acc_20,0
acc_21,0
acc_22,1
acc_23,0
acc_24,0
acc_25,0
acc_26,0
acc_27,1
acc_28,0
acc_29,0
acc_30,0
acc_31,0
acc_32,0
acc_33,0
acc_34,0
acc_35,1
acc_36,0
acc_37,0
acc_38,0
acc_39,1
acc_40,0
acc_41,1
acc_42,0
acc_43,0
acc_44,0
acc_45,0
acc_46,0
acc_47,1
acc_48,0
acc_49,0
acc_50,0
acc_51,0
acc_52,0
acc_53,0
acc_54,0
acc_55,0
acc_56,0
acc_57,0
acc_58,1
acc_59,0
acc_60,0
acc_61,0
acc_62,0
acc_63,0
acc_64,0
acc_65,0
acc_66,0
acc_67,0
acc_68,0
acc_69,0
acc_70,0
acc_71,1
acc_72,0
acc_73,0
acc_74,0
acc_75,0
acc_76,0
acc_77,0
acc_78,0
acc_79,0
acc_80,0
acc_81,1
acc_82,0
acc_83,0
acc_84,0
acc_85,0
acc_86,0
acc_87,0
acc_88,0
acc_89,1
acc_90,0
acc_91,0
acc_92,0
acc_93,0
acc_94,0
acc_95,0
acc_96,0
acc_97,0
acc_98,1
acc_99,0
acc_100,0
acc_101,0
acc_102,0
acc_103,0
acc_104,0
acc_105,0
acc_106,0
acc_107,0
acc_108,1
acc_109,0
acc_110,0
acc_111,0
acc_112,0
acc_113,1
acc_114,0
acc_115,0
acc_116,0
acc_117,0
acc_118,0
acc_119,0
acc_120,0
acc_121,0
acc_122,0
acc_123,0
acc_124,0
acc_125,1
acc_126,0
acc_127,0
acc_128,0
acc_129,0
acc_130,0
acc_131,0
acc_132,0
acc_133,0
acc_134,0
acc_135,1
acc_136,0
acc_137,0
acc_138,0
acc_139,0
acc_140,0
acc_141,0
acc_142,1
acc_143,0
acc_144,0
acc_145,0
acc_146,0
acc_147,0
acc_148,0
acc_149,0
acc_150,0
acc_151,0
acc_152,1
acc_153,0
acc_154,1
acc_155,0
acc_156,0
acc_157,0
acc_158,1
acc_159,0
acc_160,0
acc_161,0
acc_162,0
acc_163,0
acc_164,1
acc_165,0
acc_166,0
acc_167,0
acc_168,0
acc_169,1
acc_170,1
acc_171,0
acc_172,0
acc_173,1
acc_174,0
acc_175,0
acc_176,0
acc_177,0
acc_178,0
acc_179,1
acc_180,0
acc_181,0
acc_182,0
acc_183,0
acc_184,1
acc_185,0
acc_186,0
acc_187,0
acc_188,0
acc_189,0
acc_190,0
acc_191,0
acc_192,0
acc_193,0
acc_194,0
acc_195,0
acc_196,0
acc_197,0
acc_198,0
acc_199,0
acc_200,0
acc_201,0
acc_202,0
acc_203,0
acc_204,0
acc_205,0
acc_206,0
acc_207,0
acc_208,1
acc_209,0
acc_210,0
acc_211,0
acc_212,0
acc_213,0
acc_214,0
acc_215,0
acc_216,0
acc_217,1
acc_218,0
acc_219,0
acc_220,0
acc_221,0
acc_222,0
acc_223,1
acc_224,0
acc_225,0
acc_226,0
acc_227,0
acc_228,0
acc_229,0
acc_230,0
acc_231,0
acc_232,0
acc_233,1
acc_234,0
acc_235,0
acc_236,0
acc_237,0
acc_238,0
acc_239,0
acc_240,1
acc_241,0
acc_242,0
acc_243,0
acc_244,0
acc_245,0
acc_246,0
acc_247,0
acc_248,0
acc_249,0
acc_250,0
acc_251,0
acc_252,0
acc_253,0
acc_254,0
acc_255,0
acc_256,0
acc_257,1
acc_258,0
acc_259,0
acc_260,0
acc_261,1
acc_262,0
acc_263,0
acc_264,1
acc_265,0
acc_266,0
acc_267,1
acc_268,0
acc_269,0
acc_270,0
acc_271,0
acc_272,0
acc_273,0
acc_274,0
acc_275,1
acc_276,0
acc_277,1
acc_278,0
acc_279,0
acc_280,0
acc_281,0
acc_282,0
acc_283,0
acc_284,0
acc_285,0
acc_286,0
acc_287,0
acc_288,1
acc_289,0
acc_290,0
acc_291,1
acc_292,0
acc_293,0
acc_294,0
acc_295,0
acc_296,0
acc_297,0
acc_298,0
acc_299,0
acc_300,0
acc_301,0
acc_302,0
acc_303,1
acc_304,1
acc_305,0
acc_306,0
acc_307,0
acc_308,0
acc_309,0
acc_310,0
acc_311,0
acc_312,0
acc_313,0
acc_314,0
acc_315,0
acc_316,0
acc_317,0
acc_318,1
acc_319,0
acc_320,0
acc_321,0
acc_322,0
acc_323,0
acc_324,0
acc_325,0
acc_326,0
acc_327,0
acc_328,0
acc_329,0
acc_330,0
acc_331,0
acc_332,0
acc_333,0
acc_334,0
acc_335,0
acc_336,0
acc_337,0
acc_338,0
acc_339,0
acc_340,0
acc_341,0
acc_342,0
acc_343,0
acc_344,0
acc_345,0
acc_346,0
acc_347,1
acc_348,0
acc_349,0
acc_350,1
acc_351,0
acc_352,0
acc_353,0
acc_354,0
acc_355,0
acc_356,0
acc_357,0
acc_358,0
acc_359,0
acc_360,0
acc_361,0
acc_362,0
acc_363,0
acc_364,0
acc_365,1
acc_366,0
acc_367,0
acc_368,0
acc_369,0
acc_370,0
acc_371,1
acc_372,0
acc_373,1
acc_374,1
acc_375,0
acc_376,0
acc_377,0
acc_378,0
acc_379,0
acc_380,0
acc_381,1
acc_382,0
acc_383,0
acc_384,0
acc_385,0
acc_386,0
acc_387,1
acc_388,0
acc_389,0
acc_390,0
acc_391,1
acc_392,0
acc_393,0
acc_394,0
acc_395,1
acc_396,0
acc_397,0
acc_398,0
acc_399,0
acc_400,0
acc_401,0
acc_402,1
acc_403,0
acc_404,0
acc_405,1
acc_406,0
acc_407,0
acc_408,0
acc_409,0
acc_410,0
acc_411,0
acc_412,0
acc_413,0
acc_414,0
acc_415,1
acc_416,0
acc_417,1
acc_418,1
acc_419,0
acc_420,0
acc_421,0
acc_422,0
acc_423,0
acc_424,1
acc_425,0
acc_426,0
acc_427,0
acc_428,0
acc_429,0
acc_430,0
acc_431,0
acc_432,0
acc_433,0
acc_434,0
acc_435,0
acc_436,0
acc_437,0
acc_438,0
acc_439,0
acc_440,0
acc_441,0
acc_442,0
acc_443,0
acc_444,0
acc_445,0
acc_446,0
acc_447,0
acc_448,0
acc_449,0
acc_450,0
acc_451,1
acc_452,0
acc_453,0
acc_454,0
acc_455,0
acc_456,0
acc_457,0
acc_458,0
acc_459,0
acc_460,0
acc_461,1
acc_462,0
acc_463,0
acc_464,0
acc_465,0
acc_466,0
acc_467,0
acc_468,0
acc_469,0
acc_470,0
acc_471,0
acc_472,0
acc_473,0
acc_474,0
acc_475,0
acc_476,0
acc_477,0
acc_478,0
acc_479,0
acc_480,0
acc_481,0
acc_482,0
acc_483,0
acc_484,0
acc_485,0
acc_486,0
acc_487,0
acc_488,0
acc_489,0
acc_490,0
acc_491,0
acc_492,0
acc_493,0
acc_494,0
acc_495,0
acc_496,0
acc_497,0
acc_498,0
acc_499,0
acc_500,0
acc_501,0
acc_502,0
acc_503,1
acc_504,0
acc_505,0
acc_506,0
acc_507,0
acc_508,0
acc_509,0
acc_510,0
acc_511,0
acc_512,0
acc_513,0
acc_514,0
acc_515,0
acc_516,0
acc_517,1
acc_518,0
acc_519,0
acc_520,0
acc_521,0
acc_522,0
acc_523,0
acc_524,0
acc_525,0
acc_526,0
acc_527,0
acc_528,0
acc_529,0
acc_530,0
acc_531,0
acc_532,0
acc_533,1
acc_534,0
acc_535,0
acc_536,0
acc_537,0
acc_538,1
acc_539,0
acc_540,0
acc_541,0
acc_542,1
acc_543,0
acc_544,0
acc_545,1
acc_546,1
acc_547,0
acc_548,0
acc_549,0
acc_550,0
acc_551,0
acc_552,0
acc_553,1
acc_554,0
acc_555,0
acc_556,0
acc_557,0
acc_558,0
acc_559,0
acc_560,0
acc_561,0
acc_562,0
acc_563,0
acc_564,0
acc_565,0
acc_566,0
acc_567,0
acc_568,0
acc_569,0
acc_570,0
acc_571,0
acc_572,0
acc_573,0
acc_574,0
acc_575,0
acc_576,0
acc_577,0
acc_578,0
acc_579,0
acc_580,0
acc_581,0
acc_582,1
acc_583,0
acc_584,0
acc_585,0
acc_586,0
acc_587,1
acc_588,0
acc_589,0
acc_590,0
acc_591,0
acc_592,0
acc_593,0
acc_594,0
acc_595,0
acc_596,0
acc_597,0
acc_598,0
acc_599,0
acc_600,0
acc_601,0
acc_602,0
acc_603,0
acc_604,0
acc_605,0
acc_606,0
acc_607,0
acc_608,0
acc_609,0
acc_610,1
acc_611,0
acc_612,0
acc_613,0
acc_614,0
acc_615,0
acc_616,0
acc_617,0
acc_618,0
acc_619,0
acc_620,1
acc_621,0
acc_622,0
acc_623,0
acc_624,0
acc_625,0
acc_626,1
acc_627,0
acc_628,0
acc_629,0
acc_630,0
acc_631,0
acc_632,0
acc_633,0
acc_634,0
acc_635,0
acc_636,0
acc_637,0
acc_638,0
acc_639,1
acc_640,0
acc_641,0
acc_642,0
acc_643,0
acc_644,0
acc_645,0
acc_646,1
acc_647,0
acc_648,0
acc_649,0
acc_650,0
acc_651,0
acc_652,0
acc_653,1
acc_654,0
acc_655,0
acc_656,0
acc_657,1
acc_658,0
acc_659,0
acc_660,0
acc_661,0
acc_662,1
acc_663,0
acc_664,0
acc_665,0
acc_666,0
acc_667,0
acc_668,0
acc_669,0
acc_670,0
acc_671,0
acc_672,0
acc_673,0
acc_674,0
acc_675,0
acc_676,0
acc_677,0
acc_678,0
acc_679,0
acc_680,0
acc_681,0
acc_682,0
acc_683,0
acc_684,0
acc_685,0
acc_686,0
acc_687,0
acc_688,0
acc_689,0
acc_690,0
acc_691,0
acc_692,0
acc_693,0
acc_694,0
acc_695,0
acc_696,0
acc_697,0
acc_698,0
acc_699,0
acc_700,0
acc_701,0
acc_702,0
acc_703,0
acc_704,0
acc_705,0
acc_706,0
acc_707,0
acc_708,0
acc_709,0
acc_710,0
acc_711,0
acc_712,0
acc_713,0
acc_714,1
acc_715,0
acc_716,0
acc_717,0
acc_718,0
acc_719,0
acc_720,0
acc_721,0
acc_722,0
acc_723,0
acc_724,0
acc_725,0
acc_726,0
acc_727,0
acc_728,0
acc_729,0
acc_730,0
acc_731,0
acc_732,0
acc_733,0
acc_734,0
acc_735,1
acc_736,0
acc_737,0
acc_738,1
acc_739,0
acc_740,0
acc_741,0
acc_742,0
acc_743,0
acc_744,0
acc_745,0
acc_746,0
acc_747,0
acc_748,0
acc_749,0
acc_750,0
acc_751,0
acc_752,0
acc_753,0
acc_754,0
acc_755,0
acc_756,1
acc_757,0
acc_758,0
acc_759,1
acc_760,0
acc_761,0
acc_762,0
acc_763,0
acc_764,0
acc_765,0
acc_766,0
acc_767,0
acc_768,0
acc_769,0
acc_770,0
acc_771,0
acc_772,0
acc_773,0
acc_774,0
acc_775,0
acc_776,0
acc_777,0
acc_778,1
acc_779,0
acc_780,0
acc_781,0
acc_782,0
acc_783,1
acc_784,0
acc_785,0
acc_786,0
acc_787,0
acc_788,0
acc_789,0
acc_790,0
acc_791,0
acc_792,0
acc_793,0
acc_794,0
acc_795,0
acc_796,0
acc_797,0
acc_798,0
acc_799,0
acc_800,0
acc_801,0
acc_802,0
acc_803,0
acc_804,0
acc_805,0
acc_806,0
acc_807,0
acc_808,0
acc_809,1
acc_810,0
acc_811,0
acc_812,0
acc_813,0
acc_814,0
acc_815,0
acc_816,0
acc_817,0
acc_818,0
acc_819,0
acc_820,0
acc_821,0
acc_822,0
acc_823,0
acc_824,0
acc_825,0
acc_826,0
acc_827,0
acc_828,1
acc_829,0
acc_830,0
acc_831,0
acc_832,0
acc_833,0
acc_834,1
acc_835,0
acc_836,0
acc_837,0
acc_838,0
acc_839,0
acc_840,0
acc_841,0
acc_842,0
acc_843,1
acc_844,0
acc_845,0
acc_846,0
acc_847,0
acc_848,0
acc_849,0
acc_850,0
acc_851,0
acc_852,0
acc_853,0
acc_854,1
acc_855,0
acc_856,0
acc_857,0
acc_858,0
acc_859,0
acc_860,0
acc_861,1
acc_862,0
acc_863,0
acc_864,0
acc_865,0
acc_866,0
acc_867,0
acc_868,0
acc_869,0
acc_870,0
acc_871,0
acc_872,0
acc_873,0
acc_874,0
acc_875,0
acc_876,0
acc_877,0
acc_878,1
acc_879,0
acc_880,0
acc_881,0
acc_882,0
acc_883,0
acc_884,0
acc_885,0
acc_886,0
acc_887,0
acc_888,0
acc_889,0
acc_890,0
acc_891,0
acc_892,0
acc_893,0
acc_894,0
acc_895,0
acc_896,1
acc_897,0
acc_898,0
acc_899,1
acc_900,0
acc_901,0
acc_902,0
acc_903,0
acc_904,0
acc_905,0
acc_906,0
acc_907,0
acc_908,0
acc_909,0
acc_910,0
acc_911,0
acc_912,0
acc_913,0
acc_914,0
acc_915,0
acc_916,0
acc_917,0
acc_918,0
acc_919,0
acc_920,0
acc_921,0
acc_922,0
acc_923,0
acc_924,1
acc_925,0
acc_926,0
acc_927,0
acc_928,0
acc_929,1
acc_930,0
acc_931,0
acc_932,0
acc_933,0
acc_934,0
acc_935,0
acc_936,0
acc_937,0
acc_938,0
acc_939,0
acc_940,0
acc_941,0
acc_942,0
acc_943,0
acc_944,1
acc_945,0
acc_946,0
acc_947,0
acc_948,0
acc_949,0
acc_950,0
acc_951,0
acc_952,0
acc_953,0
acc_954,0
acc_955,0
acc_956,0
acc_957,0
acc_958,0
acc_959,0
acc_960,1
acc_961,1
acc_962,0
acc_963,0
acc_964,0
acc_965,0
acc_966,1
acc_967,0
acc_968,0
acc_969,0
acc_970,0
acc_971,0
acc_972,0
acc_973,0
acc_974,0
acc_975,0
acc_976,0
acc_977,0
acc_978,0
acc_979,0
acc_980,0
acc_981,0
acc_982,0
acc_983,0
acc_984,0
acc_985,0
acc_986,0
acc_987,0
acc_988,0
acc_989,0
acc_990,0
acc_991,0
acc_992,1
acc_993,0
acc_994,0
acc_995,0
acc_996,0
acc_997,0
acc_998,0
acc_999,0
acc_1000,0
acc_1001,1
acc_1002,0
acc_1003,0
acc_1004,0
acc_1005,0
acc_1006,0
acc_1007,0
acc_1008,0
acc_1009,1
acc_1010,0
acc_1011,0
acc_1012,0
acc_1013,0
acc_1014,0
acc_1015,1
acc_1016,0
acc_1017,0
acc_1018,1
acc_1019,0
acc_1020,0
acc_1021,0
acc_1022,1
acc_1023,0
acc_1024,0
acc_1025,0
acc_1026,0
acc_1027,0
acc_1028,0
acc_1029,0
acc_1030,0
acc_1031,0
acc_1032,0
acc_1033,0
acc_1034,1
acc_1035,0
acc_1036,0
acc_1037,0
acc_1038,0
acc_1039,1
acc_1040,0
acc_1041,0
acc_1042,0
acc_1043,0
acc_1044,0
acc_1045,0
acc_1046,0
acc_1047,0
acc_1048,0
acc_1049,0
acc_1050,0
acc_1051,0
acc_1052,0
acc_1053,0
acc_1054,0
acc_1055,0
acc_1056,0
acc_1057,0
acc_1058,1
acc_1059,0
acc_1060,0
acc_1061,0
acc_1062,0
acc_1063,0
acc_1064,0
acc_1065,0
acc_1066,0
acc_1067,1
acc_1068,0
acc_1069,0
acc_1070,0
acc_1071,0
acc_1072,0
acc_1073,0
acc_1074,0
acc_1075,0
acc_1076,0
acc_1077,0
acc_1078,0
acc_1079,0
acc_1080,0
acc_1081,0
acc_1082,0
acc_1083,1
acc_1084,0
acc_1085,0
acc_1086,0
acc_1087,0
acc_1088,0
acc_1089,0
acc_1090,0
acc_1091,0
acc_1092,0
acc_1093,0
acc_1094,1
acc_1095,0
acc_1096,0
acc_1097,0
acc_1098,0
acc_1099,0
acc_1100,0
acc_1101,1
acc_1102,0
acc_1103,0
acc_1104,0
acc_1105,0
acc_1106,0
acc_1107,0
acc_1108,0
acc_1109,0
acc_1110,0
acc_1111,0
acc_1112,0
acc_1113,0
acc_1114,0
acc_1115,0
acc_1116,0
acc_1117,0
acc_1118,0
acc_1119,0
acc_1120,0
acc_1121,0
acc_1122,0
acc_1123,0
acc_1124,0
acc_1125,0
acc_1126,0
acc_1127,0
acc_1128,0
acc_1129,0
acc_1130,0
acc_1131,0
acc_1132,0
acc_1133,0
acc_1134,0
acc_1135,1
acc_1136,0
acc_1137,1
acc_1138,0
acc_1139,0
acc_1140,0
acc_1141,0
acc_1142,0
acc_1143,0
acc_1144,0
acc_1145,0
acc_1146,0
acc_1147,0
acc_1148,0
acc_1149,0
acc_1150,0
acc_1151,0
acc_1152,0
acc_1153,0
acc_1154,0
acc_1155,0
acc_1156,0
acc_1157,1
acc_1158,1
acc_1159,0
acc_1160,0
acc_1161,0
acc_1162,0
acc_1163,0
acc_1164,0
acc_1165,0
acc_1166,0
acc_1167,0
acc_1168,0
acc_1169,0
acc_1170,0
acc_1171,0
acc_1172,0
acc_1173,0
acc_1174,1
acc_1175,0
acc_1176,0
acc_1177,0
acc_1178,0
acc_1179,0
acc_1180,0
acc_1181,1
acc_1182,0
acc_1183,0
acc_1184,0
acc_1185,0
acc_1186,0
acc_1187,0
acc_1188,0
acc_1189,0
acc_1190,1
acc_1191,0
acc_1192,0
acc_1193,0
acc_1194,0
acc_1195,0
acc_1196,0
acc_1197,0
acc_1198,0
acc_1199,0
acc_1200,0
acc_1201,1
acc_1202,0
acc_1203,0
acc_1204,0
acc_1205,0
acc_1206,0
acc_1207,0
acc_1208,0
acc_1209,0
acc_1210,0
acc_1211,0
acc_1212,0
acc_1213,0
acc_1214,0
acc_1215,0
acc_1216,0
acc_1217,0
acc_1218,0
acc_1219,0
acc_1220,0
acc_1221,0
acc_1222,1
acc_1223,0
acc_1224,1
acc_1225,0
acc_1226,0
acc_1227,1
acc_1228,0
acc_1229,0
acc_1230,0
acc_1231,0
acc_1232,0
acc_1233,0
acc_1234,0
acc_1235,0
acc_1236,0
acc_1237,1
acc_1238,0
acc_1239,0
acc_1240,0
acc_1241,1
acc_1242,0
acc_1243,1
acc_1244,0
acc_1245,0
acc_1246,0
acc_1247,0
acc_1248,0
acc_1249,0
acc_1250,0
acc_1251,0
acc_1252,0
acc_1253,0
acc_1254,0
acc_1255,0
acc_1256,0
acc_1257,0
acc_1258,0
acc_1259,0
acc_1260,0
acc_1261,0
acc_1262,0
acc_1263,0
acc_1264,0
acc_1265,0
acc_1266,0
acc_1267,0
acc_1268,0
acc_1269,0
acc_1270,1
acc_1271,0
acc_1272,0
acc_1273,0
acc_1274,0
acc_1275,1
acc_1276,0
acc_1277,0
acc_1278,0
acc_1279,1
acc_1280,0
acc_1281,0
acc_1282,0
acc_1283,0
acc_1284,1
acc_1285,0
acc_1286,0
acc_1287,0
acc_1288,0
acc_1289,0
acc_1290,0
acc_1291,0
acc_1292,1
acc_1293,0
acc_1294,0
acc_1295,0
acc_1296,0
acc_1297,0
acc_1298,0
acc_1299,0
acc_1300,0
acc_1301,0
acc_1302,0
acc_1303,0
acc_1304,0
acc_1305,1
acc_1306,0
acc_1307,0
acc_1308,1
acc_1309,0
acc_1310,0
acc_1311,0
acc_1312,0
acc_1313,1
acc_1314,0
acc_1315,0
acc_1316,0
acc_1317,0
acc_1318,0
acc_1319,0
acc_1320,0
acc_1321,1
acc_1322,0
acc_1323,0
acc_1324,1
acc_1325,0
acc_1326,0
acc_1327,0
acc_1328,0
acc_1329,0
acc_1330,0
acc_1331,1
acc_1332,0
acc_1333,0
acc_1334,0
acc_1335,0
acc_1336,0
acc_1337,0
acc_1338,0
acc_1339,1
acc_1340,0
acc_1341,0
acc_1342,0
acc_1343,0
acc_1344,0
acc_1345,0
acc_1346,0
acc_1347,0
acc_1348,0
acc_1349,1
acc_1350,0
acc_1351,0
acc_1352,0
acc_1353,0
acc_1354,0
acc_1355,0
acc_1356,0
acc_1357,0
acc_1358,0
acc_1359,0
acc_1360,0
acc_1361,0
acc_1362,0
acc_1363,1
acc_1364,0
acc_1365,0
acc_1366,0
acc_1367,0
acc_1368,1
acc_1369,0
acc_1370,0
acc_1371,0
acc_1372,0
acc_1373,0
acc_1374,0
acc_1375,0
acc_1376,0
acc_1377,0
acc_1378,1
acc_1379,0
acc_1380,0
acc_1381,0
acc_1382,0
acc_1383,0
acc_1384,1
acc_1385,0
acc_1386,1
acc_1387,0
acc_1388,0
acc_1389,0
acc_1390,0
acc_1391,0
acc_1392,0
acc_1393,0
acc_1394,0
acc_1395,0
acc_1396,0
acc_1397,0
acc_1398,1
acc_1399,1
acc_1400,0
acc_1401,0
acc_1402,1
acc_1403,0
acc_1404,0
acc_1405,0
acc_1406,0
acc_1407,0
acc_1408,0
acc_1409,0
acc_1410,0
acc_1411,0
acc_1412,0
acc_1413,1
acc_1414,0
acc_1415,0
acc_1416,0
acc_1417,0
acc_1418,0
acc_1419,0
acc_1420,1
acc_1421,0
acc_1422,0
acc_1423,0
acc_1424,0
acc_1425,0
acc_1426,0
acc_1427,0
acc_1428,0
acc_1429,0
acc_1430,0
acc_1431,0
acc_1432,0
acc_1433,0
acc_1434,0
acc_1435,1
acc_1436,1
acc_1437,0
acc_1438,1
acc_1439,0
acc_1440,0
acc_1441,0
acc_1442,0
acc_1443,1
acc_1444,0
acc_1445,0
acc_1446,0
acc_1447,0
acc_1448,0
acc_1449,0
acc_1450,0
acc_1451,0
acc_1452,0
acc_1453,0
acc_1454,0
acc_1455,0
acc_1456,0
acc_1457,0
acc_1458,0
acc_1459,0
acc_1460,0
acc_1461,0
acc_1462,1
acc_1463,0
acc_1464,0
acc_1465,0
acc_1466,0
acc_1467,0
acc_1468,0
acc_1469,0
acc_1470,0
acc_1471,0
acc_1472,0
acc_1473,0
acc_1474,0
acc_1475,0
acc_1476,0
acc_1477,0
acc_1478,0
acc_1479,0
acc_1480,0
acc_1481,0
acc_1482,1
acc_1483,0
acc_1484,1
acc_1485,0
acc_1486,0
acc_1487,0
acc_1488,0
acc_1489,1
acc_1490,0
acc_1491,0
acc_1492,0
acc_1493,0
acc_1494,0
acc_1495,0
acc_1496,0
acc_1497,0
acc_1498,0
acc_1499,0
acc_1500,1
acc_1501,0
acc_1502,0
acc_1503,1
acc_1504,1
acc_1505,1
acc_1506,1
acc_1507,0
acc_1508,0
acc_1509,0
acc_1510,0
acc_1511,0
acc_1512,0
acc_1513,0
acc_1514,0
acc_1515,0
acc_1516,0
acc_1517,0
acc_1518,0
acc_1519,0
acc_1520,0
acc_1521,1
acc_1522,0
acc_1523,1
acc_1524,0
acc_1525,1
acc_1526,0
acc_1527,0
acc_1528,0
acc_1529,0
acc_1530,0
acc_1531,0
acc_1532,0
acc_1533,0
acc_1534,0
acc_1535,0
acc_1536,1
acc_1537,0
acc_1538,0
acc_1539,1
acc_1540,0
acc_1541,0
acc_1542,0
acc_1543,0
acc_1544,0
acc_1545,0
acc_1546,0
acc_1547,0
acc_1548,0
acc_1549,0
acc_1550,0
acc_1551,0
acc_1552,0
acc_1553,0
acc_1554,0
acc_1555,0
acc_1556,0
acc_1557,0
acc_1558,0
acc_1559,0
acc_1560,0
acc_1561,0
acc_1562,0
acc_1563,0
acc_1564,0
acc_1565,0
acc_1566,0
acc_1567,0
acc_1568,0
acc_1569,0
acc_1570,0
acc_1571,1
acc_1572,0
acc_1573,0
acc_1574,0
acc_1575,0
acc_1576,0
acc_1577,1
acc_1578,0
acc_1579,0
acc_1580,1
acc_1581,0
acc_1582,0
acc_1583,0
acc_1584,0
acc_1585,0
acc_1586,1
acc_1587,0
acc_1588,0
acc_1589,0
acc_1590,0
acc_1591,1
acc_1592,1
acc_1593,0
acc_1594,1
acc_1595,0
acc_1596,0
acc_1597,0
acc_1598,0
acc_1599,0
acc_1600,0
acc_1601,0
acc_1602,0
acc_1603,0
acc_1604,1
acc_1605,0
acc_1606,0
acc_1607,0
acc_1608,0
acc_1609,0
acc_1610,0
acc_1611,0
acc_1612,0
acc_1613,0
acc_1614,0
acc_1615,1
acc_1616,0
acc_1617,0
acc_1618,0
acc_1619,0
acc_1620,0
acc_1621,0
acc_1622,0
acc_1623,0
acc_1624,0
acc_1625,0
acc_1626,1
acc_1627,0
acc_1628,0
acc_1629,0
acc_1630,0
acc_1631,0
acc_1632,0
acc_1633,0
acc_1634,0
acc_1635,0
acc_1636,0
acc_1637,0
acc_1638,0
acc_1639,0
acc_1640,0
acc_1641,1
acc_1642,0
acc_1643,0
acc_1644,0
acc_1645,0
acc_1646,0
acc_1647,0
acc_1648,0
acc_1649,1
acc_1650,0
acc_1651,0
acc_1652,0
acc_1653,0
acc_1654,0
acc_1655,1
acc_1656,1
acc_1657,0
acc_1658,1
acc_1659,1
acc_1660,0
acc_1661,0
acc_1662,0
acc_1663,1
acc_1664,0
acc_1665,0
acc_1666,1
acc_1667,0
acc_1668,0
acc_1669,0
acc_1670,0
acc_1671,0
acc_1672,0
acc_1673,0
acc_1674,0
acc_1675,0
acc_1676,1
acc_1677,0
acc_1678,0
acc_1679,0
acc_1680,0
acc_1681,0
acc_1682,1
acc_1683,0
acc_1684,0
acc_1685,0
acc_1686,0
acc_1687,0
acc_1688,0
acc_1689,0
acc_1690,0
acc_1691,0
acc_1692,0
acc_1693,0
acc_1694,0
acc_1695,0
acc_1696,1
acc_1697,0
acc_1698,0
acc_1699,0
acc_1700,0
acc_1701,0
acc_1702,0
acc_1703,0
acc_1704,0
acc_1705,1
acc_1706,0
acc_1707,0
acc_1708,0
acc_1709,1
acc_1710,0
acc_1711,0
acc_1712,0
acc_1713,0
acc_1714,0
acc_1715,0
acc_1716,0
acc_1717,0
acc_1718,0
acc_1719,0
acc_1720,1
acc_1721,0
acc_1722,0
acc_1723,0
acc_1724,0
acc_1725,1
acc_1726,0
acc_1727,0
acc_1728,0
acc_1729,0
acc_1730,0
acc_1731,0
acc_1732,0
acc_1733,0
acc_1734,0
acc_1735,0
acc_1736,0
acc_1737,0
acc_1738,1
acc_1739,0
acc_1740,0
acc_1741,0
acc_1742,0
acc_1743,0
acc_1744,0
acc_1745,0
acc_1746,0
acc_1747,0
acc_1748,0
acc_1749,0
acc_1750,0
acc_1751,0
acc_1752,0
acc_1753,0
acc_1754,1
acc_1755,0
acc_1756,0
acc_1757,0
acc_1758,1
acc_1759,0
acc_1760,0
acc_1761,0
acc_1762,1
acc_1763,0
acc_1764,0
acc_1765,0
acc_1766,0
acc_1767,0
acc_1768,0
acc_1769,0
acc_1770,0
acc_1771,1
acc_1772,0
acc_1773,0
acc_1774,1
acc_1775,0
acc_1776,0
acc_1777,0
acc_1778,1
acc_1779,0
acc_1780,0
acc_1781,0
acc_1782,1
acc_1783,0
acc_1784,0
acc_1785,0
acc_1786,0
acc_1787,0
acc_1788,1
acc_1789,0
acc_1790,0
acc_1791,0
acc_1792,0
acc_1793,0
acc_1794,0
acc_1795,0
acc_1796,0
acc_1797,0
acc_1798,0
acc_1799,0
acc_1800,0
acc_1801,0
acc_1802,0
acc_1803,1
acc_1804,0
acc_1805,0
acc_1806,0
acc_1807,0
acc_1808,0
acc_1809,0
acc_1810,0
acc_1811,0
acc_1812,0
acc_1813,0
acc_1814,0
acc_1815,1
acc_1816,1
acc_1817,0
acc_1818,0
acc_1819,0
acc_1820,0
acc_1821,0
acc_1822,0
acc_1823,0
acc_1824,0
acc_1825,0
acc_1826,0
acc_1827,0
acc_1828,0
acc_1829,0
acc_1830,0
acc_1831,0
acc_1832,0
acc_1833,0
acc_1834,0
acc_1835,0
acc_1836,0
acc_1837,0
acc_1838,0
acc_1839,0
acc_1840,0
acc_1841,1
acc_1842,0
acc_1843,0
acc_1844,0
acc_1845,0
acc_1846,0
acc_1847,0
acc_1848,0
acc_1849,1
acc_1850,0
acc_1851,0
acc_1852,0
acc_1853,0
acc_1854,1
acc_1855,0
acc_1856,0
acc_1857,0
acc_1858,0
acc_1859,0
acc_1860,1
acc_1861,0
acc_1862,0
acc_1863,0
acc_1864,0
acc_1865,0
acc_1866,0
acc_1867,0
acc_1868,0
acc_1869,0
acc_1870,0
acc_1871,0
acc_1872,0
acc_1873,0
acc_1874,0
acc_1875,0
acc_1876,0
acc_1877,0
acc_1878,0
acc_1879,0
acc_1880,0
acc_1881,0
acc_1882,1
acc_1883,0
acc_1884,0
acc_1885,0
acc_1886,0
acc_1887,0
acc_1888,0
acc_1889,0
acc_1890,0
acc_1891,0
acc_1892,0
acc_1893,0
acc_1894,0
acc_1895,0
acc_1896,0
acc_1897,1
acc_1898,0
acc_1899,0
acc_1900,1
acc_1901,0
acc_1902,0
acc_1903,0
acc_1904,0
acc_1905,0
acc_1906,0
acc_1907,0
acc_1908,0
acc_1909,0
acc_1910,0
acc_1911,0
acc_1912,0
acc_1913,0
acc_1914,0
acc_1915,0
acc_1916,0
acc_1917,0
acc_1918,0
acc_1919,1
acc_1920,0
acc_1921,0
acc_1922,0
acc_1923,0
acc_1924,0
acc_1925,0
acc_1926,0
acc_1927,0
acc_1928,0
acc_1929,0
acc_1930,0
acc_1931,0
acc_1932,0
acc_1933,0
acc_1934,0
acc_1935,0
acc_1936,0
acc_1937,0
acc_1938,1
acc_1939,0
acc_1940,0
acc_1941,0
acc_1942,1
acc_1943,0
acc_1944,0
acc_1945,1
acc_1946,0
acc_1947,0
acc_1948,0
acc_1949,0
acc_1950,0
acc_1951,1
acc_1952,0
acc_1953,0
acc_1954,0
acc_1955,0
acc_1956,0
acc_1957,0
acc_1958,0
acc_1959,0
acc_1960,0
acc_1961,0
acc_1962,1
acc_1963,1
acc_1964,0
acc_1965,0
acc_1966,0
acc_1967,0
acc_1968,0
acc_1969,0
acc_1970,0
acc_1971,0
acc_1972,0
acc_1973,0
acc_1974,0
acc_1975,0
acc_1976,0
acc_1977,0
acc_1978,0
acc_1979,0
acc_1980,1
acc_1981,1
acc_1982,0
acc_1983,0
acc_1984,0
acc_1985,0
acc_1986,0
acc_1987,0
acc_1988,0
acc_1989,0
acc_1990,0
acc_1991,0
acc_1992,0
acc_1993,0
acc_1994,0
acc_1995,0
acc_1996,0
acc_1997,0
acc_1998,1
acc_1999,0
acc_2000,0
acc_2001,0
acc_2002,0
acc_2003,0
acc_2004,0
acc_2005,0
acc_2006,0
acc_2007,0
acc_2008,0
acc_2009,0
acc_2010,0
acc_2011,0
acc_2012,0
acc_2013,0
acc_2014,0
acc_2015,0
acc_2016,0
acc_2017,0
acc_2018,0
acc_2019,1
acc_2020,1
acc_2021,0
acc_2022,0
acc_2023,1
acc_2024,0
acc_2025,0
acc_2026,0
acc_2027,0
acc_2028,0
acc_2029,0
acc_2030,0
acc_2031,0
acc_2032,1
acc_2033,0
acc_2034,0
acc_2035,1
acc_2036,0
acc_2037,0
acc_2038,0
acc_2039,0
acc_2040,0
acc_2041,0
acc_2042,0
acc_2043,0
acc_2044,0
acc_2045,0
acc_2046,0
acc_2047,0
acc_2048,0
acc_2049,0
acc_2050,0
acc_2051,0
acc_2052,0
acc_2053,0
acc_2054,0
acc_2055,0
acc_2056,0
acc_2057,0
acc_2058,0
acc_2059,1
acc_2060,0
acc_2061,0
acc_2062,0
acc_2063,0
acc_2064,0
acc_2065,0
acc_2066,0
acc_2067,0
acc_2068,0
acc_2069,0
acc_2070,0
acc_2071,0
acc_2072,1
acc_2073,0
acc_2074,0
acc_2075,1
acc_2076,0
acc_2077,0
acc_2078,0
acc_2079,0
acc_2080,0
acc_2081,0
acc_2082,0
acc_2083,0
acc_2084,0
acc_2085,0
acc_2086,0
acc_2087,0
acc_2088,0
acc_2089,0
acc_2090,0
acc_2091,1
acc_2092,1
acc_2093,0
acc_2094,0
acc_2095,0
acc_2096,0
acc_2097,0
acc_2098,0
acc_2099,1
acc_2100,0
acc_2101,0
acc_2102,0
acc_2103,0
acc_2104,0
acc_2105,0
acc_2106,0
acc_2107,0
acc_2108,0
acc_2109,0
acc_2110,0
acc_2111,0
acc_2112,1
acc_2113,0
acc_2114,0
acc_2115,0
acc_2116,0
acc_2117,0
acc_2118,0
acc_2119,0
acc_2120,0
acc_2121,0
acc_2122,0
acc_2123,0
acc_2124,0
acc_2125,0
acc_2126,0
acc_2127,1
acc_2128,0
acc_2129,0
acc_2130,0
acc_2131,0
acc_2132,0
acc_2133,0
acc_2134,0
acc_2135,0
acc_2136,0
acc_2137,0
acc_2138,0
acc_2139,1
acc_2140,0
acc_2141,0
acc_2142,0
acc_2143,0
acc_2144,0
acc_2145,1
acc_2146,0
acc_2147,0
acc_2148,0
acc_2149,0
acc_2150,1
acc_2151,0
acc_2152,0
acc_2153,0
acc_2154,1
acc_2155,0
acc_2156,0
acc_2157,0
acc_2158,0
acc_2159,0
acc_2160,0
acc_2161,0
acc_2162,0
acc_2163,0
acc_2164,0
acc_2165,0
acc_2166,1
acc_2167,0
acc_2168,0
acc_2169,0
acc_2170,0
acc_2171,0
acc_2172,0
acc_2173,0
acc_2174,0
acc_2175,0
acc_2176,0
acc_2177,0
acc_2178,0
acc_2179,0
acc_2180,0
acc_2181,0
acc_2182,0
acc_2183,0
acc_2184,0
acc_2185,0
acc_2186,0
acc_2187,0
acc_2188,0
acc_2189,0
acc_2190,0
acc_2191,0
acc_2192,0
acc_2193,0
acc_2194,0
acc_2195,1
acc_2196,0
acc_2197,0
acc_2198,0
acc_2199,0
acc_2200,0
acc_2201,0
acc_2202,0
acc_2203,0
acc_2204,0
acc_2205,0
acc_2206,0
acc_2207,1
acc_2208,0
acc_2209,0
acc_2210,0
acc_2211,0
acc_2212,1
acc_2213,0
acc_2214,0
acc_2215,0
acc_2216,0
acc_2217,0
acc_2218,0
acc_2219,0
acc_2220,0
acc_2221,1
acc_2222,0
acc_2223,0
acc_2224,0
acc_2225,0
acc_2226,0
acc_2227,0
acc_2228,0
acc_2229,0
acc_2230,0
acc_2231,0
acc_2232,0
acc_2233,0
acc_2234,1
acc_2235,0
acc_2236,0
acc_2237,0
acc_2238,0
acc_2239,0
acc_2240,0
acc_2241,1
acc_2242,0
acc_2243,0
acc_2244,0
acc_2245,0
acc_2246,0
acc_2247,0
acc_2248,0
acc_2249,0
acc_2250,0
acc_2251,0
acc_2252,0
acc_2253,0
acc_2254,0
acc_2255,1
acc_2256,1
acc_2257,0
acc_2258,1
acc_2259,0
acc_2260,0
acc_2261,0
acc_2262,0
acc_2263,0
acc_2264,0
acc_2265,0
acc_2266,1
acc_2267,0
acc_2268,0
acc_2269,0
acc_2270,0
acc_2271,0
acc_2272,0
acc_2273,0
acc_2274,0
acc_2275,0
acc_2276,0
acc_2277,0
acc_2278,0
acc_2279,0
acc_2280,0
acc_2281,0
acc_2282,0
acc_2283,0
acc_2284,0
acc_2285,0
acc_2286,0
acc_2287,0
acc_2288,0
acc_2289,0
acc_2290,0
acc_2291,0
acc_2292,0
acc_2293,0
acc_2294,0
acc_2295,0
acc_2296,0
acc_2297,0
acc_2298,0
acc_2299,0
acc_2300,0
acc_2301,0
acc_2302,0
acc_2303,0
acc_2304,0
acc_2305,0
acc_2306,0
acc_2307,0
acc_2308,1
acc_2309,0
acc_2310,0
acc_2311,0
acc_2312,0
acc_2313,0
acc_2314,0
acc_2315,0
acc_2316,0
acc_2317,0
acc_2318,0
acc_2319,0
acc_2320,1
acc_2321,0
acc_2322,0
acc_2323,0
acc_2324,0
acc_2325,0
acc_2326,0
acc_2327,0
acc_2328,0
acc_2329,0
acc_2330,0
acc_2331,0
acc_2332,0
acc_2333,1
acc_2334,0
acc_2335,0
acc_2336,0
acc_2337,0
acc_2338,0
acc_2339,0
acc_2340,0
acc_2341,0
acc_2342,0
acc_2343,0
acc_2344,0
acc_2345,0
acc_2346,0
acc_2347,0
acc_2348,0
acc_2349,0
acc_2350,0
acc_2351,0
acc_2352,0
acc_2353,0
acc_2354,0
acc_2355,0
acc_2356,0
acc_2357,0
acc_2358,0
acc_2359,0
acc_2360,0
acc_2361,0
acc_2362,0
acc_2363,1
acc_2364,0
acc_2365,0
acc_2366,0
acc_2367,0
acc_2368,0
acc_2369,0
acc_2370,0
acc_2371,1
acc_2372,0
acc_2373,0
acc_2374,0
acc_2375,0
acc_2376,1
acc_2377,0
acc_2378,1
acc_2379,0
acc_2380,0
acc_2381,0
acc_2382,0
acc_2383,0
acc_2384,0
acc_2385,0
acc_2386,0
acc_2387,0
acc_2388,1
acc_2389,0
acc_2390,0
acc_2391,1
acc_2392,0
acc_2393,0
acc_2394,0
acc_2395,0
acc_2396,1
acc_2397,0
acc_2398,0
acc_2399,0
acc_2400,0
acc_2401,0
acc_2402,0
acc_2403,0
acc_2404,0
acc_2405,0
acc_2406,0
acc_2407,0
acc_2408,0
acc_2409,1
acc_2410,0
acc_2411,0
acc_2412,0
acc_2413,0
acc_2414,0
acc_2415,1
acc_2416,1
acc_2417,0
acc_2418,0
acc_2419,0
acc_2420,0
acc_2421,0
acc_2422,0
acc_2423,0
acc_2424,0
acc_2425,0
acc_2426,1
acc_2427,0
acc_2428,0
acc_2429,0
acc_2430,1
acc_2431,0
acc_2432,0
acc_2433,0
acc_2434,0
acc_2435,0
acc_2436,1
acc_2437,0
acc_2438,0
acc_2439,0
acc_2440,1
acc_2441,0
acc_2442,0
acc_2443,0
acc_2444,0
acc_2445,0
acc_2446,0
acc_2447,1
acc_2448,0
acc_2449,0
acc_2450,0
acc_2451,0
acc_2452,1
acc_2453,1
acc_2454,0
acc_2455,0
acc_2456,0
acc_2457,1
acc_2458,0
acc_2459,0
acc_2460,0
acc_2461,0
acc_2462,0
acc_2463,0
acc_2464,0
acc_2465,0
acc_2466,0
acc_2467,0
acc_2468,0
acc_2469,0
acc_2470,0
acc_2471,0
acc_2472,0
acc_2473,0
acc_2474,1
acc_2475,0
acc_2476,0
acc_2477,0
acc_2478,0
acc_2479,0
acc_2480,0
acc_2481,0
acc_2482,0
acc_2483,0
acc_2484,0
acc_2485,0
acc_2486,0
acc_2487,0
acc_2488,0
acc_2489,0
acc_2490,0
acc_2491,1
acc_2492,0
acc_2493,0
acc_2494,0
acc_2495,0
acc_2496,0
acc_2497,0
acc_2498,0
acc_2499,0
acc_2500,0
acc_2501,0
acc_2502,0
acc_2503,0
acc_2504,0
acc_2505,1
acc_2506,0
acc_2507,0
acc_2508,0
acc_2509,0
acc_2510,0
acc_2511,0
acc_2512,0
acc_2513,0
acc_2514,1
acc_2515,0
acc_2516,0
acc_2517,0
acc_2518,0
acc_2519,0
acc_2520,0
acc_2521,1
acc_2522,0
acc_2523,0
acc_2524,0
acc_2525,1
acc_2526,1
acc_2527,0
acc_2528,0
acc_2529,0
acc_2530,0
acc_2531,0
acc_2532,0
acc_2533,0
acc_2534,0
acc_2535,0
acc_2536,0
acc_2537,0
acc_2538,0
acc_2539,0
acc_2540,0
acc_2541,0
acc_2542,0
acc_2543,0
acc_2544,0
acc_2545,0
acc_2546,0
acc_2547,0
acc_2548,0
acc_2549,1
acc_2550,1
acc_2551,0
acc_2552,1
acc_2553,1
acc_2554,0
acc_2555,0
acc_2556,0
acc_2557,0
acc_2558,0
acc_2559,1
acc_2560,0
acc_2561,0
acc_2562,0
acc_2563,0
acc_2564,0
acc_2565,0
acc_2566,0
acc_2567,1
acc_2568,0
acc_2569,1
acc_2570,0
acc_2571,1
acc_2572,0
acc_2573,0
acc_2574,0
acc_2575,0
acc_2576,0
acc_2577,0
acc_2578,0
acc_2579,0
acc_2580,0
acc_2581,0
acc_2582,0
acc_2583,1
acc_2584,1
acc_2585,0
acc_2586,1
acc_2587,0
acc_2588,0
acc_2589,1
acc_2590,0
acc_2591,0
acc_2592,0
acc_2593,0
acc_2594,0
acc_2595,0
acc_2596,0
acc_2597,0
acc_2598,0
acc_2599,0
acc_2600,0
acc_2601,0
acc_2602,0
acc_2603,0
acc_2604,0
acc_2605,0
acc_2606,0
acc_2607,0
acc_2608,0
acc_2609,0
acc_2610,0
acc_2611,0
acc_2612,0
acc_2613,0
acc_2614,0
acc_2615,0
acc_2616,0
acc_2617,0
acc_2618,0
acc_2619,0
acc_2620,1
acc_2621,0
acc_2622,1
acc_2623,0
acc_2624,0
acc_2625,0
acc_2626,0
acc_2627,0
acc_2628,0
acc_2629,1
acc_2630,0
acc_2631,0
acc_2632,0
acc_2633,0
acc_2634,0
acc_2635,0
acc_2636,0
acc_2637,0
acc_2638,0
acc_2639,0
acc_2640,0
acc_2641,1
acc_2642,0
acc_2643,0
acc_2644,0
acc_2645,0
acc_2646,0
acc_2647,0
acc_2648,1
acc_2649,0
acc_2650,0
acc_2651,0
acc_2652,0
acc_2653,0
acc_2654,0
acc_2655,0
acc_2656,0
acc_2657,0
acc_2658,0
acc_2659,0
acc_2660,0
acc_2661,1
acc_2662,0
acc_2663,0
acc_2664,0
acc_2665,0
acc_2666,0
acc_2667,0
acc_2668,0
acc_2669,0
acc_2670,0
acc_2671,0
acc_2672,0
acc_2673,0
acc_2674,0
acc_2675,0
acc_2676,0
acc_2677,0
acc_2678,0
acc_2679,0
acc_2680,0
acc_2681,0
acc_2682,1
acc_2683,0
acc_2684,1
acc_2685,0
acc_2686,0
acc_2687,0
acc_2688,0
acc_2689,0
acc_2690,0
acc_2691,0
acc_2692,0
acc_2693,0
acc_2694,0
acc_2695,0
acc_2696,0
acc_2697,0
acc_2698,1
acc_2699,0
acc_2700,1
acc_2701,0
acc_2702,0
acc_2703,0
acc_2704,0
acc_2705,0
acc_2706,0
acc_2707,0
acc_2708,0
acc_2709,1
acc_2710,0
acc_2711,0
acc_2712,0
acc_2713,0
acc_2714,0
acc_2715,0
acc_2716,0
acc_2717,0
acc_2718,0
acc_2719,0
acc_2720,0
acc_2721,0
acc_2722,0
acc_2723,0
acc_2724,0
acc_2725,0
acc_2726,0
acc_2727,0
acc_2728,0
acc_2729,0
acc_2730,0
acc_2731,0
acc_2732,0
acc_2733,0
acc_2734,0
acc_2735,0
acc_2736,0
acc_2737,0
acc_2738,0
acc_2739,1
acc_2740,0
acc_2741,0
acc_2742,0
acc_2743,0
acc_2744,0
acc_2745,0
acc_2746,1
acc_2747,0
acc_2748,0
acc_2749,0
acc_2750,0
acc_2751,0
acc_2752,0
acc_2753,1
acc_2754,0
acc_2755,0
acc_2756,0
acc_2757,0
acc_2758,0
acc_2759,0
acc_2760,1
acc_2761,0
acc_2762,0
acc_2763,0
acc_2764,0
acc_2765,0
acc_2766,0
acc_2767,0
acc_2768,0
acc_2769,0
acc_2770,0
acc_2771,0
acc_2772,0
acc_2773,0
acc_2774,0
acc_2775,1
acc_2776,0
acc_2777,0
acc_2778,0
acc_2779,0
acc_2780,0
acc_2781,0
acc_2782,1
acc_2783,0
acc_2784,0
acc_2785,0
acc_2786,0
acc_2787,0
acc_2788,0
acc_2789,1
acc_2790,0
acc_2791,0
acc_2792,1
acc_2793,0
acc_2794,0
acc_2795,0
acc_2796,0
acc_2797,0
acc_2798,0
acc_2799,0
acc_2800,0
acc_2801,0
acc_2802,0
acc_2803,0
acc_2804,0
acc_2805,0
acc_2806,0
acc_2807,0
acc_2808,0
acc_2809,1
acc_2810,0
acc_2811,0
acc_2812,0
acc_2813,0
acc_2814,0
acc_2815,0
acc_2816,0
acc_2817,0
acc_2818,0
acc_2819,0
acc_2820,0
acc_2821,0
acc_2822,0
acc_2823,0
acc_2824,0
acc_2825,1
acc_2826,0
acc_2827,0
acc_2828,0
acc_2829,0
acc_2830,1
acc_2831,0
acc_2832,0
acc_2833,0
acc_2834,1
acc_2835,0
acc_2836,0
acc_2837,0
acc_2838,0
acc_2839,0
acc_2840,1
acc_2841,0
acc_2842,1
acc_2843,0
acc_2844,0
acc_2845,1
acc_2846,0
acc_2847,0
acc_2848,0
acc_2849,0
acc_2850,0
acc_2851,1
acc_2852,0
acc_2853,0
acc_2854,0
acc_2855,0
acc_2856,0
acc_2857,0
acc_2858,0
acc_2859,0
acc_2860,0
acc_2861,0
acc_2862,0
acc_2863,0
acc_2864,0
acc_2865,0
acc_2866,0
acc_2867,1
acc_2868,0
acc_2869,0
acc_2870,0
acc_2871,1
acc_2872,0
acc_2873,0
acc_2874,1
acc_2875,0
acc_2876,1
acc_2877,0
acc_2878,0
acc_2879,0
acc_2880,0
acc_2881,0
acc_2882,0
acc_2883,0
acc_2884,1
acc_2885,0
acc_2886,0
acc_2887,0
acc_2888,1
acc_2889,0
acc_2890,0
acc_2891,0
acc_2892,0
acc_2893,0
acc_2894,0
acc_2895,0
acc_2896,0
acc_2897,0
acc_2898,0
acc_2899,0
acc_2900,0
acc_2901,0
acc_2902,0
acc_2903,0
acc_2904,0
acc_2905,0
acc_2906,0
acc_2907,1
acc_2908,0
acc_2909,0
acc_2910,0
acc_2911,0
acc_2912,0
acc_2913,0
acc_2914,0
acc_2915,0
acc_2916,1
acc_2917,0
acc_2918,0
acc_2919,0
acc_2920,0
acc_2921,0
acc_2922,0
acc_2923,0
acc_2924,0
acc_2925,1
acc_2926,1
acc_2927,1
acc_2928,0
acc_2929,0
acc_2930,0
acc_2931,1
acc_2932,0
acc_2933,0
acc_2934,0
acc_2935,1
acc_2936,1
acc_2937,0
acc_2938,0
acc_2939,0
acc_2940,0
acc_2941,0
acc_2942,0
acc_2943,0
acc_2944,0
acc_2945,0
acc_2946,0
acc_2947,0
acc_2948,0
acc_2949,0
acc_2950,1
acc_2951,1
acc_2952,0
acc_2953,0
acc_2954,1
acc_2955,0
acc_2956,0
acc_2957,1
acc_2958,0
acc_2959,0
acc_2960,0
acc_2961,0
acc_2962,1
acc_2963,1
acc_2964,0
acc_2965,0
acc_2966,0
acc_2967,1
acc_2968,0
acc_2969,0
acc_2970,0
acc_2971,0
acc_2972,0
acc_2973,0
acc_2974,0
acc_2975,0
acc_2976,0
acc_2977,0
acc_2978,0
acc_2979,1
acc_2980,0
acc_2981,0
acc_2982,0
acc_2983,0
acc_2984,1
acc_2985,0
acc_2986,1
acc_2987,0
acc_2988,1
acc_2989,0
acc_2990,0
acc_2991,0
acc_2992,0
acc_2993,0
acc_2994,0
acc_2995,0
acc_2996,0
acc_2997,0
acc_2998,1
acc_2999,0
acc_3000,0
acc_3001,0
acc_3002,0
acc_3003,0
acc_3004,0
acc_3005,0
acc_3006,0
acc_3007,0
acc_3008,0
acc_3009,0
acc_3010,0
acc_3011,0
acc_3012,1
acc_3013,1
acc_3014,0
acc_3015,0
acc_3016,0
acc_3017,0
acc_3018,0
acc_3019,0
acc_3020,0
acc_3021,0
acc_3022,0
acc_3023,0
acc_3024,0
acc_3025,0
acc_3026,0
acc_3027,0
acc_3028,0
acc_3029,1
acc_3030,0
acc_3031,0
acc_3032,0
acc_3033,0
acc_3034,0
acc_3035,0
acc_3036,0
acc_3037,0
acc_3038,0
acc_3039,0
acc_3040,0
acc_3041,0
acc_3042,0
acc_3043,0
acc_3044,0
acc_3045,1
acc_3046,0
acc_3047,1
acc_3048,1
acc_3049,0
acc_3050,1
acc_3051,0
acc_3052,1
acc_3053,1
acc_3054,0
acc_3055,0
acc_3056,0
acc_3057,0
acc_3058,1
acc_3059,0
acc_3060,0
acc_3061,1
acc_3062,0
acc_3063,0
acc_3064,0
acc_3065,0
acc_3066,0
acc_3067,0
acc_3068,0
acc_3069,0
acc_3070,0
acc_3071,0
acc_3072,0
acc_3073,0
acc_3074,0
acc_3075,0
acc_3076,0
acc_3077,0
acc_3078,0
acc_3079,0
acc_3080,0
acc_3081,0
acc_3082,0
acc_3083,0
acc_3084,0
acc_3085,0
acc_3086,0
acc_3087,0
acc_3088,0
acc_3089,1
acc_3090,0
acc_3091,0
acc_3092,0
acc_3093,0
acc_3094,0
acc_3095,0
acc_3096,0
acc_3097,0
acc_3098,0
acc_3099,0
acc_3100,0
acc_3101,0
acc_3102,0
acc_3103,1
acc_3104,0
acc_3105,0
acc_3106,0
acc_3107,0
acc_3108,0
acc_3109,0
acc_3110,0
acc_3111,0
acc_3112,1
acc_3113,0
acc_3114,0
acc_3115,0
acc_3116,0
acc_3117,0
acc_3118,1
acc_3119,0
acc_3120,1
acc_3121,0
acc_3122,0
acc_3123,0
acc_3124,0
acc_3125,1
acc_3126,0
acc_3127,0
acc_3128,0
acc_3129,0
acc_3130,0
acc_3131,1
acc_3132,0
acc_3133,0
acc_3134,0
acc_3135,0
acc_3136,0
acc_3137,0
acc_3138,0
acc_3139,0
acc_3140,0
acc_3141,0
acc_3142,1
acc_3143,0
acc_3144,1
acc_3145,0
acc_3146,0
acc_3147,0
acc_3148,0
acc_3149,0
acc_3150,0
acc_3151,0
acc_3152,0
acc_3153,0
acc_3154,0
acc_3155,1
acc_3156,0
acc_3157,0
acc_3158,0
acc_3159,0
acc_3160,0
acc_3161,0
acc_3162,0
acc_3163,0
acc_3164,0
acc_3165,0
acc_3166,0
acc_3167,0
acc_3168,1
acc_3169,0
acc_3170,0
acc_3171,0
acc_3172,1
acc_3173,0
acc_3174,0
acc_3175,0
acc_3176,0
acc_3177,0
acc_3178,1
acc_3179,0
acc_3180,0
acc_3181,0
acc_3182,0
acc_3183,0
acc_3184,0
acc_3185,0
acc_3186,0
acc_3187,0
acc_3188,0
acc_3189,0
acc_3190,0
acc_3191,0
acc_3192,1
acc_3193,0
acc_3194,0
acc_3195,0
acc_3196,0
acc_3197,0
acc_3198,1
acc_3199,0
acc_3200,0
acc_3201,1
acc_3202,0
acc_3203,0
acc_3204,0
acc_3205,0
acc_3206,0
acc_3207,0
acc_3208,0
acc_3209,0
acc_3210,0
acc_3211,0
acc_3212,0
acc_3213,0
acc_3214,0
acc_3215,0
acc_3216,0
acc_3217,1
acc_3218,1
acc_3219,0
acc_3220,0
acc_3221,0
acc_3222,0
acc_3223,0
acc_3224,0
acc_3225,0
acc_3226,0
acc_3227,0
acc_3228,0
acc_3229,0
acc_3230,0
acc_3231,0
acc_3232,0
acc_3233,0
acc_3234,0
acc_3235,0
acc_3236,0
acc_3237,0
acc_3238,0
acc_3239,0
acc_3240,0
acc_3241,0
acc_3242,0
acc_3243,0
acc_3244,0
acc_3245,0
acc_3246,0
acc_3247,0
acc_3248,0
acc_3249,0
acc_3250,0
acc_3251,0
acc_3252,0
acc_3253,0
acc_3254,0
acc_3255,0
acc_3256,0
acc_3257,0
acc_3258,0
acc_3259,0
acc_3260,0
acc_3261,0
acc_3262,1
acc_3263,0
acc_3264,0
acc_3265,0
acc_3266,0
acc_3267,0
acc_3268,0
acc_3269,0
acc_3270,1
acc_3271,0
acc_3272,1
acc_3273,0
acc_3274,0
acc_3275,0
acc_3276,0
acc_3277,0
acc_3278,1
acc_3279,0
acc_3280,0
acc_3281,1
acc_3282,0
acc_3283,1
acc_3284,0
acc_3285,1
acc_3286,0
acc_3287,0
acc_3288,0
acc_3289,0
acc_3290,0
acc_3291,0
acc_3292,1
acc_3293,0
acc_3294,0
acc_3295,0
acc_3296,0
acc_3297,0
acc_3298,0
acc_3299,0
acc_3300,0
acc_3301,1
acc_3302,0
acc_3303,0
acc_3304,0
acc_3305,0
acc_3306,0
acc_3307,0
acc_3308,1
acc_3309,0
acc_3310,1
acc_3311,0
acc_3312,0
acc_3313,0
acc_3314,0
acc_3315,0
acc_3316,0
acc_3317,0
acc_3318,1
acc_3319,1
acc_3320,0
acc_3321,0
acc_3322,0
acc_3323,1
acc_3324,0
acc_3325,0
acc_3326,0
acc_3327,0
acc_3328,0
acc_3329,0
acc_3330,0
acc_3331,0
acc_3332,0
acc_3333,0
acc_3334,0
acc_3335,0
acc_3336,0
acc_3337,0
acc_3338,0
acc_3339,0
acc_3340,0
acc_3341,0
acc_3342,0
acc_3343,0
acc_3344,0
acc_3345,0
acc_3346,0
acc_3347,0
acc_3348,0
acc_3349,0
acc_3350,0
acc_3351,0
acc_3352,1
acc_3353,0
acc_3354,0
acc_3355,0
acc_3356,1
acc_3357,0
acc_3358,0
acc_3359,0
acc_3360,0
acc_3361,0
acc_3362,0
acc_3363,1
acc_3364,0
acc_3365,1
acc_3366,0
acc_3367,0
acc_3368,0
acc_3369,0
acc_3370,0
acc_3371,1
acc_3372,0
acc_3373,0
acc_3374,0
acc_3375,0
acc_3376,0
acc_3377,0
acc_3378,0
acc_3379,0
acc_3380,0
acc_3381,1
acc_3382,1
acc_3383,0
acc_3384,0
acc_3385,0
acc_3386,0
acc_3387,0
acc_3388,0
acc_3389,0
acc_3390,0
acc_3391,0
acc_3392,0
acc_3393,1
acc_3394,0
acc_3395,0
acc_3396,0
acc_3397,0
acc_3398,1
acc_3399,0
acc_3400,0
acc_3401,0
acc_3402,0
acc_3403,0
acc_3404,0
acc_3405,1
acc_3406,1
acc_3407,0
acc_3408,0
acc_3409,0
acc_3410,0
acc_3411,1
acc_3412,0
acc_3413,0
acc_3414,0
acc_3415,0
acc_3416,0
acc_3417,0
acc_3418,0
acc_3419,0
acc_3420,0
acc_3421,0
acc_3422,0
acc_3423,0
acc_3424,0
acc_3425,0
acc_3426,0
acc_3427,0
acc_3428,0
acc_3429,0
acc_3430,0
acc_3431,1
acc_3432,0
acc_3433,0
acc_3434,0
acc_3435,0
acc_3436,0
acc_3437,1
acc_3438,0
acc_3439,0
acc_3440,0
acc_3441,0
acc_3442,0
acc_3443,0
acc_3444,0
acc_3445,0
acc_3446,0
acc_3447,0
acc_3448,0
acc_3449,0
acc_3450,0
acc_3451,0
acc_3452,0
acc_3453,0
acc_3454,0
acc_3455,0
acc_3456,0
acc_3457,0
acc_3458,0
acc_3459,0
acc_3460,0
acc_3461,1
acc_3462,1
acc_3463,0
acc_3464,0
acc_3465,0
acc_3466,0
acc_3467,0
acc_3468,0
acc_3469,0
acc_3470,0
acc_3471,0
acc_3472,0
acc_3473,0
acc_3474,0
acc_3475,1
acc_3476,0
acc_3477,1
acc_3478,0
acc_3479,1
acc_3480,0
acc_3481,0
acc_3482,1
acc_3483,1
acc_3484,0
acc_3485,0
acc_3486,0
acc_3487,0
acc_3488,1
acc_3489,0
acc_3490,0
acc_3491,0
acc_3492,0
acc_3493,0
acc_3494,0
acc_3495,1
acc_3496,0
acc_3497,0
acc_3498,0
acc_3499,0
acc_3500,0
acc_3501,0
acc_3502,0
acc_3503,0
acc_3504,1
acc_3505,1
acc_3506,0
acc_3507,0
acc_3508,0
acc_3509,0
acc_3510,0
acc_3511,0
acc_3512,0
acc_3513,0
acc_3514,0
acc_3515,0
acc_3516,1
acc_3517,0
acc_3518,0
acc_3519,0
acc_3520,0
acc_3521,0
acc_3522,1
acc_3523,0
acc_3524,0
acc_3525,0
acc_3526,0
acc_3527,0
acc_3528,0
acc_3529,0
acc_3530,0
acc_3531,1
acc_3532,0
acc_3533,0
acc_3534,0
acc_3535,0
acc_3536,0
acc_3537,0
acc_3538,0
acc_3539,0
acc_3540,1
acc_3541,0
acc_3542,0
acc_3543,0
acc_3544,0
acc_3545,0
acc_3546,0
acc_3547,0
acc_3548,0
acc_3549,0
acc_3550,0
acc_3551,0
acc_3552,0
acc_3553,0
acc_3554,0
acc_3555,0
acc_3556,0
acc_3557,1
acc_3558,0
acc_3559,0
acc_3560,0
acc_3561,0
acc_3562,0
acc_3563,0
acc_3564,0
acc_3565,0
acc_3566,1
acc_3567,0
acc_3568,0
acc_3569,0
acc_3570,1
acc_3571,0
acc_3572,0
acc_3573,0
acc_3574,0
acc_3575,0
acc_3576,0
acc_3577,0
acc_3578,0
acc_3579,1
acc_3580,0
acc_3581,0
acc_3582,0
acc_3583,0
acc_3584,0
acc_3585,0
acc_3586,0
acc_3587,0
acc_3588,0
acc_3589,0
acc_3590,0
acc_3591,1
acc_3592,0
acc_3593,0
acc_3594,0
acc_3595,0
acc_3596,0
acc_3597,0
acc_3598,0
acc_3599,0
acc_3600,0
acc_3601,1
acc_3602,1
acc_3603,0
acc_3604,0
acc_3605,0
acc_3606,0
acc_3607,0
acc_3608,0
acc_3609,0
acc_3610,0
acc_3611,0
acc_3612,0
acc_3613,0
acc_3614,0
acc_3615,0
acc_3616,0
acc_3617,0
acc_3618,1
acc_3619,1
acc_3620,0
acc_3621,0
acc_3622,0
acc_3623,0
acc_3624,0
acc_3625,0
acc_3626,0
acc_3627,0
acc_3628,0
acc_3629,0
acc_3630,0
acc_3631,0
acc_3632,0
acc_3633,1
acc_3634,1
acc_3635,0
acc_3636,0
acc_3637,0
acc_3638,0
acc_3639,0
acc_3640,0
acc_3641,0
acc_3642,0
acc_3643,0
acc_3644,0
acc_3645,0
acc_3646,0
acc_3647,0
acc_3648,0
acc_3649,0
acc_3650,0
acc_3651,0
acc_3652,0
acc_3653,0
acc_3654,0
acc_3655,0
acc_3656,0
acc_3657,0
acc_3658,0
acc_3659,0
acc_3660,0
acc_3661,0
acc_3662,0
acc_3663,0
acc_3664,0
acc_3665,0
acc_3666,0
acc_3667,1
acc_3668,0
acc_3669,0
acc_3670,0
acc_3671,0
acc_3672,0
acc_3673,0
acc_3674,0
acc_3675,0
acc_3676,1
acc_3677,1
acc_3678,0
acc_3679,0
acc_3680,0
acc_3681,0
acc_3682,0
acc_3683,0
acc_3684,0
acc_3685,0
acc_3686,0
acc_3687,1
acc_3688,0
acc_3689,0
acc_3690,0
acc_3691,1
acc_3692,0
acc_3693,0
acc_3694,1
acc_3695,0
acc_3696,0
acc_3697,0
acc_3698,0
acc_3699,0
acc_3700,1
acc_3701,0
acc_3702,0
acc_3703,0
acc_3704,1
acc_3705,0
acc_3706,0
acc_3707,0
acc_3708,0
acc_3709,0
acc_3710,0
acc_3711,0
acc_3712,0
acc_3713,1
acc_3714,0
acc_3715,1
acc_3716,0
acc_3717,0
acc_3718,0
acc_3719,0
acc_3720,0
acc_3721,0
acc_3722,0
acc_3723,0
acc_3724,0
acc_3725,0
acc_3726,0
acc_3727,0
acc_3728,0
acc_3729,0
acc_3730,1
acc_3731,1
acc_3732,0
acc_3733,0
acc_3734,1
acc_3735,1
acc_3736,0
acc_3737,0
acc_3738,0
acc_3739,0
acc_3740,0
acc_3741,0
acc_3742,0
acc_3743,0
acc_3744,0
acc_3745,0
acc_3746,0
acc_3747,0
acc_3748,0
acc_3749,1
acc_3750,0
acc_3751,0
acc_3752,0
acc_3753,0
acc_3754,0
acc_3755,1
acc_3756,0
acc_3757,0
acc_3758,0
acc_3759,1
acc_3760,0
acc_3761,0
acc_3762,0
acc_3763,0
acc_3764,0
acc_3765,0
acc_3766,0
acc_3767,0
acc_3768,0
acc_3769,0
acc_3770,0
acc_3771,0
acc_3772,0
acc_3773,0
acc_3774,0
acc_3775,0
acc_3776,0
acc_3777,0
acc_3778,0
acc_3779,0
acc_3780,0
acc_3781,1
acc_3782,0
acc_3783,0
acc_3784,1
acc_3785,0
acc_3786,0
acc_3787,0
acc_3788,0
acc_3789,0
acc_3790,0
acc_3791,0
acc_3792,0
acc_3793,0
acc_3794,1
acc_3795,0
acc_3796,0
acc_3797,1
acc_3798,0
acc_3799,0
acc_3800,1
acc_3801,0
acc_3802,0
acc_3803,0
acc_3804,0
acc_3805,0
acc_3806,0
acc_3807,0
acc_3808,1
acc_3809,1
acc_3810,0
acc_3811,0
acc_3812,0
acc_3813,0
acc_3814,0
acc_3815,0
acc_3816,0
acc_3817,0
acc_3818,0
acc_3819,0
acc_3820,0
acc_3821,0
acc_3822,0
acc_3823,0
acc_3824,0
acc_3825,0
acc_3826,0
acc_3827,0
acc_3828,0
acc_3829,0
acc_3830,0
acc_3831,0
acc_3832,0
acc_3833,0
acc_3834,1
acc_3835,0
acc_3836,0
acc_3837,0
acc_3838,0
acc_3839,0
acc_3840,0
acc_3841,0
acc_3842,0
acc_3843,0
acc_3844,0
acc_3845,0
acc_3846,1
acc_3847,1
acc_3848,0
acc_3849,0
acc_3850,1
acc_3851,0
acc_3852,0
acc_3853,0
acc_3854,0
acc_3855,0
acc_3856,0
acc_3857,1
acc_3858,0
acc_3859,1
acc_3860,0
acc_3861,1
acc_3862,0
acc_3863,0
acc_3864,0
acc_3865,0
acc_3866,0
acc_3867,0
acc_3868,1
acc_3869,0
acc_3870,0
acc_3871,0
acc_3872,0
acc_3873,1
acc_3874,0
acc_3875,0
acc_3876,1
acc_3877,1
acc_3878,0
acc_3879,0
acc_3880,0
acc_3881,0
acc_3882,0
acc_3883,0
acc_3884,0
acc_3885,0
acc_3886,0
acc_3887,0
acc_3888,0
acc_3889,1
acc_3890,0
acc_3891,0
acc_3892,0
acc_3893,1
acc_3894,0
acc_3895,0
acc_3896,0
acc_3897,0
acc_3898,0
acc_3899,0
acc_3900,0
acc_3901,0
acc_3902,1
acc_3903,0
acc_3904,0
acc_3905,0
acc_3906,0
acc_3907,0
acc_3908,0
acc_3909,0
acc_3910,1
acc_3911,0
acc_3912,1
acc_3913,1
acc_3914,0
acc_3915,0
acc_3916,0
acc_3917,0
acc_3918,0
acc_3919,0
acc_3920,0
acc_3921,0
acc_3922,0
acc_3923,0
acc_3924,0
acc_3925,0
acc_3926,1
acc_3927,0
acc_3928,0
acc_3929,1
acc_3930,0
acc_3931,0
acc_3932,0
acc_3933,0
acc_3934,0
acc_3935,0
acc_3936,0
acc_3937,0
acc_3938,0
acc_3939,0
acc_3940,0
acc_3941,1
acc_3942,0
acc_3943,0
acc_3944,1
acc_3945,0
acc_3946,0
acc_3947,0
acc_3948,0
acc_3949,0
acc_3950,0
acc_3951,1
acc_3952,0
acc_3953,0
acc_3954,0
acc_3955,0
acc_3956,1
acc_3957,0
acc_3958,0
acc_3959,0
acc_3960,0
acc_3961,0
acc_3962,0
acc_3963,0
acc_3964,0
acc_3965,0
acc_3966,0
acc_3967,0
acc_3968,0
acc_3969,0
acc_3970,0
acc_3971,0
acc_3972,0
acc_3973,0
acc_3974,0
acc_3975,0
acc_3976,0
acc_3977,0
acc_3978,0
acc_3979,1
acc_3980,0
acc_3981,0
acc_3982,0
acc_3983,0
acc_3984,0
acc_3985,0
acc_3986,0
acc_3987,0
acc_3988,0
acc_3989,0
acc_3990,0
acc_3991,0
acc_3992,0
acc_3993,1
acc_3994,0
acc_3995,0
acc_3996,0
acc_3997,0
acc_3998,0
acc_3999,0
acc_4000,0
acc_4001,0
acc_4002,0
acc_4003,0
acc_4004,0
acc_4005,0
acc_4006,0
acc_4007,0
acc_4008,0
acc_4009,0
acc_4010,0
acc_4011,0
acc_4012,0
acc_4013,0
acc_4014,1
acc_4015,0
acc_4016,0
acc_4017,0
acc_4018,1
acc_4019,0
acc_4020,0
acc_4021,0
acc_4022,0
acc_4023,0
acc_4024,0
acc_4025,0
acc_4026,0
acc_4027,0
acc_4028,0
acc_4029,0
acc_4030,0
acc_4031,0
acc_4032,0
acc_4033,0
acc_4034,0
acc_4035,1
acc_4036,0
acc_4037,1
acc_4038,1
acc_4039,0
acc_4040,0
acc_4041,0
acc_4042,0
acc_4043,0
acc_4044,0
acc_4045,0
acc_4046,0
acc_4047,0
acc_4048,0
acc_4049,0
acc_4050,0
acc_4051,0
acc_4052,0
acc_4053,0
acc_4054,0
acc_4055,0
acc_4056,0
acc_4057,0
acc_4058,0
acc_4059,1
acc_4060,0
acc_4061,0
acc_4062,0
acc_4063,0
acc_4064,0
acc_4065,0
acc_4066,0
acc_4067,0
acc_4068,1
acc_4069,0
acc_4070,0
acc_4071,1
acc_4072,0
acc_4073,0
acc_4074,0
acc_4075,0
acc_4076,0
acc_4077,0
acc_4078,0
acc_4079,0
acc_4080,0
acc_4081,0
acc_4082,0
acc_4083,0
acc_4084,0
acc_4085,0
acc_4086,0
acc_4087,0
acc_4088,0
acc_4089,0
acc_4090,0
acc_4091,0
acc_4092,0
acc_4093,0
acc_4094,0
acc_4095,0
acc_4096,0
acc_4097,0
acc_4098,0
acc_4099,0
acc_4100,0
acc_4101,1
acc_4102,0
acc_4103,0
acc_4104,0
acc_4105,0
acc_4106,1
acc_4107,0
acc_4108,0
acc_4109,0
acc_4110,0
acc_4111,0
acc_4112,0
acc_4113,0
acc_4114,0
acc_4115,0
acc_4116,0
acc_4117,0
acc_4118,0
acc_4119,0
acc_4120,0
acc_4121,0
acc_4122,0
acc_4123,0
acc_4124,0
acc_4125,0
acc_4126,0
acc_4127,0
acc_4128,0
acc_4129,0
acc_4130,0
acc_4131,0
acc_4132,0
acc_4133,0
acc_4134,1
acc_4135,0
acc_4136,0
acc_4137,0
acc_4138,0
acc_4139,0
acc_4140,0
acc_4141,0
acc_4142,0
acc_4143,0
acc_4144,0
acc_4145,0
acc_4146,0
acc_4147,0
acc_4148,0
acc_4149,0
acc_4150,0
acc_4151,0
acc_4152,0
acc_4153,0
acc_4154,0
acc_4155,0
acc_4156,0
acc_4157,1
acc_4158,0
acc_4159,1
acc_4160,0
acc_4161,0
acc_4162,0
acc_4163,0
acc_4164,0
acc_4165,0
acc_4166,0
acc_4167,0
acc_4168,0
acc_4169,0
acc_4170,0
acc_4171,0
acc_4172,0
acc_4173,0
acc_4174,0
acc_4175,0
acc_4176,0
acc_4177,0
acc_4178,0
acc_4179,0
acc_4180,0
acc_4181,0
acc_4182,0
acc_4183,0
acc_4184,0
acc_4185,0
acc_4186,0
acc_4187,0
acc_4188,0
acc_4189,0
acc_4190,1
acc_4191,0
acc_4192,1
acc_4193,0
acc_4194,0
acc_4195,0
acc_4196,0
acc_4197,0
acc_4198,0
acc_4199,0
acc_4200,0
acc_4201,1
acc_4202,1
acc_4203,0
acc_4204,0
acc_4205,1
acc_4206,1
acc_4207,0
acc_4208,0
acc_4209,0
acc_4210,0
acc_4211,0
acc_4212,0
acc_4213,0
acc_4214,0
acc_4215,0
acc_4216,1
acc_4217,0
acc_4218,0
acc_4219,0
acc_4220,1
acc_4221,0
acc_4222,0
acc_4223,0
acc_4224,1
acc_4225,0
acc_4226,0
acc_4227,0
acc_4228,1
acc_4229,0
acc_4230,0
acc_4231,0
acc_4232,0
acc_4233,0
acc_4234,0
acc_4235,0
acc_4236,0
acc_4237,0
acc_4238,0
acc_4239,0
acc_4240,1
acc_4241,0
acc_4242,0
acc_4243,0
acc_4244,0
acc_4245,0
acc_4246,0
acc_4247,0
acc_4248,0
acc_4249,0
acc_4250,0
acc_4251,0
acc_4252,1
acc_4253,0
acc_4254,0
acc_4255,0
acc_4256,0
acc_4257,0
acc_4258,0
acc_4259,0
acc_4260,0
acc_4261,0
acc_4262,1
acc_4263,0
acc_4264,0
acc_4265,0
acc_4266,0
acc_4267,0
acc_4268,0
acc_4269,0
acc_4270,1
acc_4271,0
acc_4272,0
acc_4273,0
acc_4274,0
acc_4275,1
acc_4276,0
acc_4277,0
acc_4278,0
acc_4279,1
acc_4280,0
acc_4281,1
acc_4282,0
acc_4283,1
acc_4284,1
acc_4285,0
acc_4286,0
acc_4287,0
acc_4288,0
acc_4289,0
acc_4290,0
acc_4291,0
acc_4292,0
acc_4293,0
acc_4294,1
acc_4295,0
acc_4296,0
acc_4297,1
acc_4298,0
acc_4299,1
acc_4300,0
acc_4301,0
acc_4302,0
acc_4303,0
acc_4304,0
acc_4305,0
acc_4306,0
acc_4307,0
acc_4308,0
acc_4309,0
acc_4310,0
acc_4311,0
acc_4312,0
acc_4313,0
acc_4314,0
acc_4315,0
acc_4316,0
acc_4317,0
acc_4318,0
acc_4319,0
acc_4320,0
acc_4321,0
acc_4322,1
acc_4323,0
acc_4324,1
acc_4325,0
acc_4326,0
acc_4327,0
acc_4328,0
acc_4329,0
acc_4330,0
acc_4331,1
acc_4332,1
acc_4333,0
acc_4334,0
acc_4335,0
acc_4336,0
acc_4337,0
acc_4338,0
acc_4339,0
acc_4340,0
acc_4341,0
acc_4342,1
acc_4343,0
acc_4344,0
acc_4345,0
acc_4346,0
acc_4347,1
acc_4348,1
acc_4349,0
acc_4350,0
acc_4351,0
acc_4352,0
acc_4353,0
acc_4354,0
acc_4355,0
acc_4356,0
acc_4357,0
acc_4358,0
acc_4359,0
acc_4360,0
acc_4361,0
acc_4362,1
acc_4363,0
acc_4364,0
acc_4365,0
acc_4366,0
acc_4367,0
acc_4368,0
acc_4369,0
acc_4370,1
acc_4371,0
acc_4372,0
acc_4373,0
acc_4374,1
acc_4375,0
acc_4376,1
acc_4377,0
acc_4378,0
acc_4379,0
acc_4380,0
acc_4381,0
acc_4382,0
acc_4383,0
acc_4384,1
acc_4385,0
acc_4386,0
acc_4387,1
acc_4388,1
acc_4389,0
acc_4390,0
acc_4391,0
acc_4392,0
acc_4393,0
acc_4394,0
acc_4395,0
acc_4396,0
acc_4397,1
acc_4398,0
acc_4399,0
acc_4400,0
acc_4401,0
acc_4402,0
acc_4403,1
acc_4404,0
acc_4405,0
acc_4406,0
acc_4407,0
acc_4408,0
acc_4409,0
acc_4410,0
acc_4411,1
acc_4412,0
acc_4413,0
acc_4414,1
acc_4415,0
acc_4416,0
acc_4417,0
acc_4418,0
acc_4419,0
acc_4420,0
acc_4421,0
acc_4422,0
acc_4423,0
acc_4424,0
acc_4425,0
acc_4426,0
acc_4427,0
acc_4428,0
acc_4429,0
acc_4430,0
acc_4431,0
acc_4432,0
acc_4433,0
acc_4434,0
acc_4435,0
acc_4436,0
acc_4437,0
acc_4438,0
acc_4439,1
acc_4440,0
acc_4441,0
acc_4442,1
acc_4443,0
acc_4444,1
acc_4445,0
acc_4446,0
acc_4447,1
acc_4448,0
acc_4449,0
acc_4450,0
acc_4451,0
acc_4452,0
acc_4453,0
acc_4454,0
acc_4455,0
acc_4456,0
acc_4457,0
acc_4458,0
acc_4459,0
acc_4460,0
acc_4461,0
acc_4462,0
acc_4463,0
acc_4464,0
acc_4465,0
acc_4466,0
acc_4467,0
acc_4468,1
acc_4469,0
acc_4470,0
acc_4471,1
acc_4472,0
acc_4473,0
acc_4474,0
acc_4475,0
acc_4476,0
acc_4477,0
acc_4478,0
acc_4479,0
acc_4480,0
acc_4481,0
acc_4482,0
acc_4483,0
acc_4484,0
acc_4485,0
acc_4486,0
acc_4487,0
acc_4488,0
acc_4489,0
acc_4490,1
acc_4491,0
acc_4492,0
acc_4493,1
acc_4494,1
acc_4495,0
acc_4496,0
acc_4497,0
acc_4498,1
acc_4499,0
acc_4500,0
acc_4501,1
acc_4502,0
acc_4503,0
acc_4504,1
acc_4505,0
acc_4506,0
acc_4507,0
acc_4508,1
acc_4509,0
acc_4510,0
acc_4511,0
acc_4512,0
acc_4513,0
acc_4514,0
acc_4515,0
acc_4516,0
acc_4517,0
acc_4518,0
acc_4519,0
acc_4520,0
acc_4521,0
acc_4522,0
acc_4523,0
acc_4524,1
acc_4525,0
acc_4526,0
acc_4527,1
acc_4528,0
acc_4529,0
acc_4530,0
acc_4531,0
acc_4532,0
acc_4533,0
acc_4534,0
acc_4535,0
acc_4536,0
acc_4537,0
acc_4538,0
acc_4539,0
acc_4540,0
acc_4541,0
acc_4542,0
acc_4543,0
acc_4544,0
acc_4545,0
acc_4546,0
acc_4547,0
acc_4548,0
acc_4549,0
acc_4550,1
acc_4551,0
acc_4552,0
acc_4553,1
acc_4554,0
acc_4555,0
acc_4556,0
acc_4557,0
acc_4558,0
acc_4559,0
acc_4560,0
acc_4561,0
acc_4562,1
acc_4563,0
acc_4564,0
acc_4565,0
acc_4566,0
acc_4567,0
acc_4568,0
acc_4569,0
acc_4570,0
acc_4571,0
acc_4572,0
acc_4573,0
acc_4574,0
acc_4575,0
acc_4576,0
acc_4577,0
acc_4578,0
acc_4579,0
acc_4580,0
acc_4581,1
acc_4582,0
acc_4583,0
acc_4584,0
acc_4585,0
acc_4586,0
acc_4587,1
acc_4588,0
acc_4589,0
acc_4590,0
acc_4591,1
acc_4592,0
acc_4593,0
acc_4594,0
acc_4595,0
acc_4596,0
acc_4597,0
acc_4598,0
acc_4599,1
acc_4600,0
acc_4601,0
acc_4602,1
acc_4603,0
acc_4604,0
acc_4605,0
acc_4606,0
acc_4607,1
acc_4608,1
acc_4609,0
acc_4610,0
acc_4611,0
acc_4612,0
acc_4613,0
acc_4614,0
acc_4615,0
acc_4616,1
acc_4617,0
acc_4618,0
acc_4619,0
acc_4620,0
acc_4621,0
acc_4622,0
acc_4623,0
acc_4624,0
acc_4625,0
acc_4626,0
acc_4627,0
acc_4628,0
acc_4629,0
acc_4630,0
acc_4631,0
acc_4632,0
acc_4633,0
acc_4634,0
acc_4635,0
acc_4636,0
acc_4637,0
acc_4638,0
acc_4639,0
acc_4640,0
acc_4641,1
acc_4642,0
acc_4643,0
acc_4644,0
acc_4645,0
acc_4646,0
acc_4647,0
acc_4648,1
acc_4649,0
acc_4650,0
acc_4651,0
acc_4652,0
acc_4653,0
acc_4654,0
acc_4655,0
acc_4656,1
acc_4657,0
acc_4658,1
acc_4659,0
acc_4660,0
acc_4661,0
acc_4662,0
acc_4663,0
acc_4664,0
acc_4665,1
acc_4666,0
acc_4667,1
acc_4668,0
acc_4669,0
acc_4670,0
acc_4671,0
acc_4672,0
acc_4673,0
acc_4674,0
acc_4675,0
acc_4676,1
acc_4677,0
acc_4678,0
acc_4679,0
acc_4680,0
acc_4681,0
acc_4682,0
acc_4683,0
acc_4684,0
acc_4685,0
acc_4686,0
acc_4687,0
acc_4688,0
acc_4689,0
acc_4690,0
acc_4691,0
acc_4692,0
acc_4693,1
acc_4694,0
acc_4695,0
acc_4696,0
acc_4697,0
acc_4698,0
acc_4699,0
acc_4700,0
acc_4701,0
acc_4702,0
acc_4703,0
acc_4704,0
acc_4705,0
acc_4706,0
acc_4707,1
acc_4708,0
acc_4709,0
acc_4710,0
acc_4711,0
acc_4712,0
acc_4713,1
acc_4714,0
acc_4715,0
acc_4716,0
acc_4717,0
acc_4718,0
acc_4719,0
acc_4720,0
acc_4721,1
acc_4722,0
acc_4723,0
acc_4724,0
acc_4725,0
acc_4726,0
acc_4727,1
acc_4728,0
acc_4729,0
acc_4730,0
acc_4731,0
acc_4732,0
acc_4733,0
acc_4734,0
acc_4735,0
acc_4736,0
acc_4737,0
acc_4738,0
acc_4739,0
acc_4740,0
acc_4741,0
acc_4742,0
acc_4743,0
acc_4744,0
acc_4745,0
acc_4746,0
acc_4747,0
acc_4748,0
acc_4749,0
acc_4750,0
acc_4751,0
acc_4752,0
acc_4753,0
acc_4754,0
acc_4755,0
acc_4756,0
acc_4757,0
acc_4758,0
acc_4759,0
acc_4760,0
acc_4761,0
acc_4762,1
acc_4763,0
acc_4764,0
acc_4765,0
acc_4766,0
acc_4767,0
acc_4768,0
acc_4769,0
acc_4770,0
acc_4771,0
acc_4772,0
acc_4773,0
acc_4774,0
acc_4775,0
acc_4776,0
acc_4777,0
acc_4778,0
acc_4779,1
acc_4780,0
acc_4781,0
acc_4782,0
acc_4783,0
acc_4784,0
acc_4785,0
acc_4786,0
acc_4787,0
acc_4788,0
acc_4789,0
acc_4790,1
acc_4791,0
acc_4792,1
acc_4793,0
acc_4794,0
acc_4795,0
acc_4796,0
acc_4797,0
acc_4798,0
acc_4799,1
acc_4800,0
acc_4801,0
acc_4802,0
acc_4803,0
acc_4804,0
acc_4805,0
acc_4806,0
acc_4807,0
acc_4808,0
acc_4809,0
acc_4810,0
acc_4811,0
acc_4812,1
acc_4813,0
acc_4814,0
acc_4815,0
acc_4816,0
acc_4817,0
acc_4818,0
acc_4819,0
acc_4820,0
acc_4821,0
acc_4822,0
acc_4823,0
acc_4824,0
acc_4825,0
acc_4826,0
acc_4827,0
acc_4828,0
acc_4829,0
acc_4830,0
acc_4831,1
acc_4832,0
acc_4833,0
acc_4834,0
acc_4835,0
acc_4836,0
acc_4837,0
acc_4838,0
acc_4839,0
acc_4840,1
acc_4841,0
acc_4842,1
acc_4843,0
acc_4844,0
acc_4845,1
acc_4846,0
acc_4847,0
acc_4848,0
acc_4849,0
acc_4850,0
acc_4851,0
acc_4852,0
acc_4853,0
acc_4854,0
acc_4855,0
acc_4856,1
acc_4857,0
acc_4858,0
acc_4859,0
acc_4860,0
acc_4861,0
acc_4862,0
acc_4863,0
acc_4864,0
acc_4865,0
acc_4866,0
acc_4867,0
acc_4868,0
acc_4869,0
acc_4870,1
acc_4871,1
acc_4872,0
acc_4873,0
acc_4874,0
acc_4875,0
acc_4876,0
acc_4877,0
acc_4878,0
acc_4879,1
acc_4880,1
acc_4881,0
acc_4882,0
acc_4883,0
acc_4884,0
acc_4885,0
acc_4886,0
acc_4887,1
acc_4888,0
acc_4889,0
acc_4890,0
acc_4891,0
acc_4892,0
acc_4893,0
acc_4894,0
acc_4895,0
acc_4896,0
acc_4897,0
acc_4898,0
acc_4899,0
acc_4900,1
acc_4901,0
acc_4902,0
acc_4903,1
acc_4904,0
acc_4905,0
acc_4906,0
acc_4907,0
acc_4908,0
acc_4909,0
acc_4910,1
acc_4911,0
acc_4912,1
acc_4913,0
acc_4914,0
acc_4915,0
acc_4916,0
acc_4917,1
acc_4918,0
acc_4919,0
acc_4920,0
acc_4921,0
acc_4922,0
acc_4923,1
acc_4924,0
acc_4925,0
acc_4926,0
acc_4927,0
acc_4928,0
acc_4929,0
acc_4930,0
acc_4931,0
acc_4932,0
acc_4933,1
acc_4934,0
acc_4935,0
acc_4936,0
acc_4937,0
acc_4938,0
acc_4939,1
acc_4940,1
acc_4941,0
acc_4942,0
acc_4943,1
acc_4944,0
acc_4945,0
acc_4946,1
acc_4947,0
acc_4948,0
acc_4949,0
acc_4950,0
acc_4951,0
acc_4952,1
acc_4953,0
acc_4954,0
acc_4955,0
acc_4956,0
acc_4957,0
acc_4958,0
acc_4959,0
acc_4960,1
acc_4961,0
acc_4962,1
acc_4963,0
acc_4964,0
acc_4965,0
acc_4966,0
acc_4967,0
acc_4968,0
acc_4969,0
acc_4970,0
acc_4971,0
acc_4972,0
acc_4973,0
acc_4974,0
acc_4975,0
acc_4976,0
acc_4977,0
acc_4978,0
acc_4979,0
acc_4980,0
acc_4981,0
acc_4982,0
acc_4983,0
acc_4984,0
acc_4985,0
acc_4986,0
acc_4987,0
acc_4988,0
acc_4989,0
acc_4990,0
acc_4991,0
acc_4992,0
acc_4993,0
acc_4994,0
acc_4995,0
acc_4996,0
acc_4997,0
acc_4998,0
acc_4999,0
acc_5000,0
acc_5001,0
acc_5002,0
acc_5003,1
acc_5004,0
acc_5005,0
acc_5006,0
acc_5007,0
acc_5008,0
acc_5009,0
acc_5010,0
acc_5011,0
acc_5012,0
acc_5013,0
acc_5014,1
acc_5015,0
acc_5016,0
acc_5017,1
acc_5018,0
acc_5019,1
acc_5020,0
acc_5021,0
acc_5022,0
acc_5023,0
acc_5024,0
acc_5025,0
acc_5026,0
acc_5027,0
acc_5028,0
acc_5029,0
acc_5030,0
acc_5031,0
acc_5032,1
acc_5033,0
acc_5034,0
acc_5035,0
acc_5036,1
acc_5037,0
acc_5038,1
acc_5039,0
acc_5040,0
acc_5041,0
acc_5042,0
acc_5043,0
acc_5044,0
acc_5045,0
acc_5046,0
acc_5047,0
acc_5048,0
acc_5049,0
acc_5050,0
acc_5051,0
acc_5052,1
acc_5053,0
acc_5054,0
acc_5055,0
acc_5056,0
acc_5057,0
acc_5058,0
acc_5059,0
acc_5060,0
acc_5061,0
acc_5062,0
acc_5063,0
acc_5064,0
acc_5065,0
acc_5066,0
acc_5067,0
acc_5068,0
acc_5069,0
acc_5070,0
acc_5071,1
acc_5072,0
acc_5073,0
acc_5074,0
acc_5075,0
acc_5076,0
acc_5077,0
acc_5078,0
acc_5079,0
acc_5080,0
acc_5081,0
acc_5082,0
acc_5083,0
acc_5084,0
acc_5085,0
acc_5086,0
acc_5087,0
acc_5088,0
acc_5089,0
acc_5090,0
acc_5091,1
acc_5092,1
acc_5093,0
acc_5094,0
acc_5095,0
acc_5096,0
acc_5097,0
acc_5098,1
acc_5099,0
acc_5100,0
acc_5101,0
acc_5102,0
acc_5103,0
acc_5104,0
acc_5105,0
acc_5106,0
acc_5107,0
acc_5108,0
acc_5109,0
acc_5110,0
acc_5111,1
acc_5112,0
acc_5113,0
acc_5114,0
acc_5115,0
acc_5116,0
acc_5117,0
acc_5118,0
acc_5119,0
acc_5120,0
acc_5121,0
acc_5122,1
acc_5123,0
acc_5124,0
acc_5125,0
acc_5126,0
acc_5127,0
acc_5128,0
acc_5129,0
acc_5130,0
acc_5131,0
acc_5132,0
acc_5133,0
acc_5134,0
acc_5135,0
acc_5136,0
acc_5137,0
acc_5138,0
acc_5139,0
acc_5140,0
acc_5141,0
acc_5142,1
acc_5143,0
acc_5144,0
acc_5145,0
acc_5146,0
acc_5147,1
acc_5148,0
acc_5149,0
acc_5150,0
acc_5151,0
acc_5152,0
acc_5153,0
acc_5154,1
acc_5155,0
acc_5156,1
acc_5157,0
acc_5158,0
acc_5159,1
acc_5160,1
acc_5161,1
acc_5162,0
acc_5163,0
acc_5164,1
acc_5165,0
acc_5166,0
acc_5167,0
acc_5168,0
acc_5169,0
acc_5170,0
acc_5171,0
acc_5172,0
acc_5173,0
acc_5174,0
acc_5175,1
acc_5176,0
acc_5177,0
acc_5178,0
acc_5179,1
acc_5180,0
acc_5181,0
acc_5182,0
acc_5183,0
acc_5184,0
acc_5185,0
acc_5186,0
acc_5187,0
acc_5188,0
acc_5189,0
acc_5190,0
acc_5191,1
acc_5192,0
acc_5193,0
acc_5194,0
acc_5195,0
acc_5196,0
acc_5197,0
acc_5198,0
acc_5199,0
acc_5200,0
acc_5201,0
acc_5202,0
acc_5203,0
acc_5204,0
acc_5205,0
acc_5206,0
acc_5207,0
acc_5208,0
acc_5209,1
acc_5210,0
acc_5211,0
acc_5212,0
acc_5213,0
acc_5214,0
acc_5215,0
acc_5216,0
acc_5217,1
acc_5218,0
acc_5219,0
acc_5220,0
acc_5221,1
acc_5222,1
acc_5223,1
acc_5224,0
acc_5225,0
acc_5226,0
acc_5227,0
acc_5228,0
acc_5229,0
acc_5230,1
acc_5231,0
acc_5232,0
acc_5233,1
acc_5234,0
acc_5235,0
acc_5236,0
acc_5237,0
acc_5238,0
acc_5239,0
acc_5240,0
acc_5241,0
acc_5242,0
acc_5243,0
acc_5244,0
acc_5245,0
acc_5246,0
acc_5247,1
acc_5248,0
acc_5249,0
acc_5250,0
acc_5251,0
acc_5252,0
acc_5253,0
acc_5254,0
acc_5255,1
acc_5256,0
acc_5257,0
acc_5258,0
acc_5259,0
acc_5260,0
acc_5261,0
acc_5262,0
acc_5263,0
acc_5264,0
acc_5265,0
acc_5266,0
acc_5267,1
acc_5268,0
acc_5269,0
acc_5270,0
acc_5271,0
acc_5272,1
acc_5273,1
acc_5274,1
acc_5275,0
acc_5276,0
acc_5277,0
acc_5278,0
acc_5279,1
acc_5280,0
acc_5281,0
acc_5282,0
acc_5283,1
acc_5284,0
acc_5285,0
acc_5286,0
acc_5287,0
acc_5288,0
acc_5289,0
acc_5290,0
acc_5291,0
acc_5292,0
acc_5293,0
acc_5294,0
acc_5295,0
acc_5296,0
acc_5297,0
acc_5298,0
acc_5299,0
acc_5300,0
acc_5301,1
acc_5302,0
acc_5303,0
acc_5304,0
acc_5305,0
acc_5306,0
acc_5307,1
acc_5308,0
acc_5309,0
acc_5310,0
acc_5311,0
acc_5312,0
acc_5313,0
acc_5314,0
acc_5315,0
acc_5316,0
acc_5317,0
acc_5318,0
acc_5319,0
acc_5320,0
acc_5321,0
acc_5322,0
acc_5323,0
acc_5324,0
acc_5325,0
acc_5326,0
acc_5327,1
acc_5328,0
acc_5329,0
acc_5330,0
acc_5331,0
acc_5332,0
acc_5333,0
acc_5334,0
acc_5335,0
acc_5336,0
acc_5337,0
acc_5338,1
acc_5339,0
acc_5340,0
acc_5341,0
acc_5342,0
acc_5343,0
acc_5344,0
acc_5345,0
acc_5346,0
acc_5347,0
acc_5348,0
acc_5349,0
acc_5350,0
acc_5351,0
acc_5352,0
acc_5353,0
acc_5354,0
acc_5355,0
acc_5356,0
acc_5357,0
acc_5358,1
acc_5359,0
acc_5360,0
acc_5361,0
acc_5362,0
acc_5363,0
acc_5364,0
acc_5365,0
acc_5366,0
acc_5367,0
acc_5368,1
acc_5369,0
acc_5370,0
acc_5371,0
acc_5372,0
acc_5373,0
acc_5374,0
acc_5375,0
acc_5376,0
acc_5377,1
acc_5378,0
acc_5379,1
acc_5380,0
acc_5381,0
acc_5382,0
acc_5383,0
acc_5384,0
acc_5385,0
acc_5386,1
acc_5387,0
acc_5388,0
acc_5389,0
acc_5390,0
acc_5391,0
acc_5392,0
acc_5393,0
acc_5394,0
acc_5395,1
acc_5396,0
acc_5397,0
acc_5398,0
acc_5399,0
acc_5400,0
acc_5401,0
acc_5402,1
acc_5403,0
acc_5404,0
acc_5405,0
acc_5406,1
acc_5407,0
acc_5408,0
acc_5409,0
acc_5410,0
acc_5411,0
acc_5412,0
acc_5413,0
acc_5414,0
acc_5415,0
acc_5416,0
acc_5417,0
acc_5418,0
acc_5419,1
acc_5420,0
acc_5421,0
acc_5422,0
acc_5423,1
acc_5424,1
acc_5425,0
acc_5426,1
acc_5427,0
acc_5428,0
acc_5429,0
acc_5430,0
acc_5431,0
acc_5432,0
acc_5433,0
acc_5434,1
acc_5435,0
acc_5436,0
acc_5437,0
acc_5438,1
acc_5439,0
acc_5440,0
acc_5441,0
acc_5442,0
acc_5443,0
acc_5444,0
acc_5445,0
acc_5446,0
acc_5447,0
acc_5448,0
acc_5449,0
acc_5450,1
acc_5451,0
acc_5452,0
acc_5453,0
acc_5454,0
acc_5455,0
acc_5456,0
acc_5457,0
acc_5458,0
acc_5459,0
acc_5460,0
acc_5461,0
acc_5462,0
acc_5463,0
acc_5464,0
acc_5465,1
acc_5466,0
acc_5467,0
acc_5468,1
acc_5469,0
acc_5470,0
acc_5471,1
acc_5472,1
acc_5473,0
acc_5474,0
acc_5475,0
acc_5476,0
acc_5477,1
acc_5478,0
acc_5479,0
acc_5480,0
acc_5481,0
acc_5482,0
acc_5483,0
acc_5484,0
acc_5485,1
acc_5486,0
acc_5487,0
acc_5488,0
acc_5489,0
acc_5490,0
acc_5491,0
acc_5492,0
acc_5493,0
acc_5494,0
acc_5495,1
acc_5496,0
acc_5497,0
acc_5498,0
acc_5499,0
acc_5500,0
acc_5501,1
acc_5502,0
acc_5503,0
acc_5504,1
acc_5505,0
acc_5506,0
acc_5507,0
acc_5508,0
acc_5509,0
acc_5510,0
acc_5511,0
acc_5512,0
acc_5513,0
acc_5514,1
acc_5515,0
acc_5516,0
acc_5517,1
acc_5518,0
acc_5519,0
acc_5520,0
acc_5521,0
acc_5522,0
acc_5523,0
acc_5524,1
acc_5525,1
acc_5526,0
acc_5527,0
acc_5528,0
acc_5529,0
acc_5530,0
acc_5531,0
acc_5532,0
acc_5533,0
acc_5534,0
acc_5535,0
acc_5536,0
acc_5537,1
acc_5538,0
acc_5539,0
acc_5540,0
acc_5541,0
acc_5542,0
acc_5543,0
acc_5544,0
acc_5545,0
acc_5546,0
acc_5547,0
acc_5548,0
acc_5549,0
acc_5550,0
acc_5551,0
acc_5552,0
acc_5553,1
acc_5554,0
acc_5555,0
acc_5556,0
acc_5557,0
acc_5558,0
acc_5559,0
acc_5560,0
acc_5561,0
acc_5562,0
acc_5563,0
acc_5564,0
acc_5565,0
acc_5566,0
acc_5567,0
acc_5568,0
acc_5569,0
acc_5570,0
acc_5571,0
acc_5572,0
acc_5573,0
acc_5574,1
acc_5575,0
acc_5576,0
acc_5577,0
acc_5578,0
acc_5579,0
acc_5580,0
acc_5581,0
acc_5582,0
acc_5583,0
acc_5584,0
acc_5585,0
acc_5586,0
acc_5587,1
acc_5588,0
acc_5589,1
acc_5590,0
acc_5591,0
acc_5592,0
acc_5593,0
acc_5594,0
acc_5595,0
acc_5596,0
acc_5597,1
acc_5598,0
acc_5599,0
acc_5600,0
acc_5601,0
acc_5602,0
acc_5603,0
acc_5604,0
acc_5605,0
acc_5606,0
acc_5607,0
acc_5608,0
acc_5609,1
acc_5610,0
acc_5611,0
acc_5612,0
acc_5613,0
acc_5614,0
acc_5615,1
acc_5616,0
acc_5617,0
acc_5618,0
acc_5619,0
acc_5620,0
acc_5621,0
acc_5622,0
acc_5623,0
acc_5624,0
acc_5625,0
acc_5626,0
acc_5627,0
acc_5628,0
acc_5629,0
acc_5630,0
acc_5631,0
acc_5632,0
acc_5633,0
acc_5634,0
acc_5635,0
acc_5636,0
acc_5637,0
acc_5638,0
acc_5639,0
acc_5640,0
acc_5641,0
acc_5642,1
acc_5643,0
acc_5644,0
acc_5645,0
acc_5646,0
acc_5647,0
acc_5648,0
acc_5649,0
acc_5650,0
acc_5651,0
acc_5652,0
acc_5653,0
acc_5654,1
acc_5655,0
acc_5656,0
acc_5657,1
acc_5658,0
acc_5659,0
acc_5660,0
acc_5661,1
acc_5662,1
acc_5663,0
acc_5664,1
acc_5665,0
acc_5666,0
acc_5667,0
acc_5668,0
acc_5669,0
acc_5670,0
acc_5671,0
acc_5672,0
acc_5673,0
acc_5674,1
acc_5675,1
acc_5676,0
acc_5677,0
acc_5678,0
acc_5679,0
acc_5680,0
acc_5681,0
acc_5682,0
acc_5683,0
acc_5684,0
acc_5685,0
acc_5686,0
acc_5687,0
acc_5688,0
acc_5689,0
acc_5690,1
acc_5691,0
acc_5692,1
acc_5693,1
acc_5694,1
acc_5695,0
acc_5696,1
acc_5697,1
acc_5698,0
acc_5699,0
acc_5700,0
acc_5701,0
acc_5702,0
acc_5703,0
acc_5704,1
acc_5705,0
acc_5706,0
acc_5707,0
acc_5708,1
acc_5709,0
acc_5710,0
acc_5711,0
acc_5712,0
acc_5713,0
acc_5714,0
acc_5715,0
acc_5716,0
acc_5717,0
acc_5718,0
acc_5719,1
acc_5720,0
acc_5721,0
acc_5722,0
acc_5723,0
acc_5724,1
acc_5725,0
acc_5726,0
acc_5727,1
acc_5728,0
acc_5729,0
acc_5730,0
acc_5731,0
acc_5732,0
acc_5733,0
acc_5734,0
acc_5735,1
acc_5736,0
acc_5737,0
acc_5738,0
acc_5739,0
acc_5740,0
acc_5741,0
acc_5742,0
acc_5743,1
acc_5744,0
acc_5745,1
acc_5746,0
acc_5747,0
acc_5748,0
acc_5749,0
acc_5750,1
acc_5751,0
acc_5752,1
acc_5753,0
acc_5754,0
acc_5755,0
acc_5756,0
acc_5757,0
acc_5758,0
acc_5759,1
acc_5760,1
acc_5761,0
acc_5762,0
acc_5763,0
acc_5764,0
acc_5765,0
acc_5766,0
acc_5767,0
acc_5768,0
acc_5769,0
acc_5770,1
acc_5771,0
acc_5772,0
acc_5773,0
acc_5774,0
acc_5775,0
acc_5776,0
acc_5777,0
acc_5778,0
acc_5779,0
acc_5780,0
acc_5781,0
acc_5782,0
acc_5783,0
acc_5784,0
acc_5785,0
acc_5786,0
acc_5787,0
acc_5788,0
acc_5789,0
acc_5790,0
acc_5791,0
acc_5792,0
acc_5793,0
acc_5794,1
acc_5795,0
acc_5796,0
acc_5797,0
acc_5798,0
acc_5799,0
acc_5800,0
acc_5801,0
acc_5802,0
acc_5803,0
acc_5804,0
acc_5805,0
acc_5806,1
acc_5807,0
acc_5808,0
acc_5809,0
acc_5810,0
acc_5811,0
acc_5812,0
acc_5813,1
acc_5814,0
acc_5815,1
acc_5816,0
acc_5817,0
acc_5818,0
acc_5819,1
acc_5820,0
acc_5821,0
acc_5822,0
acc_5823,1
acc_5824,0
acc_5825,0
acc_5826,1
acc_5827,0
acc_5828,0
acc_5829,0
acc_5830,0
acc_5831,0
acc_5832,1
acc_5833,0
acc_5834,0
acc_5835,0
acc_5836,0
acc_5837,0
acc_5838,0
acc_5839,0
acc_5840,0
acc_5841,0
acc_5842,0
acc_5843,0
acc_5844,0
acc_5845,0
acc_5846,0
acc_5847,0
acc_5848,0
acc_5849,0
acc_5850,0
acc_5851,0
acc_5852,0
acc_5853,0
acc_5854,0
acc_5855,0
acc_5856,1
acc_5857,0
acc_5858,0
acc_5859,0
acc_5860,0
acc_5861,0
acc_5862,0
acc_5863,0
acc_5864,1
acc_5865,0
acc_5866,0
acc_5867,0
acc_5868,0
acc_5869,0
acc_5870,1
acc_5871,0
acc_5872,0
acc_5873,0
acc_5874,0
acc_5875,0
acc_5876,1
acc_5877,0
acc_5878,0
acc_5879,0
acc_5880,0
acc_5881,0
acc_5882,0
acc_5883,0
acc_5884,0
acc_5885,0
acc_5886,0
acc_5887,0
acc_5888,0
acc_5889,0
acc_5890,0
acc_5891,0
acc_5892,1
acc_5893,0
acc_5894,1
acc_5895,0
acc_5896,0
acc_5897,0
acc_5898,0
acc_5899,1
acc_5900,0
acc_5901,0
acc_5902,0
acc_5903,0
acc_5904,0
acc_5905,0
acc_5906,0
acc_5907,0
acc_5908,0
acc_5909,1
acc_5910,0
acc_5911,0
acc_5912,0
acc_5913,0
acc_5914,0
acc_5915,0
acc_5916,0
acc_5917,0
acc_5918,0
acc_5919,0
acc_5920,0
acc_5921,0
acc_5922,0
acc_5923,0
acc_5924,0
acc_5925,0
acc_5926,0
acc_5927,0
acc_5928,0
acc_5929,0
acc_5930,0
acc_5931,0
acc_5932,0
acc_5933,0
acc_5934,0
acc_5935,1
acc_5936,0
acc_5937,0
acc_5938,0
acc_5939,1
acc_5940,0
acc_5941,0
acc_5942,1
acc_5943,0
acc_5944,0
acc_5945,0
acc_5946,0
acc_5947,0
acc_5948,0
acc_5949,0
acc_5950,0
acc_5951,0
acc_5952,0
acc_5953,0
acc_5954,0
acc_5955,0
acc_5956,0
acc_5957,0
acc_5958,0
acc_5959,1
acc_5960,0
acc_5961,0
acc_5962,1
acc_5963,0
acc_5964,0
acc_5965,0
acc_5966,1
acc_5967,0
acc_5968,0
acc_5969,0
acc_5970,0
acc_5971,0
acc_5972,0
acc_5973,0
acc_5974,0
acc_5975,0
acc_5976,0
acc_5977,0
acc_5978,0
acc_5979,0
acc_5980,0
acc_5981,0
acc_5982,0
acc_5983,0
acc_5984,0
acc_5985,0
acc_5986,0
acc_5987,0
acc_5988,0
acc_5989,1
acc_5990,0
acc_5991,0
acc_5992,1
acc_5993,0
acc_5994,0
acc_5995,0
acc_5996,0
acc_5997,0
acc_5998,0
acc_5999,0
acc_6000,0
acc_6001,0
acc_6002,0
acc_6003,0
acc_6004,0
acc_6005,0
acc_6006,0
acc_6007,0
acc_6008,0
acc_6009,0
acc_6010,0
acc_6011,0
acc_6012,0
acc_6013,0
acc_6014,0
acc_6015,0
acc_6016,0
acc_6017,0
acc_6018,0
acc_6019,0
acc_6020,0
acc_6021,0
acc_6022,0
acc_6023,0
acc_6024,0
acc_6025,0
acc_6026,1
acc_6027,0
acc_6028,0
acc_6029,1
acc_6030,1
acc_6031,0
acc_6032,0
acc_6033,0
acc_6034,0
acc_6035,0
acc_6036,0
acc_6037,0
acc_6038,0
acc_6039,0
acc_6040,0
acc_6041,0
acc_6042,0
acc_6043,0
acc_6044,0
acc_6045,0
acc_6046,0
acc_6047,0
acc_6048,0
acc_6049,0
acc_6050,0
acc_6051,0
acc_6052,0
acc_6053,0
acc_6054,1
acc_6055,0
acc_6056,0
acc_6057,0
acc_6058,1
acc_6059,0
acc_6060,0
acc_6061,0
acc_6062,0
acc_6063,0
acc_6064,0
acc_6065,0
acc_6066,0
acc_6067,0
acc_6068,0
acc_6069,0
acc_6070,0
acc_6071,0
acc_6072,0
acc_6073,0
acc_6074,0
acc_6075,0
acc_6076,0
acc_6077,0
acc_6078,0
acc_6079,0
acc_6080,0
acc_6081,0
acc_6082,0
acc_6083,0
acc_6084,0
acc_6085,0
acc_6086,0
acc_6087,0
acc_6088,0
acc_6089,0
acc_6090,0
acc_6091,0
acc_6092,0
acc_6093,0
acc_6094,0
acc_6095,0
acc_6096,0
acc_6097,0
acc_6098,0
acc_6099,0
acc_6100,0
acc_6101,1
acc_6102,0
acc_6103,0
acc_6104,0
acc_6105,1
acc_6106,0
acc_6107,0
acc_6108,0
acc_6109,0
acc_6110,0
acc_6111,0
acc_6112,0
acc_6113,1
acc_6114,0
acc_6115,0
acc_6116,0
acc_6117,0
acc_6118,0
acc_6119,0
acc_6120,0
acc_6121,0
acc_6122,0
acc_6123,0
acc_6124,1
acc_6125,0
acc_6126,0
acc_6127,0
acc_6128,0
acc_6129,0
acc_6130,1
acc_6131,0
acc_6132,1
acc_6133,0
acc_6134,0
acc_6135,0
acc_6136,0
acc_6137,0
acc_6138,0
acc_6139,0
acc_6140,0
acc_6141,0
acc_6142,0
acc_6143,0
acc_6144,0
acc_6145,1
acc_6146,0
acc_6147,0
acc_6148,0
acc_6149,0
acc_6150,0
acc_6151,0
acc_6152,0
acc_6153,0
acc_6154,0
acc_6155,0
acc_6156,0
acc_6157,0
acc_6158,1
acc_6159,0
acc_6160,0
acc_6161,0
acc_6162,0
acc_6163,0
acc_6164,0
acc_6165,0
acc_6166,0
acc_6167,0
acc_6168,0
acc_6169,0
acc_6170,0
acc_6171,0
acc_6172,1
acc_6173,0
acc_6174,1
acc_6175,0
acc_6176,0
acc_6177,0
acc_6178,0
acc_6179,0
acc_6180,0
acc_6181,0
acc_6182,0
acc_6183,0
acc_6184,0
acc_6185,0
acc_6186,0
acc_6187,0
acc_6188,0
acc_6189,0
acc_6190,0
acc_6191,0
acc_6192,0
acc_6193,1
acc_6194,0
acc_6195,0
acc_6196,0
acc_6197,0
acc_6198,0
acc_6199,0
acc_6200,0
acc_6201,0
acc_6202,0
acc_6203,0
acc_6204,0
acc_6205,0
acc_6206,0
acc_6207,0
acc_6208,0
acc_6209,0
acc_6210,0
acc_6211,0
acc_6212,0
acc_6213,0
acc_6214,0
acc_6215,0
acc_6216,0
acc_6217,0
acc_6218,0
acc_6219,0
acc_6220,1
acc_6221,0
acc_6222,0
acc_6223,1
acc_6224,0
acc_6225,1
acc_6226,0
acc_6227,0
acc_6228,0
acc_6229,0
acc_6230,0
acc_6231,1
acc_6232,0
acc_6233,0
acc_6234,0
acc_6235,0
acc_6236,0
acc_6237,0
acc_6238,0
acc_6239,0
acc_6240,0
acc_6241,0
acc_6242,0
acc_6243,0
acc_6244,1
acc_6245,0
acc_6246,0
acc_6247,0
acc_6248,0
acc_6249,0
acc_6250,0
acc_6251,1
acc_6252,0
acc_6253,0
acc_6254,0
acc_6255,0
acc_6256,0
acc_6257,0
acc_6258,0
acc_6259,0
acc_6260,0
acc_6261,0
acc_6262,0
acc_6263,0
acc_6264,0
acc_6265,0
acc_6266,0
acc_6267,0
acc_6268,0
acc_6269,0
acc_6270,0
acc_6271,0
acc_6272,0
acc_6273,0
acc_6274,0
acc_6275,0
acc_6276,0
acc_6277,0
acc_6278,0
acc_6279,0
acc_6280,0
acc_6281,0
acc_6282,0
acc_6283,0
acc_6284,0
acc_6285,0
acc_6286,0
acc_6287,0
acc_6288,0
acc_6289,1
acc_6290,0
acc_6291,0
acc_6292,0
acc_6293,0
acc_6294,0
acc_6295,0
acc_6296,0
acc_6297,0
acc_6298,0
acc_6299,0
acc_6300,0
acc_6301,0
acc_6302,0
acc_6303,0
acc_6304,0
acc_6305,0
acc_6306,0
acc_6307,0
acc_6308,1
acc_6309,0
acc_6310,0
acc_6311,0
acc_6312,0
acc_6313,0
acc_6314,0
acc_6315,1
acc_6316,1
acc_6317,0
acc_6318,1
acc_6319,0
acc_6320,0
acc_6321,0
acc_6322,0
acc_6323,0
acc_6324,0
acc_6325,0
acc_6326,0
acc_6327,0
acc_6328,0
acc_6329,1
acc_6330,0
acc_6331,0
acc_6332,0
acc_6333,0
acc_6334,0
acc_6335,0
acc_6336,0
acc_6337,0
acc_6338,0
acc_6339,0
acc_6340,1
acc_6341,0
acc_6342,0
acc_6343,0
acc_6344,0
acc_6345,0
acc_6346,0
acc_6347,0
acc_6348,0
acc_6349,0
acc_6350,0
acc_6351,0
acc_6352,0
acc_6353,0
acc_6354,0
acc_6355,0
acc_6356,0
acc_6357,0
acc_6358,0
acc_6359,0
acc_6360,0
acc_6361,0
acc_6362,0
acc_6363,0
acc_6364,0
acc_6365,0
acc_6366,0
acc_6367,1
acc_6368,0
acc_6369,0
acc_6370,0
acc_6371,0
acc_6372,0
acc_6373,0
acc_6374,1
acc_6375,0
acc_6376,0
acc_6377,0
acc_6378,1
acc_6379,0
acc_6380,0
acc_6381,1
acc_6382,0
acc_6383,0
acc_6384,0
acc_6385,0
acc_6386,0
acc_6387,0
acc_6388,0
acc_6389,0
acc_6390,0
acc_6391,0
acc_6392,0
acc_6393,0
acc_6394,0
acc_6395,0
acc_6396,0
acc_6397,0
acc_6398,0
acc_6399,0
acc_6400,0
acc_6401,0
acc_6402,0
acc_6403,1
acc_6404,0
acc_6405,0
acc_6406,0
acc_6407,0
acc_6408,0
acc_6409,0
acc_6410,0
acc_6411,0
acc_6412,0
acc_6413,0
acc_6414,0
acc_6415,0
acc_6416,0
acc_6417,0
acc_6418,0
acc_6419,1
acc_6420,0
acc_6421,0
acc_6422,0
acc_6423,0
acc_6424,1
acc_6425,0
acc_6426,0
acc_6427,0
acc_6428,0
acc_6429,0
acc_6430,0
acc_6431,0
acc_6432,1
acc_6433,0
acc_6434,0
acc_6435,0
acc_6436,1
acc_6437,1
acc_6438,0
acc_6439,0
acc_6440,0
acc_6441,0
acc_6442,0
acc_6443,0
acc_6444,0
acc_6445,0
acc_6446,0
acc_6447,0
acc_6448,0
acc_6449,0
acc_6450,0
acc_6451,0
acc_6452,0
acc_6453,0
acc_6454,0
acc_6455,0
acc_6456,0
acc_6457,1
acc_6458,0
acc_6459,0
acc_6460,0
acc_6461,0
acc_6462,0
acc_6463,0
acc_6464,0
acc_6465,1
acc_6466,0
acc_6467,0
acc_6468,1
acc_6469,0
acc_6470,0
acc_6471,0
acc_6472,0
acc_6473,0
acc_6474,0
acc_6475,0
acc_6476,0
acc_6477,0
acc_6478,0
acc_6479,1
acc_6480,0
acc_6481,0
acc_6482,0
acc_6483,0
acc_6484,0
acc_6485,0
acc_6486,0
acc_6487,0
acc_6488,0
acc_6489,0
acc_6490,0
acc_6491,0
acc_6492,1
acc_6493,0
acc_6494,0
acc_6495,0
acc_6496,0
acc_6497,0
acc_6498,0
acc_6499,0
acc_6500,0
acc_6501,0
acc_6502,0
acc_6503,0
acc_6504,0
acc_6505,0
acc_6506,0
acc_6507,0
acc_6508,0
acc_6509,1
acc_6510,0
acc_6511,0
acc_6512,0
acc_6513,0
acc_6514,0
acc_6515,0
acc_6516,0
acc_6517,0
acc_6518,0
acc_6519,0
acc_6520,0
acc_6521,0
acc_6522,1
acc_6523,0
acc_6524,1
acc_6525,0
acc_6526,0
acc_6527,0
acc_6528,0
acc_6529,0
acc_6530,0
acc_6531,0
acc_6532,0
acc_6533,0
acc_6534,1
acc_6535,1
acc_6536,0
acc_6537,0
acc_6538,0
acc_6539,0
acc_6540,0
acc_6541,0
acc_6542,1
acc_6543,0
acc_6544,0
acc_6545,1
acc_6546,0
acc_6547,0
acc_6548,0
acc_6549,0
acc_6550,1
acc_6551,0
acc_6552,0
acc_6553,0
acc_6554,0
acc_6555,0
acc_6556,0
acc_6557,0
acc_6558,0
acc_6559,1
acc_6560,0
acc_6561,0
acc_6562,0
acc_6563,1
acc_6564,0
acc_6565,0
acc_6566,0
acc_6567,0
acc_6568,0
acc_6569,0
acc_6570,0
acc_6571,0
acc_6572,0
acc_6573,0
acc_6574,0
acc_6575,1
acc_6576,0
acc_6577,1
acc_6578,0
acc_6579,0
acc_6580,0
acc_6581,0
acc_6582,1
acc_6583,0
acc_6584,0
acc_6585,1
acc_6586,0
acc_6587,0
acc_6588,0
acc_6589,0
acc_6590,0
acc_6591,0
acc_6592,0
acc_6593,0
acc_6594,0
acc_6595,0
acc_6596,0
acc_6597,0
acc_6598,0
acc_6599,0
acc_6600,0
acc_6601,1
acc_6602,0
acc_6603,0
acc_6604,0
acc_6605,0
acc_6606,0
acc_6607,0
acc_6608,1
acc_6609,1
acc_6610,0
acc_6611,0
acc_6612,0
acc_6613,0
acc_6614,0
acc_6615,0
acc_6616,1
acc_6617,0
acc_6618,0
acc_6619,0
acc_6620,0
acc_6621,1
acc_6622,0
acc_6623,0
acc_6624,1
acc_6625,0
acc_6626,0
acc_6627,0
acc_6628,0
acc_6629,1
acc_6630,1
acc_6631,0
acc_6632,0
acc_6633,0
acc_6634,0
acc_6635,0
acc_6636,0
acc_6637,0
acc_6638,0
acc_6639,0
acc_6640,0
acc_6641,0
acc_6642,1
acc_6643,0
acc_6644,1
acc_6645,0
acc_6646,0
acc_6647,0
acc_6648,0
acc_6649,0
acc_6650,0
acc_6651,0
acc_6652,0
acc_6653,0
acc_6654,1
acc_6655,0
acc_6656,1
acc_6657,0
acc_6658,1
acc_6659,0
acc_6660,0
acc_6661,0
acc_6662,0
acc_6663,0
acc_6664,0
acc_6665,0
acc_6666,0
acc_6667,0
acc_6668,0
acc_6669,0
acc_6670,0
acc_6671,0
acc_6672,0
acc_6673,0
acc_6674,1
acc_6675,0
acc_6676,0
acc_6677,0
acc_6678,0
acc_6679,0
acc_6680,0
acc_6681,1
acc_6682,0
acc_6683,0
acc_6684,1
acc_6685,1
acc_6686,0
acc_6687,0
acc_6688,0
acc_6689,0
acc_6690,0
acc_6691,0
acc_6692,0
acc_6693,0
acc_6694,0
acc_6695,0
acc_6696,0
acc_6697,0
acc_6698,0
acc_6699,0
acc_6700,0
acc_6701,0
acc_6702,0
acc_6703,0
acc_6704,0
acc_6705,0
acc_6706,0
acc_6707,0
acc_6708,0
acc_6709,0
acc_6710,0
acc_6711,0
acc_6712,0
acc_6713,0
acc_6714,0
acc_6715,0
acc_6716,0
acc_6717,0
acc_6718,0
acc_6719,0
acc_6720,0
acc_6721,0
acc_6722,0
acc_6723,1
acc_6724,0
acc_6725,0
acc_6726,0
acc_6727,0
acc_6728,0
acc_6729,0
acc_6730,1
acc_6731,1
acc_6732,1
acc_6733,1
acc_6734,0
acc_6735,1
acc_6736,1
acc_6737,0
acc_6738,0
acc_6739,0
acc_6740,0
acc_6741,0
acc_6742,0
acc_6743,0
acc_6744,0
acc_6745,0
acc_6746,0
acc_6747,0
acc_6748,0
acc_6749,0
acc_6750,0
acc_6751,0
acc_6752,0
acc_6753,0
acc_6754,0
acc_6755,0
acc_6756,0
acc_6757,0
acc_6758,0
acc_6759,0
acc_6760,0
acc_6761,0
acc_6762,0
acc_6763,0
acc_6764,0
acc_6765,0
acc_6766,0
acc_6767,0
acc_6768,0
acc_6769,0
acc_6770,1
acc_6771,0
acc_6772,0
acc_6773,0
acc_6774,1
acc_6775,1
acc_6776,0
acc_6777,0
acc_6778,0
acc_6779,0
acc_6780,0
acc_6781,1
acc_6782,0
acc_6783,0
acc_6784,0
acc_6785,0
acc_6786,0
acc_6787,0
acc_6788,0
acc_6789,0
acc_6790,0
acc_6791,0
acc_6792,1
acc_6793,0
acc_6794,1
acc_6795,0
acc_6796,0
acc_6797,0
acc_6798,0
acc_6799,0
acc_6800,0
acc_6801,0
acc_6802,0
acc_6803,1
acc_6804,0
acc_6805,1
acc_6806,0
acc_6807,0
acc_6808,0
acc_6809,0
acc_6810,0
acc_6811,0
acc_6812,0
acc_6813,0
acc_6814,0
acc_6815,0
acc_6816,0
acc_6817,0
acc_6818,0
acc_6819,0
acc_6820,0
acc_6821,0
acc_6822,0
acc_6823,0
acc_6824,0
acc_6825,0
acc_6826,0
acc_6827,0
acc_6828,0
acc_6829,0
acc_6830,0
acc_6831,0
acc_6832,0
acc_6833,0
acc_6834,0
acc_6835,0
acc_6836,0
acc_6837,0
acc_6838,0
acc_6839,0
acc_6840,0
acc_6841,0
acc_6842,0
acc_6843,0
acc_6844,0
acc_6845,0
acc_6846,0
acc_6847,0
acc_6848,0
acc_6849,0
acc_6850,0
acc_6851,0
acc_6852,0
acc_6853,0
acc_6854,0
acc_6855,0
acc_6856,0
acc_6857,0
acc_6858,0
acc_6859,0
acc_6860,0
acc_6861,1
acc_6862,0
acc_6863,0
acc_6864,0
acc_6865,0
acc_6866,0
acc_6867,0
acc_6868,0
acc_6869,0
acc_6870,1
acc_6871,1
acc_6872,0
acc_6873,0
acc_6874,0
acc_6875,0
acc_6876,0
acc_6877,1
acc_6878,0
acc_6879,0
acc_6880,0
acc_6881,0
acc_6882,0
acc_6883,0
acc_6884,0
acc_6885,0
acc_6886,0
acc_6887,0
acc_6888,0
acc_6889,0
acc_6890,0
acc_6891,0
acc_6892,0
acc_6893,0
acc_6894,0
acc_6895,0
acc_6896,0
acc_6897,0
acc_6898,1
acc_6899,0
acc_6900,0
acc_6901,0
acc_6902,0
acc_6903,0
acc_6904,1
acc_6905,1
acc_6906,1
acc_6907,1
acc_6908,0
acc_6909,0
acc_6910,0
acc_6911,0
acc_6912,0
acc_6913,0
acc_6914,0
acc_6915,0
acc_6916,0
acc_6917,0
acc_6918,0
acc_6919,0
acc_6920,1
acc_6921,0
acc_6922,0
acc_6923,0
acc_6924,0
acc_6925,0
acc_6926,1
acc_6927,0
acc_6928,0
acc_6929,0
acc_6930,1
acc_6931,0
acc_6932,0
acc_6933,0
acc_6934,0
acc_6935,0
acc_6936,0
acc_6937,0
acc_6938,1
acc_6939,0
acc_6940,0
acc_6941,1
acc_6942,0
acc_6943,1
acc_6944,0
acc_6945,0
acc_6946,0
acc_6947,0
acc_6948,0
acc_6949,0
acc_6950,0
acc_6951,0
acc_6952,0
acc_6953,0
acc_6954,0
acc_6955,0
acc_6956,0
acc_6957,0
acc_6958,0
acc_6959,0
acc_6960,0
acc_6961,0
acc_6962,0
acc_6963,0
acc_6964,0
acc_6965,0
acc_6966,0
acc_6967,0
acc_6968,0
acc_6969,0
acc_6970,0
acc_6971,0
acc_6972,0
acc_6973,0
acc_6974,0
acc_6975,0
acc_6976,0
acc_6977,0
acc_6978,0
acc_6979,0
acc_6980,0
acc_6981,1
acc_6982,0
acc_6983,0
acc_6984,0
acc_6985,1
acc_6986,0
acc_6987,0
acc_6988,0
acc_6989,0
acc_6990,0
acc_6991,1
acc_6992,0
acc_6993,1
acc_6994,0
acc_6995,0
acc_6996,0
acc_6997,0
acc_6998,0
acc_6999,0
acc_7000,0
acc_7001,0
acc_7002,0
acc_7003,0
acc_7004,0
acc_7005,0
acc_7006,0
acc_7007,0
acc_7008,0
acc_7009,0
acc_7010,0
acc_7011,1
acc_7012,0
acc_7013,0
acc_7014,0
acc_7015,0
acc_7016,0
acc_7017,0
acc_7018,0
acc_7019,0
acc_7020,0
acc_7021,0
acc_7022,1
acc_7023,0
acc_7024,0
acc_7025,0
acc_7026,0
acc_7027,1
acc_7028,0
acc_7029,0
acc_7030,0
acc_7031,1
acc_7032,0
acc_7033,0
acc_7034,0
acc_7035,1
acc_7036,0
acc_7037,0
acc_7038,0
acc_7039,0
acc_7040,0
acc_7041,0
acc_7042,0
acc_7043,0
acc_7044,0
acc_7045,0
acc_7046,0
acc_7047,0
acc_7048,0
acc_7049,0
acc_7050,0
acc_7051,0
acc_7052,0
acc_7053,0
acc_7054,0
acc_7055,0
acc_7056,0
acc_7057,0
acc_7058,0
acc_7059,0
acc_7060,0
acc_7061,0
acc_7062,0
acc_7063,0
acc_7064,1
acc_7065,0
acc_7066,0
acc_7067,0
acc_7068,0
acc_7069,1
acc_7070,0
acc_7071,0
acc_7072,0
acc_7073,0
acc_7074,0
acc_7075,0
acc_7076,0
acc_7077,0
acc_7078,0
acc_7079,0
acc_7080,0
acc_7081,0
acc_7082,0
acc_7083,0
acc_7084,0
acc_7085,0
acc_7086,0
acc_7087,0
acc_7088,0
acc_7089,0
acc_7090,0
acc_7091,0
acc_7092,0
acc_7093,0
acc_7094,0
acc_7095,0
acc_7096,0
acc_7097,1
acc_7098,0
acc_7099,0
acc_7100,0
acc_7101,0
acc_7102,0
acc_7103,0
acc_7104,0
acc_7105,0
acc_7106,0
acc_7107,0
acc_7108,0
acc_7109,0
acc_7110,0
acc_7111,1
acc_7112,0
acc_7113,0
acc_7114,0
acc_7115,0
acc_7116,0
acc_7117,0
acc_7118,1
acc_7119,0
acc_7120,0
acc_7121,1
acc_7122,0
acc_7123,0
acc_7124,0
acc_7125,0
acc_7126,0
acc_7127,0
acc_7128,0
acc_7129,0
acc_7130,0
acc_7131,0
acc_7132,0
acc_7133,0
acc_7134,0
acc_7135,0
acc_7136,0
acc_7137,1
acc_7138,0
acc_7139,0
acc_7140,0
acc_7141,0
acc_7142,0
acc_7143,0
acc_7144,0
acc_7145,0
acc_7146,0
acc_7147,0
acc_7148,0
acc_7149,0
acc_7150,1
acc_7151,0
acc_7152,0
acc_7153,0
acc_7154,0
acc_7155,0
acc_7156,1
acc_7157,0
acc_7158,1
acc_7159,0
acc_7160,0
acc_7161,0
acc_7162,0
acc_7163,0
acc_7164,0
acc_7165,0
acc_7166,0
acc_7167,0
acc_7168,0
acc_7169,1
acc_7170,0
acc_7171,0
acc_7172,0
acc_7173,0
acc_7174,0
acc_7175,0
acc_7176,0
acc_7177,0
acc_7178,0
acc_7179,0
acc_7180,1
acc_7181,0
acc_7182,0
acc_7183,0
acc_7184,0
acc_7185,0
acc_7186,0
acc_7187,0
acc_7188,1
acc_7189,1
acc_7190,0
acc_7191,0
acc_7192,0
acc_7193,0
acc_7194,0
acc_7195,0
acc_7196,0
acc_7197,0
acc_7198,0
acc_7199,0
acc_7200,0
acc_7201,0
acc_7202,0
acc_7203,0
acc_7204,1
acc_7205,0
acc_7206,0
acc_7207,1
acc_7208,0
acc_7209,0
acc_7210,0
acc_7211,0
acc_7212,0
acc_7213,0
acc_7214,0
acc_7215,0
acc_7216,0
acc_7217,0
acc_7218,0
acc_7219,0
acc_7220,0
acc_7221,1
acc_7222,0
acc_7223,0
acc_7224,0
acc_7225,0
acc_7226,0
acc_7227,0
acc_7228,0
acc_7229,0
acc_7230,0
acc_7231,0
acc_7232,0
acc_7233,0
acc_7234,1
acc_7235,0
acc_7236,1
acc_7237,0
acc_7238,1
acc_7239,0
acc_7240,0
acc_7241,0
acc_7242,0
acc_7243,0
acc_7244,0
acc_7245,0
acc_7246,0
acc_7247,0
acc_7248,1
acc_7249,0
acc_7250,0
acc_7251,0
acc_7252,0
acc_7253,0
acc_7254,0
acc_7255,0
acc_7256,0
acc_7257,0
acc_7258,1
acc_7259,0
acc_7260,0
acc_7261,0
acc_7262,0
acc_7263,0
acc_7264,0
acc_7265,0
acc_7266,1
acc_7267,0
acc_7268,0
acc_7269,0
acc_7270,0
acc_7271,0
acc_7272,0
acc_7273,0
acc_7274,1
acc_7275,0
acc_7276,0
acc_7277,1
acc_7278,0
acc_7279,0
acc_7280,0
acc_7281,0
acc_7282,1
acc_7283,1
acc_7284,0
acc_7285,0
acc_7286,1
acc_7287,0
acc_7288,0
acc_7289,0
acc_7290,0
acc_7291,0
acc_7292,0
acc_7293,0
acc_7294,0
acc_7295,0
acc_7296,0
acc_7297,1
acc_7298,0
acc_7299,0
acc_7300,0
acc_7301,0
acc_7302,0
acc_7303,1
acc_7304,0
acc_7305,0
acc_7306,0
acc_7307,0
acc_7308,0
acc_7309,0
acc_7310,0
acc_7311,0
acc_7312,0
acc_7313,1
acc_7314,0
acc_7315,1
acc_7316,0
acc_7317,1
acc_7318,1
acc_7319,0
acc_7320,0
acc_7321,0
acc_7322,0
acc_7323,0
acc_7324,0
acc_7325,0
acc_7326,0
acc_7327,0
acc_7328,0
acc_7329,0
acc_7330,0
acc_7331,0
acc_7332,1
acc_7333,0
acc_7334,0
acc_7335,0
acc_7336,0
acc_7337,0
acc_7338,0
acc_7339,1
acc_7340,0
acc_7341,0
acc_7342,0
acc_7343,0
acc_7344,0
acc_7345,0
acc_7346,0
acc_7347,0
acc_7348,1
acc_7349,0
acc_7350,1
acc_7351,0
acc_7352,0
acc_7353,0
acc_7354,0
acc_7355,0
acc_7356,1
acc_7357,0
acc_7358,0
acc_7359,0
acc_7360,0
acc_7361,0
acc_7362,0
acc_7363,0
acc_7364,0
acc_7365,0
acc_7366,0
acc_7367,0
acc_7368,1
acc_7369,0
acc_7370,0
acc_7371,0
acc_7372,0
acc_7373,0
acc_7374,0
acc_7375,0
acc_7376,1
acc_7377,0
acc_7378,0
acc_7379,0
acc_7380,0
acc_7381,0
acc_7382,0
acc_7383,0
acc_7384,1
acc_7385,0
acc_7386,0
acc_7387,0
acc_7388,1
acc_7389,0
acc_7390,1
acc_7391,1
acc_7392,0
acc_7393,0
acc_7394,1
acc_7395,0
acc_7396,0
acc_7397,0
acc_7398,0
acc_7399,0
acc_7400,0
acc_7401,0
acc_7402,0
acc_7403,0
acc_7404,0
acc_7405,0
acc_7406,0
acc_7407,0
acc_7408,0
acc_7409,0
acc_7410,1
acc_7411,1
acc_7412,0
acc_7413,1
acc_7414,1
acc_7415,1
acc_7416,0
acc_7417,0
acc_7418,0
acc_7419,0
acc_7420,0
acc_7421,0
acc_7422,0
acc_7423,0
acc_7424,0
acc_7425,0
acc_7426,0
acc_7427,0
acc_7428,0
acc_7429,0
acc_7430,0
acc_7431,0
acc_7432,0
acc_7433,0
acc_7434,0
acc_7435,0
acc_7436,0
acc_7437,0
acc_7438,0
acc_7439,0
acc_7440,0
acc_7441,0
acc_7442,0
acc_7443,0
acc_7444,0
acc_7445,0
acc_7446,0
acc_7447,0
acc_7448,0
acc_7449,0
acc_7450,0
acc_7451,0
acc_7452,0
acc_7453,0
acc_7454,0
acc_7455,1
acc_7456,1
acc_7457,0
acc_7458,0
acc_7459,1
acc_7460,0
acc_7461,0
acc_7462,0
acc_7463,0
acc_7464,0
acc_7465,0
acc_7466,0
acc_7467,0
acc_7468,0
acc_7469,1
acc_7470,0
acc_7471,0
acc_7472,0
acc_7473,0
acc_7474,0
acc_7475,1
acc_7476,0
acc_7477,0
acc_7478,0
acc_7479,0
acc_7480,0
acc_7481,0
acc_7482,0
acc_7483,0
acc_7484,1
acc_7485,0
acc_7486,0
acc_7487,0
acc_7488,0
acc_7489,1
acc_7490,0
acc_7491,0
acc_7492,0
acc_7493,0
acc_7494,0
acc_7495,0
acc_7496,0
acc_7497,0
acc_7498,0
acc_7499,0
acc_7500,0
acc_7501,0
acc_7502,1
acc_7503,0
acc_7504,0
acc_7505,0
acc_7506,0
acc_7507,0
acc_7508,0
acc_7509,0
acc_7510,1
acc_7511,0
acc_7512,0
acc_7513,0
acc_7514,0
acc_7515,0
acc_7516,0
acc_7517,0
acc_7518,0
acc_7519,1
acc_7520,0
acc_7521,0
acc_7522,0
acc_7523,0
acc_7524,0
acc_7525,0
acc_7526,0
acc_7527,0
acc_7528,0
acc_7529,1
acc_7530,1
acc_7531,0
acc_7532,0
acc_7533,0
acc_7534,1
acc_7535,0
acc_7536,1
acc_7537,1
acc_7538,0
acc_7539,0
acc_7540,0
acc_7541,0
acc_7542,0
acc_7543,0
acc_7544,0
acc_7545,0
acc_7546,0
acc_7547,1
acc_7548,0
acc_7549,0
acc_7550,0
acc_7551,0
acc_7552,0
acc_7553,0
acc_7554,0
acc_7555,0
acc_7556,0
acc_7557,0
acc_7558,0
acc_7559,0
acc_7560,0
acc_7561,0
acc_7562,0
acc_7563,0
acc_7564,0
acc_7565,0
acc_7566,0
acc_7567,0
acc_7568,0
acc_7569,0
acc_7570,0
acc_7571,0
acc_7572,0
acc_7573,0
acc_7574,1
acc_7575,0
acc_7576,0
acc_7577,0
acc_7578,0
acc_7579,0
acc_7580,0
acc_7581,0
acc_7582,0
acc_7583,0
acc_7584,1
acc_7585,0
acc_7586,0
acc_7587,0
acc_7588,0
acc_7589,0
acc_7590,0
acc_7591,1
acc_7592,0
acc_7593,1
acc_7594,0
acc_7595,0
acc_7596,0
acc_7597,0
acc_7598,0
acc_7599,0
acc_7600,0
acc_7601,0
acc_7602,0
acc_7603,0
acc_7604,0
acc_7605,0
acc_7606,0
acc_7607,0
acc_7608,0
acc_7609,1
acc_7610,0
acc_7611,0
acc_7612,0
acc_7613,0
acc_7614,0
acc_7615,0
acc_7616,0
acc_7617,0
acc_7618,1
acc_7619,0
acc_7620,0
acc_7621,0
acc_7622,1
acc_7623,0
acc_7624,0
acc_7625,0
acc_7626,0
acc_7627,1
acc_7628,0
acc_7629,1
acc_7630,1
acc_7631,0
acc_7632,0
acc_7633,0
acc_7634,0
acc_7635,0
acc_7636,0
acc_7637,0
acc_7638,0
acc_7639,0
acc_7640,0
acc_7641,0
acc_7642,0
acc_7643,0
acc_7644,0
acc_7645,0
acc_7646,0
acc_7647,0
acc_7648,0
acc_7649,0
acc_7650,0
acc_7651,0
acc_7652,0
acc_7653,0
acc_7654,1
acc_7655,0
acc_7656,0
acc_7657,0
acc_7658,0
acc_7659,0
acc_7660,0
acc_7661,0
acc_7662,0
acc_7663,0
acc_7664,0
acc_7665,0
acc_7666,0
acc_7667,0
acc_7668,1
acc_7669,0
acc_7670,0
acc_7671,0
acc_7672,1
acc_7673,0
acc_7674,0
acc_7675,0
acc_7676,0
acc_7677,0
acc_7678,0
acc_7679,0
acc_7680,0
acc_7681,0
acc_7682,0
acc_7683,0
acc_7684,1
acc_7685,1
acc_7686,0
acc_7687,0
acc_7688,0
acc_7689,0
acc_7690,0
acc_7691,0
acc_7692,0
acc_7693,0
acc_7694,0
acc_7695,1
acc_7696,0
acc_7697,0
acc_7698,0
acc_7699,0
acc_7700,1
acc_7701,0
acc_7702,0
acc_7703,0
acc_7704,0
acc_7705,0
acc_7706,0
acc_7707,0
acc_7708,0
acc_7709,0
acc_7710,0
acc_7711,0
acc_7712,0
acc_7713,0
acc_7714,0
acc_7715,0
acc_7716,0
acc_7717,1
acc_7718,0
acc_7719,0
acc_7720,0
acc_7721,1
acc_7722,0
acc_7723,0
acc_7724,0
acc_7725,0
acc_7726,1
acc_7727,0
acc_7728,0
acc_7729,0
acc_7730,0
acc_7731,0
acc_7732,0
acc_7733,0
acc_7734,0
acc_7735,0
acc_7736,1
acc_7737,0
acc_7738,0
acc_7739,1
acc_7740,0
acc_7741,0
acc_7742,0
acc_7743,1
acc_7744,0
acc_7745,0
acc_7746,0
acc_7747,0
acc_7748,0
acc_7749,0
acc_7750,0
acc_7751,1
acc_7752,0
acc_7753,0
acc_7754,0
acc_7755,0
acc_7756,0
acc_7757,0
acc_7758,1
acc_7759,0
acc_7760,0
acc_7761,0
acc_7762,1
acc_7763,0
acc_7764,1
acc_7765,0
acc_7766,0
acc_7767,0
acc_7768,0
acc_7769,0
acc_7770,1
acc_7771,0
acc_7772,0
acc_7773,0
acc_7774,0
acc_7775,0
acc_7776,0
acc_7777,0
acc_7778,0
acc_7779,0
acc_7780,0
acc_7781,0
acc_7782,0
acc_7783,0
acc_7784,1
acc_7785,1
acc_7786,0
acc_7787,0
acc_7788,0
acc_7789,0
acc_7790,0
acc_7791,0
acc_7792,0
acc_7793,0
acc_7794,0
acc_7795,0
acc_7796,0
acc_7797,0
acc_7798,0
acc_7799,0
acc_7800,0
acc_7801,0
acc_7802,0
acc_7803,0
acc_7804,1
acc_7805,0
acc_7806,0
acc_7807,0
acc_7808,0
acc_7809,0
acc_7810,0
acc_7811,0
acc_7812,0
acc_7813,0
acc_7814,0
acc_7815,0
acc_7816,0
acc_7817,0
acc_7818,0
acc_7819,1
acc_7820,0
acc_7821,0
acc_7822,0
acc_7823,0
acc_7824,0
acc_7825,0
acc_7826,0
acc_7827,1
acc_7828,0
acc_7829,0
acc_7830,0
acc_7831,0
acc_7832,0
acc_7833,0
acc_7834,0
acc_7835,0
acc_7836,0
acc_7837,0
acc_7838,0
acc_7839,0
acc_7840,1
acc_7841,0
acc_7842,1
acc_7843,0
acc_7844,0
acc_7845,0
acc_7846,0
acc_7847,0
acc_7848,0
acc_7849,0
acc_7850,0
acc_7851,0
acc_7852,0
acc_7853,0
acc_7854,0
acc_7855,0
acc_7856,0
acc_7857,0
acc_7858,0
acc_7859,0
acc_7860,0
acc_7861,0
acc_7862,0
acc_7863,0
acc_7864,0
acc_7865,0
acc_7866,0
acc_7867,0
acc_7868,0
acc_7869,0
acc_7870,0
acc_7871,0
acc_7872,0
acc_7873,0
acc_7874,0
acc_7875,1
acc_7876,0
acc_7877,0
acc_7878,0
acc_7879,0
acc_7880,0
acc_7881,0
acc_7882,0
acc_7883,0
acc_7884,0
acc_7885,0
acc_7886,0
acc_7887,0
acc_7888,1
acc_7889,0
acc_7890,0
acc_7891,0
acc_7892,0
acc_7893,1
acc_7894,0
acc_7895,0
acc_7896,1
acc_7897,0
acc_7898,0
acc_7899,1
acc_7900,0
acc_7901,0
acc_7902,1
acc_7903,0
acc_7904,0
acc_7905,0
acc_7906,0
acc_7907,0
acc_7908,0
acc_7909,0
acc_7910,0
acc_7911,0
acc_7912,0
acc_7913,0
acc_7914,0
acc_7915,0
acc_7916,0
acc_7917,0
acc_7918,0
acc_7919,0
acc_7920,0
acc_7921,1
acc_7922,0
acc_7923,0
acc_7924,0
acc_7925,0
acc_7926,0
acc_7927,0
acc_7928,0
acc_7929,0
acc_7930,0
acc_7931,1
acc_7932,0
acc_7933,0
acc_7934,0
acc_7935,0
acc_7936,1
acc_7937,0
acc_7938,0
acc_7939,0
acc_7940,0
acc_7941,0
acc_7942,0
acc_7943,0
acc_7944,1
acc_7945,0
acc_7946,0
acc_7947,0
acc_7948,1
acc_7949,0
acc_7950,0
acc_7951,0
acc_7952,0
acc_7953,0
acc_7954,0
acc_7955,0
acc_7956,0
acc_7957,0
acc_7958,0
acc_7959,0
acc_7960,0
acc_7961,0
acc_7962,0
acc_7963,0
acc_7964,0
acc_7965,0
acc_7966,0
acc_7967,0
acc_7968,0
acc_7969,0
acc_7970,0
acc_7971,1
acc_7972,0
acc_7973,0
acc_7974,0
acc_7975,0
acc_7976,0
acc_7977,0
acc_7978,0
acc_7979,0
acc_7980,0
acc_7981,0
acc_7982,0
acc_7983,0
acc_7984,1
acc_7985,0
acc_7986,0
acc_7987,0
acc_7988,0
acc_7989,1
acc_7990,0
acc_7991,0
acc_7992,0
acc_7993,0
acc_7994,0
acc_7995,0
acc_7996,0
acc_7997,0
acc_7998,0
acc_7999,0
acc_8000,0
acc_8001,0
acc_8002,0
acc_8003,0
acc_8004,0
acc_8005,0
acc_8006,0
acc_8007,0
acc_8008,0
acc_8009,0
acc_8010,0
acc_8011,1
acc_8012,0
acc_8013,1
acc_8014,0
acc_8015,0
acc_8016,0
acc_8017,0
acc_8018,0
acc_8019,0
acc_8020,0
acc_8021,0
acc_8022,0
acc_8023,0
acc_8024,0
acc_8025,0
acc_8026,0
acc_8027,0
acc_8028,0
acc_8029,0
acc_8030,0
acc_8031,0
acc_8032,1
acc_8033,0
acc_8034,0
acc_8035,0
acc_8036,0
acc_8037,0
acc_8038,0
acc_8039,0
acc_8040,0
acc_8041,0
acc_8042,0
acc_8043,0
acc_8044,0
acc_8045,0
acc_8046,0
acc_8047,0
acc_8048,0
acc_8049,0
acc_8050,0
acc_8051,0
acc_8052,0
acc_8053,1
acc_8054,0
acc_8055,0
acc_8056,0
acc_8057,0
acc_8058,0
acc_8059,0
acc_8060,0
acc_8061,0
acc_8062,0
acc_8063,0
acc_8064,0
acc_8065,0
acc_8066,1
acc_8067,0
acc_8068,0
acc_8069,0
acc_8070,0
acc_8071,0
acc_8072,0
acc_8073,0
acc_8074,0
acc_8075,0
acc_8076,0
acc_8077,1
acc_8078,0
acc_8079,0
acc_8080,0
acc_8081,0
acc_8082,0
acc_8083,0
acc_8084,0
acc_8085,0
acc_8086,0
acc_8087,0
acc_8088,0
acc_8089,0
acc_8090,0
acc_8091,0
acc_8092,0
acc_8093,0
acc_8094,0
acc_8095,0
acc_8096,0
acc_8097,0
acc_8098,0
acc_8099,0
acc_8100,0
acc_8101,0
acc_8102,0
acc_8103,0
acc_8104,0
acc_8105,0
acc_8106,0
acc_8107,0
acc_8108,1
acc_8109,0
acc_8110,1
acc_8111,0
acc_8112,0
acc_8113,0
acc_8114,0
acc_8115,0
acc_8116,0
acc_8117,0
acc_8118,0
acc_8119,1
acc_8120,0
acc_8121,1
acc_8122,0
acc_8123,0
acc_8124,0
acc_8125,0
acc_8126,0
acc_8127,0
acc_8128,1
acc_8129,0
acc_8130,0
acc_8131,0
acc_8132,0
acc_8133,1
acc_8134,0
acc_8135,1
acc_8136,0
acc_8137,0
acc_8138,0
acc_8139,0
acc_8140,0
acc_8141,0
acc_8142,0
acc_8143,0
acc_8144,0
acc_8145,1
acc_8146,0
acc_8147,0
acc_8148,0
acc_8149,0
acc_8150,0
acc_8151,0
acc_8152,0
acc_8153,1
acc_8154,0
acc_8155,0
acc_8156,0
acc_8157,1
acc_8158,0
acc_8159,0
acc_8160,0
acc_8161,0
acc_8162,0
acc_8163,0
acc_8164,1
acc_8165,0
acc_8166,0
acc_8167,0
acc_8168,0
acc_8169,0
acc_8170,0
acc_8171,0
acc_8172,0
acc_8173,0
acc_8174,0
acc_8175,1
acc_8176,0
acc_8177,0
acc_8178,0
acc_8179,0
acc_8180,0
acc_8181,1
acc_8182,1
acc_8183,0
acc_8184,0
acc_8185,0
acc_8186,0
acc_8187,1
acc_8188,0
acc_8189,0
acc_8190,0
acc_8191,0
acc_8192,0
acc_8193,0
acc_8194,0
acc_8195,0
acc_8196,1
acc_8197,0
acc_8198,0
acc_8199,0
acc_8200,0
acc_8201,0
acc_8202,0
acc_8203,0
acc_8204,0
acc_8205,0
acc_8206,0
acc_8207,0
acc_8208,0
acc_8209,0
acc_8210,1
acc_8211,1
acc_8212,0
acc_8213,0
acc_8214,1
acc_8215,0
acc_8216,0
acc_8217,0
acc_8218,0
acc_8219,0
acc_8220,0
acc_8221,0
acc_8222,0
acc_8223,0
acc_8224,0
acc_8225,0
acc_8226,0
acc_8227,0
acc_8228,0
acc_8229,0
acc_8230,0
acc_8231,0
acc_8232,0
acc_8233,0
acc_8234,0
acc_8235,1
acc_8236,0
acc_8237,0
acc_8238,0
acc_8239,0
acc_8240,0
acc_8241,0
acc_8242,0
acc_8243,1
acc_8244,0
acc_8245,0
acc_8246,0
acc_8247,0
acc_8248,0
acc_8249,0
acc_8250,0
acc_8251,0
acc_8252,0
acc_8253,0
acc_8254,1
acc_8255,0
acc_8256,0
acc_8257,0
acc_8258,0
acc_8259,0
acc_8260,0
acc_8261,0
acc_8262,0
acc_8263,0
acc_8264,0
acc_8265,0
acc_8266,0
acc_8267,0
acc_8268,0
acc_8269,0
acc_8270,0
acc_8271,0
acc_8272,0
acc_8273,0
acc_8274,0
acc_8275,0
acc_8276,0
acc_8277,0
acc_8278,0
acc_8279,0
acc_8280,0
acc_8281,1
acc_8282,0
acc_8283,0
acc_8284,0
acc_8285,0
acc_8286,0
acc_8287,0
acc_8288,0
acc_8289,0
acc_8290,0
acc_8291,0
acc_8292,0
acc_8293,0
acc_8294,0
acc_8295,0
acc_8296,0
acc_8297,0
acc_8298,0
acc_8299,0
acc_8300,1
acc_8301,0
acc_8302,0
acc_8303,0
acc_8304,0
acc_8305,0
acc_8306,0
acc_8307,0
acc_8308,0
acc_8309,0
acc_8310,0
acc_8311,0
acc_8312,0
acc_8313,0
acc_8314,0
acc_8315,1
acc_8316,0
acc_8317,0
acc_8318,0
acc_8319,0
acc_8320,0
acc_8321,0
acc_8322,0
acc_8323,0
acc_8324,0
acc_8325,0
acc_8326,0
acc_8327,0
acc_8328,0
acc_8329,0
acc_8330,0
acc_8331,0
acc_8332,1
acc_8333,0
acc_8334,0
acc_8335,0
acc_8336,0
acc_8337,0
acc_8338,1
acc_8339,0
acc_8340,1
acc_8341,0
acc_8342,0
acc_8343,0
acc_8344,0
acc_8345,0
acc_8346,0
acc_8347,0
acc_8348,0
acc_8349,0
acc_8350,0
acc_8351,0
acc_8352,0
acc_8353,0
acc_8354,0
acc_8355,0
acc_8356,1
acc_8357,0
acc_8358,0
acc_8359,1
acc_8360,0
acc_8361,0
acc_8362,0
acc_8363,0
acc_8364,0
acc_8365,0
acc_8366,0
acc_8367,0
acc_8368,0
acc_8369,0
acc_8370,0
acc_8371,0
acc_8372,0
acc_8373,0
acc_8374,0
acc_8375,0
acc_8376,0
acc_8377,0
acc_8378,0
acc_8379,0
acc_8380,0
acc_8381,1
acc_8382,0
acc_8383,0
acc_8384,0
acc_8385,1
acc_8386,0
acc_8387,0
acc_8388,0
acc_8389,0
acc_8390,0
acc_8391,0
acc_8392,0
acc_8393,0
acc_8394,0
acc_8395,0
acc_8396,0
acc_8397,0
acc_8398,0
acc_8399,0
acc_8400,0
acc_8401,0
acc_8402,0
acc_8403,1
acc_8404,0
acc_8405,0
acc_8406,0
acc_8407,1
acc_8408,0
acc_8409,0
acc_8410,1
acc_8411,0
acc_8412,0
acc_8413,0
acc_8414,0
acc_8415,0
acc_8416,0
acc_8417,0
acc_8418,0
acc_8419,0
acc_8420,0
acc_8421,0
acc_8422,0
acc_8423,0
acc_8424,0
acc_8425,0
acc_8426,0
acc_8427,0
acc_8428,0
acc_8429,0
acc_8430,1
acc_8431,0
acc_8432,0
acc_8433,0
acc_8434,0
acc_8435,0
acc_8436,0
acc_8437,0
acc_8438,0
acc_8439,0
acc_8440,0
acc_8441,0
acc_8442,0
acc_8443,0
acc_8444,1
acc_8445,0
acc_8446,0
acc_8447,1
acc_8448,1
acc_8449,0
acc_8450,1
acc_8451,0
acc_8452,0
acc_8453,0
acc_8454,0
acc_8455,1
acc_8456,0
acc_8457,0
acc_8458,0
acc_8459,0
acc_8460,0
acc_8461,0
acc_8462,1
acc_8463,0
acc_8464,0
acc_8465,0
acc_8466,0
acc_8467,0
acc_8468,0
acc_8469,0
acc_8470,0
acc_8471,0
acc_8472,0
acc_8473,0
acc_8474,0
acc_8475,1
acc_8476,0
acc_8477,0
acc_8478,0
acc_8479,0
acc_8480,0
acc_8481,1
acc_8482,0
acc_8483,0
acc_8484,0
acc_8485,0
acc_8486,0
acc_8487,0
acc_8488,0
acc_8489,0
acc_8490,0
acc_8491,0
acc_8492,0
acc_8493,0
acc_8494,0
acc_8495,1
acc_8496,0
acc_8497,0
acc_8498,0
acc_8499,0
acc_8500,1
acc_8501,0
acc_8502,0
acc_8503,0
acc_8504,0
acc_8505,0
acc_8506,0
acc_8507,0
acc_8508,0
acc_8509,1
acc_8510,0
acc_8511,0
acc_8512,0
acc_8513,0
acc_8514,0
acc_8515,0
acc_8516,0
acc_8517,0
acc_8518,0
acc_8519,0
acc_8520,0
acc_8521,0
acc_8522,0
acc_8523,0
acc_8524,0
acc_8525,1
acc_8526,0
acc_8527,0
acc_8528,0
acc_8529,1
acc_8530,0
acc_8531,0
acc_8532,0
acc_8533,0
acc_8534,0
acc_8535,0
acc_8536,0
acc_8537,0
acc_8538,1
acc_8539,1
acc_8540,0
acc_8541,0
acc_8542,0
acc_8543,0
acc_8544,0
acc_8545,1
acc_8546,0
acc_8547,0
acc_8548,0
acc_8549,0
acc_8550,0
acc_8551,0
acc_8552,1
acc_8553,0
acc_8554,0
acc_8555,1
acc_8556,1
acc_8557,1
acc_8558,0
acc_8559,0
acc_8560,0
acc_8561,0
acc_8562,1
acc_8563,0
acc_8564,0
acc_8565,0
acc_8566,0
acc_8567,0
acc_8568,0
acc_8569,0
acc_8570,1
acc_8571,0
acc_8572,1
acc_8573,0
acc_8574,0
acc_8575,0
acc_8576,0
acc_8577,0
acc_8578,0
acc_8579,0
acc_8580,0
acc_8581,0
acc_8582,0
acc_8583,0
acc_8584,0
acc_8585,0
acc_8586,0
acc_8587,0
acc_8588,0
acc_8589,0
acc_8590,0
acc_8591,1
acc_8592,0
acc_8593,0
acc_8594,0
acc_8595,0
acc_8596,0
acc_8597,0
acc_8598,0
acc_8599,0
acc_8600,0
acc_8601,0
acc_8602,0
acc_8603,0
acc_8604,0
acc_8605,0
acc_8606,0
acc_8607,0
acc_8608,0
acc_8609,0
acc_8610,0
acc_8611,0
acc_8612,0
acc_8613,1
acc_8614,0
acc_8615,0
acc_8616,1
acc_8617,1
acc_8618,0
acc_8619,0
acc_8620,1
acc_8621,0
acc_8622,0
acc_8623,0
acc_8624,0
acc_8625,1
acc_8626,0
acc_8627,1
acc_8628,1
acc_8629,1
acc_8630,0
acc_8631,1
acc_8632,0
acc_8633,0
acc_8634,0
acc_8635,0
acc_8636,0
acc_8637,0
acc_8638,0
acc_8639,0
acc_8640,0
acc_8641,0
acc_8642,0
acc_8643,0
acc_8644,0
acc_8645,0
acc_8646,0
acc_8647,0
acc_8648,0
acc_8649,0
acc_8650,0
acc_8651,0
acc_8652,0
acc_8653,0
acc_8654,1
acc_8655,1
acc_8656,0
acc_8657,0
acc_8658,1
acc_8659,0
acc_8660,0
acc_8661,0
acc_8662,1
acc_8663,0
acc_8664,0
acc_8665,0
acc_8666,0
acc_8667,0
acc_8668,0
acc_8669,0
acc_8670,0
acc_8671,0
acc_8672,1
acc_8673,0
acc_8674,0
acc_8675,0
acc_8676,0
acc_8677,0
acc_8678,0
acc_8679,0
acc_8680,0
acc_8681,0
acc_8682,0
acc_8683,1
acc_8684,0
acc_8685,0
acc_8686,0
acc_8687,0
acc_8688,0
acc_8689,0
acc_8690,0
acc_8691,0
acc_8692,1
acc_8693,0
acc_8694,0
acc_8695,0
acc_8696,1
acc_8697,0
acc_8698,0
acc_8699,0
acc_8700,1
acc_8701,0
acc_8702,0
acc_8703,0
acc_8704,0
acc_8705,0
acc_8706,0
acc_8707,0
acc_8708,0
acc_8709,0
acc_8710,0
acc_8711,0
acc_8712,0
acc_8713,0
acc_8714,0
acc_8715,0
acc_8716,0
acc_8717,0
acc_8718,0
acc_8719,0
acc_8720,0
acc_8721,0
acc_8722,0
acc_8723,0
acc_8724,0
acc_8725,0
acc_8726,0
acc_8727,0
acc_8728,0
acc_8729,0
acc_8730,0
acc_8731,0
acc_8732,0
acc_8733,1
acc_8734,0
acc_8735,0
acc_8736,0
acc_8737,0
acc_8738,0
acc_8739,0
acc_8740,0
acc_8741,0
acc_8742,0
acc_8743,0
acc_8744,0
acc_8745,0
acc_8746,0
acc_8747,0
acc_8748,0
acc_8749,0
acc_8750,0
acc_8751,0
acc_8752,0
acc_8753,0
acc_8754,0
acc_8755,0
acc_8756,0
acc_8757,0
acc_8758,0
acc_8759,0
acc_8760,1
acc_8761,0
acc_8762,0
acc_8763,0
acc_8764,1
acc_8765,0
acc_8766,0
acc_8767,0
acc_8768,0
acc_8769,0
acc_8770,0
acc_8771,0
acc_8772,0
acc_8773,0
acc_8774,0
acc_8775,0
acc_8776,0
acc_8777,0
acc_8778,0
acc_8779,0
acc_8780,0
acc_8781,0
acc_8782,0
acc_8783,0
acc_8784,0
acc_8785,0
acc_8786,0
acc_8787,0
acc_8788,0
acc_8789,0
acc_8790,0
acc_8791,1
acc_8792,0
acc_8793,0
acc_8794,0
acc_8795,1
acc_8796,0
acc_8797,0
acc_8798,0
acc_8799,1
acc_8800,1
acc_8801,0
acc_8802,0
acc_8803,0
acc_8804,0
acc_8805,1
acc_8806,1
acc_8807,0
acc_8808,0
acc_8809,0
acc_8810,0
acc_8811,0
acc_8812,0
acc_8813,0
acc_8814,0
acc_8815,0
acc_8816,0
acc_8817,1
acc_8818,0
acc_8819,0
acc_8820,0
acc_8821,0
acc_8822,0
acc_8823,0
acc_8824,0
acc_8825,0
acc_8826,0
acc_8827,1
acc_8828,1
acc_8829,0
acc_8830,0
acc_8831,0
acc_8832,0
acc_8833,0
acc_8834,0
acc_8835,0
acc_8836,0
acc_8837,0
acc_8838,0
acc_8839,0
acc_8840,0
acc_8841,0
acc_8842,0
acc_8843,0
acc_8844,0
acc_8845,0
acc_8846,1
acc_8847,0
acc_8848,0
acc_8849,0
acc_8850,0
acc_8851,0
acc_8852,0
acc_8853,0
acc_8854,0
acc_8855,0
acc_8856,0
acc_8857,0
acc_8858,0
acc_8859,0
acc_8860,0
acc_8861,1
acc_8862,0
acc_8863,0
acc_8864,0
acc_8865,0
acc_8866,0
acc_8867,0
acc_8868,0
acc_8869,0
acc_8870,0
acc_8871,0
acc_8872,0
acc_8873,0
acc_8874,0
acc_8875,0
acc_8876,0
acc_8877,0
acc_8878,0
acc_8879,0
acc_8880,0
acc_8881,0
acc_8882,0
acc_8883,1
acc_8884,1
acc_8885,0
acc_8886,0
acc_8887,0
acc_8888,1
acc_8889,0
acc_8890,0
acc_8891,0
acc_8892,0
acc_8893,0
acc_8894,0
acc_8895,0
acc_8896,0
acc_8897,0
acc_8898,0
acc_8899,0
acc_8900,1
acc_8901,0
acc_8902,0
acc_8903,0
acc_8904,0
acc_8905,0
acc_8906,0
acc_8907,1
acc_8908,0
acc_8909,0
acc_8910,0
acc_8911,1
acc_8912,1
acc_8913,0
acc_8914,0
acc_8915,0
acc_8916,0
acc_8917,0
acc_8918,0
acc_8919,0
acc_8920,0
acc_8921,0
acc_8922,0
acc_8923,0
acc_8924,0
acc_8925,0
acc_8926,0
acc_8927,0
acc_8928,0
acc_8929,0
acc_8930,0
acc_8931,0
acc_8932,0
acc_8933,0
acc_8934,0
acc_8935,0
acc_8936,0
acc_8937,0
acc_8938,0
acc_8939,0
acc_8940,1
acc_8941,0
acc_8942,0
acc_8943,0
acc_8944,0
acc_8945,0
acc_8946,0
acc_8947,0
acc_8948,0
acc_8949,0
acc_8950,0
acc_8951,0
acc_8952,1
acc_8953,0
acc_8954,0
acc_8955,0
acc_8956,0
acc_8957,0
acc_8958,0
acc_8959,0
acc_8960,1
acc_8961,1
acc_8962,1
acc_8963,0
acc_8964,0
acc_8965,1
acc_8966,0
acc_8967,0
acc_8968,0
acc_8969,0
acc_8970,0
acc_8971,0
acc_8972,0
acc_8973,0
acc_8974,0
acc_8975,0
acc_8976,0
acc_8977,1
acc_8978,0
acc_8979,1
acc_8980,0
acc_8981,0
acc_8982,0
acc_8983,0
acc_8984,0
acc_8985,0
acc_8986,0
acc_8987,0
acc_8988,0
acc_8989,0
acc_8990,0
acc_8991,0
acc_8992,0
acc_8993,1
acc_8994,0
acc_8995,0
acc_8996,0
acc_8997,0
acc_8998,0
acc_8999,0
acc_9000,0
acc_9001,0
acc_9002,1
acc_9003,0
acc_9004,0
acc_9005,0
acc_9006,0
acc_9007,0
acc_9008,0
acc_9009,0
acc_9010,1
acc_9011,0
acc_9012,0
acc_9013,0
acc_9014,0
acc_9015,0
acc_9016,0
acc_9017,0
acc_9018,0
acc_9019,0
acc_9020,0
acc_9021,0
acc_9022,0
acc_9023,1
acc_9024,1
acc_9025,0
acc_9026,0
acc_9027,0
acc_9028,0
acc_9029,1
acc_9030,0
acc_9031,0
acc_9032,0
acc_9033,0
acc_9034,0
acc_9035,0
acc_9036,0
acc_9037,0
acc_9038,0
acc_9039,0
acc_9040,1
acc_9041,1
acc_9042,0
acc_9043,0
acc_9044,0
acc_9045,0
acc_9046,0
acc_9047,0
acc_9048,0
acc_9049,0
acc_9050,1
acc_9051,0
acc_9052,0
acc_9053,0
acc_9054,0
acc_9055,0
acc_9056,0
acc_9057,0
acc_9058,0
acc_9059,1
acc_9060,0
acc_9061,0
acc_9062,0
acc_9063,0
acc_9064,0
acc_9065,0
acc_9066,0
acc_9067,0
acc_9068,0
acc_9069,0
acc_9070,0
acc_9071,0
acc_9072,1
acc_9073,0
acc_9074,0
acc_9075,1
acc_9076,0
acc_9077,0
acc_9078,0
acc_9079,0
acc_9080,0
acc_9081,0
acc_9082,0
acc_9083,0
acc_9084,0
acc_9085,0
acc_9086,0
acc_9087,1
acc_9088,0
acc_9089,0
acc_9090,0
acc_9091,0
acc_9092,1
acc_9093,0
acc_9094,0
acc_9095,0
acc_9096,0
acc_9097,0
acc_9098,0
acc_9099,0
acc_9100,0
acc_9101,0
acc_9102,0
acc_9103,0
acc_9104,0
acc_9105,0
acc_9106,0
acc_9107,0
acc_9108,0
acc_9109,0
acc_9110,0
acc_9111,0
acc_9112,0
acc_9113,0
acc_9114,0
acc_9115,0
acc_9116,1
acc_9117,0
acc_9118,0
acc_9119,0
acc_9120,0
acc_9121,0
acc_9122,0
acc_9123,0
acc_9124,0
acc_9125,0
acc_9126,0
acc_9127,0
acc_9128,0
acc_9129,0
acc_9130,0
acc_9131,0
acc_9132,0
acc_9133,0
acc_9134,0
acc_9135,0
acc_9136,0
acc_9137,0
acc_9138,0
acc_9139,0
acc_9140,0
acc_9141,0
acc_9142,1
acc_9143,0
acc_9144,0
acc_9145,1
acc_9146,0
acc_9147,0
acc_9148,0
acc_9149,0
acc_9150,0
acc_9151,0
acc_9152,0
acc_9153,0
acc_9154,0
acc_9155,0
acc_9156,0
acc_9157,0
acc_9158,0
acc_9159,0
acc_9160,0
acc_9161,0
acc_9162,1
acc_9163,0
acc_9164,0
acc_9165,1
acc_9166,0
acc_9167,1
acc_9168,0
acc_9169,1
acc_9170,1
acc_9171,0
acc_9172,0
acc_9173,0
acc_9174,0
acc_9175,0
acc_9176,0
acc_9177,0
acc_9178,0
acc_9179,0
acc_9180,0
acc_9181,0
acc_9182,0
acc_9183,1
acc_9184,0
acc_9185,0
acc_9186,1
acc_9187,0
acc_9188,0
acc_9189,0
acc_9190,0
acc_9191,0
acc_9192,0
acc_9193,0
acc_9194,0
acc_9195,1
acc_9196,0
acc_9197,0
acc_9198,0
acc_9199,0
acc_9200,0
acc_9201,1
acc_9202,0
acc_9203,0
acc_9204,0
acc_9205,1
acc_9206,0
acc_9207,0
acc_9208,0
acc_9209,0
acc_9210,1
acc_9211,0
acc_9212,0
acc_9213,0
acc_9214,0
acc_9215,0
acc_9216,0
acc_9217,0
acc_9218,0
acc_9219,1
acc_9220,0
acc_9221,0
acc_9222,0
acc_9223,0
acc_9224,1
acc_9225,0
acc_9226,0
acc_9227,0
acc_9228,0
acc_9229,0
acc_9230,0
acc_9231,0
acc_9232,0
acc_9233,0
acc_9234,0
acc_9235,0
acc_9236,0
acc_9237,0
acc_9238,0
acc_9239,0
acc_9240,0
acc_9241,0
acc_9242,0
acc_9243,0
acc_9244,0
acc_9245,0
acc_9246,0
acc_9247,0
acc_9248,0
acc_9249,0
acc_9250,1
acc_9251,0
acc_9252,0
acc_9253,0
acc_9254,0
acc_9255,0
acc_9256,0
acc_9257,0
acc_9258,0
acc_9259,0
acc_9260,0
acc_9261,0
acc_9262,1
acc_9263,1
acc_9264,0
acc_9265,0
acc_9266,0
acc_9267,1
acc_9268,0
acc_9269,0
acc_9270,0
acc_9271,0
acc_9272,0
acc_9273,0
acc_9274,0
acc_9275,0
acc_9276,0
acc_9277,0
acc_9278,0
acc_9279,0
acc_9280,0
acc_9281,0
acc_9282,1
acc_9283,0
acc_9284,0
acc_9285,0
acc_9286,0
acc_9287,0
acc_9288,1
acc_9289,0
acc_9290,0
acc_9291,0
acc_9292,1
acc_9293,0
acc_9294,0
acc_9295,0
acc_9296,0
acc_9297,1
acc_9298,0
acc_9299,0
acc_9300,0
acc_9301,0
acc_9302,0
acc_9303,0
acc_9304,0
acc_9305,0
acc_9306,0
acc_9307,1
acc_9308,0
acc_9309,0
acc_9310,0
acc_9311,0
acc_9312,0
acc_9313,0
acc_9314,0
acc_9315,0
acc_9316,0
acc_9317,0
acc_9318,0
acc_9319,0
acc_9320,0
acc_9321,0
acc_9322,1
acc_9323,0
acc_9324,1
acc_9325,0
acc_9326,0
acc_9327,0
acc_9328,0
acc_9329,0
acc_9330,0
acc_9331,0
acc_9332,0
acc_9333,0
acc_9334,0
acc_9335,0
acc_9336,1
acc_9337,0
acc_9338,0
acc_9339,0
acc_9340,0
acc_9341,1
acc_9342,0
acc_9343,1
acc_9344,0
acc_9345,0
acc_9346,0
acc_9347,0
acc_9348,0
acc_9349,0
acc_9350,0
acc_9351,0
acc_9352,1
acc_9353,0
acc_9354,0
acc_9355,0
acc_9356,0
acc_9357,1
acc_9358,0
acc_9359,0
acc_9360,0
acc_9361,0
acc_9362,0
acc_9363,1
acc_9364,0
acc_9365,0
acc_9366,0
acc_9367,0
acc_9368,0
acc_9369,1
acc_9370,0
acc_9371,1
acc_9372,0
acc_9373,0
acc_9374,1
acc_9375,0
acc_9376,0
acc_9377,0
acc_9378,0
acc_9379,0
acc_9380,0
acc_9381,0
acc_9382,0
acc_9383,0
acc_9384,0
acc_9385,0
acc_9386,0
acc_9387,1
acc_9388,0
acc_9389,0
acc_9390,0
acc_9391,1
acc_9392,0
acc_9393,0
acc_9394,0
acc_9395,0
acc_9396,0
acc_9397,0
acc_9398,0
acc_9399,0
acc_9400,0
acc_9401,0
acc_9402,0
acc_9403,0
acc_9404,0
acc_9405,0
acc_9406,0
acc_9407,1
acc_9408,0
acc_9409,0
acc_9410,0
acc_9411,0
acc_9412,1
acc_9413,1
acc_9414,0
acc_9415,0
acc_9416,0
acc_9417,0
acc_9418,0
acc_9419,0
acc_9420,0
acc_9421,0
acc_9422,0
acc_9423,0
acc_9424,0
acc_9425,0
acc_9426,0
acc_9427,0
acc_9428,0
acc_9429,0
acc_9430,1
acc_9431,0
acc_9432,0
acc_9433,0
acc_9434,0
acc_9435,0
acc_9436,0
acc_9437,0
acc_9438,0
acc_9439,0
acc_9440,0
acc_9441,0
acc_9442,0
acc_9443,0
acc_9444,0
acc_9445,0
acc_9446,1
acc_9447,0
acc_9448,0
acc_9449,1
acc_9450,0
acc_9451,0
acc_9452,0
acc_9453,0
acc_9454,0
acc_9455,0
acc_9456,1
acc_9457,0
acc_9458,0
acc_9459,0
acc_9460,0
acc_9461,0
acc_9462,0
acc_9463,0
acc_9464,0
acc_9465,0
acc_9466,0
acc_9467,0
acc_9468,0
acc_9469,0
acc_9470,1
acc_9471,0
acc_9472,0
acc_9473,0
acc_9474,0
acc_9475,0
acc_9476,0
acc_9477,0
acc_9478,0
acc_9479,0
acc_9480,1
acc_9481,0
acc_9482,0
acc_9483,0
acc_9484,1
acc_9485,1
acc_9486,0
acc_9487,0
acc_9488,0
acc_9489,0
acc_9490,0
acc_9491,1
acc_9492,0
acc_9493,0
acc_9494,0
acc_9495,0
acc_9496,0
acc_9497,1
acc_9498,0
acc_9499,0
acc_9500,0
acc_9501,0
acc_9502,0
acc_9503,0
acc_9504,0
acc_9505,0
acc_9506,0
acc_9507,0
acc_9508,0
acc_9509,1
acc_9510,0
acc_9511,0
acc_9512,0
acc_9513,0
acc_9514,1
acc_9515,0
acc_9516,0
acc_9517,1
acc_9518,0
acc_9519,0
acc_9520,0
acc_9521,1
acc_9522,0
acc_9523,0
acc_9524,1
acc_9525,0
acc_9526,0
acc_9527,0
acc_9528,0
acc_9529,1
acc_9530,0
acc_9531,0
acc_9532,0
acc_9533,0
acc_9534,0
acc_9535,1
acc_9536,0
acc_9537,0
acc_9538,0
acc_9539,0
acc_9540,0
acc_9541,0
acc_9542,0
acc_9543,0
acc_9544,0
acc_9545,0
acc_9546,0
acc_9547,0
acc_9548,0
acc_9549,0
acc_9550,0
acc_9551,0
acc_9552,0
acc_9553,0
acc_9554,1
acc_9555,0
acc_9556,0
acc_9557,1
acc_9558,0
acc_9559,0
acc_9560,0
acc_9561,0
acc_9562,1
acc_9563,0
acc_9564,0
acc_9565,0
acc_9566,0
acc_9567,1
acc_9568,0
acc_9569,0
acc_9570,0
acc_9571,0
acc_9572,0
acc_9573,0
acc_9574,0
acc_9575,0
acc_9576,0
acc_9577,0
acc_9578,0
acc_9579,0
acc_9580,0
acc_9581,0
acc_9582,0
acc_9583,0
acc_9584,0
acc_9585,0
acc_9586,0
acc_9587,0
acc_9588,0
acc_9589,1
acc_9590,0
acc_9591,0
acc_9592,0
acc_9593,0
acc_9594,0
acc_9595,0
acc_9596,0
acc_9597,0
acc_9598,0
acc_9599,0
acc_9600,0
acc_9601,0
acc_9602,0
acc_9603,0
acc_9604,0
acc_9605,0
acc_9606,0
acc_9607,0
acc_9608,0
acc_9609,0
acc_9610,0
acc_9611,0
acc_9612,0
acc_9613,0
acc_9614,0
acc_9615,0
acc_9616,0
acc_9617,0
acc_9618,0
acc_9619,1
acc_9620,0
acc_9621,0
acc_9622,0
acc_9623,0
acc_9624,0
acc_9625,0
acc_9626,0
acc_9627,0
acc_9628,0
acc_9629,0
acc_9630,0
acc_9631,0
acc_9632,0
acc_9633,0
acc_9634,0
acc_9635,1
acc_9636,0
acc_9637,0
acc_9638,0
acc_9639,1
acc_9640,0
acc_9641,0
acc_9642,1
acc_9643,0
acc_9644,0
acc_9645,0
acc_9646,0
acc_9647,0
acc_9648,0
acc_9649,0
acc_9650,1
acc_9651,1
acc_9652,0
acc_9653,0
acc_9654,0
acc_9655,0
acc_9656,0
acc_9657,0
acc_9658,0
acc_9659,0
acc_9660,0
acc_9661,0
acc_9662,0
acc_9663,0
acc_9664,0
acc_9665,1
acc_9666,0
acc_9667,1
acc_9668,0
acc_9669,0
acc_9670,0
acc_9671,0
acc_9672,0
acc_9673,0
acc_9674,0
acc_9675,0
acc_9676,0
acc_9677,0
acc_9678,1
acc_9679,0
acc_9680,0
acc_9681,0
acc_9682,0
acc_9683,0
acc_9684,1
acc_9685,0
acc_9686,1
acc_9687,0
acc_9688,0
acc_9689,0
acc_9690,0
acc_9691,0
acc_9692,0
acc_9693,0
acc_9694,0
acc_9695,1
acc_9696,0
acc_9697,0
acc_9698,0
acc_9699,0
acc_9700,1
acc_9701,0
acc_9702,0
acc_9703,0
acc_9704,0
acc_9705,0
acc_9706,0
acc_9707,0
acc_9708,0
acc_9709,0
acc_9710,0
acc_9711,0
acc_9712,0
acc_9713,1
acc_9714,0
acc_9715,0
acc_9716,0
acc_9717,0
acc_9718,0
acc_9719,0
acc_9720,0
acc_9721,0
acc_9722,0
acc_9723,0
acc_9724,0
acc_9725,0
acc_9726,0
acc_9727,0
acc_9728,0
acc_9729,0
acc_9730,0
acc_9731,0
acc_9732,0
acc_9733,0
acc_9734,0
acc_9735,0
acc_9736,0
acc_9737,0
acc_9738,0
acc_9739,0
acc_9740,0
acc_9741,0
acc_9742,0
acc_9743,0
acc_9744,0
acc_9745,1
acc_9746,1
acc_9747,0
acc_9748,0
acc_9749,0
acc_9750,0
acc_9751,0
acc_9752,1
acc_9753,0
acc_9754,0
acc_9755,0
acc_9756,0
acc_9757,0
acc_9758,0
acc_9759,0
acc_9760,0
acc_9761,0
acc_9762,0
acc_9763,0
acc_9764,0
acc_9765,0
acc_9766,1
acc_9767,0
acc_9768,0
acc_9769,0
acc_9770,0
acc_9771,1
acc_9772,0
acc_9773,0
acc_9774,0
acc_9775,0
acc_9776,0
acc_9777,1
acc_9778,0
acc_9779,0
acc_9780,1
acc_9781,1
acc_9782,0
acc_9783,0
acc_9784,0
acc_9785,0
acc_9786,0
acc_9787,0
acc_9788,0
acc_9789,0
acc_9790,1
acc_9791,0
acc_9792,1
acc_9793,0
acc_9794,1
acc_9795,0
acc_9796,0
acc_9797,0
acc_9798,0
acc_9799,0
acc_9800,0
acc_9801,0
acc_9802,0
acc_9803,0
acc_9804,0
acc_9805,1
acc_9806,0
acc_9807,0
acc_9808,0
acc_9809,0
acc_9810,0
acc_9811,0
acc_9812,0
acc_9813,0
acc_9814,0
acc_9815,0
acc_9816,0
acc_9817,0
acc_9818,0
acc_9819,0
acc_9820,0
acc_9821,0
acc_9822,0
acc_9823,1
acc_9824,0
acc_9825,0
acc_9826,0
acc_9827,0
acc_9828,1
acc_9829,0
acc_9830,0
acc_9831,0
acc_9832,0
acc_9833,0
acc_9834,0
acc_9835,0
acc_9836,1
acc_9837,0
acc_9838,0
acc_9839,0
acc_9840,0
acc_9841,0
acc_9842,0
acc_9843,0
acc_9844,0
acc_9845,0
acc_9846,0
acc_9847,0
acc_9848,0
acc_9849,0
acc_9850,0
acc_9851,0
acc_9852,0
acc_9853,0
acc_9854,0
acc_9855,0
acc_9856,0
acc_9857,0
acc_9858,0
acc_9859,0
acc_9860,0
acc_9861,0
acc_9862,0
acc_9863,0
acc_9864,0
acc_9865,0
acc_9866,1
acc_9867,1
acc_9868,0
acc_9869,0
acc_9870,0
acc_9871,0
acc_9872,0
acc_9873,0
acc_9874,1
acc_9875,0
acc_9876,0
acc_9877,0
acc_9878,0
acc_9879,0
acc_9880,0
acc_9881,0
acc_9882,0
acc_9883,0
acc_9884,1
acc_9885,0
acc_9886,0
acc_9887,0
acc_9888,1
acc_9889,0
acc_9890,0
acc_9891,1
acc_9892,0
acc_9893,0
acc_9894,1
acc_9895,0
acc_9896,0
acc_9897,0
acc_9898,0
acc_9899,0
acc_9900,1
acc_9901,0
acc_9902,0
acc_9903,0
acc_9904,0
acc_9905,0
acc_9906,0
acc_9907,0
acc_9908,0
acc_9909,0
acc_9910,0
acc_9911,0
acc_9912,0
acc_9913,0
acc_9914,0
acc_9915,0
acc_9916,0
acc_9917,0
acc_9918,0
acc_9919,0
acc_9920,0
acc_9921,0
acc_9922,0
acc_9923,0
acc_9924,0
acc_9925,0
acc_9926,0
acc_9927,0
acc_9928,0
acc_9929,0
acc_9930,1
acc_9931,0
acc_9932,0
acc_9933,0
acc_9934,0
acc_9935,0
acc_9936,0
acc_9937,0
acc_9938,0
acc_9939,0
acc_9940,0
acc_9941,0
acc_9942,0
acc_9943,0
acc_9944,0
acc_9945,0
acc_9946,0
acc_9947,0
acc_9948,0
acc_9949,0
acc_9950,0
acc_9951,0
acc_9952,0
acc_9953,0
acc_9954,0
acc_9955,0
acc_9956,0
acc_9957,0
acc_9958,1
acc_9959,0
acc_9960,0
acc_9961,0
acc_9962,0
acc_9963,0
acc_9964,0
acc_9965,1
acc_9966,0
acc_9967,0
acc_9968,1
acc_9969,0
acc_9970,0
acc_9971,0
acc_9972,0
acc_9973,1
acc_9974,0
acc_9975,0
acc_9976,0
acc_9977,0
acc_9978,0
acc_9979,0
acc_9980,0
acc_9981,1
acc_9982,0
acc_9983,1
acc_9984,1
acc_9985,0
acc_9986,0
acc_9987,0
acc_9988,0
acc_9989,0
acc_9990,0
acc_9991,0
acc_9992,0
acc_9993,0
acc_9994,0
acc_9995,0
acc_9996,0
acc_9997,0
acc_9998,1
acc_9999,0
acc_10000,0
acc_10001,0
acc_10002,0
acc_10003,0
acc_10004,0
acc_10005,0
acc_10006,0
acc_10007,0
acc_10008,0
acc_10009,1
acc_10010,1
acc_10011,0
acc_10012,0
acc_10013,0
acc_10014,0
acc_10015,0
acc_10016,1
acc_10017,0
acc_10018,0
acc_10019,0
acc_10020,0
acc_10021,0
acc_10022,0
acc_10023,0
acc_10024,0
acc_10025,0
acc_10026,0
acc_10027,0
acc_10028,0
acc_10029,0
acc_10030,1
acc_10031,0
acc_10032,0
acc_10033,0
acc_10034,0
acc_10035,0
acc_10036,0
acc_10037,0
acc_10038,0
acc_10039,0
acc_10040,0
acc_10041,0
acc_10042,0
acc_10043,0
acc_10044,0
acc_10045,0
acc_10046,0
acc_10047,0
acc_10048,1
acc_10049,0
acc_10050,0
acc_10051,0
acc_10052,0
acc_10053,1
acc_10054,0
acc_10055,0
acc_10056,0
acc_10057,0
acc_10058,0
acc_10059,0
acc_10060,0
acc_10061,0
acc_10062,1
acc_10063,0
acc_10064,0
acc_10065,0
acc_10066,0
acc_10067,0
acc_10068,0
acc_10069,0
acc_10070,0
acc_10071,0
acc_10072,0
acc_10073,0
acc_10074,0
acc_10075,0
acc_10076,0
acc_10077,0
acc_10078,0
acc_10079,0
acc_10080,0
acc_10081,1
acc_10082,0
acc_10083,0
acc_10084,0
acc_10085,0
acc_10086,0
acc_10087,0
acc_10088,0
acc_10089,0
acc_10090,0
acc_10091,0
acc_10092,0
acc_10093,0
acc_10094,0
acc_10095,0
acc_10096,0
acc_10097,0
acc_10098,0
acc_10099,0
acc_10100,0
acc_10101,0
acc_10102,1
acc_10103,0
acc_10104,1
acc_10105,0
acc_10106,0
acc_10107,0
acc_10108,0
acc_10109,0
acc_10110,1
acc_10111,0
acc_10112,0
acc_10113,0
acc_10114,0
acc_10115,0
acc_10116,0
acc_10117,0
acc_10118,0
acc_10119,0
acc_10120,0
acc_10121,0
acc_10122,0
acc_10123,1
acc_10124,0
acc_10125,0
acc_10126,0
acc_10127,1
acc_10128,0
acc_10129,0
acc_10130,0
acc_10131,0
acc_10132,0
acc_10133,0
acc_10134,0
acc_10135,0
acc_10136,0
acc_10137,0
acc_10138,0
acc_10139,0
acc_10140,0
acc_10141,0
acc_10142,0
acc_10143,0
acc_10144,0
acc_10145,0
acc_10146,0
acc_10147,0
acc_10148,0
acc_10149,0
acc_10150,0
acc_10151,0
acc_10152,0
acc_10153,0
acc_10154,0
acc_10155,1
acc_10156,0
acc_10157,0
acc_10158,0
acc_10159,0
acc_10160,0
acc_10161,1
acc_10162,0
acc_10163,1
acc_10164,0
acc_10165,0
acc_10166,0
acc_10167,0
acc_10168,0
acc_10169,0
acc_10170,0
acc_10171,0
acc_10172,0
acc_10173,0
acc_10174,0
acc_10175,0
acc_10176,0
acc_10177,0
acc_10178,0
acc_10179,0
acc_10180,1
acc_10181,0
acc_10182,0
acc_10183,0
acc_10184,0
acc_10185,0
acc_10186,0
acc_10187,0
acc_10188,0
acc_10189,1
acc_10190,1
acc_10191,0
acc_10192,0
acc_10193,0
acc_10194,1
acc_10195,0
acc_10196,0
acc_10197,0
acc_10198,0
acc_10199,0
acc_10200,0
acc_10201,0
acc_10202,0
acc_10203,0
acc_10204,0
acc_10205,0
acc_10206,0
acc_10207,0
acc_10208,0
acc_10209,0
acc_10210,0
acc_10211,0
acc_10212,0
acc_10213,0
acc_10214,0
acc_10215,0
acc_10216,0
acc_10217,0
acc_10218,0
acc_10219,0
acc_10220,0
acc_10221,0
acc_10222,0
acc_10223,0
acc_10224,0
acc_10225,0
acc_10226,1
acc_10227,0
acc_10228,0
acc_10229,0
acc_10230,0
acc_10231,0
acc_10232,0
acc_10233,0
acc_10234,0
acc_10235,0
acc_10236,1
acc_10237,0
acc_10238,0
acc_10239,0
acc_10240,0
acc_10241,0
acc_10242,1
acc_10243,0
acc_10244,0
acc_10245,1
acc_10246,1
acc_10247,1
acc_10248,0
acc_10249,0
acc_10250,0
acc_10251,0
acc_10252,0
acc_10253,0
acc_10254,0
acc_10255,0
acc_10256,0
acc_10257,0
acc_10258,0
acc_10259,0
acc_10260,0
acc_10261,0
acc_10262,0
acc_10263,1
acc_10264,0
acc_10265,0
acc_10266,0
acc_10267,1
acc_10268,0
acc_10269,0
acc_10270,0
acc_10271,0
acc_10272,0
acc_10273,0
acc_10274,0
acc_10275,0
acc_10276,0
acc_10277,0
acc_10278,0
acc_10279,1
acc_10280,0
acc_10281,1
acc_10282,0
acc_10283,0
acc_10284,1
acc_10285,0
acc_10286,0
acc_10287,0
acc_10288,0
acc_10289,0
acc_10290,1
acc_10291,0
acc_10292,0
acc_10293,0
acc_10294,0
acc_10295,0
acc_10296,1
acc_10297,0
acc_10298,0
acc_10299,0
acc_10300,0
acc_10301,0
acc_10302,0
acc_10303,0
acc_10304,0
acc_10305,0
acc_10306,0
acc_10307,0
acc_10308,1
acc_10309,0
acc_10310,0
acc_10311,0
acc_10312,0
acc_10313,0
acc_10314,0
acc_10315,0
acc_10316,0
acc_10317,0
acc_10318,0
acc_10319,0
acc_10320,0
acc_10321,0
acc_10322,1
acc_10323,0
acc_10324,0
acc_10325,0
acc_10326,0
acc_10327,0
acc_10328,0
acc_10329,0
acc_10330,0
acc_10331,0
acc_10332,0
acc_10333,0
acc_10334,0
acc_10335,1
acc_10336,0
acc_10337,0
acc_10338,1
acc_10339,0
acc_10340,0
acc_10341,0
acc_10342,0
acc_10343,1
acc_10344,0
acc_10345,1
acc_10346,0
acc_10347,0
acc_10348,0
acc_10349,0
acc_10350,0
acc_10351,1
acc_10352,0
acc_10353,0
acc_10354,0
acc_10355,0
acc_10356,1
acc_10357,0
acc_10358,0
acc_10359,0
acc_10360,0
acc_10361,0
acc_10362,0
acc_10363,0
acc_10364,0
acc_10365,1
acc_10366,0
acc_10367,1
acc_10368,0
acc_10369,0
acc_10370,1
acc_10371,0
acc_10372,0
acc_10373,0
acc_10374,0
acc_10375,0
acc_10376,0
acc_10377,0
acc_10378,0
acc_10379,0
acc_10380,0
acc_10381,0
acc_10382,0
acc_10383,0
acc_10384,0
acc_10385,0
acc_10386,0
acc_10387,0
acc_10388,1
acc_10389,0
acc_10390,0
acc_10391,0
acc_10392,0
acc_10393,0
acc_10394,0
acc_10395,0
acc_10396,1
acc_10397,0
acc_10398,0
acc_10399,0
acc_10400,0
acc_10401,0
acc_10402,0
acc_10403,0
acc_10404,0
acc_10405,0
acc_10406,0
acc_10407,0
acc_10408,0
acc_10409,0
acc_10410,0
acc_10411,0
acc_10412,0
acc_10413,1
acc_10414,0
acc_10415,1
acc_10416,0
acc_10417,0
acc_10418,0
acc_10419,0
acc_10420,1
acc_10421,0
acc_10422,1
acc_10423,0
acc_10424,0
acc_10425,0
acc_10426,0
acc_10427,1
acc_10428,0
acc_10429,0
acc_10430,0
acc_10431,0
acc_10432,0
acc_10433,0
acc_10434,0
acc_10435,0
acc_10436,0
acc_10437,1
acc_10438,0
acc_10439,0
acc_10440,0
acc_10441,0
acc_10442,0
acc_10443,1
acc_10444,0
acc_10445,0
acc_10446,0
acc_10447,0
acc_10448,1
acc_10449,0
acc_10450,0
acc_10451,0
acc_10452,0
acc_10453,0
acc_10454,0
acc_10455,0
acc_10456,1
acc_10457,0
acc_10458,0
acc_10459,0
acc_10460,0
acc_10461,0
acc_10462,0
acc_10463,1
acc_10464,0
acc_10465,0
acc_10466,0
acc_10467,0
acc_10468,0
acc_10469,1
acc_10470,0
acc_10471,0
acc_10472,1
acc_10473,0
acc_10474,0
acc_10475,0
acc_10476,0
acc_10477,1
acc_10478,0
acc_10479,0
acc_10480,0
acc_10481,0
acc_10482,0
acc_10483,1
acc_10484,0
acc_10485,0
acc_10486,0
acc_10487,0
acc_10488,0
acc_10489,0
acc_10490,0
acc_10491,0
acc_10492,0
acc_10493,1
acc_10494,0
acc_10495,0
acc_10496,1
acc_10497,0
acc_10498,0
acc_10499,0
acc_10500,0
acc_10501,0
acc_10502,0
acc_10503,0
acc_10504,0
acc_10505,0
acc_10506,1
acc_10507,1
acc_10508,0
acc_10509,0
acc_10510,0
acc_10511,0
acc_10512,0
acc_10513,0
acc_10514,1
acc_10515,0
acc_10516,1
acc_10517,0
acc_10518,0
acc_10519,0
acc_10520,0
acc_10521,0
acc_10522,0
acc_10523,0
acc_10524,1
acc_10525,0
acc_10526,0
acc_10527,0
acc_10528,0
acc_10529,0
acc_10530,0
acc_10531,0
acc_10532,0
acc_10533,0
acc_10534,0
acc_10535,0
acc_10536,0
acc_10537,0
acc_10538,1
acc_10539,0
acc_10540,0
acc_10541,0
acc_10542,0
acc_10543,0
acc_10544,0
acc_10545,0
acc_10546,1
acc_10547,0
acc_10548,0
acc_10549,0
acc_10550,0
acc_10551,0
acc_10552,0
acc_10553,0
acc_10554,0
acc_10555,0
acc_10556,0
acc_10557,0
acc_10558,1
acc_10559,0
acc_10560,0
acc_10561,0
acc_10562,0
acc_10563,1
acc_10564,0
acc_10565,0
acc_10566,0
acc_10567,0
acc_10568,0
acc_10569,0
acc_10570,0
acc_10571,1
acc_10572,1
acc_10573,0
acc_10574,0
acc_10575,0
acc_10576,0
acc_10577,0
acc_10578,0
acc_10579,1
acc_10580,0
acc_10581,0
acc_10582,0
acc_10583,0
acc_10584,0
acc_10585,0
acc_10586,0
acc_10587,0
acc_10588,0
acc_10589,0
acc_10590,0
acc_10591,0
acc_10592,0
acc_10593,0
acc_10594,0
acc_10595,0
acc_10596,0
acc_10597,0
acc_10598,0
acc_10599,0
acc_10600,0
acc_10601,0
acc_10602,0
acc_10603,1
acc_10604,0
acc_10605,1
acc_10606,0
acc_10607,0
acc_10608,0
acc_10609,0
acc_10610,0
acc_10611,0
acc_10612,0
acc_10613,0
acc_10614,0
acc_10615,0
acc_10616,0
acc_10617,0
acc_10618,0
acc_10619,1
acc_10620,0
acc_10621,0
acc_10622,0
acc_10623,0
acc_10624,1
acc_10625,0
acc_10626,0
acc_10627,0
acc_10628,0
acc_10629,0
acc_10630,0
acc_10631,0
acc_10632,0
acc_10633,0
acc_10634,0
acc_10635,0
acc_10636,0
acc_10637,0
acc_10638,0
acc_10639,0
acc_10640,0
acc_10641,0
acc_10642,0
acc_10643,0
acc_10644,0
acc_10645,0
acc_10646,0
acc_10647,0
acc_10648,0
acc_10649,0
acc_10650,0
acc_10651,1
acc_10652,0
acc_10653,0
acc_10654,1
acc_10655,0
acc_10656,1
acc_10657,0
acc_10658,0
acc_10659,0
acc_10660,0
acc_10661,0
acc_10662,0
acc_10663,1
acc_10664,0
acc_10665,0
acc_10666,0
acc_10667,0
acc_10668,0
acc_10669,0
acc_10670,0
acc_10671,0
acc_10672,0
acc_10673,0
acc_10674,0
acc_10675,0
acc_10676,0
acc_10677,0
acc_10678,0
acc_10679,0
acc_10680,0
acc_10681,0
acc_10682,0
acc_10683,0
acc_10684,0
acc_10685,0
acc_10686,1
acc_10687,0
acc_10688,0
acc_10689,0
acc_10690,1
acc_10691,0
acc_10692,0
acc_10693,0
acc_10694,0
acc_10695,0
acc_10696,0
acc_10697,0
acc_10698,0
acc_10699,0
acc_10700,0
acc_10701,0
acc_10702,0
acc_10703,0
acc_10704,0
acc_10705,0
acc_10706,1
acc_10707,0
acc_10708,0
acc_10709,0
acc_10710,0
acc_10711,0
acc_10712,0
acc_10713,0
acc_10714,0
acc_10715,0
acc_10716,0
acc_10717,0
acc_10718,0
acc_10719,0
acc_10720,0
acc_10721,0
acc_10722,0
acc_10723,0
acc_10724,1
acc_10725,0
acc_10726,0
acc_10727,0
acc_10728,0
acc_10729,1
acc_10730,0
acc_10731,0
acc_10732,0
acc_10733,0
acc_10734,0
acc_10735,0
acc_10736,0
acc_10737,0
acc_10738,0
acc_10739,0
acc_10740,0
acc_10741,1
acc_10742,0
acc_10743,0
acc_10744,0
acc_10745,0
acc_10746,1
acc_10747,0
acc_10748,0
acc_10749,0
acc_10750,0
acc_10751,0
acc_10752,0
acc_10753,0
acc_10754,0
acc_10755,0
acc_10756,0
acc_10757,0
acc_10758,0
acc_10759,1
acc_10760,0
acc_10761,0
acc_10762,0
acc_10763,0
acc_10764,0
acc_10765,0
acc_10766,0
acc_10767,0
acc_10768,0
acc_10769,1
acc_10770,0
acc_10771,0
acc_10772,0
acc_10773,0
acc_10774,0
acc_10775,0
acc_10776,0
acc_10777,0
acc_10778,0
acc_10779,0
acc_10780,0
acc_10781,0
acc_10782,0
acc_10783,0
acc_10784,0
acc_10785,0
acc_10786,0
acc_10787,0
acc_10788,0
acc_10789,0
acc_10790,0
acc_10791,0
acc_10792,0
acc_10793,0
acc_10794,0
acc_10795,0
acc_10796,0
acc_10797,0
acc_10798,0
acc_10799,0
acc_10800,0
acc_10801,0
acc_10802,0
acc_10803,0
acc_10804,0
acc_10805,0
acc_10806,0
acc_10807,0
acc_10808,0
acc_10809,1
acc_10810,0
acc_10811,0
acc_10812,0
acc_10813,0
acc_10814,0
acc_10815,0
acc_10816,0
acc_10817,0
acc_10818,0
acc_10819,0
acc_10820,1
acc_10821,0
acc_10822,0
acc_10823,1
acc_10824,0
acc_10825,0
acc_10826,0
acc_10827,0
acc_10828,0
acc_10829,0
acc_10830,0
acc_10831,1
acc_10832,0
acc_10833,1
acc_10834,0
acc_10835,1
acc_10836,0
acc_10837,0
acc_10838,0
acc_10839,0
acc_10840,0
acc_10841,1
acc_10842,0
acc_10843,0
acc_10844,0
acc_10845,1
acc_10846,0
acc_10847,0
acc_10848,1
acc_10849,1
acc_10850,0
acc_10851,0
acc_10852,0
acc_10853,0
acc_10854,1
acc_10855,0
acc_10856,1
acc_10857,0
acc_10858,0
acc_10859,0
acc_10860,0
acc_10861,0
acc_10862,1
acc_10863,0
acc_10864,1
acc_10865,0
acc_10866,0
acc_10867,0
acc_10868,0
acc_10869,1
acc_10870,0
acc_10871,0
acc_10872,0
acc_10873,0
acc_10874,0
acc_10875,1
acc_10876,0
acc_10877,0
acc_10878,0
acc_10879,0
acc_10880,0
acc_10881,0
acc_10882,0
acc_10883,0
acc_10884,0
acc_10885,0
acc_10886,0
acc_10887,0
acc_10888,0
acc_10889,0
acc_10890,0
acc_10891,0
acc_10892,0
acc_10893,0
acc_10894,0
acc_10895,0
acc_10896,0
acc_10897,0
acc_10898,0
acc_10899,1
acc_10900,0
acc_10901,0
acc_10902,0
acc_10903,0
acc_10904,0
acc_10905,0
acc_10906,0
acc_10907,0
acc_10908,0
acc_10909,0
acc_10910,0
acc_10911,0
acc_10912,0
acc_10913,0
acc_10914,0
acc_10915,0
acc_10916,0
acc_10917,0
acc_10918,0
acc_10919,0
acc_10920,0
acc_10921,0
acc_10922,0
acc_10923,0
acc_10924,0
acc_10925,0
acc_10926,0
acc_10927,0
acc_10928,0
acc_10929,0
acc_10930,0
acc_10931,0
acc_10932,0
acc_10933,0
acc_10934,0
acc_10935,0
acc_10936,0
acc_10937,0
acc_10938,0
acc_10939,0
acc_10940,0
acc_10941,0
acc_10942,0
acc_10943,0
acc_10944,0
acc_10945,0
acc_10946,0
acc_10947,0
acc_10948,0
acc_10949,0
acc_10950,0
acc_10951,0
acc_10952,0
acc_10953,0
acc_10954,0
acc_10955,0
acc_10956,0
acc_10957,0
acc_10958,0
acc_10959,0
acc_10960,0
acc_10961,0
acc_10962,0
acc_10963,0
acc_10964,0
acc_10965,0
acc_10966,0
acc_10967,0
acc_10968,0
acc_10969,0
acc_10970,0
acc_10971,0
acc_10972,0
acc_10973,0
acc_10974,0
acc_10975,0
acc_10976,0
acc_10977,1
acc_10978,1
acc_10979,0
acc_10980,0
acc_10981,0
acc_10982,0
acc_10983,0
acc_10984,0
acc_10985,0
acc_10986,0
acc_10987,0
acc_10988,0
acc_10989,0
acc_10990,0
acc_10991,0
acc_10992,0
acc_10993,0
acc_10994,0
acc_10995,0
acc_10996,0
acc_10997,0
acc_10998,1
acc_10999,0
acc_11000,0
acc_11001,1
acc_11002,0
acc_11003,0
acc_11004,0
acc_11005,0
acc_11006,0
acc_11007,0
acc_11008,0
acc_11009,0
acc_11010,0
acc_11011,0
acc_11012,0
acc_11013,0
acc_11014,0
acc_11015,0
acc_11016,0
acc_11017,0
acc_11018,0
acc_11019,1
acc_11020,0
acc_11021,0
acc_11022,1
acc_11023,0
acc_11024,0
acc_11025,0
acc_11026,0
acc_11027,0
acc_11028,1
acc_11029,0
acc_11030,0
acc_11031,0
acc_11032,0
acc_11033,0
acc_11034,0
acc_11035,0
acc_11036,0
acc_11037,0
acc_11038,0
acc_11039,0
acc_11040,0
acc_11041,0
acc_11042,0
acc_11043,0
acc_11044,0
acc_11045,0
acc_11046,1
acc_11047,0
acc_11048,0
acc_11049,0
acc_11050,0
acc_11051,0
acc_11052,0
acc_11053,0
acc_11054,0
acc_11055,0
acc_11056,0
acc_11057,0
acc_11058,0
acc_11059,0
acc_11060,0
acc_11061,0
acc_11062,0
acc_11063,1
acc_11064,0
acc_11065,0
acc_11066,0
acc_11067,1
acc_11068,0
acc_11069,0
acc_11070,1
acc_11071,1
acc_11072,0
acc_11073,1
acc_11074,0
acc_11075,0
acc_11076,0
acc_11077,0
acc_11078,0
acc_11079,0
acc_11080,0
acc_11081,0
acc_11082,0
acc_11083,0
acc_11084,0
acc_11085,1
acc_11086,0
acc_11087,0
acc_11088,0
acc_11089,1
acc_11090,0
acc_11091,0
acc_11092,0
acc_11093,0
acc_11094,0
acc_11095,0
acc_11096,0
acc_11097,0
acc_11098,0
acc_11099,0
acc_11100,0
acc_11101,0
acc_11102,0
acc_11103,0
acc_11104,0
acc_11105,0
acc_11106,0
acc_11107,0
acc_11108,0
acc_11109,0
acc_11110,0
acc_11111,1
acc_11112,0
acc_11113,0
acc_11114,0
acc_11115,0
acc_11116,0
acc_11117,0
acc_11118,0
acc_11119,0
acc_11120,0
acc_11121,0
acc_11122,0
acc_11123,0
acc_11124,0
acc_11125,0
acc_11126,0
acc_11127,0
acc_11128,0
acc_11129,0
acc_11130,1
acc_11131,0
acc_11132,0
acc_11133,0
acc_11134,0
acc_11135,0
acc_11136,0
acc_11137,0
acc_11138,0
acc_11139,0
acc_11140,1
acc_11141,0
acc_11142,0
acc_11143,0
acc_11144,0
acc_11145,0
acc_11146,0
acc_11147,1
acc_11148,0
acc_11149,0
acc_11150,0
acc_11151,0
acc_11152,0
acc_11153,0
acc_11154,0
acc_11155,0
acc_11156,0
acc_11157,0
acc_11158,0
acc_11159,0
acc_11160,0
acc_11161,0
acc_11162,0
acc_11163,0
acc_11164,0
acc_11165,1
acc_11166,0
acc_11167,0
acc_11168,0
acc_11169,1
acc_11170,1
acc_11171,0
acc_11172,0
acc_11173,0
acc_11174,0
acc_11175,0
acc_11176,0
acc_11177,0
acc_11178,0
acc_11179,0
acc_11180,0
acc_11181,0
acc_11182,0
acc_11183,0
acc_11184,0
acc_11185,1
acc_11186,0
acc_11187,0
acc_11188,0
acc_11189,0
acc_11190,0
acc_11191,0
acc_11192,0
acc_11193,0
acc_11194,0
acc_11195,0
acc_11196,0
acc_11197,0
acc_11198,0
acc_11199,0
acc_11200,1
acc_11201,0
acc_11202,0
acc_11203,0
acc_11204,0
acc_11205,0
acc_11206,1
acc_11207,0
acc_11208,0
acc_11209,0
acc_11210,0
acc_11211,0
acc_11212,0
acc_11213,0
acc_11214,0
acc_11215,0
acc_11216,0
acc_11217,1
acc_11218,0
acc_11219,0
acc_11220,0
acc_11221,0
acc_11222,0
acc_11223,0
acc_11224,0
acc_11225,0
acc_11226,0
acc_11227,0
acc_11228,1
acc_11229,0
acc_11230,1
acc_11231,0
acc_11232,0
acc_11233,0
acc_11234,1
acc_11235,0
acc_11236,0
acc_11237,0
acc_11238,0
acc_11239,0
acc_11240,0
acc_11241,0
acc_11242,1
acc_11243,0
acc_11244,1
acc_11245,0
acc_11246,0
acc_11247,0
acc_11248,0
acc_11249,0
acc_11250,0
acc_11251,0
acc_11252,0
acc_11253,0
acc_11254,0
acc_11255,0
acc_11256,0
acc_11257,0
acc_11258,1
acc_11259,0
acc_11260,0
acc_11261,0
acc_11262,0
acc_11263,1
acc_11264,0
acc_11265,1
acc_11266,0
acc_11267,1
acc_11268,0
acc_11269,0
acc_11270,0
acc_11271,0
acc_11272,0
acc_11273,1
acc_11274,0
acc_11275,0
acc_11276,0
acc_11277,0
acc_11278,0
acc_11279,0
acc_11280,1
acc_11281,0
acc_11282,0
acc_11283,1
acc_11284,0
acc_11285,1
acc_11286,0
acc_11287,0
acc_11288,0
acc_11289,1
acc_11290,0
acc_11291,0
acc_11292,0
acc_11293,0
acc_11294,0
acc_11295,0
acc_11296,0
acc_11297,0
acc_11298,0
acc_11299,0
acc_11300,0
acc_11301,0
acc_11302,0
acc_11303,1
acc_11304,0
acc_11305,0
acc_11306,1
acc_11307,0
acc_11308,0
acc_11309,0
acc_11310,0
acc_11311,0
acc_11312,0
acc_11313,0
acc_11314,1
acc_11315,0
acc_11316,0
acc_11317,1
acc_11318,0
acc_11319,0
acc_11320,0
acc_11321,0
acc_11322,0
acc_11323,0
acc_11324,0
acc_11325,0
acc_11326,0
acc_11327,0
acc_11328,0
acc_11329,1
acc_11330,0
acc_11331,0
acc_11332,0
acc_11333,0
acc_11334,0
acc_11335,0
acc_11336,0
acc_11337,1
acc_11338,1
acc_11339,0
acc_11340,0
acc_11341,0
acc_11342,1
acc_11343,0
acc_11344,0
acc_11345,0
acc_11346,0
acc_11347,0
acc_11348,0
acc_11349,1
acc_11350,0
acc_11351,1
acc_11352,0
acc_11353,0
acc_11354,0
acc_11355,0
acc_11356,0
acc_11357,0
acc_11358,0
acc_11359,0
acc_11360,1
acc_11361,0
acc_11362,0
acc_11363,0
acc_11364,1
acc_11365,0
acc_11366,0
acc_11367,0
acc_11368,0
acc_11369,0
acc_11370,0
acc_11371,0
acc_11372,0
acc_11373,0
acc_11374,0
acc_11375,0
acc_11376,0
acc_11377,0
acc_11378,0
acc_11379,1
acc_11380,0
acc_11381,0
acc_11382,0
acc_11383,0
acc_11384,1
acc_11385,0
acc_11386,1
acc_11387,0
acc_11388,0
acc_11389,0
acc_11390,0
acc_11391,0
acc_11392,0
acc_11393,0
acc_11394,0
acc_11395,0
acc_11396,0
acc_11397,0
acc_11398,0
acc_11399,0
acc_11400,0
acc_11401,0
acc_11402,0
acc_11403,0
acc_11404,0
acc_11405,0
acc_11406,1
acc_11407,0
acc_11408,0
acc_11409,0
acc_11410,0
acc_11411,0
acc_11412,0
acc_11413,0
acc_11414,0
acc_11415,0
acc_11416,0
acc_11417,0
acc_11418,0
acc_11419,0
acc_11420,0
acc_11421,0
acc_11422,0
acc_11423,0
acc_11424,0
acc_11425,0
acc_11426,1
acc_11427,0
acc_11428,0
acc_11429,1
acc_11430,0
acc_11431,0
acc_11432,0
acc_11433,0
acc_11434,0
acc_11435,0
acc_11436,0
acc_11437,0
acc_11438,0
acc_11439,0
acc_11440,0
acc_11441,0
acc_11442,0
acc_11443,0
acc_11444,0
acc_11445,0
acc_11446,0
acc_11447,0
acc_11448,0
acc_11449,1
acc_11450,0
acc_11451,0
acc_11452,0
acc_11453,0
acc_11454,0
acc_11455,0
acc_11456,0
acc_11457,0
acc_11458,0
acc_11459,0
acc_11460,1
acc_11461,0
acc_11462,0
acc_11463,0
acc_11464,0
acc_11465,0
acc_11466,0
acc_11467,0
acc_11468,0
acc_11469,0
acc_11470,0
acc_11471,0
acc_11472,0
acc_11473,0
acc_11474,0
acc_11475,0
acc_11476,0
acc_11477,0
acc_11478,0
acc_11479,0
acc_11480,0
acc_11481,0
acc_11482,0
acc_11483,0
acc_11484,1
acc_11485,1
acc_11486,0
acc_11487,0
acc_11488,0
acc_11489,1
acc_11490,0
acc_11491,0
acc_11492,0
acc_11493,0
acc_11494,0
acc_11495,1
acc_11496,0
acc_11497,0
acc_11498,0
acc_11499,0
acc_11500,0
acc_11501,0
acc_11502,0
acc_11503,0
acc_11504,0
acc_11505,0
acc_11506,0
acc_11507,1
acc_11508,0
acc_11509,1
acc_11510,0
acc_11511,0
acc_11512,0
acc_11513,0
acc_11514,0
acc_11515,0
acc_11516,0
acc_11517,0
acc_11518,0
acc_11519,0
acc_11520,0
acc_11521,0
acc_11522,0
acc_11523,1
acc_11524,0
acc_11525,0
acc_11526,0
acc_11527,0
acc_11528,0
acc_11529,0
acc_11530,0
acc_11531,0
acc_11532,1
acc_11533,0
acc_11534,0
acc_11535,0
acc_11536,0
acc_11537,0
acc_11538,0
acc_11539,0
acc_11540,0
acc_11541,0
acc_11542,1
acc_11543,0
acc_11544,0
acc_11545,0
acc_11546,0
acc_11547,0
acc_11548,0
acc_11549,0
acc_11550,0
acc_11551,0
acc_11552,0
acc_11553,0
acc_11554,0
acc_11555,0
acc_11556,0
acc_11557,0
acc_11558,0
acc_11559,0
acc_11560,0
acc_11561,1
acc_11562,0
acc_11563,1
acc_11564,0
acc_11565,0
acc_11566,0
acc_11567,0
acc_11568,0
acc_11569,0
acc_11570,1
acc_11571,1
acc_11572,0
acc_11573,0
acc_11574,0
acc_11575,0
acc_11576,0
acc_11577,0
acc_11578,0
acc_11579,0
acc_11580,0
acc_11581,0
acc_11582,0
acc_11583,0
acc_11584,1
acc_11585,0
acc_11586,0
acc_11587,0
acc_11588,0
acc_11589,0
acc_11590,0
acc_11591,0
acc_11592,0
acc_11593,0
acc_11594,0
acc_11595,0
acc_11596,0
acc_11597,1
acc_11598,1
acc_11599,0
acc_11600,0
acc_11601,0
acc_11602,0
acc_11603,0
acc_11604,0
acc_11605,0
acc_11606,0
acc_11607,0
acc_11608,0
acc_11609,0
acc_11610,0
acc_11611,0
acc_11612,0
acc_11613,0
acc_11614,0
acc_11615,0
acc_11616,0
acc_11617,0
acc_11618,0
acc_11619,0
acc_11620,0
acc_11621,0
acc_11622,0
acc_11623,0
acc_11624,0
acc_11625,0
acc_11626,0
acc_11627,0
acc_11628,0
acc_11629,0
acc_11630,0
acc_11631,0
acc_11632,0
acc_11633,0
acc_11634,0
acc_11635,0
acc_11636,0
acc_11637,1
acc_11638,0
acc_11639,0
acc_11640,0
acc_11641,0
acc_11642,0
acc_11643,0
acc_11644,0
acc_11645,0
acc_11646,0
acc_11647,0
acc_11648,0
acc_11649,0
acc_11650,0
acc_11651,0
acc_11652,0
acc_11653,0
acc_11654,0
acc_11655,0
acc_11656,1
acc_11657,0
acc_11658,0
acc_11659,0
acc_11660,0
acc_11661,0
acc_11662,0
acc_11663,0
acc_11664,0
acc_11665,0
acc_11666,1
acc_11667,0
acc_11668,0
acc_11669,0
acc_11670,0
acc_11671,0
acc_11672,0
acc_11673,0
acc_11674,0
acc_11675,0
acc_11676,0
acc_11677,0
acc_11678,0
acc_11679,0
acc_11680,0
acc_11681,0
acc_11682,0
acc_11683,0
acc_11684,0
acc_11685,0
acc_11686,0
acc_11687,0
acc_11688,0
acc_11689,0
acc_11690,0
acc_11691,0
acc_11692,1
acc_11693,0
acc_11694,0
acc_11695,0
acc_11696,0
acc_11697,0
acc_11698,0
acc_11699,0
acc_11700,0
acc_11701,0
acc_11702,1
acc_11703,0
acc_11704,0
acc_11705,0
acc_11706,0
acc_11707,0
acc_11708,0
acc_11709,0
acc_11710,0
acc_11711,0
acc_11712,1
acc_11713,0
acc_11714,0
acc_11715,1
acc_11716,0
acc_11717,0
acc_11718,0
acc_11719,0
acc_11720,0
acc_11721,1
acc_11722,0
acc_11723,0
acc_11724,0
acc_11725,0
acc_11726,0
acc_11727,0
acc_11728,1
acc_11729,0
acc_11730,0
acc_11731,0
acc_11732,0
acc_11733,1
acc_11734,0
acc_11735,0
acc_11736,0
acc_11737,0
acc_11738,0
acc_11739,0
acc_11740,1
acc_11741,0
acc_11742,0
acc_11743,0
acc_11744,0
acc_11745,0
acc_11746,0
acc_11747,1
acc_11748,0
acc_11749,0
acc_11750,1
acc_11751,0
acc_11752,0
acc_11753,0
acc_11754,0
acc_11755,1
acc_11756,1
acc_11757,1
acc_11758,0
acc_11759,0
acc_11760,0
acc_11761,0
acc_11762,0
acc_11763,0
acc_11764,0
acc_11765,0
acc_11766,0
acc_11767,1
acc_11768,0
acc_11769,0
acc_11770,0
acc_11771,1
acc_11772,0
acc_11773,0
acc_11774,0
acc_11775,0
acc_11776,0
acc_11777,0
acc_11778,0
acc_11779,1
acc_11780,0
acc_11781,1
acc_11782,0
acc_11783,0
acc_11784,0
acc_11785,0
acc_11786,0
acc_11787,1
acc_11788,0
acc_11789,0
acc_11790,0
acc_11791,0
acc_11792,0
acc_11793,0
acc_11794,0
acc_11795,0
acc_11796,0
acc_11797,0
acc_11798,0
acc_11799,0
acc_11800,1
acc_11801,0
acc_11802,0
acc_11803,1
acc_11804,0
acc_11805,0
acc_11806,0
acc_11807,0
acc_11808,1
acc_11809,0
acc_11810,1
acc_11811,0
acc_11812,0
acc_11813,0
acc_11814,0
acc_11815,0
acc_11816,0
acc_11817,0
acc_11818,0
acc_11819,0
acc_11820,0
acc_11821,0
acc_11822,1
acc_11823,1
acc_11824,0
acc_11825,0
acc_11826,0
acc_11827,0
acc_11828,0
acc_11829,0
acc_11830,0
acc_11831,0
acc_11832,1
acc_11833,0
acc_11834,0
acc_11835,0
acc_11836,0
acc_11837,1
acc_11838,0
acc_11839,0
acc_11840,0
acc_11841,0
acc_11842,0
acc_11843,0
acc_11844,0
acc_11845,1
acc_11846,0
acc_11847,0
acc_11848,1
acc_11849,0
acc_11850,0
acc_11851,0
acc_11852,0
acc_11853,0
acc_11854,0
acc_11855,0
acc_11856,0
acc_11857,0
acc_11858,0
acc_11859,0
acc_11860,0
acc_11861,0
acc_11862,0
acc_11863,0
acc_11864,0
acc_11865,0
acc_11866,1
acc_11867,0
acc_11868,0
acc_11869,1
acc_11870,1
acc_11871,0
acc_11872,0
acc_11873,0
acc_11874,0
acc_11875,0
acc_11876,0
acc_11877,0
acc_11878,0
acc_11879,1
acc_11880,0
acc_11881,0
acc_11882,0
acc_11883,0
acc_11884,0
acc_11885,0
acc_11886,0
acc_11887,0
acc_11888,0
acc_11889,0
acc_11890,0
acc_11891,0
acc_11892,1
acc_11893,0
acc_11894,0
acc_11895,0
acc_11896,0
acc_11897,0
acc_11898,0
acc_11899,0
acc_11900,0
acc_11901,0
acc_11902,0
acc_11903,0
acc_11904,0
acc_11905,0
acc_11906,1
acc_11907,0
acc_11908,0
acc_11909,0
acc_11910,0
acc_11911,0
acc_11912,0
acc_11913,0
acc_11914,0
acc_11915,0
acc_11916,0
acc_11917,0
acc_11918,0
acc_11919,0
acc_11920,0
acc_11921,0
acc_11922,0
acc_11923,1
acc_11924,0
acc_11925,0
acc_11926,1
acc_11927,0
acc_11928,0
acc_11929,0
acc_11930,0
acc_11931,0
acc_11932,0
acc_11933,0
acc_11934,0
acc_11935,0
acc_11936,0
acc_11937,0
acc_11938,0
acc_11939,0
acc_11940,0
acc_11941,0
acc_11942,0
acc_11943,1
acc_11944,0
acc_11945,0
acc_11946,0
acc_11947,0
acc_11948,0
acc_11949,0
acc_11950,0
acc_11951,0
acc_11952,0
acc_11953,0
acc_11954,0
acc_11955,0
acc_11956,1
acc_11957,0
acc_11958,0
acc_11959,0
acc_11960,1
acc_11961,0
acc_11962,1
acc_11963,0
acc_11964,0
acc_11965,0
acc_11966,0
acc_11967,0
acc_11968,0
acc_11969,0
acc_11970,1
acc_11971,0
acc_11972,0
acc_11973,1
acc_11974,0
acc_11975,0
acc_11976,0
acc_11977,0
acc_11978,0
acc_11979,0
acc_11980,1
acc_11981,1
acc_11982,0
acc_11983,0
acc_11984,0
acc_11985,0
acc_11986,0
acc_11987,1
acc_11988,0
acc_11989,0
acc_11990,1
acc_11991,1
acc_11992,0
acc_11993,0
acc_11994,0
acc_11995,0
acc_11996,0
acc_11997,0
acc_11998,0
acc_11999,0
acc_12000,0
acc_12001,0
acc_12002,0
acc_12003,0
acc_12004,0
acc_12005,0
acc_12006,0
acc_12007,0
acc_12008,0
acc_12009,0
acc_12010,0
acc_12011,0
acc_12012,1
acc_12013,0
acc_12014,0
acc_12015,0
acc_12016,0
acc_12017,0
acc_12018,0
acc_12019,0
acc_12020,0
acc_12021,0
acc_12022,0
acc_12023,0
acc_12024,0
acc_12025,0
acc_12026,0
acc_12027,0
acc_12028,0
acc_12029,0
acc_12030,0
acc_12031,0
acc_12032,0
acc_12033,0
acc_12034,0
acc_12035,0
acc_12036,0
acc_12037,0
acc_12038,0
acc_12039,0
acc_12040,0
acc_12041,0
acc_12042,0
acc_12043,1
acc_12044,0
acc_12045,0
acc_12046,0
acc_12047,0
acc_12048,1
acc_12049,0
acc_12050,1
acc_12051,0
acc_12052,0
acc_12053,0
acc_12054,0
acc_12055,0
acc_12056,0
acc_12057,0
acc_12058,0
acc_12059,0
acc_12060,0
acc_12061,0
acc_12062,0
acc_12063,0
acc_12064,0
acc_12065,0
acc_12066,0
acc_12067,1
acc_12068,0
acc_12069,0
acc_12070,1
acc_12071,0
acc_12072,0
acc_12073,0
acc_12074,0
acc_12075,0
acc_12076,0
acc_12077,1
acc_12078,0
acc_12079,0
acc_12080,0
acc_12081,0
acc_12082,0
acc_12083,0
acc_12084,0
acc_12085,0
acc_12086,0
acc_12087,0
acc_12088,1
acc_12089,0
acc_12090,0
acc_12091,0
acc_12092,0
acc_12093,1
acc_12094,0
acc_12095,0
acc_12096,0
acc_12097,0
acc_12098,0
acc_12099,0
acc_12100,0
acc_12101,0
acc_12102,0
acc_12103,0
acc_12104,1
acc_12105,1
acc_12106,0
acc_12107,0
acc_12108,0
acc_12109,0
acc_12110,0
acc_12111,0
acc_12112,0
acc_12113,0
acc_12114,0
acc_12115,0
acc_12116,0
acc_12117,0
acc_12118,0
acc_12119,0
acc_12120,0
acc_12121,0
acc_12122,0
acc_12123,0
acc_12124,0
acc_12125,0
acc_12126,0
acc_12127,0
acc_12128,0
acc_12129,0
acc_12130,0
acc_12131,1
acc_12132,0
acc_12133,0
acc_12134,0
acc_12135,0
acc_12136,1
acc_12137,0
acc_12138,0
acc_12139,0
acc_12140,0
acc_12141,0
acc_12142,0
acc_12143,0
acc_12144,0
acc_12145,0
acc_12146,0
acc_12147,1
acc_12148,0
acc_12149,0
acc_12150,0
acc_12151,1
acc_12152,0
acc_12153,0
acc_12154,0
acc_12155,0
acc_12156,0
acc_12157,0
acc_12158,0
acc_12159,1
acc_12160,0
acc_12161,0
acc_12162,0
acc_12163,0
acc_12164,0
acc_12165,0
acc_12166,0
acc_12167,0
acc_12168,0
acc_12169,0
acc_12170,0
acc_12171,0
acc_12172,0
acc_12173,0
acc_12174,0
acc_12175,0
acc_12176,0
acc_12177,0
acc_12178,0
acc_12179,1
acc_12180,0
acc_12181,0
acc_12182,0
acc_12183,0
acc_12184,1
acc_12185,1
acc_12186,0
acc_12187,0
acc_12188,0
acc_12189,0
acc_12190,0
acc_12191,0
acc_12192,0
acc_12193,0
acc_12194,0
acc_12195,0
acc_12196,0
acc_12197,1
acc_12198,0
acc_12199,1
acc_12200,0
acc_12201,0
acc_12202,0
acc_12203,0
acc_12204,1
acc_12205,1
acc_12206,0
acc_12207,0
acc_12208,0
acc_12209,0
acc_12210,0
acc_12211,0
acc_12212,0
acc_12213,0
acc_12214,0
acc_12215,0
acc_12216,1
acc_12217,1
acc_12218,0
acc_12219,0
acc_12220,0
acc_12221,0
acc_12222,0
acc_12223,0
acc_12224,0
acc_12225,1
acc_12226,1
acc_12227,0
acc_12228,1
acc_12229,1
acc_12230,0
acc_12231,0
acc_12232,0
acc_12233,0
acc_12234,0
acc_12235,0
acc_12236,0
acc_12237,0
acc_12238,0
acc_12239,0
acc_12240,0
acc_12241,1
acc_12242,1
acc_12243,0
acc_12244,0
acc_12245,0
acc_12246,0
acc_12247,0
acc_12248,0
acc_12249,0
acc_12250,0
acc_12251,1
acc_12252,0
acc_12253,0
acc_12254,0
acc_12255,0
acc_12256,0
acc_12257,0
acc_12258,0
acc_12259,0
acc_12260,0
acc_12261,0
acc_12262,1
acc_12263,0
acc_12264,0
acc_12265,0
acc_12266,0
acc_12267,0
acc_12268,0
acc_12269,0
acc_12270,0
acc_12271,0
acc_12272,0
acc_12273,0
acc_12274,0
acc_12275,0
acc_12276,0
acc_12277,0
acc_12278,0
acc_12279,0
acc_12280,0
acc_12281,0
acc_12282,0
acc_12283,0
acc_12284,0
acc_12285,1
acc_12286,1
acc_12287,0
acc_12288,1
acc_12289,0
acc_12290,0
acc_12291,0
acc_12292,0
acc_12293,1
acc_12294,1
acc_12295,0
acc_12296,0
acc_12297,0
acc_12298,0
acc_12299,1
acc_12300,0
acc_12301,0
acc_12302,0
acc_12303,1
acc_12304,0
acc_12305,0
acc_12306,0
acc_12307,0
acc_12308,0
acc_12309,1
acc_12310,0
acc_12311,0
acc_12312,0
acc_12313,0
acc_12314,0
acc_12315,0
acc_12316,0
acc_12317,0
acc_12318,0
acc_12319,0
acc_12320,0
acc_12321,0
acc_12322,0
acc_12323,0
acc_12324,0
acc_12325,0
acc_12326,0
acc_12327,0
acc_12328,0
acc_12329,1
acc_12330,0
acc_12331,1
acc_12332,0
acc_12333,0
acc_12334,0
acc_12335,0
acc_12336,1
acc_12337,0
acc_12338,0
acc_12339,0
acc_12340,0
acc_12341,0
acc_12342,1
acc_12343,0
acc_12344,0
acc_12345,0
acc_12346,0
acc_12347,1
acc_12348,0
acc_12349,0
acc_12350,0
acc_12351,0
acc_12352,0
acc_12353,0
acc_12354,0
acc_12355,0
acc_12356,1
acc_12357,0
acc_12358,0
acc_12359,0
acc_12360,0
acc_12361,0
acc_12362,0
acc_12363,0
acc_12364,0
acc_12365,0
acc_12366,0
acc_12367,0
acc_12368,0
acc_12369,0
acc_12370,0
acc_12371,0
acc_12372,0
acc_12373,0
acc_12374,0
acc_12375,0
acc_12376,0
acc_12377,0
acc_12378,0
acc_12379,0
acc_12380,0
acc_12381,0
acc_12382,0
acc_12383,0
acc_12384,0
acc_12385,0
acc_12386,0
acc_12387,0
acc_12388,0
acc_12389,0
acc_12390,0
acc_12391,0
acc_12392,0
acc_12393,1
acc_12394,0
acc_12395,0
acc_12396,0
acc_12397,0
acc_12398,1
acc_12399,0
acc_12400,0
acc_12401,0
acc_12402,0
acc_12403,0
acc_12404,0
acc_12405,0
acc_12406,0
acc_12407,1
acc_12408,0
acc_12409,1
acc_12410,0
acc_12411,0
acc_12412,0
acc_12413,0
acc_12414,0
acc_12415,0
acc_12416,0
acc_12417,0
acc_12418,0
acc_12419,0
acc_12420,0
acc_12421,0
acc_12422,0
acc_12423,0
acc_12424,0
acc_12425,0
acc_12426,0
acc_12427,0
acc_12428,0
acc_12429,0
acc_12430,0
acc_12431,0
acc_12432,0
acc_12433,0
acc_12434,0
acc_12435,0
acc_12436,0
acc_12437,0
acc_12438,0
acc_12439,0
acc_12440,0
acc_12441,1
acc_12442,0
acc_12443,1
acc_12444,0
acc_12445,0
acc_12446,1
acc_12447,0
acc_12448,0
acc_12449,0
acc_12450,0
acc_12451,0
acc_12452,0
acc_12453,0
acc_12454,0
acc_12455,0
acc_12456,0
acc_12457,0
acc_12458,0
acc_12459,0
acc_12460,1
acc_12461,0
acc_12462,0
acc_12463,0
acc_12464,0
acc_12465,0
acc_12466,0
acc_12467,0
acc_12468,0
acc_12469,0
acc_12470,0
acc_12471,0
acc_12472,0
acc_12473,0
acc_12474,0
acc_12475,0
acc_12476,0
acc_12477,0
acc_12478,0
acc_12479,0
acc_12480,1
acc_12481,1
acc_12482,0
acc_12483,0
acc_12484,0
acc_12485,0
acc_12486,0
acc_12487,0
acc_12488,0
acc_12489,0
acc_12490,0
acc_12491,0
acc_12492,0
acc_12493,0
acc_12494,0
acc_12495,0
acc_12496,0
acc_12497,0
acc_12498,1
acc_12499,1
acc_12500,0
acc_12501,0
acc_12502,0
acc_12503,1
acc_12504,0
acc_12505,0
acc_12506,1
acc_12507,0
acc_12508,0
acc_12509,0
acc_12510,0
acc_12511,0
acc_12512,0
acc_12513,1
acc_12514,0
acc_12515,0
acc_12516,0
acc_12517,0
acc_12518,0
acc_12519,0
acc_12520,0
acc_12521,0
acc_12522,0
acc_12523,0
acc_12524,0
acc_12525,0
acc_12526,0
acc_12527,0
acc_12528,0
acc_12529,0
acc_12530,0
acc_12531,0
acc_12532,0
acc_12533,0
acc_12534,0
acc_12535,0
acc_12536,0
acc_12537,0
acc_12538,0
acc_12539,1
acc_12540,0
acc_12541,1
acc_12542,0
acc_12543,0
acc_12544,0
acc_12545,0
acc_12546,0
acc_12547,0
acc_12548,0
acc_12549,0
acc_12550,1
acc_12551,0
acc_12552,1
acc_12553,0
acc_12554,0
acc_12555,0
acc_12556,0
acc_12557,0
acc_12558,0
acc_12559,0
acc_12560,1
acc_12561,0
acc_12562,0
acc_12563,0
acc_12564,0
acc_12565,0
acc_12566,0
acc_12567,0
acc_12568,1
acc_12569,0
acc_12570,0
acc_12571,0
acc_12572,0
acc_12573,1
acc_12574,0
acc_12575,0
acc_12576,0
acc_12577,0
acc_12578,0
acc_12579,0
acc_12580,0
acc_12581,0
acc_12582,0
acc_12583,1
acc_12584,0
acc_12585,0
acc_12586,0
acc_12587,1
acc_12588,0
acc_12589,0
acc_12590,0
acc_12591,0
acc_12592,0
acc_12593,1
acc_12594,0
acc_12595,0
acc_12596,0
acc_12597,0
acc_12598,0
acc_12599,0
acc_12600,0
acc_12601,0
acc_12602,0
acc_12603,0
acc_12604,1
acc_12605,0
acc_12606,0
acc_12607,0
acc_12608,0
acc_12609,0
acc_12610,0
acc_12611,1
acc_12612,0
acc_12613,0
acc_12614,0
acc_12615,0
acc_12616,0
acc_12617,0
acc_12618,0
acc_12619,0
acc_12620,0
acc_12621,0
acc_12622,0
acc_12623,0
acc_12624,0
acc_12625,0
acc_12626,0
acc_12627,0
acc_12628,0
acc_12629,0
acc_12630,1
acc_12631,0
acc_12632,0
acc_12633,0
acc_12634,0
acc_12635,0
acc_12636,0
acc_12637,0
acc_12638,0
acc_12639,1
acc_12640,0
acc_12641,0
acc_12642,0
acc_12643,0
acc_12644,1
acc_12645,0
acc_12646,1
acc_12647,0
acc_12648,0
acc_12649,0
acc_12650,0
acc_12651,0
acc_12652,0
acc_12653,0
acc_12654,0
acc_12655,0
acc_12656,0
acc_12657,0
acc_12658,0
acc_12659,1
acc_12660,0
acc_12661,0
acc_12662,0
acc_12663,0
acc_12664,0
acc_12665,0
acc_12666,0
acc_12667,0
acc_12668,0
acc_12669,0
acc_12670,0
acc_12671,0
acc_12672,0
acc_12673,0
acc_12674,0
acc_12675,1
acc_12676,0
acc_12677,1
acc_12678,0
acc_12679,0
acc_12680,0
acc_12681,0
acc_12682,0
acc_12683,0
acc_12684,1
acc_12685,0
acc_12686,0
acc_12687,0
acc_12688,0
acc_12689,0
acc_12690,0
acc_12691,0
acc_12692,0
acc_12693,0
acc_12694,0
acc_12695,0
acc_12696,0
acc_12697,0
acc_12698,1
acc_12699,1
acc_12700,1
acc_12701,0
acc_12702,0
acc_12703,0
acc_12704,0
acc_12705,0
acc_12706,0
acc_12707,0
acc_12708,0
acc_12709,0
acc_12710,0
acc_12711,0
acc_12712,0
acc_12713,0
acc_12714,0
acc_12715,1
acc_12716,0
acc_12717,1
acc_12718,0
acc_12719,0
acc_12720,0
acc_12721,0
acc_12722,1
acc_12723,0
acc_12724,0
acc_12725,0
acc_12726,1
acc_12727,0
acc_12728,0
acc_12729,0
acc_12730,0
acc_12731,0
acc_12732,0
acc_12733,0
acc_12734,0
acc_12735,0
acc_12736,0
acc_12737,0
acc_12738,0
acc_12739,0
acc_12740,0
acc_12741,0
acc_12742,0
acc_12743,1
acc_12744,0
acc_12745,0
acc_12746,0
acc_12747,0
acc_12748,0
acc_12749,0
acc_12750,1
acc_12751,0
acc_12752,0
acc_12753,0
acc_12754,0
acc_12755,0
acc_12756,0
acc_12757,0
acc_12758,0
acc_12759,0
acc_12760,0
acc_12761,0
acc_12762,0
acc_12763,1
acc_12764,0
acc_12765,0
acc_12766,0
acc_12767,0
acc_12768,0
acc_12769,0
acc_12770,0
acc_12771,0
acc_12772,0
acc_12773,0
acc_12774,0
acc_12775,0
acc_12776,0
acc_12777,0
acc_12778,0
acc_12779,0
acc_12780,0
acc_12781,0
acc_12782,0
acc_12783,0
acc_12784,0
acc_12785,0
acc_12786,0
acc_12787,0
acc_12788,0
acc_12789,0
acc_12790,0
acc_12791,0
acc_12792,0
acc_12793,0
acc_12794,0
acc_12795,0
acc_12796,0
acc_12797,0
acc_12798,0
acc_12799,0
acc_12800,0
acc_12801,0
acc_12802,0
acc_12803,1
acc_12804,0
acc_12805,0
acc_12806,0
acc_12807,0
acc_12808,0
acc_12809,0
acc_12810,0
acc_12811,0
acc_12812,1
acc_12813,0
acc_12814,0
acc_12815,0
acc_12816,0
acc_12817,0
acc_12818,0
acc_12819,0
acc_12820,0
acc_12821,0
acc_12822,0
acc_12823,0
acc_12824,0
acc_12825,0
acc_12826,0
acc_12827,0
acc_12828,0
acc_12829,0
acc_12830,0
acc_12831,1
acc_12832,0
acc_12833,0
acc_12834,0
acc_12835,0
acc_12836,1
acc_12837,0
acc_12838,0
acc_12839,0
acc_12840,0
acc_12841,0
acc_12842,0
acc_12843,0
acc_12844,0
acc_12845,0
acc_12846,0
acc_12847,0
acc_12848,0
acc_12849,0
acc_12850,0
acc_12851,0
acc_12852,0
acc_12853,0
acc_12854,0
acc_12855,0
acc_12856,0
acc_12857,0
acc_12858,0
acc_12859,0
acc_12860,0
acc_12861,1
acc_12862,0
acc_12863,0
acc_12864,0
acc_12865,0
acc_12866,0
acc_12867,0
acc_12868,1
acc_12869,0
acc_12870,0
acc_12871,0
acc_12872,0
acc_12873,0
acc_12874,1
acc_12875,0
acc_12876,1
acc_12877,0
acc_12878,0
acc_12879,0
acc_12880,0
acc_12881,0
acc_12882,0
acc_12883,0
acc_12884,0
acc_12885,1
acc_12886,0
acc_12887,0
acc_12888,0
acc_12889,0
acc_12890,0
acc_12891,0
acc_12892,0
acc_12893,0
acc_12894,0
acc_12895,0
acc_12896,0
acc_12897,0
acc_12898,0
acc_12899,0
acc_12900,0
acc_12901,1
acc_12902,0
acc_12903,0
acc_12904,0
acc_12905,0
acc_12906,0
acc_12907,1
acc_12908,0
acc_12909,0
acc_12910,0
acc_12911,0
acc_12912,0
acc_12913,1
acc_12914,0
acc_12915,0
acc_12916,0
acc_12917,0
acc_12918,0
acc_12919,0
acc_12920,0
acc_12921,0
acc_12922,1
acc_12923,0
acc_12924,0
acc_12925,0
acc_12926,0
acc_12927,0
acc_12928,1
acc_12929,0
acc_12930,0
acc_12931,0
acc_12932,0
acc_12933,0
acc_12934,0
acc_12935,0
acc_12936,1
acc_12937,0
acc_12938,0
acc_12939,0
acc_12940,0
acc_12941,0
acc_12942,0
acc_12943,1
acc_12944,0
acc_12945,0
acc_12946,0
acc_12947,1
acc_12948,1
acc_12949,0
acc_12950,0
acc_12951,1
acc_12952,0
acc_12953,0
acc_12954,0
acc_12955,0
acc_12956,0
acc_12957,0
acc_12958,0
acc_12959,0
acc_12960,0
acc_12961,0
acc_12962,0
acc_12963,0
acc_12964,0
acc_12965,0
acc_12966,0
acc_12967,0
acc_12968,0
acc_12969,0
acc_12970,0
acc_12971,0
acc_12972,0
acc_12973,0
acc_12974,0
acc_12975,0
acc_12976,0
acc_12977,0
acc_12978,0
acc_12979,0
acc_12980,0
acc_12981,0
acc_12982,0
acc_12983,0
acc_12984,1
acc_12985,0
acc_12986,0
acc_12987,1
acc_12988,0
acc_12989,0
acc_12990,0
acc_12991,0
acc_12992,0
acc_12993,0
acc_12994,0
acc_12995,0
acc_12996,0
acc_12997,0
acc_12998,0
acc_12999,0
acc_13000,0
acc_13001,1
acc_13002,0
acc_13003,0
acc_13004,0
acc_13005,0
acc_13006,0
acc_13007,1
acc_13008,1
acc_13009,0
acc_13010,0
acc_13011,0
acc_13012,0
acc_13013,1
acc_13014,0
acc_13015,0
acc_13016,0
acc_13017,0
acc_13018,0
acc_13019,0
acc_13020,1
acc_13021,0
acc_13022,0
acc_13023,1
acc_13024,0
acc_13025,0
acc_13026,0
acc_13027,0
acc_13028,0
acc_13029,0
acc_13030,0
acc_13031,0
acc_13032,1
acc_13033,0
acc_13034,0
acc_13035,0
acc_13036,0
acc_13037,1
acc_13038,0
acc_13039,0
acc_13040,1
acc_13041,0
acc_13042,0
acc_13043,0
acc_13044,0
acc_13045,1
acc_13046,0
acc_13047,0
acc_13048,0
acc_13049,0
acc_13050,0
acc_13051,1
acc_13052,0
acc_13053,0
acc_13054,0
acc_13055,0
acc_13056,0
acc_13057,0
acc_13058,0
acc_13059,0
acc_13060,0
acc_13061,0
acc_13062,0
acc_13063,0
acc_13064,0
acc_13065,0
acc_13066,0
acc_13067,0
acc_13068,0
acc_13069,0
acc_13070,0
acc_13071,0
acc_13072,1
acc_13073,0
acc_13074,0
acc_13075,0
acc_13076,0
acc_13077,0
acc_13078,0
acc_13079,0
acc_13080,0
acc_13081,0
acc_13082,0
acc_13083,0
acc_13084,0
acc_13085,0
acc_13086,0
acc_13087,0
acc_13088,1
acc_13089,0
acc_13090,0
acc_13091,0
acc_13092,0
acc_13093,0
acc_13094,0
acc_13095,0
acc_13096,0
acc_13097,0
acc_13098,0
acc_13099,0
acc_13100,0
acc_13101,0
acc_13102,0
acc_13103,0
acc_13104,0
acc_13105,0
acc_13106,0
acc_13107,0
acc_13108,0
acc_13109,0
acc_13110,0
acc_13111,0
acc_13112,0
acc_13113,0
acc_13114,0
acc_13115,1
acc_13116,0
acc_13117,0
acc_13118,0
acc_13119,0
acc_13120,0
acc_13121,0
acc_13122,0
acc_13123,0
acc_13124,0
acc_13125,1
acc_13126,1
acc_13127,0
acc_13128,1
acc_13129,0
acc_13130,0
acc_13131,0
acc_13132,0
acc_13133,1
acc_13134,1
acc_13135,0
acc_13136,0
acc_13137,1
acc_13138,0
acc_13139,0
acc_13140,0
acc_13141,0
acc_13142,0
acc_13143,0
acc_13144,0
acc_13145,0
acc_13146,0
acc_13147,0
acc_13148,0
acc_13149,0
acc_13150,0
acc_13151,0
acc_13152,1
acc_13153,0
acc_13154,0
acc_13155,0
acc_13156,0
acc_13157,0
acc_13158,0
acc_13159,0
acc_13160,0
acc_13161,0
acc_13162,0
acc_13163,1
acc_13164,0
acc_13165,0
acc_13166,0
acc_13167,0
acc_13168,0
acc_13169,0
acc_13170,0
acc_13171,0
acc_13172,0
acc_13173,0
acc_13174,0
acc_13175,0
acc_13176,0
acc_13177,0
acc_13178,0
acc_13179,0
acc_13180,0
acc_13181,0
acc_13182,0
acc_13183,0
acc_13184,0
acc_13185,0
acc_13186,0
acc_13187,0
acc_13188,0
acc_13189,0
acc_13190,0
acc_13191,0
acc_13192,0
acc_13193,0
acc_13194,0
acc_13195,0
acc_13196,0
acc_13197,0
acc_13198,0
acc_13199,0
acc_13200,1
acc_13201,0
acc_13202,0
acc_13203,0
acc_13204,1
acc_13205,0
acc_13206,0
acc_13207,0
acc_13208,0
acc_13209,0
acc_13210,0
acc_13211,0
acc_13212,0
acc_13213,1
acc_13214,1
acc_13215,0
acc_13216,0
acc_13217,0
acc_13218,1
acc_13219,1
acc_13220,0
acc_13221,0
acc_13222,0
acc_13223,0
acc_13224,0
acc_13225,0
acc_13226,0
acc_13227,0
acc_13228,0
acc_13229,0
acc_13230,0
acc_13231,0
acc_13232,0
acc_13233,0
acc_13234,0
acc_13235,0
acc_13236,1
acc_13237,0
acc_13238,0
acc_13239,0
acc_13240,0
acc_13241,1
acc_13242,0
acc_13243,0
acc_13244,0
acc_13245,0
acc_13246,0
acc_13247,0
acc_13248,0
acc_13249,0
acc_13250,0
acc_13251,0
acc_13252,0
acc_13253,0
acc_13254,0
acc_13255,0
acc_13256,0
acc_13257,1
acc_13258,0
acc_13259,0
acc_13260,0
acc_13261,0
acc_13262,0
acc_13263,0
acc_13264,0
acc_13265,0
acc_13266,0
acc_13267,0
acc_13268,0
acc_13269,0
acc_13270,0
acc_13271,0
acc_13272,0
acc_13273,0
acc_13274,0
acc_13275,1
acc_13276,0
acc_13277,0
acc_13278,0
acc_13279,0
acc_13280,0
acc_13281,0
acc_13282,0
acc_13283,0
acc_13284,1
acc_13285,1
acc_13286,0
acc_13287,1
acc_13288,0
acc_13289,0
acc_13290,0
acc_13291,0
acc_13292,0
acc_13293,0
acc_13294,0
acc_13295,0
acc_13296,0
acc_13297,0
acc_13298,1
acc_13299,0
acc_13300,0
acc_13301,0
acc_13302,0
acc_13303,0
acc_13304,0
acc_13305,0
acc_13306,0
acc_13307,0
acc_13308,0
acc_13309,0
acc_13310,0
acc_13311,0
acc_13312,0
acc_13313,0
acc_13314,0
acc_13315,0
acc_13316,0
acc_13317,0
acc_13318,0
acc_13319,0
acc_13320,1
acc_13321,0
acc_13322,0
acc_13323,0
acc_13324,1
acc_13325,0
acc_13326,0
acc_13327,0
acc_13328,0
acc_13329,0
acc_13330,0
acc_13331,0
acc_13332,0
acc_13333,1
acc_13334,0
acc_13335,0
acc_13336,0
acc_13337,0
acc_13338,0
acc_13339,0
acc_13340,1
acc_13341,0
acc_13342,1
acc_13343,0
acc_13344,0
acc_13345,0
acc_13346,0
acc_13347,0
acc_13348,0
acc_13349,0
acc_13350,0
acc_13351,0
acc_13352,0
acc_13353,0
acc_13354,0
acc_13355,0
acc_13356,0
acc_13357,1
acc_13358,0
acc_13359,0
acc_13360,0
acc_13361,0
acc_13362,0
acc_13363,0
acc_13364,0
acc_13365,0
acc_13366,0
acc_13367,0
acc_13368,0
acc_13369,0
acc_13370,0
acc_13371,0
acc_13372,0
acc_13373,0
acc_13374,0
acc_13375,0
acc_13376,0
acc_13377,0
acc_13378,0
acc_13379,0
acc_13380,0
acc_13381,0
acc_13382,0
acc_13383,0
acc_13384,0
acc_13385,0
acc_13386,0
acc_13387,0
acc_13388,0
acc_13389,0
acc_13390,1
acc_13391,0
acc_13392,0
acc_13393,0
acc_13394,0
acc_13395,0
acc_13396,0
acc_13397,0
acc_13398,0
acc_13399,0
acc_13400,0
acc_13401,0
acc_13402,0
acc_13403,0
acc_13404,0
acc_13405,0
acc_13406,0
acc_13407,0
acc_13408,1
acc_13409,1
acc_13410,0
acc_13411,1
acc_13412,0
acc_13413,0
acc_13414,0
acc_13415,0
acc_13416,1
acc_13417,0
acc_13418,1
acc_13419,0
acc_13420,0
acc_13421,0
acc_13422,0
acc_13423,0
acc_13424,0
acc_13425,0
acc_13426,1
acc_13427,0
acc_13428,0
acc_13429,0
acc_13430,0
acc_13431,0
acc_13432,0
acc_13433,0
acc_13434,0
acc_13435,0
acc_13436,1
acc_13437,0
acc_13438,0
acc_13439,1
acc_13440,0
acc_13441,0
acc_13442,0
acc_13443,0
acc_13444,0
acc_13445,0
acc_13446,0
acc_13447,1
acc_13448,0
acc_13449,0
acc_13450,0
acc_13451,0
acc_13452,0
acc_13453,0
acc_13454,0
acc_13455,0
acc_13456,0
acc_13457,0
acc_13458,0
acc_13459,0
acc_13460,0
acc_13461,0
acc_13462,0
acc_13463,0
acc_13464,1
acc_13465,0
acc_13466,0
acc_13467,0
acc_13468,0
acc_13469,0
acc_13470,0
acc_13471,0
acc_13472,0
acc_13473,0
acc_13474,0
acc_13475,0
acc_13476,1
acc_13477,0
acc_13478,0
acc_13479,0
acc_13480,0
acc_13481,0
acc_13482,0
acc_13483,0
acc_13484,0
acc_13485,0
acc_13486,0
acc_13487,1
acc_13488,0
acc_13489,0
acc_13490,1
acc_13491,0
acc_13492,0
acc_13493,0
acc_13494,0
acc_13495,0
acc_13496,0
acc_13497,0
acc_13498,0
acc_13499,0
acc_13500,1
acc_13501,0
acc_13502,0
acc_13503,0
acc_13504,0
acc_13505,0
acc_13506,0
acc_13507,0
acc_13508,0
acc_13509,0
acc_13510,0
acc_13511,1
acc_13512,0
acc_13513,0
acc_13514,1
acc_13515,0
acc_13516,0
acc_13517,0
acc_13518,0
acc_13519,0
acc_13520,0
acc_13521,1
acc_13522,0
acc_13523,0
acc_13524,1
acc_13525,0
acc_13526,0
acc_13527,0
acc_13528,0
acc_13529,0
acc_13530,0
acc_13531,1
acc_13532,0
acc_13533,0
acc_13534,0
acc_13535,1
acc_13536,1
acc_13537,0
acc_13538,0
acc_13539,0
acc_13540,1
acc_13541,0
acc_13542,0
acc_13543,1
acc_13544,0
acc_13545,0
acc_13546,0
acc_13547,0
acc_13548,0
acc_13549,0
acc_13550,0
acc_13551,0
acc_13552,0
acc_13553,0
acc_13554,0
acc_13555,0
acc_13556,0
acc_13557,0
acc_13558,0
acc_13559,1
acc_13560,0
acc_13561,0
acc_13562,0
acc_13563,0
acc_13564,0
acc_13565,1
acc_13566,1
acc_13567,0
acc_13568,0
acc_13569,0
acc_13570,0
acc_13571,0
acc_13572,0
acc_13573,1
acc_13574,0
acc_13575,0
acc_13576,0
acc_13577,0
acc_13578,0
acc_13579,0
acc_13580,0
acc_13581,1
acc_13582,0
acc_13583,0
acc_13584,0
acc_13585,0
acc_13586,1
acc_13587,0
acc_13588,0
acc_13589,0
acc_13590,0
acc_13591,0
acc_13592,0
acc_13593,0
acc_13594,0
acc_13595,0
acc_13596,0
acc_13597,0
acc_13598,0
acc_13599,0
acc_13600,0
acc_13601,0
acc_13602,0
acc_13603,0
acc_13604,1
acc_13605,0
acc_13606,0
acc_13607,0
acc_13608,0
acc_13609,0
acc_13610,0
acc_13611,0
acc_13612,0
acc_13613,0
acc_13614,0
acc_13615,0
acc_13616,0
acc_13617,0
acc_13618,0
acc_13619,1
acc_13620,0
acc_13621,0
acc_13622,0
acc_13623,0
acc_13624,0
acc_13625,0
acc_13626,1
acc_13627,0
acc_13628,0
acc_13629,1
acc_13630,0
acc_13631,0
acc_13632,1
acc_13633,0
acc_13634,0
acc_13635,0
acc_13636,0
acc_13637,0
acc_13638,0
acc_13639,1
acc_13640,0
acc_13641,0
acc_13642,0
acc_13643,0
acc_13644,0
acc_13645,0
acc_13646,0
acc_13647,0
acc_13648,0
acc_13649,1
acc_13650,0
acc_13651,0
acc_13652,0
acc_13653,0
acc_13654,0
acc_13655,0
acc_13656,1
acc_13657,0
acc_13658,0
acc_13659,0
acc_13660,0
acc_13661,0
acc_13662,0
acc_13663,0
acc_13664,0
acc_13665,0
acc_13666,0
acc_13667,0
acc_13668,0
acc_13669,0
acc_13670,0
acc_13671,0
acc_13672,0
acc_13673,0
acc_13674,0
acc_13675,0
acc_13676,0
acc_13677,0
acc_13678,0
acc_13679,1
acc_13680,0
acc_13681,0
acc_13682,0
acc_13683,0
acc_13684,0
acc_13685,0
acc_13686,0
acc_13687,0
acc_13688,0
acc_13689,0
acc_13690,0
acc_13691,0
acc_13692,0
acc_13693,1
acc_13694,0
acc_13695,0
acc_13696,0
acc_13697,0
acc_13698,0
acc_13699,0
acc_13700,0
acc_13701,1
acc_13702,0
acc_13703,0
acc_13704,0
acc_13705,0
acc_13706,0
acc_13707,0
acc_13708,0
acc_13709,0
acc_13710,0
acc_13711,0
acc_13712,0
acc_13713,0
acc_13714,0
acc_13715,1
acc_13716,0
acc_13717,1
acc_13718,0
acc_13719,0
acc_13720,0
acc_13721,0
acc_13722,1
acc_13723,0
acc_13724,1
acc_13725,0
acc_13726,0
acc_13727,0
acc_13728,0
acc_13729,0
acc_13730,0
acc_13731,0
acc_13732,1
acc_13733,0
acc_13734,0
acc_13735,0
acc_13736,0
acc_13737,0
acc_13738,0
acc_13739,0
acc_13740,0
acc_13741,1
acc_13742,0
acc_13743,0
acc_13744,0
acc_13745,0
acc_13746,0
acc_13747,0
acc_13748,0
acc_13749,1
acc_13750,0
acc_13751,1
acc_13752,0
acc_13753,0
acc_13754,0
acc_13755,1
acc_13756,1
acc_13757,0
acc_13758,0
acc_13759,0
acc_13760,0
acc_13761,0
acc_13762,0
acc_13763,0
acc_13764,0
acc_13765,0
acc_13766,0
acc_13767,0
acc_13768,0
acc_13769,0
acc_13770,0
acc_13771,0
acc_13772,0
acc_13773,0
acc_13774,0
acc_13775,0
acc_13776,0
acc_13777,0
acc_13778,1
acc_13779,0
acc_13780,0
acc_13781,0
acc_13782,0
acc_13783,0
acc_13784,1
acc_13785,0
acc_13786,0
acc_13787,0
acc_13788,0
acc_13789,0
acc_13790,1
acc_13791,1
acc_13792,0
acc_13793,0
acc_13794,0
acc_13795,0
acc_13796,0
acc_13797,0
acc_13798,0
acc_13799,0
acc_13800,0
acc_13801,0
acc_13802,0
acc_13803,0
acc_13804,0
acc_13805,0
acc_13806,0
acc_13807,0
acc_13808,0
acc_13809,0
acc_13810,0
acc_13811,0
acc_13812,0
acc_13813,0
acc_13814,0
acc_13815,0
acc_13816,0
acc_13817,0
acc_13818,0
acc_13819,1
acc_13820,0
acc_13821,0
acc_13822,0
acc_13823,0
acc_13824,0
acc_13825,0
acc_13826,0
acc_13827,0
acc_13828,0
acc_13829,0
acc_13830,0
acc_13831,0
acc_13832,0
acc_13833,0
acc_13834,0
acc_13835,0
acc_13836,0
acc_13837,0
acc_13838,1
acc_13839,0
acc_13840,1
acc_13841,0
acc_13842,0
acc_13843,0
acc_13844,0
acc_13845,0
acc_13846,0
acc_13847,0
acc_13848,0
acc_13849,0
acc_13850,0
acc_13851,0
acc_13852,0
acc_13853,0
acc_13854,0
acc_13855,0
acc_13856,0
acc_13857,0
acc_13858,0
acc_13859,0
acc_13860,0
acc_13861,0
acc_13862,1
acc_13863,0
acc_13864,0
acc_13865,0
acc_13866,1
acc_13867,0
acc_13868,0
acc_13869,0
acc_13870,0
acc_13871,0
acc_13872,0
acc_13873,1
acc_13874,0
acc_13875,0
acc_13876,0
acc_13877,0
acc_13878,0
acc_13879,0
acc_13880,0
acc_13881,0
acc_13882,0
acc_13883,0
acc_13884,0
acc_13885,0
acc_13886,0
acc_13887,1
acc_13888,0
acc_13889,0
acc_13890,0
acc_13891,1
acc_13892,0
acc_13893,0
acc_13894,0
acc_13895,0
acc_13896,0
acc_13897,0
acc_13898,0
acc_13899,0
acc_13900,1
acc_13901,0
acc_13902,0
acc_13903,0
acc_13904,0
acc_13905,0
acc_13906,0
acc_13907,0
acc_13908,0
acc_13909,0
acc_13910,0
acc_13911,0
acc_13912,0
acc_13913,0
acc_13914,0
acc_13915,0
acc_13916,0
acc_13917,0
acc_13918,0
acc_13919,0
acc_13920,0
acc_13921,0
acc_13922,0
acc_13923,0
acc_13924,0
acc_13925,0
acc_13926,0
acc_13927,0
acc_13928,0
acc_13929,0
acc_13930,0
acc_13931,0
acc_13932,0
acc_13933,0
acc_13934,0
acc_13935,0
acc_13936,0
acc_13937,0
acc_13938,0
acc_13939,0
acc_13940,0
acc_13941,0
acc_13942,0
acc_13943,0
acc_13944,0
acc_13945,0
acc_13946,0
acc_13947,0
acc_13948,0
acc_13949,0
acc_13950,0
acc_13951,0
acc_13952,0
acc_13953,0
acc_13954,0
acc_13955,0
acc_13956,0
acc_13957,0
acc_13958,0
acc_13959,1
acc_13960,0
acc_13961,1
acc_13962,0
acc_13963,0
acc_13964,0
acc_13965,0
acc_13966,0
acc_13967,0
acc_13968,0
acc_13969,0
acc_13970,0
acc_13971,0
acc_13972,0
acc_13973,0
acc_13974,0
acc_13975,0
acc_13976,0
acc_13977,0
acc_13978,0
acc_13979,0
acc_13980,1
acc_13981,0
acc_13982,0
acc_13983,0
acc_13984,0
acc_13985,0
acc_13986,0
acc_13987,0
acc_13988,0
acc_13989,0
acc_13990,0
acc_13991,0
acc_13992,0
acc_13993,0
acc_13994,0
acc_13995,0
acc_13996,0
acc_13997,0
acc_13998,0
acc_13999,0
acc_14000,0
acc_14001,0
acc_14002,0
acc_14003,0
acc_14004,0
acc_14005,0
acc_14006,0
acc_14007,0
acc_14008,0
acc_14009,0
acc_14010,0
acc_14011,1
acc_14012,0
acc_14013,0
acc_14014,0
acc_14015,0
acc_14016,0
acc_14017,0
acc_14018,1
acc_14019,0
acc_14020,0
acc_14021,0
acc_14022,0
acc_14023,0
acc_14024,0
acc_14025,0
acc_14026,0
acc_14027,0
acc_14028,0
acc_14029,0
acc_14030,1
acc_14031,0
acc_14032,0
acc_14033,0
acc_14034,1
acc_14035,0
acc_14036,0
acc_14037,0
acc_14038,0
acc_14039,0
acc_14040,0
acc_14041,1
acc_14042,0
acc_14043,0
acc_14044,0
acc_14045,0
acc_14046,0
acc_14047,0
acc_14048,0
acc_14049,0
acc_14050,0
acc_14051,0
acc_14052,0
acc_14053,0
acc_14054,0
acc_14055,0
acc_14056,1
acc_14057,0
acc_14058,1
acc_14059,0
acc_14060,0
acc_14061,0
acc_14062,0
acc_14063,0
acc_14064,0
acc_14065,0
acc_14066,0
acc_14067,0
acc_14068,1
acc_14069,0
acc_14070,1
acc_14071,0
acc_14072,0
acc_14073,0
acc_14074,0
acc_14075,0
acc_14076,0
acc_14077,0
acc_14078,1
acc_14079,0
acc_14080,0
acc_14081,0
acc_14082,0
acc_14083,0
acc_14084,0
acc_14085,0
acc_14086,0
acc_14087,0
acc_14088,0
acc_14089,0
acc_14090,0
acc_14091,0
acc_14092,0
acc_14093,0
acc_14094,0
acc_14095,0
acc_14096,0
acc_14097,0
acc_14098,0
acc_14099,0
acc_14100,0
acc_14101,0
acc_14102,0
acc_14103,0
acc_14104,0
acc_14105,0
acc_14106,0
acc_14107,0
acc_14108,0
acc_14109,0
acc_14110,0
acc_14111,0
acc_14112,0
acc_14113,0
acc_14114,0
acc_14115,0
acc_14116,0
acc_14117,0
acc_14118,0
acc_14119,0
acc_14120,1
acc_14121,0
acc_14122,0
acc_14123,0
acc_14124,0
acc_14125,0
acc_14126,0
acc_14127,0
acc_14128,0
acc_14129,0
acc_14130,0
acc_14131,0
acc_14132,0
acc_14133,1
acc_14134,0
acc_14135,0
acc_14136,0
acc_14137,0
acc_14138,0
acc_14139,1
acc_14140,0
acc_14141,0
acc_14142,0
acc_14143,0
acc_14144,0
acc_14145,0
acc_14146,0
acc_14147,0
acc_14148,0
acc_14149,0
acc_14150,0
acc_14151,1
acc_14152,0
acc_14153,0
acc_14154,0
acc_14155,0
acc_14156,0
acc_14157,0
acc_14158,0
acc_14159,0
acc_14160,0
acc_14161,0
acc_14162,1
acc_14163,0
acc_14164,0
acc_14165,0
acc_14166,0
acc_14167,0
acc_14168,0
acc_14169,0
acc_14170,0
acc_14171,0
acc_14172,0
acc_14173,0
acc_14174,0
acc_14175,0
acc_14176,1
acc_14177,0
acc_14178,0
acc_14179,0
acc_14180,0
acc_14181,0
acc_14182,1
acc_14183,1
acc_14184,0
acc_14185,0
acc_14186,0
acc_14187,0
acc_14188,0
acc_14189,1
acc_14190,0
acc_14191,0
acc_14192,0
acc_14193,1
acc_14194,0
acc_14195,0
acc_14196,0
acc_14197,0
acc_14198,0
acc_14199,0
acc_14200,0
acc_14201,0
acc_14202,0
acc_14203,0
acc_14204,0
acc_14205,0
acc_14206,0
acc_14207,0
acc_14208,0
acc_14209,0
acc_14210,1
acc_14211,1
acc_14212,0
acc_14213,0
acc_14214,0
acc_14215,0
acc_14216,0
acc_14217,0
acc_14218,0
acc_14219,0
acc_14220,0
acc_14221,0
acc_14222,0
acc_14223,0
acc_14224,0
acc_14225,0
acc_14226,0
acc_14227,1
acc_14228,0
acc_14229,0
acc_14230,0
acc_14231,0
acc_14232,0
acc_14233,0
acc_14234,0
acc_14235,0
acc_14236,0
acc_14237,1
acc_14238,0
acc_14239,0
acc_14240,0
acc_14241,0
acc_14242,0
acc_14243,0
acc_14244,0
acc_14245,0
acc_14246,0
acc_14247,0
acc_14248,0
acc_14249,0
acc_14250,0
acc_14251,0
acc_14252,0
acc_14253,1
acc_14254,0
acc_14255,0
acc_14256,0
acc_14257,0
acc_14258,0
acc_14259,0
acc_14260,0
acc_14261,1
acc_14262,0
acc_14263,0
acc_14264,0
acc_14265,0
acc_14266,1
acc_14267,0
acc_14268,0
acc_14269,0
acc_14270,0
acc_14271,0
acc_14272,0
acc_14273,0
acc_14274,0
acc_14275,0
acc_14276,0
acc_14277,0
acc_14278,0
acc_14279,0
acc_14280,0
acc_14281,0
acc_14282,0
acc_14283,0
acc_14284,0
acc_14285,0
acc_14286,0
acc_14287,0
acc_14288,0
acc_14289,0
acc_14290,1
acc_14291,0
acc_14292,0
acc_14293,0
acc_14294,0
acc_14295,0
acc_14296,0
acc_14297,0
acc_14298,0
acc_14299,0
acc_14300,0
acc_14301,0
acc_14302,0
acc_14303,0
acc_14304,0
acc_14305,0
acc_14306,0
acc_14307,0
acc_14308,0
acc_14309,0
acc_14310,0
acc_14311,0
acc_14312,0
acc_14313,0
acc_14314,0
acc_14315,1
acc_14316,0
acc_14317,0
acc_14318,0
acc_14319,0
acc_14320,0
acc_14321,0
acc_14322,0
acc_14323,0
acc_14324,0
acc_14325,0
acc_14326,0
acc_14327,0
acc_14328,0
acc_14329,0
acc_14330,0
acc_14331,0
acc_14332,0
acc_14333,0
acc_14334,0
acc_14335,0
acc_14336,0
acc_14337,0
acc_14338,0
acc_14339,0
acc_14340,0
acc_14341,0
acc_14342,0
acc_14343,1
acc_14344,0
acc_14345,0
acc_14346,0
acc_14347,0
acc_14348,0
acc_14349,0
acc_14350,0
acc_14351,0
acc_14352,0
acc_14353,0
acc_14354,0
acc_14355,0
acc_14356,0
acc_14357,1
acc_14358,0
acc_14359,1
acc_14360,0
acc_14361,0
acc_14362,0
acc_14363,0
acc_14364,0
acc_14365,0
acc_14366,1
acc_14367,0
acc_14368,0
acc_14369,0
acc_14370,0
acc_14371,0
acc_14372,0
acc_14373,0
acc_14374,0
acc_14375,0
acc_14376,0
acc_14377,0
acc_14378,0
acc_14379,0
acc_14380,0
acc_14381,0
acc_14382,0
acc_14383,0
acc_14384,1
acc_14385,0
acc_14386,0
acc_14387,0
acc_14388,0
acc_14389,0
acc_14390,0
acc_14391,0
acc_14392,0
acc_14393,0
acc_14394,0
acc_14395,0
acc_14396,0
acc_14397,0
acc_14398,0
acc_14399,0
acc_14400,0
acc_14401,0
acc_14402,0
acc_14403,0
acc_14404,1
acc_14405,0
acc_14406,0
acc_14407,0
acc_14408,0
acc_14409,0
acc_14410,0
acc_14411,0
acc_14412,0
acc_14413,0
acc_14414,1
acc_14415,0
acc_14416,0
acc_14417,0
acc_14418,0
acc_14419,0
acc_14420,0
acc_14421,1
acc_14422,0
acc_14423,0
acc_14424,0
acc_14425,0
acc_14426,0
acc_14427,0
acc_14428,0
acc_14429,0
acc_14430,0
acc_14431,0
acc_14432,0
acc_14433,0
acc_14434,0
acc_14435,0
acc_14436,0
acc_14437,0
acc_14438,0
acc_14439,0
acc_14440,1
acc_14441,0
acc_14442,0
acc_14443,0
acc_14444,0
acc_14445,0
acc_14446,0
acc_14447,0
acc_14448,0
acc_14449,0
acc_14450,0
acc_14451,1
acc_14452,0
acc_14453,0
acc_14454,0
acc_14455,0
acc_14456,0
acc_14457,0
acc_14458,0
acc_14459,0
acc_14460,1
acc_14461,0
acc_14462,0
acc_14463,0
acc_14464,0
acc_14465,0
acc_14466,0
acc_14467,0
acc_14468,0
acc_14469,0
acc_14470,0
acc_14471,0
acc_14472,0
acc_14473,0
acc_14474,0
acc_14475,0
acc_14476,0
acc_14477,0
acc_14478,0
acc_14479,0
acc_14480,0
acc_14481,0
acc_14482,0
acc_14483,0
acc_14484,0
acc_14485,0
acc_14486,0
acc_14487,0
acc_14488,0
acc_14489,0
acc_14490,0
acc_14491,0
acc_14492,0
acc_14493,0
acc_14494,0
acc_14495,1
acc_14496,1
acc_14497,0
acc_14498,0
acc_14499,0
acc_14500,0
acc_14501,0
acc_14502,0
acc_14503,0
acc_14504,0
acc_14505,0
acc_14506,0
acc_14507,0
acc_14508,1
acc_14509,0
acc_14510,0
acc_14511,0
acc_14512,0
acc_14513,0
acc_14514,0
acc_14515,0
acc_14516,0
acc_14517,0
acc_14518,1
acc_14519,0
acc_14520,0
acc_14521,0
acc_14522,0
acc_14523,0
acc_14524,0
acc_14525,0
acc_14526,0
acc_14527,0
acc_14528,0
acc_14529,0
acc_14530,1
acc_14531,0
acc_14532,0
acc_14533,0
acc_14534,0
acc_14535,0
acc_14536,0
acc_14537,0
acc_14538,0
acc_14539,0
acc_14540,0
acc_14541,0
acc_14542,0
acc_14543,0
acc_14544,0
acc_14545,0
acc_14546,0
acc_14547,0
acc_14548,0
acc_14549,0
acc_14550,0
acc_14551,0
acc_14552,0
acc_14553,0
acc_14554,0
acc_14555,0
acc_14556,0
acc_14557,0
acc_14558,0
acc_14559,1
acc_14560,0
acc_14561,0
acc_14562,0
acc_14563,0
acc_14564,0
acc_14565,0
acc_14566,0
acc_14567,0
acc_14568,0
acc_14569,0
acc_14570,0
acc_14571,0
acc_14572,0
acc_14573,0
acc_14574,0
acc_14575,0
acc_14576,0
acc_14577,0
acc_14578,0
acc_14579,0
acc_14580,0
acc_14581,0
acc_14582,0
acc_14583,1
acc_14584,0
acc_14585,1
acc_14586,0
acc_14587,0
acc_14588,0
acc_14589,0
acc_14590,0
acc_14591,0
acc_14592,0
acc_14593,1
acc_14594,0
acc_14595,0
acc_14596,0
acc_14597,0
acc_14598,0
acc_14599,0
acc_14600,1
acc_14601,0
acc_14602,0
acc_14603,1
acc_14604,0
acc_14605,0
acc_14606,0
acc_14607,0
acc_14608,0
acc_14609,0
acc_14610,0
acc_14611,0
acc_14612,0
acc_14613,0
acc_14614,1
acc_14615,0
acc_14616,0
acc_14617,1
acc_14618,0
acc_14619,0
acc_14620,0
acc_14621,1
acc_14622,0
acc_14623,1
acc_14624,0
acc_14625,0
acc_14626,0
acc_14627,0
acc_14628,1
acc_14629,0
acc_14630,0
acc_14631,0
acc_14632,0
acc_14633,0
acc_14634,1
acc_14635,1
acc_14636,0
acc_14637,0
acc_14638,1
acc_14639,1
acc_14640,0
acc_14641,0
acc_14642,0
acc_14643,0
acc_14644,0
acc_14645,0
acc_14646,0
acc_14647,0
acc_14648,0
acc_14649,1
acc_14650,0
acc_14651,1
acc_14652,0
acc_14653,0
acc_14654,0
acc_14655,0
acc_14656,0
acc_14657,0
acc_14658,0
acc_14659,0
acc_14660,0
acc_14661,0
acc_14662,0
acc_14663,0
acc_14664,0
acc_14665,0
acc_14666,0
acc_14667,0
acc_14668,0
acc_14669,0
acc_14670,0
acc_14671,0
acc_14672,0
acc_14673,0
acc_14674,0
acc_14675,0
acc_14676,0
acc_14677,0
acc_14678,0
acc_14679,0
acc_14680,0
acc_14681,0
acc_14682,0
acc_14683,1
acc_14684,0
acc_14685,0
acc_14686,0
acc_14687,0
acc_14688,0
acc_14689,0
acc_14690,0
acc_14691,0
acc_14692,0
acc_14693,0
acc_14694,0
acc_14695,0
acc_14696,0
acc_14697,0
acc_14698,0
acc_14699,1
acc_14700,0
acc_14701,0
acc_14702,0
acc_14703,0
acc_14704,0
acc_14705,0
acc_14706,1
acc_14707,0
acc_14708,0
acc_14709,0
acc_14710,0
acc_14711,0
acc_14712,0
acc_14713,0
acc_14714,1
acc_14715,0
acc_14716,0
acc_14717,0
acc_14718,0
acc_14719,0
acc_14720,0
acc_14721,0
acc_14722,0
acc_14723,0
acc_14724,0
acc_14725,0
acc_14726,0
acc_14727,0
acc_14728,0
acc_14729,0
acc_14730,0
acc_14731,1
acc_14732,1
acc_14733,0
acc_14734,0
acc_14735,0
acc_14736,0
acc_14737,0
acc_14738,1
acc_14739,0
acc_14740,0
acc_14741,0
acc_14742,0
acc_14743,0
acc_14744,1
acc_14745,0
acc_14746,0
acc_14747,0
acc_14748,0
acc_14749,0
acc_14750,0
acc_14751,0
acc_14752,0
acc_14753,0
acc_14754,0
acc_14755,0
acc_14756,0
acc_14757,1
acc_14758,0
acc_14759,0
acc_14760,0
acc_14761,0
acc_14762,0
acc_14763,1
acc_14764,0
acc_14765,0
acc_14766,1
acc_14767,0
acc_14768,0
acc_14769,1
acc_14770,0
acc_14771,0
acc_14772,0
acc_14773,0
acc_14774,0
acc_14775,0
acc_14776,0
acc_14777,0
acc_14778,1
acc_14779,0
acc_14780,0
acc_14781,0
acc_14782,1
acc_14783,0
acc_14784,0
acc_14785,0
acc_14786,0
acc_14787,1
acc_14788,0
acc_14789,0
acc_14790,0
acc_14791,0
acc_14792,0
acc_14793,0
acc_14794,0
acc_14795,0
acc_14796,0
acc_14797,0
acc_14798,0
acc_14799,0
acc_14800,0
acc_14801,0
acc_14802,0
acc_14803,0
acc_14804,0
acc_14805,0
acc_14806,0
acc_14807,0
acc_14808,0
acc_14809,0
acc_14810,1
acc_14811,0
acc_14812,1
acc_14813,0
acc_14814,0
acc_14815,0
acc_14816,0
acc_14817,1
acc_14818,0
acc_14819,0
acc_14820,0
acc_14821,0
acc_14822,0
acc_14823,0
acc_14824,0
acc_14825,0
acc_14826,0
acc_14827,0
acc_14828,1
acc_14829,0
acc_14830,1
acc_14831,0
acc_14832,0
acc_14833,0
acc_14834,0
acc_14835,1
acc_14836,0
acc_14837,0
acc_14838,1
acc_14839,0
acc_14840,0
acc_14841,0
acc_14842,0
acc_14843,1
acc_14844,0
acc_14845,0
acc_14846,0
acc_14847,0
acc_14848,0
acc_14849,0
acc_14850,0
acc_14851,0
acc_14852,0
acc_14853,0
acc_14854,0
acc_14855,0
acc_14856,1
acc_14857,0
acc_14858,0
acc_14859,1
acc_14860,0
acc_14861,1
acc_14862,0
acc_14863,0
acc_14864,0
acc_14865,0
acc_14866,0
acc_14867,0
acc_14868,0
acc_14869,0
acc_14870,0
acc_14871,0
acc_14872,0
acc_14873,0
acc_14874,0
acc_14875,0
acc_14876,0
acc_14877,0
acc_14878,0
acc_14879,0
acc_14880,0
acc_14881,0
acc_14882,0
acc_14883,0
acc_14884,0
acc_14885,0
acc_14886,0
acc_14887,0
acc_14888,1
acc_14889,0
acc_14890,0
acc_14891,1
acc_14892,0
acc_14893,0
acc_14894,0
acc_14895,0
acc_14896,0
acc_14897,1
acc_14898,0
acc_14899,0
acc_14900,0
acc_14901,1
acc_14902,0
acc_14903,0
acc_14904,0
acc_14905,0
acc_14906,0
acc_14907,0
acc_14908,1
acc_14909,0
acc_14910,0
acc_14911,0
acc_14912,0
acc_14913,0
acc_14914,0
acc_14915,1
acc_14916,0
acc_14917,0
acc_14918,0
acc_14919,0
acc_14920,0
acc_14921,0
acc_14922,0
acc_14923,0
acc_14924,0
acc_14925,0
acc_14926,0
acc_14927,0
acc_14928,0
acc_14929,0
acc_14930,0
acc_14931,0
acc_14932,0
acc_14933,0
acc_14934,0
acc_14935,0
acc_14936,0
acc_14937,0
acc_14938,0
acc_14939,1
acc_14940,0
acc_14941,0
acc_14942,1
acc_14943,1
acc_14944,0
acc_14945,0
acc_14946,0
acc_14947,0
acc_14948,0
acc_14949,1
acc_14950,0
acc_14951,0
acc_14952,0
acc_14953,0
acc_14954,0
acc_14955,0
acc_14956,1
acc_14957,0
acc_14958,0
acc_14959,1
acc_14960,0
acc_14961,0
acc_14962,0
acc_14963,0
acc_14964,0
acc_14965,0
acc_14966,1
acc_14967,0
acc_14968,0
acc_14969,0
acc_14970,0
acc_14971,0
acc_14972,0
acc_14973,0
acc_14974,1
acc_14975,0
acc_14976,1
acc_14977,0
acc_14978,0
acc_14979,0
acc_14980,0
acc_14981,1
acc_14982,0
acc_14983,0
acc_14984,0
acc_14985,1
acc_14986,0
acc_14987,1
acc_14988,0
acc_14989,0
acc_14990,0
acc_14991,0
acc_14992,0
acc_14993,1
acc_14994,0
acc_14995,0
acc_14996,0
acc_14997,0
acc_14998,0
acc_14999,0
acc_15000,0
acc_15001,0
acc_15002,0
acc_15003,0
acc_15004,0
acc_15005,0
acc_15006,0
acc_15007,0
acc_15008,0
acc_15009,0
acc_15010,0
acc_15011,0
acc_15012,1
acc_15013,0
acc_15014,0
acc_15015,0
acc_15016,0
acc_15017,0
acc_15018,0
acc_15019,0
acc_15020,0
acc_15021,0
acc_15022,1
acc_15023,0
acc_15024,0
acc_15025,0
acc_15026,0
acc_15027,0
acc_15028,0
acc_15029,0
acc_15030,0
acc_15031,0
acc_15032,0
acc_15033,0
acc_15034,0
acc_15035,0
acc_15036,0
acc_15037,1
acc_15038,0
acc_15039,0
acc_15040,0
acc_15041,0
acc_15042,0
acc_15043,1
acc_15044,0
acc_15045,0
acc_15046,0
acc_15047,1
acc_15048,0
acc_15049,0
acc_15050,0
acc_15051,0
acc_15052,0
acc_15053,0
acc_15054,0
acc_15055,0
acc_15056,0
acc_15057,0
acc_15058,0
acc_15059,0
acc_15060,0
acc_15061,0
acc_15062,1
acc_15063,0
acc_15064,0
acc_15065,0
acc_15066,0
acc_15067,0
acc_15068,0
acc_15069,0
acc_15070,0
acc_15071,0
acc_15072,0
acc_15073,0
acc_15074,0
acc_15075,1
acc_15076,0
acc_15077,0
acc_15078,0
acc_15079,0
acc_15080,0
acc_15081,0
acc_15082,0
acc_15083,0
acc_15084,0
acc_15085,0
acc_15086,0
acc_15087,0
acc_15088,0
acc_15089,0
acc_15090,0
acc_15091,0
acc_15092,0
acc_15093,1
acc_15094,0
acc_15095,0
acc_15096,1
acc_15097,0
acc_15098,0
acc_15099,0
acc_15100,0
acc_15101,0
acc_15102,0
acc_15103,0
acc_15104,0
acc_15105,1
acc_15106,0
acc_15107,0
acc_15108,0
acc_15109,0
acc_15110,0
acc_15111,0
acc_15112,0
acc_15113,0
acc_15114,1
acc_15115,0
acc_15116,0
acc_15117,0
acc_15118,0
acc_15119,0
acc_15120,0
acc_15121,0
acc_15122,0
acc_15123,0
acc_15124,0
acc_15125,0
acc_15126,0
acc_15127,0
acc_15128,0
acc_15129,0
acc_15130,0
acc_15131,0
acc_15132,0
acc_15133,0
acc_15134,0
acc_15135,0
acc_15136,0
acc_15137,0
acc_15138,0
acc_15139,0
acc_15140,0
acc_15141,0
acc_15142,0
acc_15143,0
acc_15144,0
acc_15145,0
acc_15146,0
acc_15147,0
acc_15148,0
acc_15149,0
acc_15150,0
acc_15151,0
acc_15152,0
acc_15153,0
acc_15154,0
acc_15155,0
acc_15156,0
acc_15157,0
acc_15158,0
acc_15159,0
acc_15160,0
acc_15161,0
acc_15162,0
acc_15163,0
acc_15164,0
acc_15165,0
acc_15166,1
acc_15167,0
acc_15168,0
acc_15169,0
acc_15170,0
acc_15171,0
acc_15172,0
acc_15173,0
acc_15174,0
acc_15175,0
acc_15176,0
acc_15177,0
acc_15178,0
acc_15179,0
acc_15180,0
acc_15181,0
acc_15182,1
acc_15183,0
acc_15184,0
acc_15185,0
acc_15186,0
acc_15187,0
acc_15188,0
acc_15189,0
acc_15190,0
acc_15191,0
acc_15192,0
acc_15193,0
acc_15194,0
acc_15195,0
acc_15196,1
acc_15197,0
acc_15198,0
acc_15199,0
acc_15200,0
acc_15201,1
acc_15202,0
acc_15203,0
acc_15204,0
acc_15205,0
acc_15206,0
acc_15207,0
acc_15208,0
acc_15209,0
acc_15210,0
acc_15211,1
acc_15212,0
acc_15213,0
acc_15214,0
acc_15215,0
acc_15216,0
acc_15217,0
acc_15218,1
acc_15219,0
acc_15220,0
acc_15221,0
acc_15222,0
acc_15223,0
acc_15224,0
acc_15225,0
acc_15226,0
acc_15227,0
acc_15228,0
acc_15229,0
acc_15230,0
acc_15231,0
acc_15232,0
acc_15233,0
acc_15234,0
acc_15235,0
acc_15236,0
acc_15237,0
acc_15238,0
acc_15239,1
acc_15240,1
acc_15241,0
acc_15242,0
acc_15243,0
acc_15244,0
acc_15245,0
acc_15246,0
acc_15247,0
acc_15248,0
acc_15249,0
acc_15250,1
acc_15251,0
acc_15252,0
acc_15253,0
acc_15254,0
acc_15255,0
acc_15256,0
acc_15257,0
acc_15258,0
acc_15259,0
acc_15260,0
acc_15261,0
acc_15262,0
acc_15263,0
acc_15264,1
acc_15265,0
acc_15266,0
acc_15267,0
acc_15268,0
acc_15269,0
acc_15270,0
acc_15271,1
acc_15272,0
acc_15273,0
acc_15274,0
acc_15275,0
acc_15276,0
acc_15277,0
acc_15278,0
acc_15279,0
acc_15280,1
acc_15281,0
acc_15282,0
acc_15283,0
acc_15284,0
acc_15285,1
acc_15286,0
acc_15287,0
acc_15288,0
acc_15289,0
acc_15290,0
acc_15291,0
acc_15292,1
acc_15293,0
acc_15294,0
acc_15295,0
acc_15296,1
acc_15297,0
acc_15298,0
acc_15299,0
acc_15300,0
acc_15301,0
acc_15302,0
acc_15303,0
acc_15304,0
acc_15305,0
acc_15306,0
acc_15307,0
acc_15308,0
acc_15309,0
acc_15310,0
acc_15311,0
acc_15312,0
acc_15313,0
acc_15314,0
acc_15315,0
acc_15316,0
acc_15317,0
acc_15318,0
acc_15319,0
acc_15320,0
acc_15321,0
acc_15322,0
acc_15323,0
acc_15324,0
acc_15325,0
acc_15326,0
acc_15327,0
acc_15328,0
acc_15329,0
acc_15330,0
acc_15331,0
acc_15332,0
acc_15333,0
acc_15334,0
acc_15335,0
acc_15336,1
acc_15337,0
acc_15338,0
acc_15339,0
acc_15340,0
acc_15341,0
acc_15342,0
acc_15343,0
acc_15344,0
acc_15345,0
acc_15346,1
acc_15347,0
acc_15348,0
acc_15349,0
acc_15350,0
acc_15351,0
acc_15352,0
acc_15353,0
acc_15354,0
acc_15355,0
acc_15356,0
acc_15357,0
acc_15358,0
acc_15359,0
acc_15360,0
acc_15361,0
acc_15362,0
acc_15363,0
acc_15364,0
acc_15365,0
acc_15366,0
acc_15367,0
acc_15368,1
acc_15369,0
acc_15370,0
acc_15371,0
acc_15372,0
acc_15373,0
acc_15374,0
acc_15375,0
acc_15376,0
acc_15377,1
acc_15378,0
acc_15379,0
acc_15380,0
acc_15381,0
acc_15382,0
acc_15383,0
acc_15384,0
acc_15385,0
acc_15386,0
acc_15387,0
acc_15388,0
acc_15389,0
acc_15390,1
acc_15391,0
acc_15392,0
acc_15393,0
acc_15394,0
acc_15395,0
acc_15396,0
acc_15397,0
acc_15398,0
acc_15399,0
acc_15400,0
acc_15401,0
acc_15402,0
acc_15403,0
acc_15404,0
acc_15405,0
acc_15406,0
acc_15407,0
acc_15408,0
acc_15409,0
acc_15410,0
acc_15411,0
acc_15412,0
acc_15413,0
acc_15414,0
acc_15415,0
acc_15416,0
acc_15417,0
acc_15418,1
acc_15419,0
acc_15420,1
acc_15421,0
acc_15422,0
acc_15423,0
acc_15424,0
acc_15425,0
acc_15426,1
acc_15427,0
acc_15428,1
acc_15429,0
acc_15430,0
acc_15431,1
acc_15432,0
acc_15433,0
acc_15434,1
acc_15435,0
acc_15436,0
acc_15437,0
acc_15438,0
acc_15439,0
acc_15440,0
acc_15441,0
acc_15442,0
acc_15443,0
acc_15444,0
acc_15445,1
acc_15446,0
acc_15447,1
acc_15448,0
acc_15449,0
acc_15450,0
acc_15451,0
acc_15452,0
acc_15453,1
acc_15454,0
acc_15455,1
acc_15456,1
acc_15457,0
acc_15458,1
acc_15459,0
acc_15460,0
acc_15461,0
acc_15462,0
acc_15463,0
acc_15464,0
acc_15465,0
acc_15466,0
acc_15467,0
acc_15468,1
acc_15469,1
acc_15470,0
acc_15471,0
acc_15472,0
acc_15473,0
acc_15474,0
acc_15475,0
acc_15476,0
acc_15477,0
acc_15478,0
acc_15479,1
acc_15480,0
acc_15481,0
acc_15482,0
acc_15483,0
acc_15484,0
acc_15485,0
acc_15486,0
acc_15487,0
acc_15488,0
acc_15489,0
acc_15490,0
acc_15491,0
acc_15492,0
acc_15493,0
acc_15494,0
acc_15495,0
acc_15496,0
acc_15497,0
acc_15498,0
acc_15499,0
acc_15500,1
acc_15501,0
acc_15502,0
acc_15503,1
acc_15504,0
acc_15505,0
acc_15506,0
acc_15507,0
acc_15508,0
acc_15509,0
acc_15510,0
acc_15511,0
acc_15512,0
acc_15513,0
acc_15514,0
acc_15515,0
acc_15516,1
acc_15517,0
acc_15518,0
acc_15519,0
acc_15520,0
acc_15521,0
acc_15522,0
acc_15523,1
acc_15524,0
acc_15525,0
acc_15526,0
acc_15527,0
acc_15528,0
acc_15529,0
acc_15530,0
acc_15531,1
acc_15532,0
acc_15533,0
acc_15534,0
acc_15535,1
acc_15536,0
acc_15537,0
acc_15538,0
acc_15539,0
acc_15540,0
acc_15541,0
acc_15542,0
acc_15543,0
acc_15544,0
acc_15545,1
acc_15546,0
acc_15547,0
acc_15548,0
acc_15549,0
acc_15550,0
acc_15551,1
acc_15552,0
acc_15553,0
acc_15554,0
acc_15555,0
acc_15556,0
acc_15557,0
acc_15558,0
acc_15559,1
acc_15560,1
acc_15561,1
acc_15562,0
acc_15563,0
acc_15564,0
acc_15565,0
acc_15566,0
acc_15567,0
acc_15568,0
acc_15569,0
acc_15570,0
acc_15571,1
acc_15572,0
acc_15573,0
acc_15574,0
acc_15575,0
acc_15576,0
acc_15577,0
acc_15578,0
acc_15579,0
acc_15580,0
acc_15581,0
acc_15582,0
acc_15583,0
acc_15584,0
acc_15585,0
acc_15586,0
acc_15587,1
acc_15588,1
acc_15589,0
acc_15590,0
acc_15591,0
acc_15592,0
acc_15593,1
acc_15594,0
acc_15595,0
acc_15596,0
acc_15597,0
acc_15598,0
acc_15599,0
acc_15600,0
acc_15601,0
acc_15602,0
acc_15603,0
acc_15604,0
acc_15605,1
acc_15606,1
acc_15607,0
acc_15608,0
acc_15609,0
acc_15610,0
acc_15611,0
acc_15612,0
acc_15613,0
acc_15614,0
acc_15615,1
acc_15616,0
acc_15617,0
acc_15618,0
acc_15619,0
acc_15620,0
acc_15621,0
acc_15622,0
acc_15623,0
acc_15624,1
acc_15625,0
acc_15626,0
acc_15627,0
acc_15628,0
acc_15629,0
acc_15630,0
acc_15631,0
acc_15632,0
acc_15633,0
acc_15634,1
acc_15635,0
acc_15636,0
acc_15637,0
acc_15638,0
acc_15639,0
acc_15640,0
acc_15641,0
acc_15642,0
acc_15643,1
acc_15644,0
acc_15645,1
acc_15646,0
acc_15647,0
acc_15648,0
acc_15649,0
acc_15650,0
acc_15651,0
acc_15652,0
acc_15653,1
acc_15654,0
acc_15655,0
acc_15656,0
acc_15657,0
acc_15658,0
acc_15659,0
acc_15660,0
acc_15661,0
acc_15662,1
acc_15663,0
acc_15664,0
acc_15665,0
acc_15666,0
acc_15667,0
acc_15668,0
acc_15669,1
acc_15670,0
acc_15671,1
acc_15672,0
acc_15673,1
acc_15674,0
acc_15675,1
acc_15676,0
acc_15677,0
acc_15678,0
acc_15679,0
acc_15680,0
acc_15681,0
acc_15682,0
acc_15683,0
acc_15684,1
acc_15685,0
acc_15686,0
acc_15687,0
acc_15688,0
acc_15689,1
acc_15690,0
acc_15691,0
acc_15692,0
acc_15693,0
acc_15694,0
acc_15695,0
acc_15696,0
acc_15697,0
acc_15698,1
acc_15699,0
acc_15700,0
acc_15701,0
acc_15702,0
acc_15703,1
acc_15704,0
acc_15705,0
acc_15706,0
acc_15707,0
acc_15708,0
acc_15709,0
acc_15710,0
acc_15711,1
acc_15712,0
acc_15713,0
acc_15714,0
acc_15715,0
acc_15716,0
acc_15717,0
acc_15718,1
acc_15719,0
acc_15720,0
acc_15721,0
acc_15722,1
acc_15723,0
acc_15724,0
acc_15725,0
acc_15726,0
acc_15727,1
acc_15728,0
acc_15729,0
acc_15730,0
acc_15731,0
acc_15732,0
acc_15733,0
acc_15734,0
acc_15735,0
acc_15736,0
acc_15737,0
acc_15738,0
acc_15739,1
acc_15740,1
acc_15741,0
acc_15742,0
acc_15743,1
acc_15744,0
acc_15745,0
acc_15746,0
acc_15747,0
acc_15748,0
acc_15749,0
acc_15750,1
acc_15751,0
acc_15752,0
acc_15753,0
acc_15754,0
acc_15755,0
acc_15756,0
acc_15757,0
acc_15758,0
acc_15759,0
acc_15760,0
acc_15761,0
acc_15762,0
acc_15763,0
acc_15764,0
acc_15765,0
acc_15766,0
acc_15767,0
acc_15768,0
acc_15769,0
acc_15770,0
acc_15771,0
acc_15772,0
acc_15773,0
acc_15774,0
acc_15775,0
acc_15776,0
acc_15777,0
acc_15778,1
acc_15779,0
acc_15780,0
acc_15781,0
acc_15782,0
acc_15783,1
acc_15784,0
acc_15785,1
acc_15786,0
acc_15787,0
acc_15788,0
acc_15789,0
acc_15790,0
acc_15791,1
acc_15792,0
acc_15793,1
acc_15794,0
acc_15795,0
acc_15796,0
acc_15797,1
acc_15798,1
acc_15799,0
acc_15800,0
acc_15801,0
acc_15802,1
acc_15803,1
acc_15804,0
acc_15805,0
acc_15806,1
acc_15807,0
acc_15808,0
acc_15809,1
acc_15810,0
acc_15811,0
acc_15812,0
acc_15813,0
acc_15814,0
acc_15815,0
acc_15816,1
acc_15817,0
acc_15818,1
acc_15819,0
acc_15820,0
acc_15821,0
acc_15822,0
acc_15823,1
acc_15824,0
acc_15825,1
acc_15826,0
acc_15827,0
acc_15828,0
acc_15829,1
acc_15830,0
acc_15831,0
acc_15832,0
acc_15833,0
acc_15834,0
acc_15835,0
acc_15836,0
acc_15837,0
acc_15838,0
acc_15839,0
acc_15840,0
acc_15841,0
acc_15842,0
acc_15843,0
acc_15844,0
acc_15845,0
acc_15846,0
acc_15847,1
acc_15848,0
acc_15849,0
acc_15850,0
acc_15851,1
acc_15852,0
acc_15853,0
acc_15854,0
acc_15855,0
acc_15856,0
acc_15857,0
acc_15858,0
acc_15859,0
acc_15860,0
acc_15861,0
acc_15862,0
acc_15863,0
acc_15864,0
acc_15865,1
acc_15866,0
acc_15867,1
acc_15868,0
acc_15869,0
acc_15870,0
acc_15871,0
acc_15872,0
acc_15873,0
acc_15874,1
acc_15875,0
acc_15876,0
acc_15877,0
acc_15878,0
acc_15879,0
acc_15880,0
acc_15881,1
acc_15882,0
acc_15883,0
acc_15884,0
acc_15885,0
acc_15886,0
acc_15887,0
acc_15888,0
acc_15889,0
acc_15890,0
acc_15891,0
acc_15892,0
acc_15893,0
acc_15894,1
acc_15895,0
acc_15896,0
acc_15897,0
acc_15898,0
acc_15899,0
acc_15900,0
acc_15901,0
acc_15902,0
acc_15903,1
acc_15904,0
acc_15905,0
acc_15906,0
acc_15907,0
acc_15908,0
acc_15909,0
acc_15910,0
acc_15911,1
acc_15912,0
acc_15913,0
acc_15914,1
acc_15915,0
acc_15916,0
acc_15917,0
acc_15918,0
acc_15919,0
acc_15920,1
acc_15921,0
acc_15922,0
acc_15923,0
acc_15924,0
acc_15925,0
acc_15926,0
acc_15927,0
acc_15928,0
acc_15929,0
acc_15930,0
acc_15931,0
acc_15932,0
acc_15933,0
acc_15934,0
acc_15935,0
acc_15936,0
acc_15937,1
acc_15938,0
acc_15939,0
acc_15940,0
acc_15941,1
acc_15942,0
acc_15943,0
acc_15944,0
acc_15945,0
acc_15946,0
acc_15947,0
acc_15948,0
acc_15949,0
acc_15950,0
acc_15951,1
acc_15952,0
acc_15953,1
acc_15954,0
acc_15955,0
acc_15956,0
acc_15957,1
acc_15958,0
acc_15959,0
acc_15960,0
acc_15961,0
acc_15962,0
acc_15963,0
acc_15964,1
acc_15965,0
acc_15966,0
acc_15967,0
acc_15968,0
acc_15969,0
acc_15970,0
acc_15971,0
acc_15972,0
acc_15973,0
acc_15974,0
acc_15975,0
acc_15976,0
acc_15977,1
acc_15978,0
acc_15979,1
acc_15980,0
acc_15981,0
acc_15982,0
acc_15983,0
acc_15984,0
acc_15985,0
acc_15986,0
acc_15987,0
acc_15988,0
acc_15989,0
acc_15990,0
acc_15991,0
acc_15992,1
acc_15993,0
acc_15994,1
acc_15995,0
acc_15996,0
acc_15997,0
acc_15998,0
acc_15999,0
acc_16000,0
acc_16001,0
acc_16002,0
acc_16003,0
acc_16004,0
acc_16005,0
acc_16006,0
acc_16007,0
acc_16008,0
acc_16009,0
acc_16010,0
acc_16011,0
acc_16012,0
acc_16013,0
acc_16014,0
acc_16015,0
acc_16016,1
acc_16017,1
acc_16018,0
acc_16019,0
acc_16020,0
acc_16021,0
acc_16022,0
acc_16023,1
acc_16024,0
acc_16025,0
acc_16026,1
acc_16027,0
acc_16028,0
acc_16029,0
acc_16030,0
acc_16031,0
acc_16032,0
acc_16033,0
acc_16034,0
acc_16035,0
acc_16036,0
acc_16037,0
acc_16038,1
acc_16039,0
acc_16040,0
acc_16041,0
acc_16042,1
acc_16043,0
acc_16044,0
acc_16045,0
acc_16046,0
acc_16047,0
acc_16048,0
acc_16049,0
acc_16050,0
acc_16051,1
acc_16052,0
acc_16053,0
acc_16054,0
acc_16055,0
acc_16056,0
acc_16057,0
acc_16058,0
acc_16059,0
acc_16060,0
acc_16061,0
acc_16062,0
acc_16063,0
acc_16064,0
acc_16065,0
acc_16066,0
acc_16067,0
acc_16068,1
acc_16069,0
acc_16070,1
acc_16071,0
acc_16072,0
acc_16073,0
acc_16074,1
acc_16075,1
acc_16076,1
acc_16077,0
acc_16078,0
acc_16079,0
acc_16080,0
acc_16081,0
acc_16082,1
acc_16083,0
acc_16084,0
acc_16085,0
acc_16086,0
acc_16087,1
acc_16088,0
acc_16089,0
acc_16090,0
acc_16091,0
acc_16092,0
acc_16093,0
acc_16094,0
acc_16095,1
acc_16096,0
acc_16097,0
acc_16098,0
acc_16099,0
acc_16100,0
acc_16101,0
acc_16102,0
acc_16103,0
acc_16104,0
acc_16105,0
acc_16106,0
acc_16107,0
acc_16108,0
acc_16109,1
acc_16110,1
acc_16111,0
acc_16112,0
acc_16113,0
acc_16114,0
acc_16115,0
acc_16116,0
acc_16117,0
acc_16118,0
acc_16119,0
acc_16120,0
acc_16121,0
acc_16122,1
acc_16123,0
acc_16124,0
acc_16125,0
acc_16126,0
acc_16127,0
acc_16128,0
acc_16129,1
acc_16130,0
acc_16131,0
acc_16132,0
acc_16133,1
acc_16134,0
acc_16135,1
acc_16136,0
acc_16137,0
acc_16138,0
acc_16139,0
acc_16140,0
acc_16141,0
acc_16142,0
acc_16143,1
acc_16144,0
acc_16145,0
acc_16146,0
acc_16147,0
acc_16148,0
acc_16149,0
acc_16150,0
acc_16151,0
acc_16152,0
acc_16153,0
acc_16154,0
acc_16155,0
acc_16156,0
acc_16157,1
acc_16158,1
acc_16159,0
acc_16160,0
acc_16161,0
acc_16162,0
acc_16163,0
acc_16164,0
acc_16165,0
acc_16166,1
acc_16167,0
acc_16168,0
acc_16169,0
acc_16170,0
acc_16171,0
acc_16172,0
acc_16173,0
acc_16174,0
acc_16175,0
acc_16176,0
acc_16177,0
acc_16178,0
acc_16179,0
acc_16180,0
acc_16181,0
acc_16182,0
acc_16183,0
acc_16184,1
acc_16185,0
acc_16186,0
acc_16187,0
acc_16188,1
acc_16189,0
acc_16190,1
acc_16191,0
acc_16192,0
acc_16193,0
acc_16194,0
acc_16195,0
acc_16196,0
acc_16197,0
acc_16198,0
acc_16199,0
acc_16200,0
acc_16201,0
acc_16202,0
acc_16203,0
acc_16204,0
acc_16205,0
acc_16206,0
acc_16207,0
acc_16208,0
acc_16209,0
acc_16210,1
acc_16211,0
acc_16212,0
acc_16213,0
acc_16214,0
acc_16215,0
acc_16216,1
acc_16217,0
acc_16218,0
acc_16219,0
acc_16220,0
acc_16221,0
acc_16222,0
acc_16223,0
acc_16224,0
acc_16225,0
acc_16226,0
acc_16227,0
acc_16228,0
acc_16229,0
acc_16230,0
acc_16231,0
acc_16232,1
acc_16233,0
acc_16234,0
acc_16235,0
acc_16236,0
acc_16237,0
acc_16238,0
acc_16239,0
acc_16240,0
acc_16241,0
acc_16242,0
acc_16243,0
acc_16244,0
acc_16245,0
acc_16246,0
acc_16247,1
acc_16248,0
acc_16249,0
acc_16250,0
acc_16251,1
acc_16252,0
acc_16253,0
acc_16254,0
acc_16255,0
acc_16256,0
acc_16257,1
acc_16258,1
acc_16259,1
acc_16260,0
acc_16261,0
acc_16262,0
acc_16263,0
acc_16264,1
acc_16265,0
acc_16266,1
acc_16267,0
acc_16268,0
acc_16269,0
acc_16270,0
acc_16271,0
acc_16272,0
acc_16273,0
acc_16274,0
acc_16275,0
acc_16276,0
acc_16277,0
acc_16278,0
acc_16279,0
acc_16280,0
acc_16281,0
acc_16282,0
acc_16283,0
acc_16284,0
acc_16285,0
acc_16286,0
acc_16287,0
acc_16288,0
acc_16289,0
acc_16290,0
acc_16291,0
acc_16292,0
acc_16293,0
acc_16294,0
acc_16295,0
acc_16296,0
acc_16297,1
acc_16298,0
acc_16299,0
acc_16300,0
acc_16301,0
acc_16302,0
acc_16303,0
acc_16304,0
acc_16305,0
acc_16306,0
acc_16307,0
acc_16308,0
acc_16309,1
acc_16310,0
acc_16311,0
acc_16312,0
acc_16313,0
acc_16314,0
acc_16315,0
acc_16316,0
acc_16317,0
acc_16318,0
acc_16319,1
acc_16320,0
acc_16321,0
acc_16322,0
acc_16323,0
acc_16324,0
acc_16325,0
acc_16326,0
acc_16327,1
acc_16328,0
acc_16329,0
acc_16330,0
acc_16331,0
acc_16332,0
acc_16333,1
acc_16334,0
acc_16335,0
acc_16336,0
acc_16337,0
acc_16338,0
acc_16339,0
acc_16340,0
acc_16341,0
acc_16342,0
acc_16343,1
acc_16344,0
acc_16345,1
acc_16346,0
acc_16347,1
acc_16348,0
acc_16349,0
acc_16350,0
acc_16351,1
acc_16352,0
acc_16353,0
acc_16354,0
acc_16355,0
acc_16356,0
acc_16357,0
acc_16358,0
acc_16359,0
acc_16360,0
acc_16361,0
acc_16362,0
acc_16363,0
acc_16364,0
acc_16365,0
acc_16366,0
acc_16367,0
acc_16368,0
acc_16369,0
acc_16370,1
acc_16371,1
acc_16372,0
acc_16373,0
acc_16374,0
acc_16375,0
acc_16376,0
acc_16377,0
acc_16378,0
acc_16379,0
acc_16380,0
acc_16381,0
acc_16382,0
acc_16383,0
acc_16384,0
acc_16385,0
acc_16386,1
acc_16387,0
acc_16388,0
acc_16389,0
acc_16390,0
acc_16391,0
acc_16392,0
acc_16393,0
acc_16394,0
acc_16395,0
acc_16396,0
acc_16397,0
acc_16398,0
acc_16399,0
acc_16400,0
acc_16401,0
acc_16402,0
acc_16403,0
acc_16404,0
acc_16405,0
acc_16406,0
acc_16407,0
acc_16408,0
acc_16409,1
acc_16410,0
acc_16411,0
acc_16412,0
acc_16413,0
acc_16414,0
acc_16415,0
acc_16416,0
acc_16417,0
acc_16418,1
acc_16419,0
acc_16420,1
acc_16421,0
acc_16422,0
acc_16423,0
acc_16424,0
acc_16425,0
acc_16426,0
acc_16427,0
acc_16428,0
acc_16429,0
acc_16430,0
acc_16431,0
acc_16432,0
acc_16433,0
acc_16434,0
acc_16435,0
acc_16436,0
acc_16437,0
acc_16438,0
acc_16439,0
acc_16440,0
acc_16441,0
acc_16442,0
acc_16443,1
acc_16444,1
acc_16445,0
acc_16446,0
acc_16447,0
acc_16448,0
acc_16449,0
acc_16450,1
acc_16451,0
acc_16452,1
acc_16453,0
acc_16454,0
acc_16455,1
acc_16456,0
acc_16457,0
acc_16458,0
acc_16459,0
acc_16460,0
acc_16461,0
acc_16462,1
acc_16463,0
acc_16464,0
acc_16465,1
acc_16466,1
acc_16467,0
acc_16468,1
acc_16469,0
acc_16470,0
acc_16471,0
acc_16472,0
acc_16473,0
acc_16474,0
acc_16475,0
acc_16476,1
acc_16477,0
acc_16478,0
acc_16479,0
acc_16480,0
acc_16481,0
acc_16482,0
acc_16483,0
acc_16484,0
acc_16485,0
acc_16486,0
acc_16487,1
acc_16488,0
acc_16489,0
acc_16490,0
acc_16491,0
acc_16492,0
acc_16493,1
acc_16494,0
acc_16495,0
acc_16496,0
acc_16497,0
acc_16498,0
acc_16499,0
acc_16500,0
acc_16501,0
acc_16502,0
acc_16503,0
acc_16504,0
acc_16505,0
acc_16506,0
acc_16507,0
acc_16508,0
acc_16509,0
acc_16510,0
acc_16511,0
acc_16512,0
acc_16513,0
acc_16514,0
acc_16515,0
acc_16516,0
acc_16517,0
acc_16518,1
acc_16519,0
acc_16520,0
acc_16521,1
acc_16522,1
acc_16523,1
acc_16524,0
acc_16525,0
acc_16526,1
acc_16527,0
acc_16528,0
acc_16529,0
acc_16530,0
acc_16531,0
acc_16532,0
acc_16533,0
acc_16534,0
acc_16535,1
acc_16536,0
acc_16537,0
acc_16538,0
acc_16539,0
acc_16540,0
acc_16541,0
acc_16542,0
acc_16543,0
acc_16544,0
acc_16545,0
acc_16546,0
acc_16547,0
acc_16548,0
acc_16549,0
acc_16550,0
acc_16551,1
acc_16552,1
acc_16553,0
acc_16554,0
acc_16555,0
acc_16556,0
acc_16557,0
acc_16558,0
acc_16559,0
acc_16560,0
acc_16561,0
acc_16562,1
acc_16563,1
acc_16564,0
acc_16565,0
acc_16566,1
acc_16567,0
acc_16568,0
acc_16569,0
acc_16570,0
acc_16571,0
acc_16572,0
acc_16573,0
acc_16574,0
acc_16575,0
acc_16576,0
acc_16577,0
acc_16578,0
acc_16579,0
acc_16580,0
acc_16581,0
acc_16582,0
acc_16583,0
acc_16584,0
acc_16585,0
acc_16586,0
acc_16587,0
acc_16588,1
acc_16589,0
acc_16590,0
acc_16591,0
acc_16592,0
acc_16593,0
acc_16594,0
acc_16595,0
acc_16596,0
acc_16597,0
acc_16598,0
acc_16599,0
acc_16600,0
acc_16601,0
acc_16602,0
acc_16603,0
acc_16604,0
acc_16605,0
acc_16606,1
acc_16607,0
acc_16608,0
acc_16609,0
acc_16610,0
acc_16611,1
acc_16612,0
acc_16613,0
acc_16614,0
acc_16615,0
acc_16616,0
acc_16617,0
acc_16618,0
acc_16619,1
acc_16620,0
acc_16621,0
acc_16622,0
acc_16623,1
acc_16624,0
acc_16625,0
acc_16626,0
acc_16627,0
acc_16628,0
acc_16629,0
acc_16630,0
acc_16631,1
acc_16632,0
acc_16633,0
acc_16634,0
acc_16635,0
acc_16636,0
acc_16637,0
acc_16638,0
acc_16639,0
acc_16640,0
acc_16641,0
acc_16642,0
acc_16643,0
acc_16644,0
acc_16645,0
acc_16646,0
acc_16647,0
acc_16648,0
acc_16649,0
acc_16650,0
acc_16651,0
acc_16652,0
acc_16653,0
acc_16654,0
acc_16655,0
acc_16656,0
acc_16657,1
acc_16658,0
acc_16659,0
acc_16660,0
acc_16661,0
acc_16662,0
acc_16663,0
acc_16664,0
acc_16665,0
acc_16666,0
acc_16667,0
acc_16668,0
acc_16669,0
acc_16670,1
acc_16671,0
acc_16672,0
acc_16673,1
acc_16674,0
acc_16675,0
acc_16676,0
acc_16677,0
acc_16678,0
acc_16679,0
acc_16680,0
acc_16681,0
acc_16682,1
acc_16683,0
acc_16684,0
acc_16685,0
acc_16686,0
acc_16687,0
acc_16688,0
acc_16689,0
acc_16690,0
acc_16691,0
acc_16692,0
acc_16693,0
acc_16694,0
acc_16695,0
acc_16696,0
acc_16697,0
acc_16698,0
acc_16699,0
acc_16700,0
acc_16701,0
acc_16702,1
acc_16703,0
acc_16704,0
acc_16705,0
acc_16706,0
acc_16707,0
acc_16708,0
acc_16709,0
acc_16710,0
acc_16711,0
acc_16712,0
acc_16713,0
acc_16714,0
acc_16715,0
acc_16716,0
acc_16717,0
acc_16718,0
acc_16719,0
acc_16720,0
acc_16721,0
acc_16722,0
acc_16723,1
acc_16724,0
acc_16725,1
acc_16726,0
acc_16727,1
acc_16728,0
acc_16729,1
acc_16730,0
acc_16731,0
acc_16732,0
acc_16733,1
acc_16734,0
acc_16735,0
acc_16736,0
acc_16737,1
acc_16738,0
acc_16739,0
acc_16740,0
acc_16741,1
acc_16742,0
acc_16743,0
acc_16744,0
acc_16745,0
acc_16746,0
acc_16747,0
acc_16748,1
acc_16749,0
acc_16750,0
acc_16751,0
acc_16752,0
acc_16753,0
acc_16754,1
acc_16755,0
acc_16756,0
acc_16757,0
acc_16758,0
acc_16759,0
acc_16760,0
acc_16761,1
acc_16762,0
acc_16763,1
acc_16764,0
acc_16765,0
acc_16766,0
acc_16767,1
acc_16768,0
acc_16769,0
acc_16770,0
acc_16771,0
acc_16772,0
acc_16773,0
acc_16774,0
acc_16775,0
acc_16776,0
acc_16777,0
acc_16778,0
acc_16779,0
acc_16780,0
acc_16781,0
acc_16782,0
acc_16783,0
acc_16784,0
acc_16785,0
acc_16786,1
acc_16787,0
acc_16788,0
acc_16789,0
acc_16790,0
acc_16791,0
acc_16792,0
acc_16793,0
acc_16794,0
acc_16795,1
acc_16796,0
acc_16797,0
acc_16798,1
acc_16799,0
acc_16800,0
acc_16801,0
acc_16802,0
acc_16803,0
acc_16804,0
acc_16805,0
acc_16806,0
acc_16807,0
acc_16808,0
acc_16809,0
acc_16810,0
acc_16811,0
acc_16812,0
acc_16813,0
acc_16814,0
acc_16815,0
acc_16816,1
acc_16817,0
acc_16818,0
acc_16819,1
acc_16820,0
acc_16821,0
acc_16822,0
acc_16823,0
acc_16824,0
acc_16825,1
acc_16826,0
acc_16827,0
acc_16828,0
acc_16829,0
acc_16830,0
acc_16831,0
acc_16832,0
acc_16833,0
acc_16834,0
acc_16835,0
acc_16836,0
acc_16837,1
acc_16838,0
acc_16839,1
acc_16840,0
acc_16841,0
acc_16842,0
acc_16843,0
acc_16844,0
acc_16845,0
acc_16846,0
acc_16847,0
acc_16848,0
acc_16849,0
acc_16850,0
acc_16851,0
acc_16852,1
acc_16853,0
acc_16854,0
acc_16855,0
acc_16856,1
acc_16857,0
acc_16858,0
acc_16859,0
acc_16860,1
acc_16861,0
acc_16862,0
acc_16863,0
acc_16864,0
acc_16865,0
acc_16866,1
acc_16867,0
acc_16868,0
acc_16869,0
acc_16870,0
acc_16871,0
acc_16872,0
acc_16873,0
acc_16874,1
acc_16875,0
acc_16876,0
acc_16877,0
acc_16878,0
acc_16879,0
acc_16880,0
acc_16881,0
acc_16882,0
acc_16883,0
acc_16884,1
acc_16885,0
acc_16886,0
acc_16887,0
acc_16888,0
acc_16889,0
acc_16890,0
acc_16891,0
acc_16892,1
acc_16893,0
acc_16894,0
acc_16895,1
acc_16896,0
acc_16897,0
acc_16898,0
acc_16899,0
acc_16900,1
acc_16901,0
acc_16902,1
acc_16903,0
acc_16904,0
acc_16905,0
acc_16906,0
acc_16907,0
acc_16908,0
acc_16909,0
acc_16910,0
acc_16911,0
acc_16912,0
acc_16913,0
acc_16914,0
acc_16915,0
acc_16916,0
acc_16917,0
acc_16918,0
acc_16919,0
acc_16920,1
acc_16921,0
acc_16922,0
acc_16923,0
acc_16924,1
acc_16925,0
acc_16926,0
acc_16927,0
acc_16928,0
acc_16929,1
acc_16930,1
acc_16931,0
acc_16932,0
acc_16933,0
acc_16934,0
acc_16935,1
acc_16936,1
acc_16937,0
acc_16938,0
acc_16939,0
acc_16940,0
acc_16941,0
acc_16942,0
acc_16943,0
acc_16944,0
acc_16945,0
acc_16946,0
acc_16947,0
acc_16948,1
acc_16949,0
acc_16950,1
acc_16951,0
acc_16952,1
acc_16953,0
acc_16954,0
acc_16955,0
acc_16956,0
acc_16957,0
acc_16958,0
acc_16959,0
acc_16960,0
acc_16961,0
acc_16962,0
acc_16963,0
acc_16964,0
acc_16965,0
acc_16966,0
acc_16967,0
acc_16968,0
acc_16969,0
acc_16970,1
acc_16971,0
acc_16972,0
acc_16973,0
acc_16974,0
acc_16975,0
acc_16976,0
acc_16977,1
acc_16978,1
acc_16979,0
acc_16980,1
acc_16981,0
acc_16982,0
acc_16983,0
acc_16984,0
acc_16985,0
acc_16986,0
acc_16987,0
acc_16988,0
acc_16989,0
acc_16990,0
acc_16991,0
acc_16992,0
acc_16993,0
acc_16994,0
acc_16995,0
acc_16996,1
acc_16997,0
acc_16998,0
acc_16999,0
acc_17000,0
acc_17001,0
acc_17002,0
acc_17003,1
acc_17004,0
acc_17005,0
acc_17006,0
acc_17007,0
acc_17008,0
acc_17009,1
acc_17010,0
acc_17011,0
acc_17012,0
acc_17013,0
acc_17014,0
acc_17015,0
acc_17016,0
acc_17017,1
acc_17018,0
acc_17019,0
acc_17020,0
acc_17021,1
acc_17022,0
acc_17023,0
acc_17024,0
acc_17025,0
acc_17026,0
acc_17027,0
acc_17028,0
acc_17029,1
acc_17030,0
acc_17031,1
acc_17032,0
acc_17033,0
acc_17034,0
acc_17035,0
acc_17036,0
acc_17037,0
acc_17038,0
acc_17039,0
acc_17040,0
acc_17041,0
acc_17042,0
acc_17043,0
acc_17044,0
acc_17045,0
acc_17046,0
acc_17047,0
acc_17048,1
acc_17049,1
acc_17050,1
acc_17051,0
acc_17052,0
acc_17053,0
acc_17054,0
acc_17055,0
acc_17056,0
acc_17057,0
acc_17058,0
acc_17059,1
acc_17060,1
acc_17061,0
acc_17062,0
acc_17063,0
acc_17064,0
acc_17065,0
acc_17066,0
acc_17067,0
acc_17068,0
acc_17069,0
acc_17070,0
acc_17071,0
acc_17072,1
acc_17073,0
acc_17074,0
acc_17075,0
acc_17076,0
acc_17077,0
acc_17078,0
acc_17079,0
acc_17080,0
acc_17081,0
acc_17082,0
acc_17083,1
acc_17084,1
acc_17085,0
acc_17086,0
acc_17087,0
acc_17088,0
acc_17089,0
acc_17090,0
acc_17091,0
acc_17092,0
acc_17093,0
acc_17094,0
acc_17095,0
acc_17096,0
acc_17097,1
acc_17098,0
acc_17099,0
acc_17100,0
acc_17101,0
acc_17102,0
acc_17103,0
acc_17104,1
acc_17105,0
acc_17106,1
acc_17107,0
acc_17108,0
acc_17109,0
acc_17110,0
acc_17111,0
acc_17112,0
acc_17113,0
acc_17114,0
acc_17115,0
acc_17116,0
acc_17117,0
acc_17118,0
acc_17119,0
acc_17120,0
acc_17121,0
acc_17122,1
acc_17123,0
acc_17124,0
acc_17125,0
acc_17126,0
acc_17127,0
acc_17128,1
acc_17129,0
acc_17130,0
acc_17131,0
acc_17132,0
acc_17133,0
acc_17134,0
acc_17135,0
acc_17136,0
acc_17137,1
acc_17138,0
acc_17139,0
acc_17140,0
acc_17141,1
acc_17142,1
acc_17143,0
acc_17144,0
acc_17145,0
acc_17146,0
acc_17147,0
acc_17148,0
acc_17149,0
acc_17150,0
acc_17151,0
acc_17152,0
acc_17153,0
acc_17154,0
acc_17155,0
acc_17156,0
acc_17157,0
acc_17158,0
acc_17159,0
acc_17160,0
acc_17161,0
acc_17162,0
acc_17163,0
acc_17164,0
acc_17165,1
acc_17166,0
acc_17167,0
acc_17168,0
acc_17169,1
acc_17170,0
acc_17171,0
acc_17172,0
acc_17173,0
acc_17174,1
acc_17175,0
acc_17176,0
acc_17177,0
acc_17178,1
acc_17179,1
acc_17180,1
acc_17181,0
acc_17182,0
acc_17183,0
acc_17184,0
acc_17185,0
acc_17186,0
acc_17187,0
acc_17188,0
acc_17189,0
acc_17190,0
acc_17191,0
acc_17192,0
acc_17193,0
acc_17194,0
acc_17195,0
acc_17196,0
acc_17197,1
acc_17198,0
acc_17199,0
acc_17200,0
acc_17201,0
acc_17202,0
acc_17203,0
acc_17204,0
acc_17205,0
acc_17206,0
acc_17207,0
acc_17208,0
acc_17209,0
acc_17210,0
acc_17211,0
acc_17212,0
acc_17213,0
acc_17214,0
acc_17215,0
acc_17216,1
acc_17217,0
acc_17218,1
acc_17219,1
acc_17220,0
acc_17221,0
acc_17222,0
acc_17223,0
acc_17224,0
acc_17225,1
acc_17226,0
acc_17227,1
acc_17228,0
acc_17229,1
acc_17230,0
acc_17231,0
acc_17232,0
acc_17233,0
acc_17234,0
acc_17235,0
acc_17236,0
acc_17237,1
acc_17238,0
acc_17239,0
acc_17240,0
acc_17241,0
acc_17242,0
acc_17243,0
acc_17244,0
acc_17245,1
acc_17246,0
acc_17247,0
acc_17248,0
acc_17249,0
acc_17250,0
acc_17251,0
acc_17252,0
acc_17253,0
acc_17254,0
acc_17255,0
acc_17256,0
acc_17257,0
acc_17258,0
acc_17259,0
acc_17260,0
acc_17261,0
acc_17262,0
acc_17263,0
acc_17264,0
acc_17265,0
acc_17266,0
acc_17267,0
acc_17268,0
acc_17269,0
acc_17270,0
acc_17271,0
acc_17272,0
acc_17273,0
acc_17274,0
acc_17275,0
acc_17276,0
acc_17277,0
acc_17278,0
acc_17279,0
acc_17280,0
acc_17281,0
acc_17282,0
acc_17283,0
acc_17284,0
acc_17285,0
acc_17286,0
acc_17287,0
acc_17288,0
acc_17289,0
acc_17290,0
acc_17291,0
acc_17292,0
acc_17293,0
acc_17294,0
acc_17295,0
acc_17296,0
acc_17297,0
acc_17298,0
acc_17299,0
acc_17300,0
acc_17301,0
acc_17302,0
acc_17303,0
acc_17304,0
acc_17305,0
acc_17306,0
acc_17307,1
acc_17308,0
acc_17309,0
acc_17310,1
acc_17311,0
acc_17312,0
acc_17313,0
acc_17314,0
acc_17315,0
acc_17316,0
acc_17317,0
acc_17318,0
acc_17319,0
acc_17320,0
acc_17321,0
acc_17322,0
acc_17323,0
acc_17324,0
acc_17325,0
acc_17326,0
acc_17327,0
acc_17328,0
acc_17329,0
acc_17330,0
acc_17331,0
acc_17332,0
acc_17333,0
acc_17334,0
acc_17335,0
acc_17336,0
acc_17337,0
acc_17338,0
acc_17339,0
acc_17340,0
acc_17341,0
acc_17342,0
acc_17343,0
acc_17344,0
acc_17345,0
acc_17346,0
acc_17347,1
acc_17348,1
acc_17349,0
acc_17350,0
acc_17351,0
acc_17352,0
acc_17353,0
acc_17354,0
acc_17355,0
acc_17356,0
acc_17357,0
acc_17358,0
acc_17359,0
acc_17360,1
acc_17361,1
acc_17362,0
acc_17363,0
acc_17364,0
acc_17365,0
acc_17366,0
acc_17367,0
acc_17368,0
acc_17369,0
acc_17370,0
acc_17371,0
acc_17372,0
acc_17373,0
acc_17374,0
acc_17375,1
acc_17376,0
acc_17377,0
acc_17378,0
acc_17379,0
acc_17380,0
acc_17381,0
acc_17382,0
acc_17383,1
acc_17384,0
acc_17385,0
acc_17386,0
acc_17387,0
acc_17388,0
acc_17389,0
acc_17390,0
acc_17391,0
acc_17392,0
acc_17393,0
acc_17394,0
acc_17395,0
acc_17396,0
acc_17397,0
acc_17398,0
acc_17399,0
acc_17400,1
acc_17401,1
acc_17402,0
acc_17403,0
acc_17404,0
acc_17405,0
acc_17406,0
acc_17407,0
acc_17408,0
acc_17409,0
acc_17410,0
acc_17411,0
acc_17412,0
acc_17413,1
acc_17414,0
acc_17415,0
acc_17416,0
acc_17417,0
acc_17418,0
acc_17419,0
acc_17420,0
acc_17421,0
acc_17422,0
acc_17423,0
acc_17424,0
acc_17425,0
acc_17426,0
acc_17427,0
acc_17428,0
acc_17429,0
acc_17430,0
acc_17431,0
acc_17432,0
acc_17433,0
acc_17434,0
acc_17435,0
acc_17436,0
acc_17437,0
acc_17438,0
acc_17439,0
acc_17440,0
acc_17441,1
acc_17442,0
acc_17443,1
acc_17444,0
acc_17445,0
acc_17446,0
acc_17447,0
acc_17448,0
acc_17449,0
acc_17450,0
acc_17451,0
acc_17452,0
acc_17453,0
acc_17454,0
acc_17455,0
acc_17456,0
acc_17457,0
acc_17458,0
acc_17459,0
acc_17460,0
acc_17461,0
acc_17462,0
acc_17463,0
acc_17464,0
acc_17465,0
acc_17466,0
acc_17467,0
acc_17468,0
acc_17469,1
acc_17470,0
acc_17471,0
acc_17472,1
acc_17473,0
acc_17474,0
acc_17475,0
acc_17476,0
acc_17477,0
acc_17478,0
acc_17479,0
acc_17480,1
acc_17481,1
acc_17482,0
acc_17483,0
acc_17484,0
acc_17485,0
acc_17486,0
acc_17487,1
acc_17488,0
acc_17489,0
acc_17490,1
acc_17491,0
acc_17492,0
acc_17493,0
acc_17494,1
acc_17495,0
acc_17496,0
acc_17497,0
acc_17498,0
acc_17499,0
acc_17500,0
acc_17501,0
acc_17502,0
acc_17503,0
acc_17504,0
acc_17505,0
acc_17506,0
acc_17507,0
acc_17508,0
acc_17509,0
acc_17510,0
acc_17511,0
acc_17512,1
acc_17513,0
acc_17514,0
acc_17515,0
acc_17516,0
acc_17517,0
acc_17518,1
acc_17519,0
acc_17520,0
acc_17521,0
acc_17522,1
acc_17523,0
acc_17524,0
acc_17525,1
acc_17526,0
acc_17527,0
acc_17528,0
acc_17529,0
acc_17530,0
acc_17531,0
acc_17532,0
acc_17533,0
acc_17534,0
acc_17535,1
acc_17536,0
acc_17537,0
acc_17538,0
acc_17539,0
acc_17540,0
acc_17541,0
acc_17542,0
acc_17543,0
acc_17544,0
acc_17545,0
acc_17546,0
acc_17547,1
acc_17548,0
acc_17549,0
acc_17550,0
acc_17551,0
acc_17552,1
acc_17553,0
acc_17554,0
acc_17555,0
acc_17556,0
acc_17557,0
acc_17558,0
acc_17559,0
acc_17560,0
acc_17561,1
acc_17562,0
acc_17563,0
acc_17564,0
acc_17565,0
acc_17566,0
acc_17567,1
acc_17568,0
acc_17569,0
acc_17570,0
acc_17571,0
acc_17572,0
acc_17573,0
acc_17574,0
acc_17575,0
acc_17576,1
acc_17577,0
acc_17578,0
acc_17579,0
acc_17580,0
acc_17581,0
acc_17582,0
acc_17583,0
acc_17584,0
acc_17585,1
acc_17586,1
acc_17587,0
acc_17588,0
acc_17589,0
acc_17590,0
acc_17591,0
acc_17592,0
acc_17593,0
acc_17594,0
acc_17595,0
acc_17596,0
acc_17597,1
acc_17598,0
acc_17599,0
acc_17600,1
acc_17601,1
acc_17602,0
acc_17603,0
acc_17604,0
acc_17605,0
acc_17606,0
acc_17607,0
acc_17608,0
acc_17609,0
acc_17610,0
acc_17611,0
acc_17612,0
acc_17613,1
acc_17614,0
acc_17615,0
acc_17616,0
acc_17617,0
acc_17618,0
acc_17619,0
acc_17620,0
acc_17621,1
acc_17622,0
acc_17623,0
acc_17624,0
acc_17625,0
acc_17626,0
acc_17627,0
acc_17628,1
acc_17629,0
acc_17630,0
acc_17631,0
acc_17632,0
acc_17633,0
acc_17634,0
acc_17635,0
acc_17636,0
acc_17637,0
acc_17638,0
acc_17639,0
acc_17640,0
acc_17641,0
acc_17642,0
acc_17643,0
acc_17644,0
acc_17645,0
acc_17646,0
acc_17647,0
acc_17648,0
acc_17649,1
acc_17650,0
acc_17651,0
acc_17652,0
acc_17653,0
acc_17654,1
acc_17655,0
acc_17656,0
acc_17657,0
acc_17658,0
acc_17659,0
acc_17660,0
acc_17661,0
acc_17662,0
acc_17663,0
acc_17664,0
acc_17665,0
acc_17666,0
acc_17667,0
acc_17668,0
acc_17669,0
acc_17670,0
acc_17671,0
acc_17672,0
acc_17673,0
acc_17674,0
acc_17675,0
acc_17676,0
acc_17677,0
acc_17678,0
acc_17679,0
acc_17680,0
acc_17681,0
acc_17682,0
acc_17683,0
acc_17684,1
acc_17685,0
acc_17686,0
acc_17687,0
acc_17688,0
acc_17689,0
acc_17690,0
acc_17691,0
acc_17692,0
acc_17693,0
acc_17694,0
acc_17695,0
acc_17696,0
acc_17697,0
acc_17698,1
acc_17699,0
acc_17700,0
acc_17701,0
acc_17702,1
acc_17703,0
acc_17704,0
acc_17705,0
acc_17706,0
acc_17707,0
acc_17708,0
acc_17709,0
acc_17710,0
acc_17711,0
acc_17712,0
acc_17713,0
acc_17714,0
acc_17715,1
acc_17716,0
acc_17717,0
acc_17718,0
acc_17719,1
acc_17720,0
acc_17721,0
acc_17722,0
acc_17723,0
acc_17724,0
acc_17725,0
acc_17726,0
acc_17727,0
acc_17728,0
acc_17729,0
acc_17730,0
acc_17731,0
acc_17732,0
acc_17733,1
acc_17734,0
acc_17735,0
acc_17736,0
acc_17737,0
acc_17738,0
acc_17739,0
acc_17740,0
acc_17741,0
acc_17742,1
acc_17743,1
acc_17744,0
acc_17745,1
acc_17746,0
acc_17747,0
acc_17748,0
acc_17749,0
acc_17750,0
acc_17751,0
acc_17752,0
acc_17753,0
acc_17754,0
acc_17755,0
acc_17756,0
acc_17757,0
acc_17758,0
acc_17759,0
acc_17760,0
acc_17761,1
acc_17762,0
acc_17763,0
acc_17764,1
acc_17765,1
acc_17766,0
acc_17767,0
acc_17768,0
acc_17769,0
acc_17770,0
acc_17771,0
acc_17772,0
acc_17773,0
acc_17774,0
acc_17775,0
acc_17776,1
acc_17777,0
acc_17778,0
acc_17779,0
acc_17780,0
acc_17781,0
acc_17782,0
acc_17783,0
acc_17784,0
acc_17785,0
acc_17786,0
acc_17787,0
acc_17788,0
acc_17789,0
acc_17790,0
acc_17791,0
acc_17792,0
acc_17793,0
acc_17794,0
acc_17795,1
acc_17796,0
acc_17797,0
acc_17798,0
acc_17799,1
acc_17800,0
acc_17801,0
acc_17802,1
acc_17803,0
acc_17804,0
acc_17805,0
acc_17806,0
acc_17807,0
acc_17808,1
acc_17809,0
acc_17810,0
acc_17811,0
acc_17812,0
acc_17813,0
acc_17814,0
acc_17815,0
acc_17816,1
acc_17817,0
acc_17818,0
acc_17819,0
acc_17820,0
acc_17821,0
acc_17822,0
acc_17823,0
acc_17824,0
acc_17825,0
acc_17826,0
acc_17827,0
acc_17828,0
acc_17829,1
acc_17830,0
acc_17831,0
acc_17832,0
acc_17833,0
acc_17834,0
acc_17835,0
acc_17836,0
acc_17837,1
acc_17838,0
acc_17839,0
acc_17840,0
acc_17841,0
acc_17842,1
acc_17843,0
acc_17844,0
acc_17845,0
acc_17846,0
acc_17847,0
acc_17848,0
acc_17849,0
acc_17850,0
acc_17851,0
acc_17852,0
acc_17853,0
acc_17854,0
acc_17855,0
acc_17856,0
acc_17857,0
acc_17858,0
acc_17859,0
acc_17860,0
acc_17861,0
acc_17862,0
acc_17863,0
acc_17864,0
acc_17865,0
acc_17866,0
acc_17867,0
acc_17868,0
acc_17869,0
acc_17870,0
acc_17871,0
acc_17872,0
acc_17873,0
acc_17874,0
acc_17875,0
acc_17876,0
acc_17877,0
acc_17878,0
acc_17879,0
acc_17880,0
acc_17881,0
acc_17882,1
acc_17883,0
acc_17884,0
acc_17885,0
acc_17886,0
acc_17887,0
acc_17888,0
acc_17889,0
acc_17890,0
acc_17891,1
acc_17892,1
acc_17893,0
acc_17894,0
acc_17895,0
acc_17896,0
acc_17897,0
acc_17898,0
acc_17899,0
acc_17900,1
acc_17901,0
acc_17902,0
acc_17903,1
acc_17904,0
acc_17905,0
acc_17906,0
acc_17907,0
acc_17908,0
acc_17909,0
acc_17910,0
acc_17911,1
acc_17912,0
acc_17913,0
acc_17914,0
acc_17915,0
acc_17916,0
acc_17917,0
acc_17918,0
acc_17919,0
acc_17920,0
acc_17921,0
acc_17922,0
acc_17923,0
acc_17924,0
acc_17925,1
acc_17926,0
acc_17927,0
acc_17928,0
acc_17929,0
acc_17930,0
acc_17931,0
acc_17932,0
acc_17933,1
acc_17934,1
acc_17935,0
acc_17936,0
acc_17937,0
acc_17938,0
acc_17939,0
acc_17940,0
acc_17941,1
acc_17942,0
acc_17943,0
acc_17944,0
acc_17945,1
acc_17946,1
acc_17947,0
acc_17948,0
acc_17949,0
acc_17950,1
acc_17951,0
acc_17952,0
acc_17953,0
acc_17954,0
acc_17955,0
acc_17956,0
acc_17957,0
acc_17958,0
acc_17959,0
acc_17960,0
acc_17961,1
acc_17962,0
acc_17963,0
acc_17964,0
acc_17965,0
acc_17966,0
acc_17967,0
acc_17968,0
acc_17969,0
acc_17970,0
acc_17971,0
acc_17972,1
acc_17973,0
acc_17974,0
acc_17975,1
acc_17976,0
acc_17977,0
acc_17978,0
acc_17979,0
acc_17980,0
acc_17981,0
acc_17982,0
acc_17983,0
acc_17984,1
acc_17985,0
acc_17986,0
acc_17987,0
acc_17988,0
acc_17989,0
acc_17990,0
acc_17991,0
acc_17992,1
acc_17993,0
acc_17994,0
acc_17995,0
acc_17996,0
acc_17997,1
acc_17998,0
acc_17999,0
acc_18000,0
acc_18001,0
acc_18002,0
acc_18003,0
acc_18004,0
acc_18005,0
acc_18006,0
acc_18007,0
acc_18008,0
acc_18009,1
acc_18010,0
acc_18011,1
acc_18012,0
acc_18013,0
acc_18014,0
acc_18015,0
acc_18016,0
acc_18017,1
acc_18018,0
acc_18019,0
acc_18020,0
acc_18021,0
acc_18022,1
acc_18023,0
acc_18024,0
acc_18025,0
acc_18026,1
acc_18027,1
acc_18028,0
acc_18029,0
acc_18030,0
acc_18031,0
acc_18032,0
acc_18033,0
acc_18034,0
acc_18035,0
acc_18036,0
acc_18037,0
acc_18038,1
acc_18039,0
acc_18040,0
acc_18041,1
acc_18042,0
acc_18043,0
acc_18044,1
acc_18045,0
acc_18046,0
acc_18047,0
acc_18048,0
acc_18049,0
acc_18050,0
acc_18051,0
acc_18052,0
acc_18053,0
acc_18054,0
acc_18055,0
acc_18056,0
acc_18057,0
acc_18058,0
acc_18059,0
acc_18060,0
acc_18061,0
acc_18062,0
acc_18063,0
acc_18064,0
acc_18065,1
acc_18066,0
acc_18067,0
acc_18068,0
acc_18069,0
acc_18070,0
acc_18071,0
acc_18072,0
acc_18073,0
acc_18074,1
acc_18075,0
acc_18076,1
acc_18077,0
acc_18078,0
acc_18079,0
acc_18080,0
acc_18081,0
acc_18082,0
acc_18083,0
acc_18084,1
acc_18085,0
acc_18086,0
acc_18087,0
acc_18088,0
acc_18089,0
acc_18090,1
acc_18091,1
acc_18092,1
acc_18093,0
acc_18094,0
acc_18095,0
acc_18096,0
acc_18097,0
acc_18098,0
acc_18099,0
acc_18100,0
acc_18101,0
acc_18102,0
acc_18103,0
acc_18104,0
acc_18105,0
acc_18106,0
acc_18107,0
acc_18108,0
acc_18109,0
acc_18110,0
acc_18111,0
acc_18112,0
acc_18113,0
acc_18114,0
acc_18115,0
acc_18116,1
acc_18117,0
acc_18118,0
acc_18119,0
acc_18120,0
acc_18121,0
acc_18122,0
acc_18123,1
acc_18124,0
acc_18125,0
acc_18126,0
acc_18127,0
acc_18128,0
acc_18129,0
acc_18130,0
acc_18131,0
acc_18132,0
acc_18133,1
acc_18134,0
acc_18135,0
acc_18136,0
acc_18137,1
acc_18138,0
acc_18139,1
acc_18140,1
acc_18141,0
acc_18142,0
acc_18143,0
acc_18144,0
acc_18145,0
acc_18146,0
acc_18147,0
acc_18148,0
acc_18149,0
acc_18150,0
acc_18151,0
acc_18152,0
acc_18153,0
acc_18154,1
acc_18155,0
acc_18156,0
acc_18157,1
acc_18158,0
acc_18159,0
acc_18160,0
acc_18161,0
acc_18162,0
acc_18163,0
acc_18164,0
acc_18165,0
acc_18166,0
acc_18167,0
acc_18168,0
acc_18169,0
acc_18170,0
acc_18171,0
acc_18172,0
acc_18173,0
acc_18174,0
acc_18175,0
acc_18176,0
acc_18177,0
acc_18178,0
acc_18179,0
acc_18180,0
acc_18181,0
acc_18182,0
acc_18183,0
acc_18184,0
acc_18185,0
acc_18186,0
acc_18187,0
acc_18188,1
acc_18189,0
acc_18190,0
acc_18191,0
acc_18192,0
acc_18193,0
acc_18194,0
acc_18195,0
acc_18196,0
acc_18197,1
acc_18198,0
acc_18199,0
acc_18200,0
acc_18201,0
acc_18202,0
acc_18203,0
acc_18204,0
acc_18205,0
acc_18206,0
acc_18207,0
acc_18208,0
acc_18209,0
acc_18210,0
acc_18211,0
acc_18212,0
acc_18213,0
acc_18214,0
acc_18215,0
acc_18216,0
acc_18217,1
acc_18218,0
acc_18219,0
acc_18220,0
acc_18221,0
acc_18222,0
acc_18223,0
acc_18224,0
acc_18225,0
acc_18226,0
acc_18227,0
acc_18228,0
acc_18229,0
acc_18230,1
acc_18231,0
acc_18232,0
acc_18233,0
acc_18234,0
acc_18235,0
acc_18236,0
acc_18237,0
acc_18238,1
acc_18239,0
acc_18240,0
acc_18241,0
acc_18242,0
acc_18243,1
acc_18244,0
acc_18245,0
acc_18246,0
acc_18247,0
acc_18248,0
acc_18249,0
acc_18250,0
acc_18251,0
acc_18252,0
acc_18253,0
acc_18254,0
acc_18255,0
acc_18256,1
acc_18257,0
acc_18258,0
acc_18259,0
acc_18260,0
acc_18261,0
acc_18262,0
acc_18263,0
acc_18264,0
acc_18265,0
acc_18266,0
acc_18267,0
acc_18268,0
acc_18269,0
acc_18270,1
acc_18271,0
acc_18272,0
acc_18273,0
acc_18274,0
acc_18275,0
acc_18276,0
acc_18277,0
acc_18278,0
acc_18279,1
acc_18280,0
acc_18281,0
acc_18282,0
acc_18283,0
acc_18284,0
acc_18285,0
acc_18286,0
acc_18287,1
acc_18288,0
acc_18289,0
acc_18290,0
acc_18291,0
acc_18292,1
acc_18293,0
acc_18294,0
acc_18295,1
acc_18296,0
acc_18297,0
acc_18298,0
acc_18299,0
acc_18300,0
acc_18301,0
acc_18302,0
acc_18303,0
acc_18304,0
acc_18305,1
acc_18306,0
acc_18307,0
acc_18308,0
acc_18309,0
acc_18310,0
acc_18311,0
acc_18312,1
acc_18313,0
acc_18314,0
acc_18315,0
acc_18316,0
acc_18317,0
acc_18318,1
acc_18319,0
acc_18320,1
acc_18321,1
acc_18322,0
acc_18323,0
acc_18324,0
acc_18325,0
acc_18326,0
acc_18327,0
acc_18328,0
acc_18329,0
acc_18330,0
acc_18331,0
acc_18332,0
acc_18333,0
acc_18334,0
acc_18335,0
acc_18336,0
acc_18337,0
acc_18338,0
acc_18339,0
acc_18340,0
acc_18341,0
acc_18342,0
acc_18343,0
acc_18344,0
acc_18345,0
acc_18346,0
acc_18347,0
acc_18348,0
acc_18349,0
acc_18350,0
acc_18351,0
acc_18352,0
acc_18353,0
acc_18354,0
acc_18355,1
acc_18356,0
acc_18357,0
acc_18358,0
acc_18359,0
acc_18360,0
acc_18361,0
acc_18362,0
acc_18363,0
acc_18364,0
acc_18365,0
acc_18366,1
acc_18367,0
acc_18368,0
acc_18369,0
acc_18370,0
acc_18371,0
acc_18372,0
acc_18373,0
acc_18374,0
acc_18375,0
acc_18376,0
acc_18377,0
acc_18378,0
acc_18379,0
acc_18380,0
acc_18381,0
acc_18382,0
acc_18383,1
acc_18384,0
acc_18385,0
acc_18386,0
acc_18387,0
acc_18388,0
acc_18389,0
acc_18390,0
acc_18391,1
acc_18392,0
acc_18393,1
acc_18394,0
acc_18395,0
acc_18396,0
acc_18397,1
acc_18398,0
acc_18399,0
acc_18400,0
acc_18401,0
acc_18402,0
acc_18403,0
acc_18404,0
acc_18405,1
acc_18406,0
acc_18407,0
acc_18408,0
acc_18409,1
acc_18410,0
acc_18411,1
acc_18412,0
acc_18413,0
acc_18414,1
acc_18415,0
acc_18416,1
acc_18417,0
acc_18418,0
acc_18419,0
acc_18420,0
acc_18421,0
acc_18422,0
acc_18423,1
acc_18424,1
acc_18425,0
acc_18426,1
acc_18427,0
acc_18428,0
acc_18429,0
acc_18430,0
acc_18431,0
acc_18432,0
acc_18433,0
acc_18434,0
acc_18435,0
acc_18436,0
acc_18437,0
acc_18438,1
acc_18439,0
acc_18440,0
acc_18441,0
acc_18442,0
acc_18443,0
acc_18444,0
acc_18445,1
acc_18446,0
acc_18447,0
acc_18448,0
acc_18449,0
acc_18450,0
acc_18451,1
acc_18452,0
acc_18453,1
acc_18454,0
acc_18455,0
acc_18456,0
acc_18457,1
acc_18458,0
acc_18459,0
acc_18460,0
acc_18461,0
acc_18462,0
acc_18463,0
acc_18464,0
acc_18465,0
acc_18466,0
acc_18467,0
acc_18468,1
acc_18469,0
acc_18470,0
acc_18471,0
acc_18472,0
acc_18473,0
acc_18474,1
acc_18475,0
acc_18476,1
acc_18477,0
acc_18478,0
acc_18479,0
acc_18480,0
acc_18481,0
acc_18482,0
acc_18483,0
acc_18484,0
acc_18485,0
acc_18486,1
acc_18487,0
acc_18488,0
acc_18489,1
acc_18490,0
acc_18491,0
acc_18492,0
acc_18493,0
acc_18494,0
acc_18495,0
acc_18496,0
acc_18497,0
acc_18498,0
acc_18499,0
acc_18500,0
acc_18501,0
acc_18502,0
acc_18503,1
acc_18504,0
acc_18505,0
acc_18506,0
acc_18507,0
acc_18508,0
acc_18509,0
acc_18510,0
acc_18511,0
acc_18512,0
acc_18513,0
acc_18514,1
acc_18515,0
acc_18516,0
acc_18517,0
acc_18518,0
acc_18519,0
acc_18520,0
acc_18521,0
acc_18522,0
acc_18523,0
acc_18524,0
acc_18525,0
acc_18526,0
acc_18527,0
acc_18528,0
acc_18529,0
acc_18530,0
acc_18531,1
acc_18532,1
acc_18533,0
acc_18534,0
acc_18535,1
acc_18536,0
acc_18537,0
acc_18538,0
acc_18539,0
acc_18540,1
acc_18541,0
acc_18542,0
acc_18543,0
acc_18544,0
acc_18545,0
acc_18546,0
acc_18547,0
acc_18548,0
acc_18549,0
acc_18550,0
acc_18551,1
acc_18552,0
acc_18553,0
acc_18554,0
acc_18555,0
acc_18556,0
acc_18557,0
acc_18558,1
acc_18559,0
acc_18560,0
acc_18561,0
acc_18562,0
acc_18563,0
acc_18564,0
acc_18565,0
acc_18566,1
acc_18567,0
acc_18568,0
acc_18569,0
acc_18570,0
acc_18571,0
acc_18572,0
acc_18573,0
acc_18574,1
acc_18575,1
acc_18576,0
acc_18577,0
acc_18578,0
acc_18579,0
acc_18580,0
acc_18581,0
acc_18582,0
acc_18583,0
acc_18584,0
acc_18585,0
acc_18586,0
acc_18587,0
acc_18588,0
acc_18589,1
acc_18590,0
acc_18591,0
acc_18592,0
acc_18593,0
acc_18594,0
acc_18595,1
acc_18596,0
acc_18597,0
acc_18598,0
acc_18599,0
acc_18600,1
acc_18601,0
acc_18602,0
acc_18603,0
acc_18604,0
acc_18605,1
acc_18606,1
acc_18607,0
acc_18608,0
acc_18609,0
acc_18610,1
acc_18611,0
acc_18612,0
acc_18613,0
acc_18614,0
acc_18615,0
acc_18616,0
acc_18617,0
acc_18618,0
acc_18619,0
acc_18620,0
acc_18621,0
acc_18622,0
acc_18623,0
acc_18624,1
acc_18625,0
acc_18626,0
acc_18627,0
acc_18628,0
acc_18629,0
acc_18630,0
acc_18631,0
acc_18632,0
acc_18633,0
acc_18634,1
acc_18635,0
acc_18636,0
acc_18637,0
acc_18638,0
acc_18639,0
acc_18640,0
acc_18641,0
acc_18642,0
acc_18643,1
acc_18644,0
acc_18645,0
acc_18646,0
acc_18647,0
acc_18648,0
acc_18649,0
acc_18650,0
acc_18651,0
acc_18652,0
acc_18653,0
acc_18654,0
acc_18655,0
acc_18656,0
acc_18657,0
acc_18658,1
acc_18659,0
acc_18660,0
acc_18661,0
acc_18662,0
acc_18663,0
acc_18664,0
acc_18665,0
acc_18666,0
acc_18667,0
acc_18668,0
acc_18669,0
acc_18670,0
acc_18671,0
acc_18672,0
acc_18673,0
acc_18674,0
acc_18675,0
acc_18676,0
acc_18677,0
acc_18678,0
acc_18679,0
acc_18680,1
acc_18681,0
acc_18682,0
acc_18683,1
acc_18684,0
acc_18685,0
acc_18686,1
acc_18687,0
acc_18688,0
acc_18689,1
acc_18690,0
acc_18691,0
acc_18692,0
acc_18693,0
acc_18694,0
acc_18695,0
acc_18696,0
acc_18697,0
acc_18698,1
acc_18699,0
acc_18700,0
acc_18701,0
acc_18702,0
acc_18703,0
acc_18704,0
acc_18705,0
acc_18706,0
acc_18707,0
acc_18708,0
acc_18709,0
acc_18710,0
acc_18711,0
acc_18712,0
acc_18713,0
acc_18714,0
acc_18715,0
acc_18716,0
acc_18717,1
acc_18718,0
acc_18719,0
acc_18720,0
acc_18721,0
acc_18722,0
acc_18723,1
acc_18724,0
acc_18725,0
acc_18726,1
acc_18727,0
acc_18728,1
acc_18729,0
acc_18730,0
acc_18731,0
acc_18732,0
acc_18733,0
acc_18734,0
acc_18735,1
acc_18736,0
acc_18737,0
acc_18738,0
acc_18739,0
acc_18740,0
acc_18741,0
acc_18742,0
acc_18743,0
acc_18744,1
acc_18745,0
acc_18746,0
acc_18747,1
acc_18748,0
acc_18749,0
acc_18750,0
acc_18751,1
acc_18752,1
acc_18753,0
acc_18754,0
acc_18755,0
acc_18756,0
acc_18757,0
acc_18758,0
acc_18759,0
acc_18760,0
acc_18761,1
acc_18762,0
acc_18763,0
acc_18764,0
acc_18765,1
acc_18766,1
acc_18767,1
acc_18768,0
acc_18769,0
acc_18770,1
acc_18771,0
acc_18772,1
acc_18773,0
acc_18774,0
acc_18775,0
acc_18776,0
acc_18777,1
acc_18778,0
acc_18779,0
acc_18780,0
acc_18781,0
acc_18782,0
acc_18783,0
acc_18784,0
acc_18785,0
acc_18786,0
acc_18787,0
acc_18788,0
acc_18789,0
acc_18790,0
acc_18791,1
acc_18792,1
acc_18793,1
acc_18794,0
acc_18795,0
acc_18796,0
acc_18797,0
acc_18798,0
acc_18799,1
acc_18800,0
acc_18801,0
acc_18802,0
acc_18803,0
acc_18804,0
acc_18805,1
acc_18806,0
acc_18807,0
acc_18808,0
acc_18809,0
acc_18810,0
acc_18811,0
acc_18812,0
acc_18813,1
acc_18814,0
acc_18815,0
acc_18816,0
acc_18817,0
acc_18818,0
acc_18819,0
acc_18820,0
acc_18821,0
acc_18822,0
acc_18823,0
acc_18824,0
acc_18825,1
acc_18826,0
acc_18827,0
acc_18828,0
acc_18829,0
acc_18830,0
acc_18831,0
acc_18832,0
acc_18833,0
acc_18834,0
acc_18835,0
acc_18836,0
acc_18837,0
acc_18838,1
acc_18839,0
acc_18840,1
acc_18841,0
acc_18842,0
acc_18843,0
acc_18844,0
acc_18845,0
acc_18846,0
acc_18847,0
acc_18848,0
acc_18849,0
acc_18850,1
acc_18851,0
acc_18852,0
acc_18853,0
acc_18854,0
acc_18855,0
acc_18856,0
acc_18857,0
acc_18858,0
acc_18859,0
acc_18860,0
acc_18861,0
acc_18862,0
acc_18863,0
acc_18864,0
acc_18865,0
acc_18866,0
acc_18867,0
acc_18868,0
acc_18869,0
acc_18870,0
acc_18871,0
acc_18872,0
acc_18873,0
acc_18874,0
acc_18875,0
acc_18876,0
acc_18877,0
acc_18878,1
acc_18879,0
acc_18880,0
acc_18881,0
acc_18882,0
acc_18883,1
acc_18884,0
acc_18885,1
acc_18886,0
acc_18887,0
acc_18888,0
acc_18889,0
acc_18890,0
acc_18891,0
acc_18892,0
acc_18893,0
acc_18894,0
acc_18895,1
acc_18896,1
acc_18897,0
acc_18898,0
acc_18899,1
acc_18900,0
acc_18901,0
acc_18902,0
acc_18903,0
acc_18904,0
acc_18905,0
acc_18906,0
acc_18907,0
acc_18908,0
acc_18909,0
acc_18910,0
acc_18911,0
acc_18912,0
acc_18913,0
acc_18914,0
acc_18915,0
acc_18916,0
acc_18917,0
acc_18918,0
acc_18919,0
acc_18920,0
acc_18921,1
acc_18922,0
acc_18923,0
acc_18924,0
acc_18925,0
acc_18926,0
acc_18927,1
acc_18928,1
acc_18929,1
acc_18930,0
acc_18931,0
acc_18932,0
acc_18933,0
acc_18934,0
acc_18935,0
acc_18936,0
acc_18937,0
acc_18938,0
acc_18939,1
acc_18940,0
acc_18941,1
acc_18942,0
acc_18943,0
acc_18944,0
acc_18945,0
acc_18946,0
acc_18947,0
acc_18948,0
acc_18949,0
acc_18950,0
acc_18951,0
acc_18952,0
acc_18953,0
acc_18954,0
acc_18955,1
acc_18956,0
acc_18957,0
acc_18958,1
acc_18959,0
acc_18960,1
acc_18961,0
acc_18962,0
acc_18963,0
acc_18964,0
acc_18965,0
acc_18966,0
acc_18967,0
acc_18968,0
acc_18969,1
acc_18970,0
acc_18971,0
acc_18972,0
acc_18973,0
acc_18974,0
acc_18975,0
acc_18976,0
acc_18977,0
acc_18978,0
acc_18979,0
acc_18980,0
acc_18981,0
acc_18982,0
acc_18983,0
acc_18984,0
acc_18985,0
acc_18986,0
acc_18987,0
acc_18988,0
acc_18989,0
acc_18990,0
acc_18991,0
acc_18992,0
acc_18993,0
acc_18994,0
acc_18995,0
acc_18996,0
acc_18997,0
acc_18998,0
acc_18999,0
acc_19000,0
acc_19001,0
acc_19002,0
acc_19003,0
acc_19004,0
acc_19005,0
acc_19006,0
acc_19007,0
acc_19008,0
acc_19009,0
acc_19010,0
acc_19011,0
acc_19012,0
acc_19013,0
acc_19014,0
acc_19015,1
acc_19016,0
acc_19017,0
acc_19018,0
acc_19019,0
acc_19020,0
acc_19021,0
acc_19022,0
acc_19023,0
acc_19024,0
acc_19025,0
acc_19026,1
acc_19027,0
acc_19028,0
acc_19029,0
acc_19030,1
acc_19031,0
acc_19032,0
acc_19033,0
acc_19034,0
acc_19035,0
acc_19036,0
acc_19037,0
acc_19038,1
acc_19039,0
acc_19040,0
acc_19041,0
acc_19042,0
acc_19043,0
acc_19044,0
acc_19045,0
acc_19046,0
acc_19047,0
acc_19048,0
acc_19049,0
acc_19050,0
acc_19051,0
acc_19052,0
acc_19053,0
acc_19054,0
acc_19055,0
acc_19056,0
acc_19057,0
acc_19058,0
acc_19059,0
acc_19060,0
acc_19061,0
acc_19062,0
acc_19063,0
acc_19064,0
acc_19065,0
acc_19066,0
acc_19067,0
acc_19068,0
acc_19069,1
acc_19070,0
acc_19071,0
acc_19072,0
acc_19073,0
acc_19074,0
acc_19075,0
acc_19076,0
acc_19077,0
acc_19078,1
acc_19079,0
acc_19080,0
acc_19081,1
acc_19082,0
acc_19083,0
acc_19084,0
acc_19085,0
acc_19086,1
acc_19087,0
acc_19088,0
acc_19089,0
acc_19090,0
acc_19091,0
acc_19092,1
acc_19093,1
acc_19094,0
acc_19095,0
acc_19096,0
acc_19097,1
acc_19098,0
acc_19099,0
acc_19100,0
acc_19101,1
acc_19102,0
acc_19103,0
acc_19104,1
acc_19105,0
acc_19106,0
acc_19107,0
acc_19108,0
acc_19109,0
acc_19110,0
acc_19111,0
acc_19112,0
acc_19113,0
acc_19114,0
acc_19115,1
acc_19116,0
acc_19117,0
acc_19118,0
acc_19119,0
acc_19120,1
acc_19121,0
acc_19122,1
acc_19123,0
acc_19124,0
acc_19125,0
acc_19126,1
acc_19127,0
acc_19128,0
acc_19129,0
acc_19130,0
acc_19131,0
acc_19132,0
acc_19133,0
acc_19134,0
acc_19135,0
acc_19136,1
acc_19137,0
acc_19138,0
acc_19139,0
acc_19140,0
acc_19141,0
acc_19142,0
acc_19143,0
acc_19144,0
acc_19145,0
acc_19146,0
acc_19147,0
acc_19148,0
acc_19149,0
acc_19150,0
acc_19151,0
acc_19152,1
acc_19153,0
acc_19154,0
acc_19155,0
acc_19156,0
acc_19157,0
acc_19158,0
acc_19159,1
acc_19160,0
acc_19161,0
acc_19162,0
acc_19163,0
acc_19164,0
acc_19165,0
acc_19166,0
acc_19167,0
acc_19168,0
acc_19169,0
acc_19170,0
acc_19171,0
acc_19172,0
acc_19173,1
acc_19174,0
acc_19175,0
acc_19176,0
acc_19177,0
acc_19178,0
acc_19179,0
acc_19180,0
acc_19181,0
acc_19182,0
acc_19183,0
acc_19184,0
acc_19185,0
acc_19186,0
acc_19187,1
acc_19188,0
acc_19189,1
acc_19190,0
acc_19191,0
acc_19192,0
acc_19193,0
acc_19194,0
acc_19195,0
acc_19196,0
acc_19197,0
acc_19198,0
acc_19199,0
acc_19200,0
acc_19201,0
acc_19202,1
acc_19203,0
acc_19204,1
acc_19205,1
acc_19206,0
acc_19207,0
acc_19208,0
acc_19209,0
acc_19210,0
acc_19211,0
acc_19212,0
acc_19213,0
acc_19214,0
acc_19215,0
acc_19216,1
acc_19217,0
acc_19218,0
acc_19219,0
acc_19220,0
acc_19221,0
acc_19222,1
acc_19223,0
acc_19224,0
acc_19225,0
acc_19226,0
acc_19227,0
acc_19228,0
acc_19229,1
acc_19230,1
acc_19231,0
acc_19232,0
acc_19233,0
acc_19234,0
acc_19235,0
acc_19236,0
acc_19237,0
acc_19238,0
acc_19239,0
acc_19240,0
acc_19241,0
acc_19242,0
acc_19243,0
acc_19244,0
acc_19245,0
acc_19246,1
acc_19247,0
acc_19248,0
acc_19249,0
acc_19250,0
acc_19251,0
acc_19252,0
acc_19253,0
acc_19254,1
acc_19255,0
acc_19256,0
acc_19257,1
acc_19258,0
acc_19259,0
acc_19260,1
acc_19261,0
acc_19262,0
acc_19263,0
acc_19264,0
acc_19265,1
acc_19266,0
acc_19267,0
acc_19268,0
acc_19269,0
acc_19270,0
acc_19271,0
acc_19272,0
acc_19273,0
acc_19274,0
acc_19275,0
acc_19276,0
acc_19277,0
acc_19278,0
acc_19279,0
acc_19280,1
acc_19281,0
acc_19282,0
acc_19283,0
acc_19284,0
acc_19285,0
acc_19286,0
acc_19287,0
acc_19288,0
acc_19289,1
acc_19290,0
acc_19291,0
acc_19292,0
acc_19293,0
acc_19294,1
acc_19295,0
acc_19296,0
acc_19297,0
acc_19298,1
acc_19299,0
acc_19300,0
acc_19301,1
acc_19302,0
acc_19303,0
acc_19304,0
acc_19305,0
acc_19306,0
acc_19307,0
acc_19308,0
acc_19309,0
acc_19310,1
acc_19311,0
acc_19312,0
acc_19313,0
acc_19314,0
acc_19315,0
acc_19316,0
acc_19317,0
acc_19318,0
acc_19319,0
acc_19320,1
acc_19321,0
acc_19322,0
acc_19323,1
acc_19324,1
acc_19325,0
acc_19326,0
acc_19327,0
acc_19328,0
acc_19329,0
acc_19330,0
acc_19331,0
acc_19332,0
acc_19333,0
acc_19334,1
acc_19335,0
acc_19336,0
acc_19337,0
acc_19338,1
acc_19339,0
acc_19340,0
acc_19341,0
acc_19342,0
acc_19343,0
acc_19344,0
acc_19345,0
acc_19346,0
acc_19347,0
acc_19348,0
acc_19349,0
acc_19350,0
acc_19351,0
acc_19352,1
acc_19353,0
acc_19354,0
acc_19355,0
acc_19356,0
acc_19357,1
acc_19358,0
acc_19359,1
acc_19360,0
acc_19361,0
acc_19362,0
acc_19363,0
acc_19364,0
acc_19365,0
acc_19366,0
acc_19367,0
acc_19368,0
acc_19369,0
acc_19370,0
acc_19371,0
acc_19372,0
acc_19373,0
acc_19374,0
acc_19375,0
acc_19376,0
acc_19377,0
acc_19378,0
acc_19379,0
acc_19380,0
acc_19381,0
acc_19382,0
acc_19383,0
acc_19384,1
acc_19385,0
acc_19386,0
acc_19387,0
acc_19388,1
acc_19389,0
acc_19390,0
acc_19391,0
acc_19392,1
acc_19393,0
acc_19394,0
acc_19395,0
acc_19396,0
acc_19397,0
acc_19398,0
acc_19399,0
acc_19400,0
acc_19401,0
acc_19402,0
acc_19403,0
acc_19404,0
acc_19405,1
acc_19406,0
acc_19407,0
acc_19408,0
acc_19409,0
acc_19410,1
acc_19411,0
acc_19412,0
acc_19413,0
acc_19414,0
acc_19415,1
acc_19416,0
acc_19417,0
acc_19418,0
acc_19419,0
acc_19420,0
acc_19421,0
acc_19422,0
acc_19423,0
acc_19424,0
acc_19425,0
acc_19426,0
acc_19427,0
acc_19428,0
acc_19429,0
acc_19430,0
acc_19431,0
acc_19432,0
acc_19433,0
acc_19434,0
acc_19435,0
acc_19436,0
acc_19437,0
acc_19438,0
acc_19439,0
acc_19440,0
acc_19441,0
acc_19442,0
acc_19443,0
acc_19444,0
acc_19445,0
acc_19446,0
acc_19447,0
acc_19448,0
acc_19449,0
acc_19450,0
acc_19451,0
acc_19452,0
acc_19453,0
acc_19454,0
acc_19455,1
acc_19456,1
acc_19457,0
acc_19458,0
acc_19459,0
acc_19460,0
acc_19461,1
acc_19462,0
acc_19463,0
acc_19464,0
acc_19465,1
acc_19466,0
acc_19467,0
acc_19468,0
acc_19469,0
acc_19470,0
acc_19471,0
acc_19472,0
acc_19473,0
acc_19474,0
acc_19475,0
acc_19476,0
acc_19477,0
acc_19478,0
acc_19479,0
acc_19480,0
acc_19481,0
acc_19482,0
acc_19483,0
acc_19484,0
acc_19485,0
acc_19486,0
acc_19487,0
acc_19488,0
acc_19489,0
acc_19490,0
acc_19491,0
acc_19492,0
acc_19493,0
acc_19494,0
acc_19495,0
acc_19496,0
acc_19497,0
acc_19498,0
acc_19499,0
acc_19500,0
acc_19501,0
acc_19502,0
acc_19503,0
acc_19504,0
acc_19505,0
acc_19506,0
acc_19507,0
acc_19508,0
acc_19509,0
acc_19510,0
acc_19511,0
acc_19512,0
acc_19513,0
acc_19514,0
acc_19515,0
acc_19516,0
acc_19517,0
acc_19518,0
acc_19519,0
acc_19520,0
acc_19521,0
acc_19522,0
acc_19523,1
acc_19524,0
acc_19525,0
acc_19526,0
acc_19527,0
acc_19528,0
acc_19529,0
acc_19530,0
acc_19531,0
acc_19532,0
acc_19533,0
acc_19534,0
acc_19535,0
acc_19536,0
acc_19537,0
acc_19538,0
acc_19539,0
acc_19540,0
acc_19541,1
acc_19542,0
acc_19543,0
acc_19544,0
acc_19545,0
acc_19546,0
acc_19547,1
acc_19548,0
acc_19549,0
acc_19550,0
acc_19551,1
acc_19552,0
acc_19553,0
acc_19554,0
acc_19555,0
acc_19556,0
acc_19557,1
acc_19558,1
acc_19559,1
acc_19560,0
acc_19561,0
acc_19562,0
acc_19563,0
acc_19564,0
acc_19565,0
acc_19566,1
acc_19567,1
acc_19568,0
acc_19569,0
acc_19570,0
acc_19571,0
acc_19572,0
acc_19573,0
acc_19574,0
acc_19575,0
acc_19576,0
acc_19577,1
acc_19578,0
acc_19579,1
acc_19580,0
acc_19581,0
acc_19582,0
acc_19583,0
acc_19584,0
acc_19585,0
acc_19586,0
acc_19587,0
acc_19588,1
acc_19589,0
acc_19590,0
acc_19591,0
acc_19592,0
acc_19593,0
acc_19594,0
acc_19595,0
acc_19596,0
acc_19597,0
acc_19598,0
acc_19599,0
acc_19600,0
acc_19601,0
acc_19602,0
acc_19603,0
acc_19604,1
acc_19605,0
acc_19606,0
acc_19607,0
acc_19608,0
acc_19609,0
acc_19610,0
acc_19611,0
acc_19612,0
acc_19613,0
acc_19614,0
acc_19615,0
acc_19616,0
acc_19617,0
acc_19618,0
acc_19619,0
acc_19620,0
acc_19621,0
acc_19622,0
acc_19623,0
acc_19624,0
acc_19625,0
acc_19626,0
acc_19627,0
acc_19628,0
acc_19629,0
acc_19630,0
acc_19631,0
acc_19632,0
acc_19633,0
acc_19634,0
acc_19635,0
acc_19636,0
acc_19637,0
acc_19638,0
acc_19639,1
acc_19640,0
acc_19641,0
acc_19642,0
acc_19643,0
acc_19644,1
acc_19645,0
acc_19646,0
acc_19647,0
acc_19648,0
acc_19649,0
acc_19650,0
acc_19651,0
acc_19652,0
acc_19653,0
acc_19654,1
acc_19655,0
acc_19656,0
acc_19657,0
acc_19658,0
acc_19659,1
acc_19660,0
acc_19661,1
acc_19662,0
acc_19663,0
acc_19664,0
acc_19665,0
acc_19666,0
acc_19667,1
acc_19668,1
acc_19669,0
acc_19670,0
acc_19671,0
acc_19672,0
acc_19673,0
acc_19674,0
acc_19675,0
acc_19676,0
acc_19677,0
acc_19678,1
acc_19679,0
acc_19680,0
acc_19681,0
acc_19682,0
acc_19683,0
acc_19684,0
acc_19685,0
acc_19686,0
acc_19687,0
acc_19688,1
acc_19689,0
acc_19690,0
acc_19691,0
acc_19692,0
acc_19693,1
acc_19694,0
acc_19695,0
acc_19696,0
acc_19697,0
acc_19698,1
acc_19699,0
acc_19700,0
acc_19701,0
acc_19702,0
acc_19703,0
acc_19704,0
acc_19705,0
acc_19706,0
acc_19707,0
acc_19708,0
acc_19709,0
acc_19710,0
acc_19711,0
acc_19712,0
acc_19713,0
acc_19714,0
acc_19715,1
acc_19716,0
acc_19717,0
acc_19718,0
acc_19719,0
acc_19720,0
acc_19721,0
acc_19722,0
acc_19723,0
acc_19724,0
acc_19725,0
acc_19726,0
acc_19727,1
acc_19728,0
acc_19729,0
acc_19730,0
acc_19731,0
acc_19732,0
acc_19733,0
acc_19734,0
acc_19735,0
acc_19736,0
acc_19737,0
acc_19738,0
acc_19739,0
acc_19740,0
acc_19741,0
acc_19742,0
acc_19743,1
acc_19744,0
acc_19745,0
acc_19746,0
acc_19747,0
acc_19748,0
acc_19749,0
acc_19750,0
acc_19751,1
acc_19752,0
acc_19753,0
acc_19754,0
acc_19755,0
acc_19756,0
acc_19757,0
acc_19758,0
acc_19759,0
acc_19760,0
acc_19761,0
acc_19762,0
acc_19763,0
acc_19764,0
acc_19765,0
acc_19766,1
acc_19767,0
acc_19768,0
acc_19769,1
acc_19770,0
acc_19771,1
acc_19772,0
acc_19773,0
acc_19774,1
acc_19775,0
acc_19776,0
acc_19777,0
acc_19778,0
acc_19779,0
acc_19780,0
acc_19781,0
acc_19782,0
acc_19783,0
acc_19784,0
acc_19785,0
acc_19786,0
acc_19787,0
acc_19788,0
acc_19789,0
acc_19790,0
acc_19791,0
acc_19792,0
acc_19793,1
acc_19794,0
acc_19795,0
acc_19796,0
acc_19797,0
acc_19798,1
acc_19799,0
acc_19800,0
acc_19801,0
acc_19802,0
acc_19803,0
acc_19804,0
acc_19805,0
acc_19806,0
acc_19807,0
acc_19808,0
acc_19809,0
acc_19810,0
acc_19811,0
acc_19812,0
acc_19813,0
acc_19814,0
acc_19815,0
acc_19816,0
acc_19817,0
acc_19818,0
acc_19819,0
acc_19820,0
acc_19821,0
acc_19822,0
acc_19823,0
acc_19824,0
acc_19825,0
acc_19826,0
acc_19827,0
acc_19828,0
acc_19829,1
acc_19830,0
acc_19831,0
acc_19832,0
acc_19833,0
acc_19834,0
acc_19835,0
acc_19836,0
acc_19837,0
acc_19838,0
acc_19839,0
acc_19840,0
acc_19841,1
acc_19842,0
acc_19843,0
acc_19844,0
acc_19845,1
acc_19846,0
acc_19847,0
acc_19848,1
acc_19849,0
acc_19850,0
acc_19851,0
acc_19852,0
acc_19853,0
acc_19854,0
acc_19855,0
acc_19856,0
acc_19857,0
acc_19858,0
acc_19859,0
acc_19860,0
acc_19861,0
acc_19862,1
acc_19863,0
acc_19864,0
acc_19865,1
acc_19866,0
acc_19867,0
acc_19868,0
acc_19869,1
acc_19870,0
acc_19871,0
acc_19872,0
acc_19873,0
acc_19874,1
acc_19875,1
acc_19876,0
acc_19877,1
acc_19878,0
acc_19879,0
acc_19880,0
acc_19881,0
acc_19882,0
acc_19883,0
acc_19884,0
acc_19885,0
acc_19886,0
acc_19887,1
acc_19888,0
acc_19889,0
acc_19890,0
acc_19891,0
acc_19892,0
acc_19893,0
acc_19894,0
acc_19895,0
acc_19896,1
acc_19897,0
acc_19898,0
acc_19899,0
acc_19900,1
acc_19901,0
acc_19902,0
acc_19903,0
acc_19904,0
acc_19905,0
acc_19906,0
acc_19907,0
acc_19908,1
acc_19909,1
acc_19910,1
acc_19911,0
acc_19912,0
acc_19913,0
acc_19914,0
acc_19915,0
acc_19916,0
acc_19917,0
acc_19918,0
acc_19919,0
acc_19920,0
acc_19921,0
acc_19922,0
acc_19923,0
acc_19924,0
acc_19925,0
acc_19926,0
acc_19927,0
acc_19928,0
acc_19929,0
acc_19930,0
acc_19931,0
acc_19932,1
acc_19933,0
acc_19934,1
acc_19935,0
acc_19936,0
acc_19937,0
acc_19938,0
acc_19939,0
acc_19940,0
acc_19941,0
acc_19942,0
acc_19943,0
acc_19944,1
acc_19945,0
acc_19946,0
acc_19947,0
acc_19948,0
acc_19949,0
acc_19950,1
acc_19951,0
acc_19952,0
acc_19953,0
acc_19954,0
acc_19955,0
acc_19956,1
acc_19957,1
acc_19958,0
acc_19959,0
acc_19960,0
acc_19961,0
acc_19962,0
acc_19963,0
acc_19964,0
acc_19965,0
acc_19966,0
acc_19967,0
acc_19968,0
acc_19969,0
acc_19970,0
acc_19971,0
acc_19972,0
acc_19973,0
acc_19974,0
acc_19975,0
acc_19976,0
acc_19977,0
acc_19978,0
acc_19979,0
acc_19980,0
acc_19981,0
acc_19982,0
acc_19983,0
acc_19984,0
acc_19985,0
acc_19986,0
acc_19987,0
acc_19988,0
acc_19989,0
acc_19990,1
acc_19991,0
acc_19992,0
acc_19993,0
acc_19994,0
acc_19995,0
acc_19996,0
acc_19997,1
acc_19998,1
acc_19999,0
acc_20000,0
acc_20001,0
acc_20002,0
acc_20003,0
acc_20004,0
acc_20005,0
acc_20006,0
acc_20007,0
acc_20008,0
acc_20009,0
acc_20010,0
acc_20011,0
acc_20012,0
acc_20013,0
acc_20014,0
acc_20015,0
acc_20016,1
acc_20017,0
acc_20018,0
acc_20019,1
acc_20020,0
acc_20021,0
acc_20022,1
acc_20023,0
acc_20024,0
acc_20025,0
acc_20026,0
acc_20027,0
acc_20028,0
acc_20029,0
acc_20030,0
acc_20031,0
acc_20032,1
acc_20033,1
acc_20034,0
acc_20035,0
acc_20036,1
acc_20037,1
acc_20038,0
acc_20039,0
acc_20040,0
acc_20041,0
acc_20042,0
acc_20043,0
acc_20044,0
acc_20045,0
acc_20046,0
acc_20047,0
acc_20048,0
acc_20049,1
acc_20050,1
acc_20051,0
acc_20052,1
acc_20053,0
acc_20054,0
acc_20055,0
acc_20056,0
acc_20057,0
acc_20058,0
acc_20059,0
acc_20060,0
acc_20061,0
acc_20062,0
acc_20063,1
acc_20064,0
acc_20065,0
acc_20066,0
acc_20067,0
acc_20068,0
acc_20069,0
acc_20070,0
acc_20071,0
acc_20072,0
acc_20073,0
acc_20074,0
acc_20075,0
acc_20076,1
acc_20077,0
acc_20078,0
acc_20079,1
acc_20080,0
acc_20081,0
acc_20082,0
acc_20083,1
acc_20084,0
acc_20085,0
acc_20086,0
acc_20087,0
acc_20088,0
acc_20089,1
acc_20090,0
acc_20091,0
acc_20092,0
acc_20093,0
acc_20094,0
acc_20095,0
acc_20096,0
acc_20097,0
acc_20098,0
acc_20099,0
acc_20100,0
acc_20101,0
acc_20102,0
acc_20103,0
acc_20104,0
acc_20105,0
acc_20106,0
acc_20107,1
acc_20108,0
acc_20109,1
acc_20110,1
acc_20111,0
acc_20112,0
acc_20113,1
acc_20114,0
acc_20115,0
acc_20116,0
acc_20117,0
acc_20118,1
acc_20119,0
acc_20120,1
acc_20121,0
acc_20122,0
acc_20123,0
acc_20124,0
acc_20125,0
acc_20126,0
acc_20127,0
acc_20128,0
acc_20129,0
acc_20130,0
acc_20131,0
acc_20132,0
acc_20133,1
acc_20134,0
acc_20135,1
acc_20136,0
acc_20137,0
acc_20138,0
acc_20139,0
acc_20140,1
acc_20141,0
acc_20142,0
acc_20143,0
acc_20144,1
acc_20145,0
acc_20146,0
acc_20147,0
acc_20148,0
acc_20149,0
acc_20150,0
acc_20151,0
acc_20152,0
acc_20153,0
acc_20154,0
acc_20155,0
acc_20156,0
acc_20157,0
acc_20158,1
acc_20159,0
acc_20160,0
acc_20161,0
acc_20162,0
acc_20163,0
acc_20164,1
acc_20165,0
acc_20166,0
acc_20167,0
acc_20168,0
acc_20169,0
acc_20170,0
acc_20171,0
acc_20172,1
acc_20173,0
acc_20174,1
acc_20175,0
acc_20176,0
acc_20177,0
acc_20178,0
acc_20179,0
acc_20180,0
acc_20181,0
acc_20182,0
acc_20183,0
acc_20184,0
acc_20185,0
acc_20186,1
acc_20187,1
acc_20188,1
acc_20189,0
acc_20190,1
acc_20191,0
acc_20192,0
acc_20193,0
acc_20194,0
acc_20195,0
acc_20196,1
acc_20197,0
acc_20198,0
acc_20199,0
acc_20200,0
acc_20201,1
acc_20202,0
acc_20203,0
acc_20204,0
acc_20205,0
acc_20206,0
acc_20207,0
acc_20208,0
acc_20209,0
acc_20210,0
acc_20211,0
acc_20212,0
acc_20213,0
acc_20214,1
acc_20215,0
acc_20216,1
acc_20217,1
acc_20218,0
acc_20219,0
acc_20220,0
acc_20221,0
acc_20222,0
acc_20223,0
acc_20224,0
acc_20225,0
acc_20226,0
acc_20227,0
acc_20228,0
acc_20229,0
acc_20230,0
acc_20231,0
acc_20232,0
acc_20233,0
acc_20234,0
acc_20235,0
acc_20236,0
acc_20237,0
acc_20238,0
acc_20239,0
acc_20240,1
acc_20241,0
acc_20242,0
acc_20243,0
acc_20244,0
acc_20245,0
acc_20246,0
acc_20247,0
acc_20248,0
acc_20249,0
acc_20250,0
acc_20251,0
acc_20252,0
acc_20253,0
acc_20254,0
acc_20255,0
acc_20256,0
acc_20257,0
acc_20258,1
acc_20259,1
acc_20260,0
acc_20261,0
acc_20262,1
acc_20263,0
acc_20264,0
acc_20265,0
acc_20266,0
acc_20267,0
acc_20268,0
acc_20269,0
acc_20270,1
acc_20271,0
acc_20272,0
acc_20273,0
acc_20274,0
acc_20275,0
acc_20276,0
acc_20277,0
acc_20278,0
acc_20279,0
acc_20280,0
acc_20281,0
acc_20282,0
acc_20283,0
acc_20284,0
acc_20285,1
acc_20286,0
acc_20287,0
acc_20288,0
acc_20289,1
acc_20290,0
acc_20291,0
acc_20292,0
acc_20293,0
acc_20294,0
acc_20295,0
acc_20296,0
acc_20297,0
acc_20298,0
acc_20299,0
acc_20300,1
acc_20301,0
acc_20302,0
acc_20303,0
acc_20304,0
acc_20305,0
acc_20306,0
acc_20307,1
acc_20308,0
acc_20309,0
acc_20310,0
acc_20311,0
acc_20312,0
acc_20313,0
acc_20314,0
acc_20315,0
acc_20316,0
acc_20317,0
acc_20318,0
acc_20319,0
acc_20320,0
acc_20321,0
acc_20322,0
acc_20323,0
acc_20324,0
acc_20325,1
acc_20326,0
acc_20327,0
acc_20328,0
acc_20329,0
acc_20330,0
acc_20331,0
acc_20332,0
acc_20333,0
acc_20334,1
acc_20335,0
acc_20336,0
acc_20337,0
acc_20338,1
acc_20339,0
acc_20340,0
acc_20341,0
acc_20342,0
acc_20343,0
acc_20344,0
acc_20345,0
acc_20346,0
acc_20347,0
acc_20348,0
acc_20349,0
acc_20350,0
acc_20351,0
acc_20352,0
acc_20353,1
acc_20354,0
acc_20355,0
acc_20356,0
acc_20357,0
acc_20358,0
acc_20359,0
acc_20360,0
acc_20361,0
acc_20362,0
acc_20363,0
acc_20364,0
acc_20365,0
acc_20366,0
acc_20367,0
acc_20368,0
acc_20369,0
acc_20370,0
acc_20371,0
acc_20372,0
acc_20373,0
acc_20374,0
acc_20375,1
acc_20376,0
acc_20377,0
acc_20378,0
acc_20379,0
acc_20380,0
acc_20381,0
acc_20382,0
acc_20383,0
acc_20384,0
acc_20385,0
acc_20386,0
acc_20387,0
acc_20388,0
acc_20389,0
acc_20390,0
acc_20391,0
acc_20392,0
acc_20393,0
acc_20394,0
acc_20395,0
acc_20396,0
acc_20397,0
acc_20398,0
acc_20399,0
acc_20400,0
acc_20401,0
acc_20402,0
acc_20403,0
acc_20404,0
acc_20405,1
acc_20406,0
acc_20407,1
acc_20408,0
acc_20409,0
acc_20410,0
acc_20411,0
acc_20412,0
acc_20413,0
acc_20414,0
acc_20415,0
acc_20416,1
acc_20417,0
acc_20418,1
acc_20419,0
acc_20420,0
acc_20421,1
acc_20422,0
acc_20423,0
acc_20424,0
acc_20425,0
acc_20426,0
acc_20427,0
acc_20428,0
acc_20429,0
acc_20430,0
acc_20431,0
acc_20432,0
acc_20433,0
acc_20434,1
acc_20435,0
acc_20436,0
acc_20437,0
acc_20438,0
acc_20439,0
acc_20440,0
acc_20441,0
acc_20442,0
acc_20443,0
acc_20444,0
acc_20445,0
acc_20446,0
acc_20447,0
acc_20448,0
acc_20449,0
acc_20450,0
acc_20451,0
acc_20452,1
acc_20453,0
acc_20454,0
acc_20455,0
acc_20456,0
acc_20457,0
acc_20458,0
acc_20459,0
acc_20460,0
acc_20461,0
acc_20462,1
acc_20463,0
acc_20464,0
acc_20465,0
acc_20466,0
acc_20467,0
acc_20468,0
acc_20469,0
acc_20470,0
acc_20471,0
acc_20472,0
acc_20473,0
acc_20474,0
acc_20475,0
acc_20476,0
acc_20477,0
acc_20478,0
acc_20479,0
acc_20480,1
acc_20481,0
acc_20482,1
acc_20483,0
acc_20484,0
acc_20485,0
acc_20486,0
acc_20487,0
acc_20488,0
acc_20489,0
acc_20490,1
acc_20491,0
acc_20492,1
acc_20493,0
acc_20494,0
acc_20495,0
acc_20496,0
acc_20497,0
acc_20498,0
acc_20499,1
acc_20500,0
acc_20501,0
acc_20502,0
acc_20503,0
acc_20504,0
acc_20505,0
acc_20506,0
acc_20507,0
acc_20508,0
acc_20509,0
acc_20510,0
acc_20511,0
acc_20512,0
acc_20513,0
acc_20514,0
acc_20515,0
acc_20516,0
acc_20517,0
acc_20518,1
acc_20519,0
acc_20520,0
acc_20521,0
acc_20522,0
acc_20523,0
acc_20524,0
acc_20525,0
acc_20526,0
acc_20527,0
acc_20528,0
acc_20529,0
acc_20530,0
acc_20531,0
acc_20532,0
acc_20533,1
acc_20534,0
acc_20535,1
acc_20536,0
acc_20537,0
acc_20538,0
acc_20539,0
acc_20540,0
acc_20541,0
acc_20542,0
acc_20543,1
acc_20544,0
acc_20545,0
acc_20546,0
acc_20547,0
acc_20548,0
acc_20549,0
acc_20550,1
acc_20551,0
acc_20552,0
acc_20553,0
acc_20554,0
acc_20555,0
acc_20556,0
acc_20557,0
acc_20558,0
acc_20559,0
acc_20560,0
acc_20561,0
acc_20562,1
acc_20563,0
acc_20564,0
acc_20565,0
acc_20566,0
acc_20567,0
acc_20568,0
acc_20569,0
acc_20570,0
acc_20571,0
acc_20572,1
acc_20573,0
acc_20574,0
acc_20575,0
acc_20576,0
acc_20577,0
acc_20578,0
acc_20579,0
acc_20580,1
acc_20581,0
acc_20582,0
acc_20583,0
acc_20584,0
acc_20585,0
acc_20586,0
acc_20587,0
acc_20588,0
acc_20589,0
acc_20590,0
acc_20591,0
acc_20592,0
acc_20593,0
acc_20594,0
acc_20595,0
acc_20596,0
acc_20597,1
acc_20598,0
acc_20599,0
acc_20600,0
acc_20601,0
acc_20602,0
acc_20603,0
acc_20604,0
acc_20605,0
acc_20606,0
acc_20607,0
acc_20608,0
acc_20609,0
acc_20610,0
acc_20611,1
acc_20612,0
acc_20613,0
acc_20614,0
acc_20615,0
acc_20616,0
acc_20617,0
acc_20618,0
acc_20619,1
acc_20620,1
acc_20621,0
acc_20622,0
acc_20623,0
acc_20624,0
acc_20625,0
acc_20626,0
acc_20627,1
acc_20628,1
acc_20629,0
acc_20630,0
acc_20631,0
acc_20632,0
acc_20633,0
acc_20634,0
acc_20635,0
acc_20636,0
acc_20637,0
acc_20638,0
acc_20639,1
acc_20640,0
acc_20641,0
acc_20642,0
acc_20643,0
acc_20644,0
acc_20645,0
acc_20646,0
acc_20647,0
acc_20648,0
acc_20649,0
acc_20650,1
acc_20651,0
acc_20652,0
acc_20653,1
acc_20654,1
acc_20655,0
acc_20656,0
acc_20657,0
acc_20658,0
acc_20659,0
acc_20660,0
acc_20661,0
acc_20662,0
acc_20663,0
acc_20664,0
acc_20665,0
acc_20666,0
acc_20667,0
acc_20668,1
acc_20669,0
acc_20670,0
acc_20671,0
acc_20672,0
acc_20673,0
acc_20674,0
acc_20675,0
acc_20676,0
acc_20677,1
acc_20678,0
acc_20679,0
acc_20680,0
acc_20681,0
acc_20682,0
acc_20683,0
acc_20684,0
acc_20685,0
acc_20686,0
acc_20687,0
acc_20688,0
acc_20689,0
acc_20690,0
acc_20691,0
acc_20692,0
acc_20693,0
acc_20694,0
acc_20695,0
acc_20696,0
acc_20697,1
acc_20698,0
acc_20699,0
acc_20700,1
acc_20701,0
acc_20702,0
acc_20703,0
acc_20704,0
acc_20705,0
acc_20706,0
acc_20707,0
acc_20708,0
acc_20709,0
acc_20710,0
acc_20711,0
acc_20712,0
acc_20713,0
acc_20714,0
acc_20715,0
acc_20716,0
acc_20717,0
acc_20718,0
acc_20719,0
acc_20720,0
acc_20721,0
acc_20722,1
acc_20723,0
acc_20724,0
acc_20725,0
acc_20726,0
acc_20727,0
acc_20728,1
acc_20729,0
acc_20730,0
acc_20731,0
acc_20732,0
acc_20733,0
acc_20734,1
acc_20735,0
acc_20736,0
acc_20737,0
acc_20738,0
acc_20739,0
acc_20740,0
acc_20741,0
acc_20742,0
acc_20743,0
acc_20744,0
acc_20745,0
acc_20746,0
acc_20747,0
acc_20748,0
acc_20749,0
acc_20750,1
acc_20751,0
acc_20752,0
acc_20753,0
acc_20754,0
acc_20755,0
acc_20756,0
acc_20757,0
acc_20758,1
acc_20759,0
acc_20760,1
acc_20761,0
acc_20762,1
acc_20763,1
acc_20764,0
acc_20765,0
acc_20766,0
acc_20767,1
acc_20768,0
acc_20769,0
acc_20770,0
acc_20771,0
acc_20772,0
acc_20773,0
acc_20774,0
acc_20775,0
acc_20776,1
acc_20777,0
acc_20778,0
acc_20779,0
acc_20780,0
acc_20781,0
acc_20782,0
acc_20783,0
acc_20784,0
acc_20785,0
acc_20786,0
acc_20787,1
acc_20788,0
acc_20789,0
acc_20790,0
acc_20791,1
acc_20792,0
acc_20793,0
acc_20794,0
acc_20795,0
acc_20796,0
acc_20797,0
acc_20798,0
acc_20799,0
acc_20800,0
acc_20801,0
acc_20802,1
acc_20803,0
acc_20804,0
acc_20805,0
acc_20806,0
acc_20807,0
acc_20808,0
acc_20809,1
acc_20810,0
acc_20811,0
acc_20812,0
acc_20813,0
acc_20814,0
acc_20815,0
acc_20816,0
acc_20817,0
acc_20818,0
acc_20819,0
acc_20820,1
acc_20821,1
acc_20822,0
acc_20823,0
acc_20824,0
acc_20825,0
acc_20826,0
acc_20827,0
acc_20828,0
acc_20829,0
acc_20830,0
acc_20831,0
acc_20832,0
acc_20833,0
acc_20834,0
acc_20835,0
acc_20836,1
acc_20837,0
acc_20838,1
acc_20839,0
acc_20840,0
acc_20841,0
acc_20842,0
acc_20843,0
acc_20844,0
acc_20845,0
acc_20846,1
acc_20847,0
acc_20848,0
acc_20849,0
acc_20850,0
acc_20851,0
acc_20852,0
acc_20853,0
acc_20854,0
acc_20855,0
acc_20856,0
acc_20857,0
acc_20858,0
acc_20859,0
acc_20860,0
acc_20861,0
acc_20862,0
acc_20863,0
acc_20864,0
acc_20865,0
acc_20866,0
acc_20867,0
acc_20868,0
acc_20869,1
acc_20870,0
acc_20871,0
acc_20872,0
acc_20873,0
acc_20874,0
acc_20875,0
acc_20876,0
acc_20877,0
acc_20878,0
acc_20879,0
acc_20880,1
acc_20881,0
acc_20882,0
acc_20883,0
acc_20884,0
acc_20885,0
acc_20886,0
acc_20887,0
acc_20888,0
acc_20889,0
acc_20890,0
acc_20891,0
acc_20892,0
acc_20893,1
acc_20894,0
acc_20895,0
acc_20896,1
acc_20897,0
acc_20898,0
acc_20899,0
acc_20900,0
acc_20901,0
acc_20902,0
acc_20903,0
acc_20904,1
acc_20905,0
acc_20906,0
acc_20907,0
acc_20908,1
acc_20909,0
acc_20910,0
acc_20911,0
acc_20912,1
acc_20913,0
acc_20914,0
acc_20915,0
acc_20916,1
acc_20917,0
acc_20918,0
acc_20919,0
acc_20920,0
acc_20921,0
acc_20922,0
acc_20923,0
acc_20924,0
acc_20925,0
acc_20926,0
acc_20927,0
acc_20928,0
acc_20929,1
acc_20930,0
acc_20931,0
acc_20932,0
acc_20933,0
acc_20934,0
acc_20935,0
acc_20936,0
acc_20937,0
acc_20938,1
acc_20939,0
acc_20940,0
acc_20941,0
acc_20942,0
acc_20943,0
acc_20944,0
acc_20945,0
acc_20946,0
acc_20947,1
acc_20948,0
acc_20949,0
acc_20950,0
acc_20951,0
acc_20952,0
acc_20953,0
acc_20954,0
acc_20955,0
acc_20956,0
acc_20957,0
acc_20958,0
acc_20959,1
acc_20960,0
acc_20961,0
acc_20962,0
acc_20963,0
acc_20964,1
acc_20965,0
acc_20966,0
acc_20967,0
acc_20968,0
acc_20969,0
acc_20970,0
acc_20971,0
acc_20972,0
acc_20973,0
acc_20974,0
acc_20975,0
acc_20976,1
acc_20977,0
acc_20978,0
acc_20979,0
acc_20980,0
acc_20981,1
acc_20982,1
acc_20983,0
acc_20984,0
acc_20985,0
acc_20986,0
acc_20987,0
acc_20988,0
acc_20989,1
acc_20990,0
acc_20991,1
acc_20992,0
acc_20993,0
acc_20994,0
acc_20995,0
acc_20996,0
acc_20997,0
acc_20998,1
acc_20999,0
acc_21000,0
acc_21001,0
acc_21002,0
acc_21003,0
acc_21004,0
acc_21005,0
acc_21006,0
acc_21007,0
acc_21008,0
acc_21009,0
acc_21010,0
acc_21011,0
acc_21012,0
acc_21013,0
acc_21014,1
acc_21015,0
acc_21016,0
acc_21017,1
acc_21018,1
acc_21019,1
acc_21020,0
acc_21021,0
acc_21022,0
acc_21023,1
acc_21024,0
acc_21025,0
acc_21026,0
acc_21027,0
acc_21028,0
acc_21029,0
acc_21030,1
acc_21031,0
acc_21032,1
acc_21033,0
acc_21034,1
acc_21035,0
acc_21036,0
acc_21037,0
acc_21038,0
acc_21039,0
acc_21040,0
acc_21041,0
acc_21042,0
acc_21043,0
acc_21044,0
acc_21045,1
acc_21046,0
acc_21047,0
acc_21048,1
acc_21049,0
acc_21050,0
acc_21051,0
acc_21052,0
acc_21053,0
acc_21054,0
acc_21055,0
acc_21056,0
acc_21057,0
acc_21058,1
acc_21059,0
acc_21060,0
acc_21061,0
acc_21062,0
acc_21063,0
acc_21064,0
acc_21065,0
acc_21066,0
acc_21067,0
acc_21068,0
acc_21069,0
acc_21070,0
acc_21071,0
acc_21072,0
acc_21073,0
acc_21074,1
acc_21075,0
acc_21076,0
acc_21077,0
acc_21078,0
acc_21079,1
acc_21080,0
acc_21081,0
acc_21082,1
acc_21083,0
acc_21084,0
acc_21085,0
acc_21086,0
acc_21087,0
acc_21088,0
acc_21089,0
acc_21090,0
acc_21091,0
acc_21092,0
acc_21093,0
acc_21094,0
acc_21095,0
acc_21096,0
acc_21097,0
acc_21098,0
acc_21099,1
acc_21100,0
acc_21101,0
acc_21102,0
acc_21103,0
acc_21104,0
acc_21105,0
acc_21106,0
acc_21107,0
acc_21108,0
acc_21109,0
acc_21110,0
acc_21111,0
acc_21112,0
acc_21113,1
acc_21114,0
acc_21115,0
acc_21116,0
acc_21117,0
acc_21118,0
acc_21119,0
acc_21120,0
acc_21121,0
acc_21122,1
acc_21123,0
acc_21124,0
acc_21125,1
acc_21126,0
acc_21127,0
acc_21128,0
acc_21129,0
acc_21130,0
acc_21131,0
acc_21132,0
acc_21133,0
acc_21134,0
acc_21135,0
acc_21136,0
acc_21137,0
acc_21138,0
acc_21139,0
acc_21140,0
acc_21141,0
acc_21142,0
acc_21143,0
acc_21144,0
acc_21145,0
acc_21146,0
acc_21147,0
acc_21148,0
acc_21149,1
acc_21150,0
acc_21151,0
acc_21152,0
acc_21153,1
acc_21154,0
acc_21155,0
acc_21156,0
acc_21157,0
acc_21158,0
acc_21159,0
acc_21160,0
acc_21161,0
acc_21162,0
acc_21163,0
acc_21164,0
acc_21165,1
acc_21166,0
acc_21167,1
acc_21168,1
acc_21169,0
acc_21170,0
acc_21171,0
acc_21172,0
acc_21173,1
acc_21174,0
acc_21175,0
acc_21176,0
acc_21177,0
acc_21178,0
acc_21179,0
acc_21180,0
acc_21181,0
acc_21182,0
acc_21183,0
acc_21184,0
acc_21185,0
acc_21186,1
acc_21187,0
acc_21188,0
acc_21189,0
acc_21190,0
acc_21191,0
acc_21192,0
acc_21193,0
acc_21194,0
acc_21195,0
acc_21196,0
acc_21197,0
acc_21198,0
acc_21199,0
acc_21200,1
acc_21201,0
acc_21202,0
acc_21203,0
acc_21204,1
acc_21205,0
acc_21206,0
acc_21207,1
acc_21208,0
acc_21209,1
acc_21210,1
acc_21211,0
acc_21212,1
acc_21213,1
acc_21214,0
acc_21215,0
acc_21216,0
acc_21217,0
acc_21218,0
acc_21219,0
acc_21220,0
acc_21221,0
acc_21222,0
acc_21223,0
acc_21224,0
acc_21225,0
acc_21226,0
acc_21227,0
acc_21228,0
acc_21229,0
acc_21230,0
acc_21231,1
acc_21232,0
acc_21233,0
acc_21234,0
acc_21235,0
acc_21236,0
acc_21237,0
acc_21238,0
acc_21239,0
acc_21240,0
acc_21241,0
acc_21242,0
acc_21243,1
acc_21244,0
acc_21245,0
acc_21246,0
acc_21247,0
acc_21248,0
acc_21249,0
acc_21250,1
acc_21251,0
acc_21252,0
acc_21253,0
acc_21254,0
acc_21255,0
acc_21256,0
acc_21257,0
acc_21258,0
acc_21259,0
acc_21260,0
acc_21261,1
acc_21262,0
acc_21263,1
acc_21264,0
acc_21265,0
acc_21266,0
acc_21267,0
acc_21268,0
acc_21269,0
acc_21270,0
acc_21271,0
acc_21272,1
acc_21273,0
acc_21274,0
acc_21275,0
acc_21276,1
acc_21277,0
acc_21278,0
acc_21279,0
acc_21280,0
acc_21281,0
acc_21282,0
acc_21283,0
acc_21284,0
acc_21285,0
acc_21286,0
acc_21287,0
acc_21288,0
acc_21289,0
acc_21290,0
acc_21291,0
acc_21292,0
acc_21293,0
acc_21294,0
acc_21295,0
acc_21296,0
acc_21297,0
acc_21298,0
acc_21299,1
acc_21300,0
acc_21301,0
acc_21302,1
acc_21303,0
acc_21304,0
acc_21305,0
acc_21306,0
acc_21307,0
acc_21308,0
acc_21309,0
acc_21310,0
acc_21311,0
acc_21312,0
acc_21313,0
acc_21314,0
acc_21315,0
acc_21316,1
acc_21317,0
acc_21318,0
acc_21319,0
acc_21320,0
acc_21321,0
acc_21322,0
acc_21323,0
acc_21324,0
acc_21325,0
acc_21326,0
acc_21327,0
acc_21328,0
acc_21329,0
acc_21330,1
acc_21331,0
acc_21332,0
acc_21333,0
acc_21334,0
acc_21335,0
acc_21336,1
acc_21337,0
acc_21338,0
acc_21339,0
acc_21340,0
acc_21341,0
acc_21342,0
acc_21343,0
acc_21344,0
acc_21345,0
acc_21346,0
acc_21347,1
acc_21348,0
acc_21349,1
acc_21350,1
acc_21351,1
acc_21352,0
acc_21353,0
acc_21354,0
acc_21355,0
acc_21356,0
acc_21357,0
acc_21358,0
acc_21359,0
acc_21360,0
acc_21361,0
acc_21362,0
acc_21363,0
acc_21364,0
acc_21365,0
acc_21366,0
acc_21367,0
acc_21368,0
acc_21369,0
acc_21370,0
acc_21371,0
acc_21372,0
acc_21373,0
acc_21374,1
acc_21375,0
acc_21376,0
acc_21377,0
acc_21378,0
acc_21379,0
acc_21380,0
acc_21381,0
acc_21382,0
acc_21383,0
acc_21384,0
acc_21385,0
acc_21386,0
acc_21387,0
acc_21388,0
acc_21389,0
acc_21390,0
acc_21391,0
acc_21392,0
acc_21393,1
acc_21394,0
acc_21395,0
acc_21396,0
acc_21397,0
acc_21398,0
acc_21399,0
acc_21400,0
acc_21401,0
acc_21402,0
acc_21403,0
acc_21404,0
acc_21405,0
acc_21406,0
acc_21407,0
acc_21408,1
acc_21409,1
acc_21410,0
acc_21411,0
acc_21412,0
acc_21413,0
acc_21414,0
acc_21415,0
acc_21416,1
acc_21417,0
acc_21418,1
acc_21419,1
acc_21420,0
acc_21421,1
acc_21422,0
acc_21423,0
acc_21424,0
acc_21425,0
acc_21426,0
acc_21427,1
acc_21428,0
acc_21429,0
acc_21430,0
acc_21431,0
acc_21432,0
acc_21433,0
acc_21434,0
acc_21435,0
acc_21436,0
acc_21437,0
acc_21438,1
acc_21439,0
acc_21440,0
acc_21441,0
acc_21442,0
acc_21443,0
acc_21444,1
acc_21445,0
acc_21446,0
acc_21447,0
acc_21448,1
acc_21449,1
acc_21450,0
acc_21451,0
acc_21452,0
acc_21453,0
acc_21454,0
acc_21455,0
acc_21456,1
acc_21457,0
acc_21458,0
acc_21459,0
acc_21460,0
acc_21461,0
acc_21462,1
acc_21463,1
acc_21464,0
acc_21465,0
acc_21466,0
acc_21467,0
acc_21468,0
acc_21469,0
acc_21470,0
acc_21471,0
acc_21472,0
acc_21473,0
acc_21474,0
acc_21475,0
acc_21476,1
acc_21477,0
acc_21478,1
acc_21479,0
acc_21480,0
acc_21481,0
acc_21482,1
acc_21483,0
acc_21484,0
acc_21485,0
acc_21486,1
acc_21487,0
acc_21488,0
acc_21489,0
acc_21490,0
acc_21491,0
acc_21492,1
acc_21493,0
acc_21494,1
acc_21495,0
acc_21496,0
acc_21497,0
acc_21498,0
acc_21499,1
acc_21500,0
acc_21501,1
acc_21502,0
acc_21503,0
acc_21504,0
acc_21505,0
acc_21506,0
acc_21507,0
acc_21508,0
acc_21509,0
acc_21510,0
acc_21511,0
acc_21512,0
acc_21513,0
acc_21514,1
acc_21515,0
acc_21516,0
acc_21517,0
acc_21518,0
acc_21519,0
acc_21520,0
acc_21521,0
acc_21522,0
acc_21523,0
acc_21524,1
acc_21525,0
acc_21526,0
acc_21527,0
acc_21528,0
acc_21529,0
acc_21530,0
acc_21531,1
acc_21532,0
acc_21533,0
acc_21534,1
acc_21535,0
acc_21536,0
acc_21537,0
acc_21538,0
acc_21539,0
acc_21540,0
acc_21541,0
acc_21542,0
acc_21543,0
acc_21544,0
acc_21545,1
acc_21546,0
acc_21547,0
acc_21548,0
acc_21549,0
acc_21550,0
acc_21551,0
acc_21552,0
acc_21553,0
acc_21554,0
acc_21555,0
acc_21556,0
acc_21557,0
acc_21558,0
acc_21559,0
acc_21560,0
acc_21561,0
acc_21562,0
acc_21563,1
acc_21564,0
acc_21565,0
acc_21566,0
acc_21567,0
acc_21568,0
acc_21569,0
acc_21570,0
acc_21571,0
acc_21572,0
acc_21573,0
acc_21574,1
acc_21575,0
acc_21576,1
acc_21577,0
acc_21578,0
acc_21579,0
acc_21580,0
acc_21581,0
acc_21582,0
acc_21583,0
acc_21584,0
acc_21585,1
acc_21586,0
acc_21587,0
acc_21588,0
acc_21589,0
acc_21590,0
acc_21591,1
acc_21592,0
acc_21593,0
acc_21594,0
acc_21595,0
acc_21596,0
acc_21597,0
acc_21598,0
acc_21599,0
acc_21600,0
acc_21601,0
acc_21602,0
acc_21603,0
acc_21604,0
acc_21605,0
acc_21606,1
acc_21607,1
acc_21608,0
acc_21609,0
acc_21610,0
acc_21611,0
acc_21612,0
acc_21613,0
acc_21614,0
acc_21615,1
acc_21616,0
acc_21617,0
acc_21618,0
acc_21619,0
acc_21620,0
acc_21621,0
acc_21622,0
acc_21623,0
acc_21624,0
acc_21625,0
acc_21626,0
acc_21627,0
acc_21628,0
acc_21629,0
acc_21630,0
acc_21631,0
acc_21632,0
acc_21633,0
acc_21634,0
acc_21635,0
acc_21636,0
acc_21637,0
acc_21638,0
acc_21639,0
acc_21640,0
acc_21641,0
acc_21642,0
acc_21643,0
acc_21644,1
acc_21645,0
acc_21646,1
acc_21647,0
acc_21648,0
acc_21649,0
acc_21650,1
acc_21651,0
acc_21652,0
acc_21653,0
acc_21654,0
acc_21655,0
acc_21656,0
acc_21657,1
acc_21658,0
acc_21659,0
acc_21660,1
acc_21661,0
acc_21662,0
acc_21663,1
acc_21664,0
acc_21665,0
acc_21666,0
acc_21667,0
acc_21668,0
acc_21669,0
acc_21670,0
acc_21671,0
acc_21672,0
acc_21673,0
acc_21674,0
acc_21675,0
acc_21676,0
acc_21677,0
acc_21678,0
acc_21679,0
acc_21680,0
acc_21681,1
acc_21682,0
acc_21683,1
acc_21684,1
acc_21685,0
acc_21686,0
acc_21687,0
acc_21688,0
acc_21689,0
acc_21690,0
acc_21691,1
acc_21692,0
acc_21693,1
acc_21694,0
acc_21695,0
acc_21696,0
acc_21697,0
acc_21698,0
acc_21699,1
acc_21700,0
acc_21701,0
acc_21702,0
acc_21703,0
acc_21704,1
acc_21705,0
acc_21706,1
acc_21707,0
acc_21708,1
acc_21709,0
acc_21710,0
acc_21711,0
acc_21712,0
acc_21713,0
acc_21714,1
acc_21715,0
acc_21716,0
acc_21717,0
acc_21718,0
acc_21719,0
acc_21720,0
acc_21721,0
acc_21722,0
acc_21723,0
acc_21724,0
acc_21725,0
acc_21726,0
acc_21727,0
acc_21728,0
acc_21729,0
acc_21730,0
acc_21731,0
acc_21732,0
acc_21733,0
acc_21734,0
acc_21735,0
acc_21736,1
acc_21737,0
acc_21738,0
acc_21739,1
acc_21740,0
acc_21741,0
acc_21742,0
acc_21743,0
acc_21744,0
acc_21745,0
acc_21746,0
acc_21747,0
acc_21748,1
acc_21749,0
acc_21750,0
acc_21751,0
acc_21752,0
acc_21753,0
acc_21754,0
acc_21755,0
acc_21756,0
acc_21757,0
acc_21758,0
acc_21759,0
acc_21760,0
acc_21761,1
acc_21762,1
acc_21763,0
acc_21764,0
acc_21765,0
acc_21766,0
acc_21767,0
acc_21768,0
acc_21769,0
acc_21770,0
acc_21771,0
acc_21772,0
acc_21773,0
acc_21774,1
acc_21775,0
acc_21776,0
acc_21777,0
acc_21778,0
acc_21779,0
acc_21780,0
acc_21781,0
acc_21782,0
acc_21783,0
acc_21784,0
acc_21785,0
acc_21786,0
acc_21787,0
acc_21788,0
acc_21789,0
acc_21790,0
acc_21791,0
acc_21792,0
acc_21793,0
acc_21794,1
acc_21795,0
acc_21796,0
acc_21797,0
acc_21798,0
acc_21799,0
acc_21800,0
acc_21801,0
acc_21802,0
acc_21803,0
acc_21804,0
acc_21805,0
acc_21806,0
acc_21807,0
acc_21808,1
acc_21809,0
acc_21810,0
acc_21811,0
acc_21812,0
acc_21813,0
acc_21814,0
acc_21815,0
acc_21816,0
acc_21817,0
acc_21818,0
acc_21819,0
acc_21820,0
acc_21821,0
acc_21822,0
acc_21823,0
acc_21824,0
acc_21825,0
acc_21826,1
acc_21827,0
acc_21828,0
acc_21829,0
acc_21830,0
acc_21831,0
acc_21832,0
acc_21833,0
acc_21834,0
acc_21835,0
acc_21836,0
acc_21837,1
acc_21838,0
acc_21839,0
acc_21840,0
acc_21841,0
acc_21842,0
acc_21843,0
acc_21844,0
acc_21845,0
acc_21846,0
acc_21847,0
acc_21848,0
acc_21849,0
acc_21850,0
acc_21851,0
acc_21852,0
acc_21853,0
acc_21854,0
acc_21855,0
acc_21856,0
acc_21857,0
acc_21858,0
acc_21859,0
acc_21860,0
acc_21861,1
acc_21862,0
acc_21863,0
acc_21864,0
acc_21865,0
acc_21866,0
acc_21867,0
acc_21868,0
acc_21869,0
acc_21870,0
acc_21871,1
acc_21872,0
acc_21873,0
acc_21874,0
acc_21875,0
acc_21876,0
acc_21877,0
acc_21878,0
acc_21879,0
acc_21880,0
acc_21881,0
acc_21882,1
acc_21883,1
acc_21884,0
acc_21885,0
acc_21886,0
acc_21887,0
acc_21888,0
acc_21889,0
acc_21890,0
acc_21891,0
acc_21892,0
acc_21893,1
acc_21894,0
acc_21895,0
acc_21896,0
acc_21897,0
acc_21898,0
acc_21899,0
acc_21900,0
acc_21901,0
acc_21902,0
acc_21903,0
acc_21904,0
acc_21905,0
acc_21906,0
acc_21907,0
acc_21908,1
acc_21909,0
acc_21910,0
acc_21911,0
acc_21912,0
acc_21913,0
acc_21914,0
acc_21915,0
acc_21916,0
acc_21917,0
acc_21918,0
acc_21919,1
acc_21920,0
acc_21921,0
acc_21922,1
acc_21923,0
acc_21924,0
acc_21925,0
acc_21926,0
acc_21927,0
acc_21928,0
acc_21929,0
acc_21930,1
acc_21931,0
acc_21932,0
acc_21933,0
acc_21934,0
acc_21935,0
acc_21936,0
acc_21937,0
acc_21938,0
acc_21939,0
acc_21940,0
acc_21941,0
acc_21942,0
acc_21943,1
acc_21944,0
acc_21945,0
acc_21946,0
acc_21947,0
acc_21948,0
acc_21949,1
acc_21950,0
acc_21951,0
acc_21952,0
acc_21953,0
acc_21954,0
acc_21955,1
acc_21956,0
acc_21957,0
acc_21958,0
acc_21959,0
acc_21960,0
acc_21961,0
acc_21962,1
acc_21963,0
acc_21964,0
acc_21965,1
acc_21966,0
acc_21967,0
acc_21968,0
acc_21969,0
acc_21970,0
acc_21971,0
acc_21972,0
acc_21973,0
acc_21974,0
acc_21975,0
acc_21976,0
acc_21977,0
acc_21978,0
acc_21979,0
acc_21980,0
acc_21981,0
acc_21982,0
acc_21983,0
acc_21984,0
acc_21985,0
acc_21986,1
acc_21987,0
acc_21988,0
acc_21989,0
acc_21990,0
acc_21991,0
acc_21992,0
acc_21993,1
acc_21994,0
acc_21995,0
acc_21996,0
acc_21997,1
acc_21998,0
acc_21999,0
acc_22000,0
acc_22001,0
acc_22002,1
acc_22003,0
acc_22004,0
acc_22005,0
acc_22006,0
acc_22007,0
acc_22008,1
acc_22009,0
acc_22010,0
acc_22011,0
acc_22012,0
acc_22013,0
acc_22014,0
acc_22015,1
acc_22016,0
acc_22017,0
acc_22018,0
acc_22019,0
acc_22020,1
acc_22021,0
acc_22022,0
acc_22023,0
acc_22024,1
acc_22025,0
acc_22026,0
acc_22027,0
acc_22028,0
acc_22029,0
acc_22030,0
acc_22031,0
acc_22032,1
acc_22033,0
acc_22034,0
acc_22035,0
acc_22036,0
acc_22037,1
acc_22038,0
acc_22039,0
acc_22040,0
acc_22041,0
acc_22042,0
acc_22043,0
acc_22044,0
acc_22045,0
acc_22046,0
acc_22047,0
acc_22048,0
acc_22049,0
acc_22050,0
acc_22051,0
acc_22052,0
acc_22053,0
acc_22054,0
acc_22055,0
acc_22056,0
acc_22057,0
acc_22058,0
acc_22059,0
acc_22060,0
acc_22061,0
acc_22062,1
acc_22063,1
acc_22064,0
acc_22065,0
acc_22066,0
acc_22067,0
acc_22068,0
acc_22069,0
acc_22070,0
acc_22071,0
acc_22072,0
acc_22073,0
acc_22074,0
acc_22075,1
acc_22076,0
acc_22077,0
acc_22078,0
acc_22079,1
acc_22080,0
acc_22081,0
acc_22082,0
acc_22083,0
acc_22084,0
acc_22085,0
acc_22086,0
acc_22087,0
acc_22088,0
acc_22089,1
acc_22090,0
acc_22091,0
acc_22092,0
acc_22093,1
acc_22094,0
acc_22095,0
acc_22096,0
acc_22097,0
acc_22098,0
acc_22099,0
acc_22100,0
acc_22101,0
acc_22102,0
acc_22103,0
acc_22104,0
acc_22105,0
acc_22106,0
acc_22107,0
acc_22108,0
acc_22109,0
acc_22110,0
acc_22111,0
acc_22112,0
acc_22113,1
acc_22114,0
acc_22115,0
acc_22116,0
acc_22117,0
acc_22118,0
acc_22119,0
acc_22120,0
acc_22121,0
acc_22122,0
acc_22123,0
acc_22124,0
acc_22125,0
acc_22126,0
acc_22127,0
acc_22128,0
acc_22129,0
acc_22130,0
acc_22131,0
acc_22132,0
acc_22133,0
acc_22134,0
acc_22135,1
acc_22136,0
acc_22137,0
acc_22138,0
acc_22139,0
acc_22140,0
acc_22141,0
acc_22142,0
acc_22143,0
acc_22144,0
acc_22145,1
acc_22146,1
acc_22147,0
acc_22148,0
acc_22149,0
acc_22150,0
acc_22151,0
acc_22152,0
acc_22153,0
acc_22154,0
acc_22155,0
acc_22156,0
acc_22157,0
acc_22158,1
acc_22159,0
acc_22160,1
acc_22161,0
acc_22162,0
acc_22163,0
acc_22164,0
acc_22165,0
acc_22166,0
acc_22167,0
acc_22168,0
acc_22169,0
acc_22170,0
acc_22171,1
acc_22172,0
acc_22173,0
acc_22174,0
acc_22175,1
acc_22176,1
acc_22177,0
acc_22178,0
acc_22179,0
acc_22180,0
acc_22181,1
acc_22182,0
acc_22183,0
acc_22184,0
acc_22185,0
acc_22186,0
acc_22187,0
acc_22188,0
acc_22189,1
acc_22190,1
acc_22191,0
acc_22192,0
acc_22193,1
acc_22194,0
acc_22195,0
acc_22196,0
acc_22197,0
acc_22198,0
acc_22199,0
acc_22200,0
acc_22201,1
acc_22202,1
acc_22203,0
acc_22204,0
acc_22205,0
acc_22206,1
acc_22207,0
acc_22208,0
acc_22209,0
acc_22210,0
acc_22211,0
acc_22212,0
acc_22213,0
acc_22214,1
acc_22215,0
acc_22216,0
acc_22217,0
acc_22218,0
acc_22219,0
acc_22220,0
acc_22221,0
acc_22222,0
acc_22223,0
acc_22224,0
acc_22225,0
acc_22226,0
acc_22227,0
acc_22228,0
acc_22229,0
acc_22230,0
acc_22231,0
acc_22232,0
acc_22233,0
acc_22234,0
acc_22235,1
acc_22236,0
acc_22237,0
acc_22238,0
acc_22239,0
acc_22240,0
acc_22241,0
acc_22242,0
acc_22243,0
acc_22244,0
acc_22245,0
acc_22246,0
acc_22247,0
acc_22248,0
acc_22249,0
acc_22250,0
acc_22251,0
acc_22252,0
acc_22253,0
acc_22254,0
acc_22255,0
acc_22256,0
acc_22257,0
acc_22258,0
acc_22259,1
acc_22260,0
acc_22261,0
acc_22262,0
acc_22263,0
acc_22264,0
acc_22265,0
acc_22266,0
acc_22267,0
acc_22268,1
acc_22269,0
acc_22270,0
acc_22271,0
acc_22272,0
acc_22273,0
acc_22274,0
acc_22275,0
acc_22276,0
acc_22277,0
acc_22278,0
acc_22279,0
acc_22280,0
acc_22281,1
acc_22282,0
acc_22283,0
acc_22284,0
acc_22285,1
acc_22286,0
acc_22287,0
acc_22288,0
acc_22289,0
acc_22290,0
acc_22291,0
acc_22292,0
acc_22293,1
acc_22294,0
acc_22295,1
acc_22296,0
acc_22297,0
acc_22298,0
acc_22299,0
acc_22300,0
acc_22301,0
acc_22302,1
acc_22303,0
acc_22304,0
acc_22305,1
acc_22306,1
acc_22307,1
acc_22308,1
acc_22309,0
acc_22310,0
acc_22311,0
acc_22312,0
acc_22313,0
acc_22314,0
acc_22315,0
acc_22316,1
acc_22317,0
acc_22318,0
acc_22319,0
acc_22320,1
acc_22321,1
acc_22322,0
acc_22323,0
acc_22324,0
acc_22325,0
acc_22326,0
acc_22327,0
acc_22328,0
acc_22329,0
acc_22330,0
acc_22331,0
acc_22332,0
acc_22333,0
acc_22334,1
acc_22335,0
acc_22336,0
acc_22337,0
acc_22338,0
acc_22339,0
acc_22340,0
acc_22341,0
acc_22342,0
acc_22343,0
acc_22344,0
acc_22345,1
acc_22346,0
acc_22347,0
acc_22348,0
acc_22349,0
acc_22350,0
acc_22351,0
acc_22352,0
acc_22353,0
acc_22354,1
acc_22355,0
acc_22356,0
acc_22357,0
acc_22358,0
acc_22359,0
acc_22360,0
acc_22361,0
acc_22362,0
acc_22363,0
acc_22364,0
acc_22365,1
acc_22366,0
acc_22367,0
acc_22368,0
acc_22369,1
acc_22370,0
acc_22371,1
acc_22372,0
acc_22373,0
acc_22374,0
acc_22375,0
acc_22376,0
acc_22377,0
acc_22378,1
acc_22379,0
acc_22380,0
acc_22381,0
acc_22382,0
acc_22383,0
acc_22384,0
acc_22385,0
acc_22386,0
acc_22387,1
acc_22388,0
acc_22389,0
acc_22390,0
acc_22391,0
acc_22392,0
acc_22393,1
acc_22394,0
acc_22395,0
acc_22396,0
acc_22397,0
acc_22398,0
acc_22399,0
acc_22400,0
acc_22401,0
acc_22402,0
acc_22403,0
acc_22404,0
acc_22405,0
acc_22406,0
acc_22407,0
acc_22408,0
acc_22409,0
acc_22410,0
acc_22411,0
acc_22412,0
acc_22413,0
acc_22414,0
acc_22415,0
acc_22416,0
acc_22417,0
acc_22418,1
acc_22419,0
acc_22420,0
acc_22421,0
acc_22422,0
acc_22423,0
acc_22424,0
acc_22425,1
acc_22426,0
acc_22427,0
acc_22428,1
acc_22429,0
acc_22430,0
acc_22431,1
acc_22432,0
acc_22433,0
acc_22434,0
acc_22435,0
acc_22436,0
acc_22437,0
acc_22438,0
acc_22439,0
acc_22440,0
acc_22441,0
acc_22442,0
acc_22443,0
acc_22444,0
acc_22445,1
acc_22446,0
acc_22447,0
acc_22448,0
acc_22449,0
acc_22450,1
acc_22451,0
acc_22452,0
acc_22453,0
acc_22454,0
acc_22455,0
acc_22456,0
acc_22457,0
acc_22458,0
acc_22459,0
acc_22460,0
acc_22461,0
acc_22462,0
acc_22463,0
acc_22464,0
acc_22465,1
acc_22466,0
acc_22467,0
acc_22468,0
acc_22469,0
acc_22470,1
acc_22471,0
acc_22472,1
acc_22473,0
acc_22474,1
acc_22475,0
acc_22476,0
acc_22477,0
acc_22478,0
acc_22479,1
acc_22480,1
acc_22481,1
acc_22482,0
acc_22483,0
acc_22484,0
acc_22485,0
acc_22486,0
acc_22487,0
acc_22488,1
acc_22489,1
acc_22490,0
acc_22491,0
acc_22492,0
acc_22493,0
acc_22494,0
acc_22495,0
acc_22496,0
acc_22497,1
acc_22498,1
acc_22499,0
acc_22500,0
acc_22501,0
acc_22502,0
acc_22503,0
acc_22504,1
acc_22505,0
acc_22506,0
acc_22507,0
acc_22508,0
acc_22509,0
acc_22510,0
acc_22511,0
acc_22512,0
acc_22513,1
acc_22514,0
acc_22515,0
acc_22516,1
acc_22517,0
acc_22518,0
acc_22519,0
acc_22520,0
acc_22521,0
acc_22522,0
acc_22523,0
acc_22524,0
acc_22525,0
acc_22526,0
acc_22527,0
acc_22528,0
acc_22529,0
acc_22530,0
acc_22531,0
acc_22532,0
acc_22533,0
acc_22534,0
acc_22535,0
acc_22536,1
acc_22537,0
acc_22538,0
acc_22539,0
acc_22540,0
acc_22541,0
acc_22542,0
acc_22543,0
acc_22544,0
acc_22545,1
acc_22546,0
acc_22547,0
acc_22548,0
acc_22549,0
acc_22550,0
acc_22551,1
acc_22552,1
acc_22553,0
acc_22554,0
acc_22555,0
acc_22556,0
acc_22557,0
acc_22558,0
acc_22559,0
acc_22560,1
acc_22561,0
acc_22562,0
acc_22563,1
acc_22564,1
acc_22565,0
acc_22566,0
acc_22567,0
acc_22568,0
acc_22569,0
acc_22570,0
acc_22571,0
acc_22572,1
acc_22573,0
acc_22574,0
acc_22575,0
acc_22576,0
acc_22577,0
acc_22578,0
acc_22579,0
acc_22580,0
acc_22581,1
acc_22582,0
acc_22583,0
acc_22584,1
acc_22585,1
acc_22586,0
acc_22587,0
acc_22588,0
acc_22589,0
acc_22590,0
acc_22591,0
acc_22592,0
acc_22593,0
acc_22594,0
acc_22595,0
acc_22596,0
acc_22597,0
acc_22598,0
acc_22599,0
acc_22600,0
acc_22601,1
acc_22602,0
acc_22603,0
acc_22604,0
acc_22605,0
acc_22606,1
acc_22607,0
acc_22608,0
acc_22609,0
acc_22610,0
acc_22611,0
acc_22612,0
acc_22613,0
acc_22614,0
acc_22615,0
acc_22616,0
acc_22617,1
acc_22618,0
acc_22619,0
acc_22620,0
acc_22621,0
acc_22622,0
acc_22623,0
acc_22624,0
acc_22625,1
acc_22626,1
acc_22627,0
acc_22628,0
acc_22629,0
acc_22630,0
acc_22631,0
acc_22632,0
acc_22633,0
acc_22634,0
acc_22635,0
acc_22636,0
acc_22637,0
acc_22638,0
acc_22639,0
acc_22640,0
acc_22641,0
acc_22642,0
acc_22643,0
acc_22644,0
acc_22645,0
acc_22646,0
acc_22647,0
acc_22648,0
acc_22649,0
acc_22650,0
acc_22651,0
acc_22652,0
acc_22653,0
acc_22654,0
acc_22655,0
acc_22656,0
acc_22657,0
acc_22658,0
acc_22659,0
acc_22660,0
acc_22661,0
acc_22662,0
acc_22663,0
acc_22664,0
acc_22665,0
acc_22666,0
acc_22667,0
acc_22668,0
acc_22669,1
acc_22670,0
acc_22671,0
acc_22672,0
acc_22673,0
acc_22674,0
acc_22675,0
acc_22676,0
acc_22677,0
acc_22678,0
acc_22679,0
acc_22680,0
acc_22681,0
acc_22682,0
acc_22683,0
acc_22684,0
acc_22685,0
acc_22686,0
acc_22687,0
acc_22688,0
acc_22689,0
acc_22690,0
acc_22691,0
acc_22692,1
acc_22693,0
acc_22694,0
acc_22695,0
acc_22696,0
acc_22697,0
acc_22698,0
acc_22699,0
acc_22700,1
acc_22701,0
acc_22702,1
acc_22703,0
acc_22704,0
acc_22705,0
acc_22706,1
acc_22707,0
acc_22708,0
acc_22709,0
acc_22710,0
acc_22711,0
acc_22712,0
acc_22713,1
acc_22714,0
acc_22715,0
acc_22716,0
acc_22717,0
acc_22718,1
acc_22719,0
acc_22720,0
acc_22721,0
acc_22722,0
acc_22723,0
acc_22724,0
acc_22725,1
acc_22726,1
acc_22727,0
acc_22728,0
acc_22729,1
acc_22730,0
acc_22731,0
acc_22732,0
acc_22733,0
acc_22734,0
acc_22735,0
acc_22736,0
acc_22737,0
acc_22738,0
acc_22739,0
acc_22740,1
acc_22741,0
acc_22742,1
acc_22743,0
acc_22744,0
acc_22745,0
acc_22746,0
acc_22747,1
acc_22748,0
acc_22749,0
acc_22750,0
acc_22751,1
acc_22752,0
acc_22753,0
acc_22754,0
acc_22755,0
acc_22756,0
acc_22757,0
acc_22758,0
acc_22759,0
acc_22760,0
acc_22761,0
acc_22762,0
acc_22763,0
acc_22764,1
acc_22765,0
acc_22766,0
acc_22767,0
acc_22768,0
acc_22769,0
acc_22770,0
acc_22771,0
acc_22772,0
acc_22773,0
acc_22774,0
acc_22775,0
acc_22776,0
acc_22777,0
acc_22778,0
acc_22779,0
acc_22780,1
acc_22781,0
acc_22782,0
acc_22783,1
acc_22784,0
acc_22785,0
acc_22786,0
acc_22787,0
acc_22788,0
acc_22789,0
acc_22790,0
acc_22791,0
acc_22792,0
acc_22793,1
acc_22794,0
acc_22795,0
acc_22796,0
acc_22797,0
acc_22798,0
acc_22799,0
acc_22800,0
acc_22801,0
acc_22802,0
acc_22803,0
acc_22804,0
acc_22805,0
acc_22806,0
acc_22807,0
acc_22808,0
acc_22809,0
acc_22810,1
acc_22811,0
acc_22812,1
acc_22813,0
acc_22814,0
acc_22815,0
acc_22816,0
acc_22817,0
acc_22818,0
acc_22819,0
acc_22820,0
acc_22821,1
acc_22822,0
acc_22823,0
acc_22824,0
acc_22825,0
acc_22826,0
acc_22827,0
acc_22828,0
acc_22829,1
acc_22830,0
acc_22831,0
acc_22832,0
acc_22833,0
acc_22834,0
acc_22835,1
acc_22836,0
acc_22837,0
acc_22838,0
acc_22839,0
acc_22840,0
acc_22841,1
acc_22842,0
acc_22843,0
acc_22844,0
acc_22845,0
acc_22846,0
acc_22847,0
acc_22848,1
acc_22849,0
acc_22850,0
acc_22851,0
acc_22852,0
acc_22853,0
acc_22854,0
acc_22855,0
acc_22856,0
acc_22857,0
acc_22858,0
acc_22859,1
acc_22860,1
acc_22861,0
acc_22862,0
acc_22863,0
acc_22864,0
acc_22865,0
acc_22866,0
acc_22867,0
acc_22868,0
acc_22869,0
acc_22870,0
acc_22871,0
acc_22872,0
acc_22873,0
acc_22874,0
acc_22875,0
acc_22876,0
acc_22877,0
acc_22878,0
acc_22879,0
acc_22880,0
acc_22881,0
acc_22882,0
acc_22883,0
acc_22884,0
acc_22885,0
acc_22886,1
acc_22887,1
acc_22888,0
acc_22889,0
acc_22890,0
acc_22891,0
acc_22892,0
acc_22893,0
acc_22894,1
acc_22895,0
acc_22896,0
acc_22897,0
acc_22898,0
acc_22899,0
acc_22900,0
acc_22901,0
acc_22902,0
acc_22903,0
acc_22904,0
acc_22905,0
acc_22906,0
acc_22907,0
acc_22908,0
acc_22909,0
acc_22910,0
acc_22911,0
acc_22912,0
acc_22913,0
acc_22914,0
acc_22915,1
acc_22916,0
acc_22917,0
acc_22918,0
acc_22919,1
acc_22920,0
acc_22921,0
acc_22922,0
acc_22923,0
acc_22924,0
acc_22925,0
acc_22926,0
acc_22927,0
acc_22928,0
acc_22929,0
acc_22930,0
acc_22931,0
acc_22932,0
acc_22933,0
acc_22934,0
acc_22935,0
acc_22936,0
acc_22937,0
acc_22938,1
acc_22939,0
acc_22940,0
acc_22941,0
acc_22942,0
acc_22943,0
acc_22944,1
acc_22945,0
acc_22946,0
acc_22947,0
acc_22948,0
acc_22949,0
acc_22950,0
acc_22951,1
acc_22952,0
acc_22953,0
acc_22954,1
acc_22955,1
acc_22956,1
acc_22957,0
acc_22958,0
acc_22959,0
acc_22960,1
acc_22961,1
acc_22962,0
acc_22963,0
acc_22964,1
acc_22965,1
acc_22966,1
acc_22967,0
acc_22968,0
acc_22969,0
acc_22970,0
acc_22971,0
acc_22972,0
acc_22973,0
acc_22974,0
acc_22975,0
acc_22976,0
acc_22977,0
acc_22978,0
acc_22979,0
acc_22980,0
acc_22981,0
acc_22982,0
acc_22983,0
acc_22984,1
acc_22985,0
acc_22986,1
acc_22987,0
acc_22988,0
acc_22989,0
acc_22990,0
acc_22991,0
acc_22992,0
acc_22993,0
acc_22994,0
acc_22995,0
acc_22996,1
acc_22997,0
acc_22998,1
acc_22999,0
acc_23000,0
acc_23001,1
acc_23002,0
acc_23003,1
acc_23004,0
acc_23005,0
acc_23006,1
acc_23007,0
acc_23008,0
acc_23009,0
acc_23010,0
acc_23011,0
acc_23012,0
acc_23013,0
acc_23014,0
acc_23015,0
acc_23016,0
acc_23017,0
acc_23018,0
acc_23019,0
acc_23020,0
acc_23021,0
acc_23022,0
acc_23023,0
acc_23024,0
acc_23025,0
acc_23026,0
acc_23027,1
acc_23028,0
acc_23029,0
acc_23030,0
acc_23031,0
acc_23032,0
acc_23033,0
acc_23034,0
acc_23035,0
acc_23036,0
acc_23037,0
acc_23038,0
acc_23039,0
acc_23040,0
acc_23041,0
acc_23042,0
acc_23043,0
acc_23044,0
acc_23045,0
acc_23046,0
acc_23047,0
acc_23048,0
acc_23049,0
acc_23050,1
acc_23051,0
acc_23052,0
acc_23053,0
acc_23054,1
acc_23055,0
acc_23056,1
acc_23057,1
acc_23058,1
acc_23059,0
acc_23060,0
acc_23061,1
acc_23062,0
acc_23063,0
acc_23064,0
acc_23065,0
acc_23066,0
acc_23067,0
acc_23068,0
acc_23069,1
acc_23070,1
acc_23071,0
acc_23072,0
acc_23073,0
acc_23074,0
acc_23075,0
acc_23076,0
acc_23077,0
acc_23078,0
acc_23079,0
acc_23080,0
acc_23081,0
acc_23082,0
acc_23083,0
acc_23084,0
acc_23085,1
acc_23086,1
acc_23087,0
acc_23088,0
acc_23089,1
acc_23090,0
acc_23091,1
acc_23092,0
acc_23093,0
acc_23094,0
acc_23095,0
acc_23096,0
acc_23097,0
acc_23098,1
acc_23099,0
acc_23100,0
acc_23101,1
acc_23102,0
acc_23103,0
acc_23104,0
acc_23105,0
acc_23106,0
acc_23107,0
acc_23108,0
acc_23109,0
acc_23110,0
acc_23111,0
acc_23112,0
acc_23113,0
acc_23114,0
acc_23115,0
acc_23116,0
acc_23117,1
acc_23118,0
acc_23119,0
acc_23120,0
acc_23121,0
acc_23122,0
acc_23123,0
acc_23124,0
acc_23125,0
acc_23126,1
acc_23127,0
acc_23128,0
acc_23129,0
acc_23130,0
acc_23131,0
acc_23132,0
acc_23133,0
acc_23134,0
acc_23135,0
acc_23136,0
acc_23137,0
acc_23138,0
acc_23139,0
acc_23140,0
acc_23141,0
acc_23142,0
acc_23143,0
acc_23144,0
acc_23145,0
acc_23146,0
acc_23147,0
acc_23148,0
acc_23149,0
acc_23150,0
acc_23151,0
acc_23152,0
acc_23153,0
acc_23154,0
acc_23155,0
acc_23156,0
acc_23157,0
acc_23158,0
acc_23159,0
acc_23160,1
acc_23161,0
acc_23162,0
acc_23163,0
acc_23164,0
acc_23165,0
acc_23166,0
acc_23167,0
acc_23168,0
acc_23169,0
acc_23170,0
acc_23171,0
acc_23172,0
acc_23173,0
acc_23174,0
acc_23175,0
acc_23176,0
acc_23177,0
acc_23178,0
acc_23179,0
acc_23180,0
acc_23181,0
acc_23182,0
acc_23183,0
acc_23184,0
acc_23185,0
acc_23186,0
acc_23187,0
acc_23188,0
acc_23189,1
acc_23190,0
acc_23191,0
acc_23192,0
acc_23193,0
acc_23194,0
acc_23195,0
acc_23196,1
acc_23197,0
acc_23198,0
acc_23199,0
acc_23200,0
acc_23201,0
acc_23202,1
acc_23203,0
acc_23204,0
acc_23205,0
acc_23206,0
acc_23207,0
acc_23208,0
acc_23209,0
acc_23210,0
acc_23211,0
acc_23212,0
acc_23213,0
acc_23214,0
acc_23215,0
acc_23216,0
acc_23217,0
acc_23218,0
acc_23219,0
acc_23220,0
acc_23221,0
acc_23222,0
acc_23223,1
acc_23224,0
acc_23225,0
acc_23226,0
acc_23227,0
acc_23228,0
acc_23229,0
acc_23230,0
acc_23231,1
acc_23232,0
acc_23233,0
acc_23234,0
acc_23235,0
acc_23236,0
acc_23237,1
acc_23238,0
acc_23239,0
acc_23240,0
acc_23241,0
acc_23242,0
acc_23243,1
acc_23244,1
acc_23245,0
acc_23246,0
acc_23247,0
acc_23248,0
acc_23249,0
acc_23250,1
acc_23251,1
acc_23252,0
acc_23253,0
acc_23254,0
acc_23255,1
acc_23256,0
acc_23257,0
acc_23258,0
acc_23259,1
acc_23260,0
acc_23261,0
acc_23262,0
acc_23263,0
acc_23264,0
acc_23265,0
acc_23266,0
acc_23267,0
acc_23268,0
acc_23269,1
acc_23270,0
acc_23271,0
acc_23272,0
acc_23273,0
acc_23274,0
acc_23275,0
acc_23276,1
acc_23277,0
acc_23278,1
acc_23279,0
acc_23280,0
acc_23281,0
acc_23282,0
acc_23283,0
acc_23284,0
acc_23285,0
acc_23286,0
acc_23287,0
acc_23288,0
acc_23289,1
acc_23290,0
acc_23291,0
acc_23292,0
acc_23293,0
acc_23294,0
acc_23295,0
acc_23296,0
acc_23297,0
acc_23298,0
acc_23299,0
acc_23300,1
acc_23301,1
acc_23302,0
acc_23303,1
acc_23304,0
acc_23305,0
acc_23306,0
acc_23307,0
acc_23308,0
acc_23309,0
acc_23310,1
acc_23311,0
acc_23312,0
acc_23313,0
acc_23314,0
acc_23315,0
acc_23316,0
acc_23317,1
acc_23318,0
acc_23319,1
acc_23320,0
acc_23321,0
acc_23322,0
acc_23323,0
acc_23324,1
acc_23325,0
acc_23326,1
acc_23327,0
acc_23328,0
acc_23329,0
acc_23330,0
acc_23331,0
acc_23332,0
acc_23333,0
acc_23334,0
acc_23335,0
acc_23336,0
acc_23337,1
acc_23338,0
acc_23339,0
acc_23340,0
acc_23341,1
acc_23342,0
acc_23343,0
acc_23344,0
acc_23345,0
acc_23346,0
acc_23347,0
acc_23348,0
acc_23349,0
acc_23350,0
acc_23351,1
acc_23352,0
acc_23353,0
acc_23354,1
acc_23355,1
acc_23356,0
acc_23357,0
acc_23358,0
acc_23359,0
acc_23360,0
acc_23361,0
acc_23362,0
acc_23363,0
acc_23364,0
acc_23365,0
acc_23366,0
acc_23367,0
acc_23368,0
acc_23369,0
acc_23370,0
acc_23371,0
acc_23372,0
acc_23373,0
acc_23374,0
acc_23375,1
acc_23376,0
acc_23377,0
acc_23378,0
acc_23379,0
acc_23380,0
acc_23381,0
acc_23382,1
acc_23383,0
acc_23384,0
acc_23385,0
acc_23386,0
acc_23387,0
acc_23388,0
acc_23389,0
acc_23390,0
acc_23391,0
acc_23392,0
acc_23393,0
acc_23394,0
acc_23395,0
acc_23396,0
acc_23397,1
acc_23398,0
acc_23399,0
acc_23400,1
acc_23401,0
acc_23402,0
acc_23403,0
acc_23404,0
acc_23405,0
acc_23406,0
acc_23407,0
acc_23408,1
acc_23409,0
acc_23410,0
acc_23411,0
acc_23412,0
acc_23413,0
acc_23414,0
acc_23415,0
acc_23416,0
acc_23417,0
acc_23418,0
acc_23419,0
acc_23420,0
acc_23421,0
acc_23422,0
acc_23423,0
acc_23424,0
acc_23425,0
acc_23426,0
acc_23427,0
acc_23428,0
acc_23429,0
acc_23430,0
acc_23431,0
acc_23432,0
acc_23433,0
acc_23434,0
acc_23435,0
acc_23436,0
acc_23437,0
acc_23438,0
acc_23439,0
acc_23440,0
acc_23441,0
acc_23442,0
acc_23443,0
acc_23444,0
acc_23445,0
acc_23446,0
acc_23447,0
acc_23448,0
acc_23449,0
acc_23450,0
acc_23451,1
acc_23452,0
acc_23453,0
acc_23454,0
acc_23455,0
acc_23456,0
acc_23457,0
acc_23458,0
acc_23459,1
acc_23460,0
acc_23461,0
acc_23462,0
acc_23463,0
acc_23464,0
acc_23465,0
acc_23466,0
acc_23467,0
acc_23468,0
acc_23469,0
acc_23470,0
acc_23471,0
acc_23472,0
acc_23473,0
acc_23474,0
acc_23475,0
acc_23476,0
acc_23477,0
acc_23478,0
acc_23479,0
acc_23480,0
acc_23481,0
acc_23482,0
acc_23483,1
acc_23484,0
acc_23485,0
acc_23486,0
acc_23487,1
acc_23488,0
acc_23489,1
acc_23490,1
acc_23491,1
acc_23492,1
acc_23493,0
acc_23494,0
acc_23495,0
acc_23496,0
acc_23497,0
acc_23498,0
acc_23499,0
acc_23500,0
acc_23501,0
acc_23502,0
acc_23503,0
acc_23504,1
acc_23505,0
acc_23506,1
acc_23507,0
acc_23508,0
acc_23509,0
acc_23510,0
acc_23511,0
acc_23512,0
acc_23513,0
acc_23514,0
acc_23515,0
acc_23516,0
acc_23517,0
acc_23518,0
acc_23519,0
acc_23520,0
acc_23521,0
acc_23522,0
acc_23523,0
acc_23524,0
acc_23525,0
acc_23526,0
acc_23527,0
acc_23528,0
acc_23529,0
acc_23530,0
acc_23531,1
acc_23532,0
acc_23533,0
acc_23534,0
acc_23535,0
acc_23536,0
acc_23537,0
acc_23538,0
acc_23539,0
acc_23540,0
acc_23541,0
acc_23542,0
acc_23543,0
acc_23544,0
acc_23545,0
acc_23546,0
acc_23547,1
acc_23548,0
acc_23549,0
acc_23550,0
acc_23551,0
acc_23552,1
acc_23553,0
acc_23554,0
acc_23555,1
acc_23556,0
acc_23557,0
acc_23558,0
acc_23559,0
acc_23560,0
acc_23561,0
acc_23562,0
acc_23563,0
acc_23564,0
acc_23565,0
acc_23566,0
acc_23567,0
acc_23568,0
acc_23569,0
acc_23570,0
acc_23571,0
acc_23572,0
acc_23573,0
acc_23574,0
acc_23575,0
acc_23576,0
acc_23577,0
acc_23578,0
acc_23579,0
acc_23580,0
acc_23581,0
acc_23582,0
acc_23583,0
acc_23584,0
acc_23585,0
acc_23586,0
acc_23587,0
acc_23588,0
acc_23589,0
acc_23590,0
acc_23591,0
acc_23592,0
acc_23593,0
acc_23594,0
acc_23595,0
acc_23596,0
acc_23597,0
acc_23598,0
acc_23599,0
acc_23600,0
acc_23601,0
acc_23602,1
acc_23603,0
acc_23604,0
acc_23605,0
acc_23606,1
acc_23607,0
acc_23608,0
acc_23609,0
acc_23610,0
acc_23611,0
acc_23612,0
acc_23613,1
acc_23614,0
acc_23615,0
acc_23616,0
acc_23617,0
acc_23618,1
acc_23619,1
acc_23620,0
acc_23621,0
acc_23622,0
acc_23623,1
acc_23624,0
acc_23625,0
acc_23626,0
acc_23627,0
acc_23628,0
acc_23629,1
acc_23630,0
acc_23631,0
acc_23632,0
acc_23633,0
acc_23634,0
acc_23635,0
acc_23636,0
acc_23637,0
acc_23638,1
acc_23639,0
acc_23640,0
acc_23641,0
acc_23642,0
acc_23643,1
acc_23644,1
acc_23645,0
acc_23646,0
acc_23647,1
acc_23648,0
acc_23649,0
acc_23650,0
acc_23651,0
acc_23652,0
acc_23653,0
acc_23654,1
acc_23655,0
acc_23656,0
acc_23657,0
acc_23658,1
acc_23659,1
acc_23660,0
acc_23661,0
acc_23662,0
acc_23663,0
acc_23664,1
acc_23665,0
acc_23666,0
acc_23667,0
acc_23668,0
acc_23669,0
acc_23670,0
acc_23671,0
acc_23672,0
acc_23673,0
acc_23674,0
acc_23675,0
acc_23676,1
acc_23677,0
acc_23678,0
acc_23679,0
acc_23680,0
acc_23681,0
acc_23682,0
acc_23683,0
acc_23684,1
acc_23685,0
acc_23686,0
acc_23687,1
acc_23688,0
acc_23689,0
acc_23690,0
acc_23691,0
acc_23692,0
acc_23693,0
acc_23694,0
acc_23695,1
acc_23696,0
acc_23697,0
acc_23698,0
acc_23699,0
acc_23700,0
acc_23701,0
acc_23702,0
acc_23703,0
acc_23704,0
acc_23705,0
acc_23706,0
acc_23707,0
acc_23708,0
acc_23709,0
acc_23710,1
acc_23711,0
acc_23712,0
acc_23713,0
acc_23714,0
acc_23715,0
acc_23716,1
acc_23717,0
acc_23718,0
acc_23719,1
acc_23720,0
acc_23721,0
acc_23722,0
acc_23723,1
acc_23724,0
acc_23725,0
acc_23726,0
acc_23727,0
acc_23728,0
acc_23729,0
acc_23730,0
acc_23731,0
acc_23732,0
acc_23733,0
acc_23734,0
acc_23735,0
acc_23736,0
acc_23737,0
acc_23738,1
acc_23739,0
acc_23740,0
acc_23741,0
acc_23742,0
acc_23743,0
acc_23744,0
acc_23745,0
acc_23746,0
acc_23747,0
acc_23748,0
acc_23749,0
acc_23750,0
acc_23751,1
acc_23752,0
acc_23753,1
acc_23754,0
acc_23755,0
acc_23756,0
acc_23757,0
acc_23758,0
acc_23759,0
acc_23760,0
acc_23761,0
acc_23762,1
acc_23763,0
acc_23764,0
acc_23765,0
acc_23766,0
acc_23767,1
acc_23768,0
acc_23769,0
acc_23770,0
acc_23771,0
acc_23772,0
acc_23773,0
acc_23774,0
acc_23775,0
acc_23776,0
acc_23777,0
acc_23778,0
acc_23779,0
acc_23780,0
acc_23781,0
acc_23782,0
acc_23783,0
acc_23784,0
acc_23785,0
acc_23786,0
acc_23787,0
acc_23788,0
acc_23789,1
acc_23790,0
acc_23791,0
acc_23792,0
acc_23793,0
acc_23794,0
acc_23795,0
acc_23796,0
acc_23797,0
acc_23798,0
acc_23799,0
acc_23800,0
acc_23801,0
acc_23802,0
acc_23803,1
acc_23804,0
acc_23805,0
acc_23806,0
acc_23807,1
acc_23808,0
acc_23809,0
acc_23810,1
acc_23811,0
acc_23812,0
acc_23813,0
acc_23814,0
acc_23815,0
acc_23816,0
acc_23817,0
acc_23818,0
acc_23819,0
acc_23820,0
acc_23821,0
acc_23822,0
acc_23823,0
acc_23824,0
acc_23825,0
acc_23826,0
acc_23827,1
acc_23828,0
acc_23829,0
acc_23830,0
acc_23831,1
acc_23832,0
acc_23833,0
acc_23834,0
acc_23835,1
acc_23836,0
acc_23837,0
acc_23838,1
acc_23839,0
acc_23840,0
acc_23841,0
acc_23842,0
acc_23843,0
acc_23844,0
acc_23845,0
acc_23846,0
acc_23847,0
acc_23848,0
acc_23849,1
acc_23850,0
acc_23851,0
acc_23852,0
acc_23853,0
acc_23854,0
acc_23855,0
acc_23856,0
acc_23857,0
acc_23858,0
acc_23859,0
acc_23860,0
acc_23861,0
acc_23862,0
acc_23863,0
acc_23864,0
acc_23865,0
acc_23866,0
acc_23867,0
acc_23868,0
acc_23869,0
acc_23870,0
acc_23871,0
acc_23872,0
acc_23873,0
acc_23874,0
acc_23875,0
acc_23876,0
acc_23877,0
acc_23878,0
acc_23879,0
acc_23880,0
acc_23881,1
acc_23882,1
acc_23883,0
acc_23884,0
acc_23885,0
acc_23886,0
acc_23887,0
acc_23888,0
acc_23889,0
acc_23890,0
acc_23891,0
acc_23892,0
acc_23893,0
acc_23894,0
acc_23895,0
acc_23896,0
acc_23897,0
acc_23898,0
acc_23899,0
acc_23900,0
acc_23901,0
acc_23902,0
acc_23903,0
acc_23904,0
acc_23905,0
acc_23906,0
acc_23907,0
acc_23908,0
acc_23909,0
acc_23910,0
acc_23911,0
acc_23912,0
acc_23913,0
acc_23914,0
acc_23915,0
acc_23916,0
acc_23917,0
acc_23918,0
acc_23919,1
acc_23920,1
acc_23921,0
acc_23922,0
acc_23923,0
acc_23924,0
acc_23925,0
acc_23926,0
acc_23927,0
acc_23928,0
acc_23929,0
acc_23930,0
acc_23931,0
acc_23932,0
acc_23933,0
acc_23934,0
acc_23935,0
acc_23936,1
acc_23937,0
acc_23938,0
acc_23939,0
acc_23940,0
acc_23941,0
acc_23942,1
acc_23943,0
acc_23944,0
acc_23945,1
acc_23946,0
acc_23947,0
acc_23948,0
acc_23949,0
acc_23950,0
acc_23951,1
acc_23952,0
acc_23953,0
acc_23954,0
acc_23955,0
acc_23956,0
acc_23957,1
acc_23958,0
acc_23959,0
acc_23960,0
acc_23961,0
acc_23962,0
acc_23963,0
acc_23964,1
acc_23965,0
acc_23966,0
acc_23967,1
acc_23968,0
acc_23969,0
acc_23970,0
acc_23971,0
acc_23972,0
acc_23973,0
acc_23974,0
acc_23975,0
acc_23976,0
acc_23977,0
acc_23978,0
acc_23979,0
acc_23980,0
acc_23981,0
acc_23982,0
acc_23983,0
acc_23984,0
acc_23985,1
acc_23986,0
acc_23987,0
acc_23988,0
acc_23989,0
acc_23990,0
acc_23991,0
acc_23992,0
acc_23993,0
acc_23994,0
acc_23995,0
acc_23996,0
acc_23997,0
acc_23998,0
acc_23999,0
acc_24000,0
acc_24001,1
acc_24002,0
acc_24003,0
acc_24004,0
acc_24005,1
acc_24006,0
acc_24007,0
acc_24008,0
acc_24009,1
acc_24010,0
acc_24011,0
acc_24012,0
acc_24013,0
acc_24014,0
acc_24015,0
acc_24016,1
acc_24017,0
acc_24018,1
acc_24019,0
acc_24020,0
acc_24021,1
acc_24022,0
acc_24023,0
acc_24024,1
acc_24025,1
acc_24026,0
acc_24027,1
acc_24028,1
acc_24029,0
acc_24030,0
acc_24031,0
acc_24032,0
acc_24033,0
acc_24034,0
acc_24035,0
acc_24036,0
acc_24037,0
acc_24038,1
acc_24039,0
acc_24040,0
acc_24041,0
acc_24042,0
acc_24043,0
acc_24044,0
acc_24045,0
acc_24046,0
acc_24047,0
acc_24048,0
acc_24049,0
acc_24050,0
acc_24051,1
acc_24052,0
acc_24053,0
acc_24054,1
acc_24055,0
acc_24056,0
acc_24057,0
acc_24058,1
acc_24059,0
acc_24060,0
acc_24061,0
acc_24062,0
acc_24063,0
acc_24064,0
acc_24065,0
acc_24066,0
acc_24067,0
acc_24068,0
acc_24069,0
acc_24070,0
acc_24071,0
acc_24072,0
acc_24073,0
acc_24074,0
acc_24075,0
acc_24076,1
acc_24077,0
acc_24078,1
acc_24079,0
acc_24080,0
acc_24081,0
acc_24082,0
acc_24083,0
acc_24084,0
acc_24085,0
acc_24086,0
acc_24087,0
acc_24088,0
acc_24089,0
acc_24090,0
acc_24091,0
acc_24092,0
acc_24093,0
acc_24094,0
acc_24095,0
acc_24096,1
acc_24097,0
acc_24098,1
acc_24099,0
acc_24100,0
acc_24101,0
acc_24102,0
acc_24103,0
acc_24104,0
acc_24105,0
acc_24106,0
acc_24107,0
acc_24108,0
acc_24109,0
acc_24110,0
acc_24111,1
acc_24112,0
acc_24113,0
acc_24114,0
acc_24115,0
acc_24116,0
acc_24117,0
acc_24118,0
acc_24119,0
acc_24120,0
acc_24121,0
acc_24122,0
acc_24123,0
acc_24124,0
acc_24125,0
acc_24126,0
acc_24127,0
acc_24128,0
acc_24129,0
acc_24130,0
acc_24131,0
acc_24132,0
acc_24133,0
acc_24134,1
acc_24135,0
acc_24136,0
acc_24137,1
acc_24138,0
acc_24139,0
acc_24140,0
acc_24141,1
acc_24142,0
acc_24143,0
acc_24144,0
acc_24145,1
acc_24146,0
acc_24147,0
acc_24148,0
acc_24149,1
acc_24150,0
acc_24151,0
acc_24152,0
acc_24153,0
acc_24154,0
acc_24155,0
acc_24156,0
acc_24157,0
acc_24158,0
acc_24159,0
acc_24160,0
acc_24161,0
acc_24162,0
acc_24163,0
acc_24164,0
acc_24165,1
acc_24166,0
acc_24167,0
acc_24168,0
acc_24169,0
acc_24170,1
acc_24171,0
acc_24172,0
acc_24173,1
acc_24174,0
acc_24175,0
acc_24176,0
acc_24177,1
acc_24178,0
acc_24179,0
acc_24180,0
acc_24181,0
acc_24182,0
acc_24183,0
acc_24184,1
acc_24185,1
acc_24186,1
acc_24187,0
acc_24188,0
acc_24189,0
acc_24190,0
acc_24191,0
acc_24192,0
acc_24193,0
acc_24194,0
acc_24195,0
acc_24196,0
acc_24197,0
acc_24198,0
acc_24199,0
acc_24200,1
acc_24201,0
acc_24202,0
acc_24203,0
acc_24204,0
acc_24205,1
acc_24206,0
acc_24207,0
acc_24208,0
acc_24209,0
acc_24210,0
acc_24211,0
acc_24212,1
acc_24213,0
acc_24214,0
acc_24215,0
acc_24216,0
acc_24217,0
acc_24218,0
acc_24219,0
acc_24220,0
acc_24221,0
acc_24222,0
acc_24223,0
acc_24224,0
acc_24225,0
acc_24226,1
acc_24227,0
acc_24228,0
acc_24229,0
acc_24230,0
acc_24231,0
acc_24232,0
acc_24233,0
acc_24234,1
acc_24235,1
acc_24236,0
acc_24237,0
acc_24238,0
acc_24239,0
acc_24240,0
acc_24241,0
acc_24242,0
acc_24243,0
acc_24244,0
acc_24245,0
acc_24246,0
acc_24247,0
acc_24248,0
acc_24249,0
acc_24250,0
acc_24251,0
acc_24252,0
acc_24253,0
acc_24254,0
acc_24255,0
acc_24256,0
acc_24257,0
acc_24258,0
acc_24259,0
acc_24260,0
acc_24261,0
acc_24262,0
acc_24263,0
acc_24264,0
acc_24265,1
acc_24266,0
acc_24267,0
acc_24268,0
acc_24269,1
acc_24270,0
acc_24271,0
acc_24272,0
acc_24273,1
acc_24274,0
acc_24275,0
acc_24276,0
acc_24277,1
acc_24278,1
acc_24279,1
acc_24280,0
acc_24281,0
acc_24282,0
acc_24283,0
acc_24284,0
acc_24285,0
acc_24286,0
acc_24287,0
acc_24288,0
acc_24289,0
acc_24290,0
acc_24291,0
acc_24292,0
acc_24293,1
acc_24294,0
acc_24295,0
acc_24296,0
acc_24297,0
acc_24298,0
acc_24299,0
acc_24300,0
acc_24301,0
acc_24302,0
acc_24303,1
acc_24304,0
acc_24305,1
acc_24306,0
acc_24307,0
acc_24308,0
acc_24309,0
acc_24310,0
acc_24311,0
acc_24312,0
acc_24313,0
acc_24314,0
acc_24315,0
acc_24316,1
acc_24317,0
acc_24318,0
acc_24319,0
acc_24320,0
acc_24321,0
acc_24322,0
acc_24323,0
acc_24324,0
acc_24325,0
acc_24326,0
acc_24327,0
acc_24328,0
acc_24329,0
acc_24330,0
acc_24331,0
acc_24332,0
acc_24333,0
acc_24334,0
acc_24335,0
acc_24336,0
acc_24337,0
acc_24338,0
acc_24339,0
acc_24340,0
acc_24341,0
acc_24342,0
acc_24343,0
acc_24344,0
acc_24345,0
acc_24346,0
acc_24347,0
acc_24348,0
acc_24349,0
acc_24350,0
acc_24351,1
acc_24352,0
acc_24353,0
acc_24354,0
acc_24355,0
acc_24356,0
acc_24357,0
acc_24358,0
acc_24359,0
acc_24360,1
acc_24361,0
acc_24362,0
acc_24363,0
acc_24364,0
acc_24365,0
acc_24366,0
acc_24367,0
acc_24368,0
acc_24369,0
acc_24370,1
acc_24371,0
acc_24372,0
acc_24373,0
acc_24374,0
acc_24375,0
acc_24376,0
acc_24377,0
acc_24378,0
acc_24379,0
acc_24380,0
acc_24381,0
acc_24382,0
acc_24383,0
acc_24384,0
acc_24385,0
acc_24386,1
acc_24387,0
acc_24388,0
acc_24389,0
acc_24390,0
acc_24391,1
acc_24392,0
acc_24393,0
acc_24394,0
acc_24395,0
acc_24396,0
acc_24397,0
acc_24398,0
acc_24399,0
acc_24400,0
acc_24401,0
acc_24402,0
acc_24403,0
acc_24404,0
acc_24405,0
acc_24406,0
acc_24407,0
acc_24408,0
acc_24409,0
acc_24410,0
acc_24411,0
acc_24412,1
acc_24413,0
acc_24414,0
acc_24415,0
acc_24416,0
acc_24417,0
acc_24418,0
acc_24419,0
acc_24420,0
acc_24421,0
acc_24422,0
acc_24423,1
acc_24424,0
acc_24425,1
acc_24426,0
acc_24427,0
acc_24428,0
acc_24429,0
acc_24430,0
acc_24431,0
acc_24432,0
acc_24433,0
acc_24434,0
acc_24435,0
acc_24436,1
acc_24437,0
acc_24438,0
acc_24439,0
acc_24440,0
acc_24441,0
acc_24442,0
acc_24443,0
acc_24444,0
acc_24445,0
acc_24446,0
acc_24447,0
acc_24448,0
acc_24449,0
acc_24450,1
acc_24451,0
acc_24452,0
acc_24453,0
acc_24454,0
acc_24455,1
acc_24456,0
acc_24457,0
acc_24458,0
acc_24459,0
acc_24460,0
acc_24461,0
acc_24462,0
acc_24463,0
acc_24464,1
acc_24465,0
acc_24466,0
acc_24467,0
acc_24468,0
acc_24469,0
acc_24470,0
acc_24471,0
acc_24472,1
acc_24473,0
acc_24474,0
acc_24475,0
acc_24476,0
acc_24477,1
acc_24478,0
acc_24479,0
acc_24480,0
acc_24481,0
acc_24482,0
acc_24483,1
acc_24484,0
acc_24485,0
acc_24486,0
acc_24487,0
acc_24488,0
acc_24489,0
acc_24490,0
acc_24491,0
acc_24492,0
acc_24493,1
acc_24494,0
acc_24495,0
acc_24496,0
acc_24497,0
acc_24498,0
acc_24499,0
acc_24500,0
acc_24501,1
acc_24502,1
acc_24503,0
acc_24504,0
acc_24505,1
acc_24506,0
acc_24507,1
acc_24508,0
acc_24509,0
acc_24510,0
acc_24511,0
acc_24512,0
acc_24513,1
acc_24514,0
acc_24515,0
acc_24516,0
acc_24517,0
acc_24518,0
acc_24519,1
acc_24520,0
acc_24521,0
acc_24522,0
acc_24523,0
acc_24524,0
acc_24525,0
acc_24526,0
acc_24527,0
acc_24528,0
acc_24529,0
acc_24530,0
acc_24531,0
acc_24532,0
acc_24533,0
acc_24534,0
acc_24535,0
acc_24536,0
acc_24537,0
acc_24538,0
acc_24539,0
acc_24540,0
acc_24541,0
acc_24542,0
acc_24543,0
acc_24544,0
acc_24545,0
acc_24546,0
acc_24547,0
acc_24548,1
acc_24549,0
acc_24550,0
acc_24551,0
acc_24552,0
acc_24553,0
acc_24554,0
acc_24555,0
acc_24556,0
acc_24557,0
acc_24558,0
acc_24559,0
acc_24560,0
acc_24561,0
acc_24562,0
acc_24563,0
acc_24564,0
acc_24565,1
acc_24566,0
acc_24567,0
acc_24568,1
acc_24569,1
acc_24570,0
acc_24571,0
acc_24572,0
acc_24573,0
acc_24574,0
acc_24575,0
acc_24576,0
acc_24577,0
acc_24578,0
acc_24579,1
acc_24580,0
acc_24581,1
acc_24582,0
acc_24583,0
acc_24584,0
acc_24585,0
acc_24586,0
acc_24587,0
acc_24588,0
acc_24589,0
acc_24590,0
acc_24591,0
acc_24592,0
acc_24593,0
acc_24594,0
acc_24595,0
acc_24596,0
acc_24597,0
acc_24598,1
acc_24599,0
acc_24600,0
acc_24601,0
acc_24602,0
acc_24603,0
acc_24604,0
acc_24605,0
acc_24606,0
acc_24607,0
acc_24608,1
acc_24609,0
acc_24610,0
acc_24611,0
acc_24612,0
acc_24613,0
acc_24614,0
acc_24615,0
acc_24616,0
acc_24617,0
acc_24618,0
acc_24619,1
acc_24620,0
acc_24621,0
acc_24622,0
acc_24623,0
acc_24624,0
acc_24625,0
acc_24626,0
acc_24627,0
acc_24628,0
acc_24629,0
acc_24630,0
acc_24631,0
acc_24632,0
acc_24633,0
acc_24634,0
acc_24635,0
acc_24636,0
acc_24637,0
acc_24638,1
acc_24639,0
acc_24640,0
acc_24641,0
acc_24642,0
acc_24643,0
acc_24644,0
acc_24645,0
acc_24646,0
acc_24647,0
acc_24648,0
acc_24649,0
acc_24650,0
acc_24651,1
acc_24652,0
acc_24653,0
acc_24654,0
acc_24655,0
acc_24656,1
acc_24657,0
acc_24658,1
acc_24659,0
acc_24660,0
acc_24661,0
acc_24662,0
acc_24663,0
acc_24664,0
acc_24665,0
acc_24666,0
acc_24667,0
acc_24668,0
acc_24669,0
acc_24670,1
acc_24671,0
acc_24672,0
acc_24673,0
acc_24674,0
acc_24675,0
acc_24676,0
acc_24677,0
acc_24678,0
acc_24679,1
acc_24680,0
acc_24681,0
acc_24682,0
acc_24683,0
acc_24684,0
acc_24685,0
acc_24686,0
acc_24687,0
acc_24688,0
acc_24689,0
acc_24690,0
acc_24691,0
acc_24692,0
acc_24693,1
acc_24694,0
acc_24695,0
acc_24696,0
acc_24697,0
acc_24698,0
acc_24699,1
acc_24700,0
acc_24701,0
acc_24702,0
acc_24703,0
acc_24704,0
acc_24705,0
acc_24706,0
acc_24707,1
acc_24708,0
acc_24709,0
acc_24710,0
acc_24711,0
acc_24712,0
acc_24713,0
acc_24714,0
acc_24715,0
acc_24716,1
acc_24717,0
acc_24718,0
acc_24719,0
acc_24720,0
acc_24721,0
acc_24722,0
acc_24723,0
acc_24724,1
acc_24725,0
acc_24726,1
acc_24727,0
acc_24728,0
acc_24729,0
acc_24730,0
acc_24731,1
acc_24732,0
acc_24733,0
acc_24734,0
acc_24735,0
acc_24736,0
acc_24737,0
acc_24738,1
acc_24739,0
acc_24740,0
acc_24741,0
acc_24742,0
acc_24743,0
acc_24744,1
acc_24745,0
acc_24746,0
acc_24747,1
acc_24748,0
acc_24749,0
acc_24750,0
acc_24751,0
acc_24752,0
acc_24753,0
acc_24754,0
acc_24755,0
acc_24756,0
acc_24757,0
acc_24758,0
acc_24759,0
acc_24760,0
acc_24761,0
acc_24762,1
acc_24763,0
acc_24764,0
acc_24765,0
acc_24766,1
acc_24767,0
acc_24768,0
acc_24769,1
acc_24770,0
acc_24771,1
acc_24772,1
acc_24773,0
acc_24774,0
acc_24775,0
acc_24776,0
acc_24777,0
acc_24778,1
acc_24779,0
acc_24780,0
acc_24781,0
acc_24782,0
acc_24783,0
acc_24784,0
acc_24785,0
acc_24786,0
acc_24787,0
acc_24788,0
acc_24789,0
acc_24790,0
acc_24791,1
acc_24792,0
acc_24793,0
acc_24794,0
acc_24795,0
acc_24796,0
acc_24797,0
acc_24798,1
acc_24799,1
acc_24800,0
acc_24801,0
acc_24802,0
acc_24803,0
acc_24804,0
acc_24805,0
acc_24806,0
acc_24807,0
acc_24808,0
acc_24809,1
acc_24810,1
acc_24811,1
acc_24812,0
acc_24813,0
acc_24814,1
acc_24815,0
acc_24816,1
acc_24817,0
acc_24818,0
acc_24819,0
acc_24820,0
acc_24821,0
acc_24822,0
acc_24823,0
acc_24824,0
acc_24825,0
acc_24826,0
acc_24827,0
acc_24828,0
acc_24829,0
acc_24830,0
acc_24831,0
acc_24832,0
acc_24833,0
acc_24834,0
acc_24835,0
acc_24836,1
acc_24837,0
acc_24838,0
acc_24839,0
acc_24840,0
acc_24841,1
acc_24842,0
acc_24843,0
acc_24844,0
acc_24845,0
acc_24846,1
acc_24847,0
acc_24848,0
acc_24849,0
acc_24850,0
acc_24851,0
acc_24852,0
acc_24853,0
acc_24854,0
acc_24855,0
acc_24856,0
acc_24857,0
acc_24858,0
acc_24859,0
acc_24860,1
acc_24861,0
acc_24862,0
acc_24863,0
acc_24864,0
acc_24865,0
acc_24866,0
acc_24867,0
acc_24868,1
acc_24869,0
acc_24870,0
acc_24871,0
acc_24872,0
acc_24873,0
acc_24874,0
acc_24875,0
acc_24876,0
acc_24877,0
acc_24878,0
acc_24879,0
acc_24880,0
acc_24881,0
acc_24882,0
acc_24883,0
acc_24884,0
acc_24885,0
acc_24886,0
acc_24887,0
acc_24888,0
acc_24889,0
acc_24890,0
acc_24891,0
acc_24892,1
acc_24893,0
acc_24894,0
acc_24895,0
acc_24896,0
acc_24897,0
acc_24898,0
acc_24899,1
acc_24900,0
acc_24901,0
acc_24902,0
acc_24903,0
acc_24904,0
acc_24905,1
acc_24906,0
acc_24907,1
acc_24908,1
acc_24909,0
acc_24910,0
acc_24911,0
acc_24912,1
acc_24913,0
acc_24914,0
acc_24915,0
acc_24916,0
acc_24917,0
acc_24918,0
acc_24919,1
acc_24920,0
acc_24921,0
acc_24922,0
acc_24923,0
acc_24924,0
acc_24925,1
acc_24926,0
acc_24927,0
acc_24928,0
acc_24929,0
acc_24930,0
acc_24931,0
acc_24932,0
acc_24933,0
acc_24934,0
acc_24935,0
acc_24936,1
acc_24937,1
acc_24938,0
acc_24939,0
acc_24940,0
acc_24941,0
acc_24942,0
acc_24943,0
acc_24944,0
acc_24945,0
acc_24946,0
acc_24947,0
acc_24948,0
acc_24949,0
acc_24950,1
acc_24951,1
acc_24952,0
acc_24953,0
acc_24954,0
acc_24955,0
acc_24956,0
acc_24957,0
acc_24958,0
acc_24959,0
acc_24960,0
acc_24961,0
acc_24962,0
acc_24963,0
acc_24964,1
acc_24965,0
acc_24966,0
acc_24967,0
acc_24968,0
acc_24969,1
acc_24970,0
acc_24971,0
acc_24972,0
acc_24973,0
acc_24974,0
acc_24975,0
acc_24976,0
acc_24977,1
acc_24978,0
acc_24979,0
acc_24980,0
acc_24981,0
acc_24982,1
acc_24983,0
acc_24984,0
acc_24985,0
acc_24986,0
acc_24987,0
acc_24988,0
acc_24989,0
acc_24990,0
acc_24991,0
acc_24992,0
acc_24993,0
acc_24994,0
acc_24995,0
acc_24996,0
acc_24997,0
acc_24998,0
acc_24999,0
acc_25000,0
acc_25001,0
acc_25002,0
acc_25003,0
acc_25004,1
acc_25005,0
acc_25006,0
acc_25007,0
acc_25008,0
acc_25009,1
acc_25010,0
acc_25011,0
acc_25012,0
acc_25013,0
acc_25014,0
acc_25015,0
acc_25016,0
acc_25017,0
acc_25018,0
acc_25019,0
acc_25020,0
acc_25021,0
acc_25022,0
acc_25023,0
acc_25024,0
acc_25025,0
acc_25026,0
acc_25027,0
acc_25028,0
acc_25029,0
acc_25030,1
acc_25031,0
acc_25032,0
acc_25033,0
acc_25034,0
acc_25035,0
acc_25036,1
acc_25037,1
acc_25038,0
acc_25039,0
acc_25040,0
acc_25041,0
acc_25042,0
acc_25043,1
acc_25044,0
acc_25045,0
acc_25046,0
acc_25047,1
acc_25048,0
acc_25049,0
acc_25050,0
acc_25051,0
acc_25052,0
acc_25053,0
acc_25054,0
acc_25055,0
acc_25056,0
acc_25057,1
acc_25058,0
acc_25059,0
acc_25060,1
acc_25061,0
acc_25062,0
acc_25063,0
acc_25064,0
acc_25065,0
acc_25066,0
acc_25067,0
acc_25068,0
acc_25069,0
acc_25070,0
acc_25071,0
acc_25072,0
acc_25073,0
acc_25074,0
acc_25075,0
acc_25076,0
acc_25077,0
acc_25078,0
acc_25079,0
acc_25080,0
acc_25081,0
acc_25082,0
acc_25083,0
acc_25084,0
acc_25085,0
acc_25086,0
acc_25087,0
acc_25088,1
acc_25089,0
acc_25090,0
acc_25091,0
acc_25092,1
acc_25093,0
acc_25094,0
acc_25095,0
acc_25096,0
acc_25097,0
acc_25098,0
acc_25099,0
acc_25100,0
acc_25101,0
acc_25102,0
acc_25103,0
acc_25104,0
acc_25105,1
acc_25106,0
acc_25107,0
acc_25108,1
acc_25109,0
acc_25110,0
acc_25111,0
acc_25112,0
acc_25113,1
acc_25114,0
acc_25115,0
acc_25116,0
acc_25117,0
acc_25118,1
acc_25119,0
acc_25120,0
acc_25121,0
acc_25122,0
acc_25123,0
acc_25124,0
acc_25125,0
acc_25126,0
acc_25127,0
acc_25128,0
acc_25129,0
acc_25130,0
acc_25131,1
acc_25132,0
acc_25133,0
acc_25134,0
acc_25135,0
acc_25136,1
acc_25137,0
acc_25138,0
acc_25139,0
acc_25140,1
acc_25141,0
acc_25142,0
acc_25143,0
acc_25144,0
acc_25145,0
acc_25146,0
acc_25147,0
acc_25148,0
acc_25149,0
acc_25150,0
acc_25151,0
acc_25152,0
acc_25153,0
acc_25154,1
acc_25155,1
acc_25156,0
acc_25157,0
acc_25158,1
acc_25159,0
acc_25160,0
acc_25161,0
acc_25162,0
acc_25163,0
acc_25164,1
acc_25165,0
acc_25166,1
acc_25167,0
acc_25168,0
acc_25169,0
acc_25170,1
acc_25171,0
acc_25172,0
acc_25173,0
acc_25174,0
acc_25175,0
acc_25176,0
acc_25177,0
acc_25178,0
acc_25179,0
acc_25180,0
acc_25181,0
acc_25182,0
acc_25183,0
acc_25184,0
acc_25185,0
acc_25186,0
acc_25187,0
acc_25188,1
acc_25189,1
acc_25190,0
acc_25191,0
acc_25192,0
acc_25193,0
acc_25194,1
acc_25195,0
acc_25196,1
acc_25197,0
acc_25198,0
acc_25199,0
acc_25200,0
acc_25201,0
acc_25202,0
acc_25203,1
acc_25204,0
acc_25205,1
acc_25206,0
acc_25207,0
acc_25208,0
acc_25209,0
acc_25210,0
acc_25211,0
acc_25212,0
acc_25213,0
acc_25214,0
acc_25215,0
acc_25216,0
acc_25217,0
acc_25218,0
acc_25219,0
acc_25220,0
acc_25221,0
acc_25222,0
acc_25223,0
acc_25224,0
acc_25225,1
acc_25226,1
acc_25227,0
acc_25228,0
acc_25229,0
acc_25230,0
acc_25231,0
acc_25232,0
acc_25233,0
acc_25234,0
acc_25235,0
acc_25236,1
acc_25237,0
acc_25238,0
acc_25239,0
acc_25240,1
acc_25241,0
acc_25242,1
acc_25243,1
acc_25244,0
acc_25245,0
acc_25246,1
acc_25247,0
acc_25248,0
acc_25249,0
acc_25250,0
acc_25251,1
acc_25252,0
acc_25253,0
acc_25254,1
acc_25255,0
acc_25256,1
acc_25257,0
acc_25258,0
acc_25259,0
acc_25260,0
acc_25261,0
acc_25262,0
acc_25263,1
acc_25264,1
acc_25265,0
acc_25266,0
acc_25267,0
acc_25268,0
acc_25269,1
acc_25270,0
acc_25271,0
acc_25272,0
acc_25273,0
acc_25274,1
acc_25275,0
acc_25276,0
acc_25277,0
acc_25278,1
acc_25279,0
acc_25280,0
acc_25281,0
acc_25282,0
acc_25283,0
acc_25284,0
acc_25285,0
acc_25286,0
acc_25287,0
acc_25288,0
acc_25289,0
acc_25290,0
acc_25291,0
acc_25292,0
acc_25293,0
acc_25294,1
acc_25295,0
acc_25296,1
acc_25297,0
acc_25298,0
acc_25299,1
acc_25300,0
acc_25301,0
acc_25302,0
acc_25303,0
acc_25304,0
acc_25305,0
acc_25306,0
acc_25307,0
acc_25308,0
acc_25309,0
acc_25310,0
acc_25311,0
acc_25312,0
acc_25313,0
acc_25314,0
acc_25315,0
acc_25316,1
acc_25317,0
acc_25318,0
acc_25319,0
acc_25320,0
acc_25321,0
acc_25322,1
acc_25323,0
acc_25324,0
acc_25325,0
acc_25326,0
acc_25327,0
acc_25328,0
acc_25329,0
acc_25330,0
acc_25331,0
acc_25332,0
acc_25333,0
acc_25334,0
acc_25335,0
acc_25336,0
acc_25337,0
acc_25338,0
acc_25339,0
acc_25340,0
acc_25341,0
acc_25342,0
acc_25343,0
acc_25344,1
acc_25345,0
acc_25346,1
acc_25347,0
acc_25348,0
acc_25349,0
acc_25350,1
acc_25351,0
acc_25352,0
acc_25353,0
acc_25354,0
acc_25355,0
acc_25356,0
acc_25357,0
acc_25358,0
acc_25359,0
acc_25360,0
acc_25361,0
acc_25362,0
acc_25363,0
acc_25364,0
acc_25365,0
acc_25366,1
acc_25367,0
acc_25368,0
acc_25369,0
acc_25370,0
acc_25371,0
acc_25372,0
acc_25373,1
acc_25374,0
acc_25375,0
acc_25376,0
acc_25377,0
acc_25378,0
acc_25379,0
acc_25380,0
acc_25381,0
acc_25382,1
acc_25383,0
acc_25384,0
acc_25385,0
acc_25386,0
acc_25387,0
acc_25388,0
acc_25389,1
acc_25390,0
acc_25391,0
acc_25392,0
acc_25393,0
acc_25394,0
acc_25395,0
acc_25396,1
acc_25397,0
acc_25398,0
acc_25399,1
acc_25400,1
acc_25401,0
acc_25402,0
acc_25403,0
acc_25404,0
acc_25405,0
acc_25406,0
acc_25407,0
acc_25408,0
acc_25409,0
acc_25410,0
acc_25411,0
acc_25412,0
acc_25413,0
acc_25414,0
acc_25415,1
acc_25416,1
acc_25417,0
acc_25418,0
acc_25419,0
acc_25420,0
acc_25421,0
acc_25422,0
acc_25423,1
acc_25424,0
acc_25425,0
acc_25426,0
acc_25427,0
acc_25428,0
acc_25429,0
acc_25430,1
acc_25431,0
acc_25432,0
acc_25433,0
acc_25434,0
acc_25435,0
acc_25436,0
acc_25437,0
acc_25438,0
acc_25439,0
acc_25440,0
acc_25441,1
acc_25442,1
acc_25443,0
acc_25444,0
acc_25445,0
acc_25446,0
acc_25447,0
acc_25448,0
acc_25449,0
acc_25450,0
acc_25451,0
acc_25452,0
acc_25453,0
acc_25454,0
acc_25455,0
acc_25456,0
acc_25457,0
acc_25458,0
acc_25459,0
acc_25460,0
acc_25461,0
acc_25462,1
acc_25463,0
acc_25464,0
acc_25465,0
acc_25466,0
acc_25467,0
acc_25468,0
acc_25469,0
acc_25470,0
acc_25471,0
acc_25472,0
acc_25473,0
acc_25474,0
acc_25475,0
acc_25476,0
acc_25477,0
acc_25478,0
acc_25479,0
acc_25480,0
acc_25481,0
acc_25482,0
acc_25483,0
acc_25484,0
acc_25485,0
acc_25486,0
acc_25487,0
acc_25488,0
acc_25489,0
acc_25490,0
acc_25491,1
acc_25492,0
acc_25493,1
acc_25494,0
acc_25495,0
acc_25496,0
acc_25497,0
acc_25498,0
acc_25499,0
acc_25500,0
acc_25501,0
acc_25502,0
acc_25503,0
acc_25504,0
acc_25505,0
acc_25506,0
acc_25507,0
acc_25508,0
acc_25509,0
acc_25510,0
acc_25511,0
acc_25512,0
acc_25513,0
acc_25514,0
acc_25515,0
acc_25516,0
acc_25517,0
acc_25518,0
acc_25519,0
acc_25520,1
acc_25521,0
acc_25522,0
acc_25523,0
acc_25524,0
acc_25525,1
acc_25526,1
acc_25527,0
acc_25528,0
acc_25529,0
acc_25530,0
acc_25531,1
acc_25532,0
acc_25533,1
acc_25534,0
acc_25535,0
acc_25536,0
acc_25537,0
acc_25538,0
acc_25539,0
acc_25540,0
acc_25541,1
acc_25542,0
acc_25543,0
acc_25544,0
acc_25545,1
acc_25546,0
acc_25547,1
acc_25548,0
acc_25549,0
acc_25550,0
acc_25551,1
acc_25552,0
acc_25553,0
acc_25554,0
acc_25555,0
acc_25556,0
acc_25557,0
acc_25558,0
acc_25559,0
acc_25560,0
acc_25561,1
acc_25562,0
acc_25563,0
acc_25564,0
acc_25565,0
acc_25566,1
acc_25567,1
acc_25568,1
acc_25569,0
acc_25570,0
acc_25571,0
acc_25572,0
acc_25573,0
acc_25574,0
acc_25575,0
acc_25576,0
acc_25577,1
acc_25578,0
acc_25579,0
acc_25580,0
acc_25581,0
acc_25582,0
acc_25583,1
acc_25584,0
acc_25585,0
acc_25586,0
acc_25587,0
acc_25588,1
acc_25589,0
acc_25590,0
acc_25591,0
acc_25592,0
acc_25593,0
acc_25594,0
acc_25595,0
acc_25596,1
acc_25597,0
acc_25598,0
acc_25599,0
acc_25600,0
acc_25601,0
acc_25602,0
acc_25603,0
acc_25604,0
acc_25605,0
acc_25606,0
acc_25607,0
acc_25608,0
acc_25609,0
acc_25610,0
acc_25611,0
acc_25612,0
acc_25613,0
acc_25614,0
acc_25615,0
acc_25616,1
acc_25617,0
acc_25618,0
acc_25619,0
acc_25620,0
acc_25621,0
acc_25622,0
acc_25623,0
acc_25624,0
acc_25625,0
acc_25626,0
acc_25627,0
acc_25628,0
acc_25629,1
acc_25630,1
acc_25631,0
acc_25632,0
acc_25633,0
acc_25634,0
acc_25635,0
acc_25636,0
acc_25637,0
acc_25638,0
acc_25639,0
acc_25640,0
acc_25641,0
acc_25642,1
acc_25643,0
acc_25644,1
acc_25645,0
acc_25646,0
acc_25647,1
acc_25648,0
acc_25649,0
acc_25650,1
acc_25651,0
acc_25652,1
acc_25653,0
acc_25654,1
acc_25655,0
acc_25656,0
acc_25657,1
acc_25658,1
acc_25659,0
acc_25660,0
acc_25661,0
acc_25662,0
acc_25663,0
acc_25664,0
acc_25665,0
acc_25666,0
acc_25667,0
acc_25668,0
acc_25669,0
acc_25670,0
acc_25671,0
acc_25672,0
acc_25673,0
acc_25674,0
acc_25675,0
acc_25676,0
acc_25677,0
acc_25678,0
acc_25679,0
acc_25680,0
acc_25681,0
acc_25682,0
acc_25683,0
acc_25684,0
acc_25685,0
acc_25686,0
acc_25687,0
acc_25688,0
acc_25689,0
acc_25690,0
acc_25691,1
acc_25692,0
acc_25693,0
acc_25694,0
acc_25695,0
acc_25696,0
acc_25697,0
acc_25698,0
acc_25699,0
acc_25700,0
acc_25701,0
acc_25702,0
acc_25703,0
acc_25704,0
acc_25705,0
acc_25706,0
acc_25707,1
acc_25708,0
acc_25709,0
acc_25710,0
acc_25711,0
acc_25712,0
acc_25713,0
acc_25714,0
acc_25715,0
acc_25716,0
acc_25717,1
acc_25718,0
acc_25719,0
acc_25720,0
acc_25721,0
acc_25722,0
acc_25723,0
acc_25724,0
acc_25725,0
acc_25726,0
acc_25727,0
acc_25728,1
acc_25729,0
acc_25730,0
acc_25731,0
acc_25732,0
acc_25733,0
acc_25734,0
acc_25735,0
acc_25736,0
acc_25737,1
acc_25738,0
acc_25739,0
acc_25740,0
acc_25741,0
acc_25742,0
acc_25743,0
acc_25744,0
acc_25745,0
acc_25746,0
acc_25747,0
acc_25748,0
acc_25749,0
acc_25750,0
acc_25751,0
acc_25752,0
acc_25753,0
acc_25754,1
acc_25755,0
acc_25756,0
acc_25757,0
acc_25758,0
acc_25759,0
acc_25760,0
acc_25761,0
acc_25762,0
acc_25763,0
acc_25764,0
acc_25765,0
acc_25766,1
acc_25767,0
acc_25768,0
acc_25769,0
acc_25770,0
acc_25771,0
acc_25772,0
acc_25773,0
acc_25774,0
acc_25775,0
acc_25776,0
acc_25777,0
acc_25778,0
acc_25779,1
acc_25780,0
acc_25781,0
acc_25782,0
acc_25783,0
acc_25784,0
acc_25785,1
acc_25786,0
acc_25787,0
acc_25788,0
acc_25789,0
acc_25790,0
acc_25791,0
acc_25792,0
acc_25793,0
acc_25794,0
acc_25795,0
acc_25796,0
acc_25797,0
acc_25798,1
acc_25799,0
acc_25800,0
acc_25801,0
acc_25802,0
acc_25803,0
acc_25804,0
acc_25805,0
acc_25806,1
acc_25807,0
acc_25808,0
acc_25809,0
acc_25810,0
acc_25811,0
acc_25812,0
acc_25813,0
acc_25814,0
acc_25815,0
acc_25816,0
acc_25817,0
acc_25818,0
acc_25819,1
acc_25820,0
acc_25821,0
acc_25822,0
acc_25823,0
acc_25824,1
acc_25825,0
acc_25826,0
acc_25827,0
acc_25828,0
acc_25829,0
acc_25830,0
acc_25831,0
acc_25832,0
acc_25833,0
acc_25834,0
acc_25835,0
acc_25836,0
acc_25837,1
acc_25838,0
acc_25839,0
acc_25840,0
acc_25841,0
acc_25842,1
acc_25843,0
acc_25844,0
acc_25845,0
acc_25846,0
acc_25847,0
acc_25848,1
acc_25849,0
acc_25850,0
acc_25851,0
acc_25852,0
acc_25853,0
acc_25854,0
acc_25855,0
acc_25856,0
acc_25857,0
acc_25858,0
acc_25859,0
acc_25860,0
acc_25861,0
acc_25862,0
acc_25863,0
acc_25864,1
acc_25865,0
acc_25866,0
acc_25867,1
acc_25868,0
acc_25869,0
acc_25870,0
acc_25871,0
acc_25872,0
acc_25873,0
acc_25874,1
acc_25875,0
acc_25876,0
acc_25877,1
acc_25878,0
acc_25879,0
acc_25880,0
acc_25881,0
acc_25882,0
acc_25883,0
acc_25884,0
acc_25885,0
acc_25886,0
acc_25887,0
acc_25888,0
acc_25889,1
acc_25890,0
acc_25891,0
acc_25892,1
acc_25893,1
acc_25894,0
acc_25895,0
acc_25896,0
acc_25897,0
acc_25898,1
acc_25899,1
acc_25900,0
acc_25901,0
acc_25902,0
acc_25903,0
acc_25904,0
acc_25905,0
acc_25906,0
acc_25907,0
acc_25908,1
acc_25909,0
acc_25910,0
acc_25911,1
acc_25912,0
acc_25913,0
acc_25914,0
acc_25915,0
acc_25916,0
acc_25917,0
acc_25918,1
acc_25919,0
acc_25920,1
acc_25921,0
acc_25922,0
acc_25923,0
acc_25924,0
acc_25925,1
acc_25926,0
acc_25927,0
acc_25928,0
acc_25929,0
acc_25930,0
acc_25931,0
acc_25932,1
acc_25933,0
acc_25934,0
acc_25935,0
acc_25936,0
acc_25937,0
acc_25938,0
acc_25939,0
acc_25940,0
acc_25941,1
acc_25942,0
acc_25943,1
acc_25944,0
acc_25945,0
acc_25946,0
acc_25947,0
acc_25948,0
acc_25949,0
acc_25950,0
acc_25951,0
acc_25952,0
acc_25953,0
acc_25954,0
acc_25955,0
acc_25956,0
acc_25957,1
acc_25958,1
acc_25959,0
acc_25960,0
acc_25961,1
acc_25962,0
acc_25963,1
acc_25964,1
acc_25965,0
acc_25966,0
acc_25967,0
acc_25968,0
acc_25969,0
acc_25970,0
acc_25971,0
acc_25972,0
acc_25973,0
acc_25974,0
acc_25975,0
acc_25976,0
acc_25977,0
acc_25978,0
acc_25979,0
acc_25980,1
acc_25981,0
acc_25982,0
acc_25983,0
acc_25984,0
acc_25985,0
acc_25986,0
acc_25987,0
acc_25988,0
acc_25989,0
acc_25990,0
acc_25991,0
acc_25992,0
acc_25993,0
acc_25994,0
acc_25995,0
acc_25996,0
acc_25997,0
acc_25998,0
acc_25999,0
acc_26000,0
acc_26001,0
acc_26002,0
acc_26003,0
acc_26004,0
acc_26005,0
acc_26006,0
acc_26007,1
acc_26008,0
acc_26009,0
acc_26010,0
acc_26011,0
acc_26012,0
acc_26013,1
acc_26014,0
acc_26015,0
acc_26016,1
acc_26017,1
acc_26018,0
acc_26019,0
acc_26020,0
acc_26021,0
acc_26022,0
acc_26023,0
acc_26024,0
acc_26025,0
acc_26026,0
acc_26027,0
acc_26028,1
acc_26029,0
acc_26030,0
acc_26031,1
acc_26032,0
acc_26033,0
acc_26034,0
acc_26035,0
acc_26036,0
acc_26037,0
acc_26038,0
acc_26039,0
acc_26040,0
acc_26041,0
acc_26042,0
acc_26043,0
acc_26044,0
acc_26045,0
acc_26046,0
acc_26047,1
acc_26048,0
acc_26049,0
acc_26050,0
acc_26051,0
acc_26052,1
acc_26053,0
acc_26054,0
acc_26055,0
acc_26056,0
acc_26057,0
acc_26058,0
acc_26059,0
acc_26060,0
acc_26061,0
acc_26062,0
acc_26063,1
acc_26064,0
acc_26065,0
acc_26066,0
acc_26067,0
acc_26068,0
acc_26069,0
acc_26070,0
acc_26071,0
acc_26072,0
acc_26073,0
acc_26074,0
acc_26075,0
acc_26076,0
acc_26077,0
acc_26078,0
acc_26079,0
acc_26080,1
acc_26081,0
acc_26082,0
acc_26083,0
acc_26084,0
acc_26085,0
acc_26086,0
acc_26087,0
acc_26088,0
acc_26089,0
acc_26090,0
acc_26091,0
acc_26092,0
acc_26093,0
acc_26094,0
acc_26095,0
acc_26096,1
acc_26097,0
acc_26098,0
acc_26099,0
acc_26100,0
acc_26101,0
acc_26102,0
acc_26103,0
acc_26104,0
acc_26105,0
acc_26106,0
acc_26107,0
acc_26108,1
acc_26109,0
acc_26110,0
acc_26111,0
acc_26112,0
acc_26113,0
acc_26114,0
acc_26115,0
acc_26116,0
acc_26117,0
acc_26118,0
acc_26119,0
acc_26120,0
acc_26121,0
acc_26122,0
acc_26123,0
acc_26124,0
acc_26125,0
acc_26126,0
acc_26127,0
acc_26128,0
acc_26129,0
acc_26130,0
acc_26131,0
acc_26132,0
acc_26133,0
acc_26134,0
acc_26135,0
acc_26136,0
acc_26137,0
acc_26138,0
acc_26139,0
acc_26140,0
acc_26141,0
acc_26142,0
acc_26143,0
acc_26144,0
acc_26145,0
acc_26146,0
acc_26147,0
acc_26148,0
acc_26149,0
acc_26150,1
acc_26151,0
acc_26152,0
acc_26153,0
acc_26154,0
acc_26155,0
acc_26156,0
acc_26157,0
acc_26158,0
acc_26159,0
acc_26160,0
acc_26161,0
acc_26162,0
acc_26163,0
acc_26164,0
acc_26165,0
acc_26166,0
acc_26167,0
acc_26168,0
acc_26169,0
acc_26170,0
acc_26171,0
acc_26172,0
acc_26173,0
acc_26174,0
acc_26175,0
acc_26176,0
acc_26177,0
acc_26178,0
acc_26179,0
acc_26180,0
acc_26181,0
acc_26182,0
acc_26183,0
acc_26184,0
acc_26185,0
acc_26186,1
acc_26187,0
acc_26188,0
acc_26189,0
acc_26190,0
acc_26191,0
acc_26192,0
acc_26193,0
acc_26194,0
acc_26195,0
acc_26196,1
acc_26197,1
acc_26198,0
acc_26199,1
acc_26200,0
acc_26201,0
acc_26202,0
acc_26203,1
acc_26204,1
acc_26205,0
acc_26206,0
acc_26207,0
acc_26208,0
acc_26209,0
acc_26210,0
acc_26211,0
acc_26212,0
acc_26213,0
acc_26214,0
acc_26215,0
acc_26216,0
acc_26217,0
acc_26218,0
acc_26219,0
acc_26220,0
acc_26221,0
acc_26222,0
acc_26223,0
acc_26224,0
acc_26225,0
acc_26226,0
acc_26227,0
acc_26228,0
acc_26229,0
acc_26230,0
acc_26231,0
acc_26232,0
acc_26233,0
acc_26234,0
acc_26235,1
acc_26236,1
acc_26237,0
acc_26238,0
acc_26239,0
acc_26240,1
acc_26241,0
acc_26242,0
acc_26243,0
acc_26244,0
acc_26245,0
acc_26246,0
acc_26247,0
acc_26248,0
acc_26249,0
acc_26250,0
acc_26251,0
acc_26252,0
acc_26253,0
acc_26254,0
acc_26255,0
acc_26256,0
acc_26257,0
acc_26258,0
acc_26259,0
acc_26260,0
acc_26261,0
acc_26262,0
acc_26263,0
acc_26264,0
acc_26265,0
acc_26266,0
acc_26267,0
acc_26268,0
acc_26269,0
acc_26270,0
acc_26271,0
acc_26272,0
acc_26273,0
acc_26274,0
acc_26275,0
acc_26276,0
acc_26277,0
acc_26278,0
acc_26279,1
acc_26280,0
acc_26281,0
acc_26282,0
acc_26283,0
acc_26284,0
acc_26285,0
acc_26286,0
acc_26287,0
acc_26288,0
acc_26289,0
acc_26290,0
acc_26291,0
acc_26292,0
acc_26293,0
acc_26294,0
acc_26295,0
acc_26296,0
acc_26297,0
acc_26298,0
acc_26299,0
acc_26300,0
acc_26301,0
acc_26302,0
acc_26303,0
acc_26304,0
acc_26305,1
acc_26306,0
acc_26307,0
acc_26308,1
acc_26309,0
acc_26310,0
acc_26311,0
acc_26312,0
acc_26313,0
acc_26314,1
acc_26315,1
acc_26316,0
acc_26317,0
acc_26318,0
acc_26319,0
acc_26320,0
acc_26321,0
acc_26322,0
acc_26323,0
acc_26324,1
acc_26325,0
acc_26326,0
acc_26327,0
acc_26328,0
acc_26329,0
acc_26330,1
acc_26331,0
acc_26332,0
acc_26333,0
acc_26334,1
acc_26335,0
acc_26336,0
acc_26337,0
acc_26338,1
acc_26339,0
acc_26340,0
acc_26341,1
acc_26342,0
acc_26343,0
acc_26344,1
acc_26345,0
acc_26346,0
acc_26347,0
acc_26348,0
acc_26349,0
acc_26350,0
acc_26351,0
acc_26352,0
acc_26353,0
acc_26354,1
acc_26355,0
acc_26356,0
acc_26357,0
acc_26358,0
acc_26359,0
acc_26360,0
acc_26361,0
acc_26362,0
acc_26363,0
acc_26364,1
acc_26365,1
acc_26366,0
acc_26367,0
acc_26368,1
acc_26369,1
acc_26370,0
acc_26371,0
acc_26372,1
acc_26373,0
acc_26374,0
acc_26375,0
acc_26376,0
acc_26377,0
acc_26378,0
acc_26379,0
acc_26380,0
acc_26381,1
acc_26382,0
acc_26383,0
acc_26384,1
acc_26385,0
acc_26386,0
acc_26387,0
acc_26388,0
acc_26389,1
acc_26390,0
acc_26391,0
acc_26392,0
acc_26393,0
acc_26394,0
acc_26395,0
acc_26396,0
acc_26397,0
acc_26398,0
acc_26399,0
acc_26400,0
acc_26401,0
acc_26402,0
acc_26403,0
acc_26404,0
acc_26405,0
acc_26406,0
acc_26407,0
acc_26408,0
acc_26409,0
acc_26410,0
acc_26411,0
acc_26412,1
acc_26413,0
acc_26414,0
acc_26415,0
acc_26416,0
acc_26417,0
acc_26418,0
acc_26419,0
acc_26420,1
acc_26421,0
acc_26422,0
acc_26423,0
acc_26424,0
acc_26425,0
acc_26426,0
acc_26427,0
acc_26428,0
acc_26429,0
acc_26430,0
acc_26431,0
acc_26432,0
acc_26433,0
acc_26434,0
acc_26435,0
acc_26436,0
acc_26437,0
acc_26438,1
acc_26439,0
acc_26440,0
acc_26441,0
acc_26442,0
acc_26443,0
acc_26444,0
acc_26445,0
acc_26446,0
acc_26447,0
acc_26448,0
acc_26449,0
acc_26450,0
acc_26451,0
acc_26452,0
acc_26453,0
acc_26454,0
acc_26455,1
acc_26456,0
acc_26457,0
acc_26458,0
acc_26459,1
acc_26460,0
acc_26461,1
acc_26462,0
acc_26463,0
acc_26464,0
acc_26465,0
acc_26466,0
acc_26467,0
acc_26468,1
acc_26469,0
acc_26470,0
acc_26471,0
acc_26472,0
acc_26473,0
acc_26474,0
acc_26475,1
acc_26476,0
acc_26477,0
acc_26478,0
acc_26479,0
acc_26480,0
acc_26481,0
acc_26482,0
acc_26483,0
acc_26484,0
acc_26485,1
acc_26486,0
acc_26487,0
acc_26488,0
acc_26489,0
acc_26490,0
acc_26491,0
acc_26492,1
acc_26493,0
acc_26494,0
acc_26495,0
acc_26496,0
acc_26497,0
acc_26498,0
acc_26499,0
acc_26500,0
acc_26501,1
acc_26502,0
acc_26503,1
acc_26504,0
acc_26505,0
acc_26506,0
acc_26507,0
acc_26508,0
acc_26509,0
acc_26510,0
acc_26511,0
acc_26512,0
acc_26513,0
acc_26514,0
acc_26515,1
acc_26516,0
acc_26517,0
acc_26518,0
acc_26519,0
acc_26520,0
acc_26521,0
acc_26522,0
acc_26523,0
acc_26524,0
acc_26525,0
acc_26526,0
acc_26527,0
acc_26528,0
acc_26529,1
acc_26530,0
acc_26531,0
acc_26532,0
acc_26533,0
acc_26534,0
acc_26535,1
acc_26536,0
acc_26537,1
acc_26538,0
acc_26539,0
acc_26540,0
acc_26541,0
acc_26542,0
acc_26543,0
acc_26544,0
acc_26545,0
acc_26546,0
acc_26547,1
acc_26548,0
acc_26549,0
acc_26550,0
acc_26551,0
acc_26552,0
acc_26553,0
acc_26554,0
acc_26555,0
acc_26556,1
acc_26557,0
acc_26558,1
acc_26559,0
acc_26560,0
acc_26561,0
acc_26562,0
acc_26563,0
acc_26564,0
acc_26565,0
acc_26566,0
acc_26567,0
acc_26568,0
acc_26569,0
acc_26570,0
acc_26571,0
acc_26572,0
acc_26573,0
acc_26574,1
acc_26575,0
acc_26576,0
acc_26577,0
acc_26578,0
acc_26579,0
acc_26580,0
acc_26581,0
acc_26582,0
acc_26583,0
acc_26584,0
acc_26585,0
acc_26586,0
acc_26587,0
acc_26588,0
acc_26589,0
acc_26590,0
acc_26591,0
acc_26592,0
acc_26593,0
acc_26594,0
acc_26595,1
acc_26596,0
acc_26597,0
acc_26598,0
acc_26599,1
acc_26600,0
acc_26601,1
acc_26602,0
acc_26603,0
acc_26604,0
acc_26605,1
acc_26606,0
acc_26607,0
acc_26608,0
acc_26609,0
acc_26610,1
acc_26611,0
acc_26612,0
acc_26613,0
acc_26614,0
acc_26615,0
acc_26616,0
acc_26617,1
acc_26618,0
acc_26619,0
acc_26620,0
acc_26621,1
acc_26622,0
acc_26623,0
acc_26624,0
acc_26625,0
acc_26626,0
acc_26627,1
acc_26628,0
acc_26629,0
acc_26630,0
acc_26631,0
acc_26632,0
acc_26633,0
acc_26634,0
acc_26635,0
acc_26636,0
acc_26637,0
acc_26638,0
acc_26639,0
acc_26640,0
acc_26641,0
acc_26642,0
acc_26643,0
acc_26644,0
acc_26645,0
acc_26646,0
acc_26647,0
acc_26648,0
acc_26649,0
acc_26650,0
acc_26651,0
acc_26652,0
acc_26653,0
acc_26654,0
acc_26655,0
acc_26656,1
acc_26657,0
acc_26658,0
acc_26659,0
acc_26660,0
acc_26661,1
acc_26662,0
acc_26663,0
acc_26664,0
acc_26665,0
acc_26666,0
acc_26667,0
acc_26668,0
acc_26669,0
acc_26670,0
acc_26671,0
acc_26672,0
acc_26673,0
acc_26674,0
acc_26675,0
acc_26676,0
acc_26677,0
acc_26678,0
acc_26679,0
acc_26680,0
acc_26681,0
acc_26682,0
acc_26683,0
acc_26684,0
acc_26685,0
acc_26686,0
acc_26687,0
acc_26688,0
acc_26689,0
acc_26690,0
acc_26691,1
acc_26692,0
acc_26693,0
acc_26694,0
acc_26695,0
acc_26696,0
acc_26697,0
acc_26698,0
acc_26699,0
acc_26700,0
acc_26701,0
acc_26702,0
acc_26703,0
acc_26704,0
acc_26705,0
acc_26706,0
acc_26707,0
acc_26708,0
acc_26709,0
acc_26710,0
acc_26711,0
acc_26712,0
acc_26713,0
acc_26714,0
acc_26715,0
acc_26716,0
acc_26717,0
acc_26718,0
acc_26719,0
acc_26720,0
acc_26721,0
acc_26722,0
acc_26723,0
acc_26724,0
acc_26725,0
acc_26726,0
acc_26727,0
acc_26728,1
acc_26729,0
acc_26730,1
acc_26731,0
acc_26732,0
acc_26733,0
acc_26734,0
acc_26735,0
acc_26736,0
acc_26737,0
acc_26738,0
acc_26739,0
acc_26740,0
acc_26741,0
acc_26742,0
acc_26743,0
acc_26744,1
acc_26745,0
acc_26746,0
acc_26747,0
acc_26748,1
acc_26749,0
acc_26750,0
acc_26751,0
acc_26752,1
acc_26753,0
acc_26754,0
acc_26755,0
acc_26756,0
acc_26757,0
acc_26758,0
acc_26759,0
acc_26760,0
acc_26761,0
acc_26762,0
acc_26763,0
acc_26764,1
acc_26765,0
acc_26766,0
acc_26767,0
acc_26768,0
acc_26769,0
acc_26770,0
acc_26771,1
acc_26772,0
acc_26773,0
acc_26774,0
acc_26775,1
acc_26776,0
acc_26777,0
acc_26778,0
acc_26779,0
acc_26780,0
acc_26781,0
acc_26782,0
acc_26783,0
acc_26784,0
acc_26785,1
acc_26786,0
acc_26787,0
acc_26788,0
acc_26789,0
acc_26790,0
acc_26791,0
acc_26792,0
acc_26793,0
acc_26794,0
acc_26795,0
acc_26796,0
acc_26797,0
acc_26798,0
acc_26799,0
acc_26800,0
acc_26801,0
acc_26802,0
acc_26803,1
acc_26804,0
acc_26805,0
acc_26806,0
acc_26807,0
acc_26808,0
acc_26809,0
acc_26810,0
acc_26811,0
acc_26812,0
acc_26813,0
acc_26814,0
acc_26815,0
acc_26816,1
acc_26817,0
acc_26818,0
acc_26819,1
acc_26820,0
acc_26821,0
acc_26822,0
acc_26823,0
acc_26824,0
acc_26825,0
acc_26826,0
acc_26827,0
acc_26828,0
acc_26829,1
acc_26830,1
acc_26831,1
acc_26832,0
acc_26833,0
acc_26834,0
acc_26835,0
acc_26836,0
acc_26837,0
acc_26838,0
acc_26839,0
acc_26840,0
acc_26841,0
acc_26842,0
acc_26843,0
acc_26844,0
acc_26845,0
acc_26846,0
acc_26847,0
acc_26848,0
acc_26849,0
acc_26850,0
acc_26851,0
acc_26852,1
acc_26853,0
acc_26854,0
acc_26855,0
acc_26856,1
acc_26857,0
acc_26858,0
acc_26859,0
acc_26860,0
acc_26861,0
acc_26862,1
acc_26863,0
acc_26864,0
acc_26865,0
acc_26866,0
acc_26867,0
acc_26868,0
acc_26869,0
acc_26870,0
acc_26871,0
acc_26872,0
acc_26873,0
acc_26874,0
acc_26875,0
acc_26876,1
acc_26877,0
acc_26878,0
acc_26879,0
acc_26880,0
acc_26881,0
acc_26882,0
acc_26883,0
acc_26884,0
acc_26885,0
acc_26886,0
acc_26887,0
acc_26888,0
acc_26889,0
acc_26890,0
acc_26891,0
acc_26892,0
acc_26893,0
acc_26894,0
acc_26895,0
acc_26896,0
acc_26897,0
acc_26898,0
acc_26899,0
acc_26900,0
acc_26901,0
acc_26902,0
acc_26903,0
acc_26904,0
acc_26905,0
acc_26906,0
acc_26907,0
acc_26908,1
acc_26909,0
acc_26910,0
acc_26911,0
acc_26912,0
acc_26913,0
acc_26914,1
acc_26915,0
acc_26916,0
acc_26917,0
acc_26918,0
acc_26919,0
acc_26920,0
acc_26921,0
acc_26922,1
acc_26923,0
acc_26924,1
acc_26925,0
acc_26926,0
acc_26927,0
acc_26928,0
acc_26929,0
acc_26930,0
acc_26931,0
acc_26932,0
acc_26933,0
acc_26934,0
acc_26935,0
acc_26936,0
acc_26937,1
acc_26938,0
acc_26939,0
acc_26940,0
acc_26941,0
acc_26942,0
acc_26943,0
acc_26944,0
acc_26945,0
acc_26946,0
acc_26947,0
acc_26948,0
acc_26949,0
acc_26950,0
acc_26951,0
acc_26952,1
acc_26953,0
acc_26954,0
acc_26955,0
acc_26956,0
acc_26957,0
acc_26958,0
acc_26959,0
acc_26960,0
acc_26961,1
acc_26962,0
acc_26963,0
acc_26964,0
acc_26965,0
acc_26966,0
acc_26967,1
acc_26968,0
acc_26969,0
acc_26970,1
acc_26971,0
acc_26972,0
acc_26973,0
acc_26974,0
acc_26975,0
acc_26976,0
acc_26977,0
acc_26978,0
acc_26979,1
acc_26980,0
acc_26981,0
acc_26982,1
acc_26983,0
acc_26984,0
acc_26985,0
acc_26986,0
acc_26987,0
acc_26988,0
acc_26989,0
acc_26990,0
acc_26991,0
acc_26992,0
acc_26993,0
acc_26994,0
acc_26995,1
acc_26996,0
acc_26997,0
acc_26998,0
acc_26999,0
acc_27000,0
acc_27001,0
acc_27002,0
acc_27003,0
acc_27004,0
acc_27005,1
acc_27006,0
acc_27007,0
acc_27008,0
acc_27009,0
acc_27010,0
acc_27011,1
acc_27012,1
acc_27013,0
acc_27014,1
acc_27015,0
acc_27016,1
acc_27017,0
acc_27018,0
acc_27019,0
acc_27020,0
acc_27021,0
acc_27022,0
acc_27023,0
acc_27024,0
acc_27025,0
acc_27026,0
acc_27027,0
acc_27028,0
acc_27029,0
acc_27030,0
acc_27031,0
acc_27032,0
acc_27033,0
acc_27034,0
acc_27035,0
acc_27036,0
acc_27037,0
acc_27038,0
acc_27039,0
acc_27040,0
acc_27041,1
acc_27042,0
acc_27043,1
acc_27044,0
acc_27045,0
acc_27046,0
acc_27047,0
acc_27048,0
acc_27049,1
acc_27050,0
acc_27051,0
acc_27052,0
acc_27053,0
acc_27054,0
acc_27055,0
acc_27056,0
acc_27057,0
acc_27058,1
acc_27059,0
acc_27060,0
acc_27061,0
acc_27062,0
acc_27063,0
acc_27064,1
acc_27065,0
acc_27066,0
acc_27067,0
acc_27068,0
acc_27069,0
acc_27070,0
acc_27071,0
acc_27072,0
acc_27073,0
acc_27074,0
acc_27075,0
acc_27076,0
acc_27077,0
acc_27078,0
acc_27079,0
acc_27080,0
acc_27081,0
acc_27082,1
acc_27083,0
acc_27084,1
acc_27085,0
acc_27086,1
acc_27087,0
acc_27088,0
acc_27089,0
acc_27090,0
acc_27091,0
acc_27092,0
acc_27093,0
acc_27094,0
acc_27095,1
acc_27096,0
acc_27097,1
acc_27098,0
acc_27099,0
acc_27100,0
acc_27101,0
acc_27102,0
acc_27103,0
acc_27104,0
acc_27105,0
acc_27106,0
acc_27107,0
acc_27108,1
acc_27109,1
acc_27110,1
acc_27111,0
acc_27112,0
acc_27113,0
acc_27114,0
acc_27115,0
acc_27116,0
acc_27117,0
acc_27118,0
acc_27119,0
acc_27120,0
acc_27121,1
acc_27122,0
acc_27123,0
acc_27124,0
acc_27125,0
acc_27126,0
acc_27127,0
acc_27128,0
acc_27129,0
acc_27130,0
acc_27131,0
acc_27132,0
acc_27133,0
acc_27134,0
acc_27135,0
acc_27136,0
acc_27137,0
acc_27138,0
acc_27139,0
acc_27140,0
acc_27141,0
acc_27142,0
acc_27143,1
acc_27144,0
acc_27145,0
acc_27146,0
acc_27147,0
acc_27148,1
acc_27149,0
acc_27150,1
acc_27151,0
acc_27152,0
acc_27153,0
acc_27154,0
acc_27155,0
acc_27156,0
acc_27157,0
acc_27158,0
acc_27159,0
acc_27160,0
acc_27161,0
acc_27162,0
acc_27163,0
acc_27164,0
acc_27165,0
acc_27166,1
acc_27167,0
acc_27168,0
acc_27169,0
acc_27170,0
acc_27171,0
acc_27172,0
acc_27173,0
acc_27174,0
acc_27175,0
acc_27176,0
acc_27177,0
acc_27178,0
acc_27179,0
acc_27180,1
acc_27181,0
acc_27182,0
acc_27183,0
acc_27184,0
acc_27185,0
acc_27186,0
acc_27187,0
acc_27188,0
acc_27189,0
acc_27190,1
acc_27191,1
acc_27192,0
acc_27193,0
acc_27194,0
acc_27195,0
acc_27196,0
acc_27197,0
acc_27198,0
acc_27199,0
acc_27200,0
acc_27201,0
acc_27202,0
acc_27203,0
acc_27204,0
acc_27205,0
acc_27206,0
acc_27207,0
acc_27208,0
acc_27209,0
acc_27210,0
acc_27211,0
acc_27212,1
acc_27213,0
acc_27214,0
acc_27215,0
acc_27216,0
acc_27217,0
acc_27218,0
acc_27219,0
acc_27220,0
acc_27221,0
acc_27222,0
acc_27223,0
acc_27224,0
acc_27225,0
acc_27226,0
acc_27227,1
acc_27228,0
acc_27229,0
acc_27230,0
acc_27231,0
acc_27232,0
acc_27233,0
acc_27234,0
acc_27235,0
acc_27236,1
acc_27237,0
acc_27238,0
acc_27239,1
acc_27240,0
acc_27241,0
acc_27242,0
acc_27243,1
acc_27244,0
acc_27245,0
acc_27246,0
acc_27247,1
acc_27248,0
acc_27249,1
acc_27250,0
acc_27251,1
acc_27252,0
acc_27253,0
acc_27254,0
acc_27255,0
acc_27256,0
acc_27257,1
acc_27258,1
acc_27259,0
acc_27260,0
acc_27261,0
acc_27262,0
acc_27263,1
acc_27264,0
acc_27265,0
acc_27266,0
acc_27267,0
acc_27268,0
acc_27269,0
acc_27270,1
acc_27271,0
acc_27272,0
acc_27273,0
acc_27274,0
acc_27275,0
acc_27276,1
acc_27277,0
acc_27278,1
acc_27279,0
acc_27280,0
acc_27281,0
acc_27282,1
acc_27283,0
acc_27284,1
acc_27285,0
acc_27286,0
acc_27287,1
acc_27288,0
acc_27289,0
acc_27290,0
acc_27291,0
acc_27292,0
acc_27293,0
acc_27294,1
acc_27295,0
acc_27296,0
acc_27297,0
acc_27298,0
acc_27299,0
acc_27300,0
acc_27301,0
acc_27302,0
acc_27303,0
acc_27304,0
acc_27305,0
acc_27306,0
acc_27307,0
acc_27308,0
acc_27309,0
acc_27310,1
acc_27311,0
acc_27312,1
acc_27313,0
acc_27314,0
acc_27315,0
acc_27316,0
acc_27317,0
acc_27318,1
acc_27319,0
acc_27320,0
acc_27321,0
acc_27322,0
acc_27323,0
acc_27324,0
acc_27325,0
acc_27326,0
acc_27327,0
acc_27328,0
acc_27329,0
acc_27330,0
acc_27331,0
acc_27332,0
acc_27333,0
acc_27334,0
acc_27335,0
acc_27336,1
acc_27337,0
acc_27338,0
acc_27339,0
acc_27340,0
acc_27341,0
acc_27342,0
acc_27343,0
acc_27344,0
acc_27345,0
acc_27346,0
acc_27347,0
acc_27348,0
acc_27349,0
acc_27350,0
acc_27351,0
acc_27352,0
acc_27353,0
acc_27354,0
acc_27355,0
acc_27356,0
acc_27357,0
acc_27358,0
acc_27359,0
acc_27360,0
acc_27361,0
acc_27362,0
acc_27363,0
acc_27364,0
acc_27365,0
acc_27366,0
acc_27367,0
acc_27368,0
acc_27369,0
acc_27370,0
acc_27371,0
acc_27372,0
acc_27373,1
acc_27374,0
acc_27375,0
acc_27376,0
acc_27377,0
acc_27378,0
acc_27379,0
acc_27380,0
acc_27381,0
acc_27382,0
acc_27383,0
acc_27384,1
acc_27385,0
acc_27386,0
acc_27387,0
acc_27388,1
acc_27389,0
acc_27390,0
acc_27391,0
acc_27392,0
acc_27393,0
acc_27394,0
acc_27395,0
acc_27396,1
acc_27397,0
acc_27398,1
acc_27399,0
acc_27400,0
acc_27401,0
acc_27402,0
acc_27403,0
acc_27404,0
acc_27405,0
acc_27406,0
acc_27407,0
acc_27408,0
acc_27409,1
acc_27410,0
acc_27411,0
acc_27412,0
acc_27413,0
acc_27414,0
acc_27415,0
acc_27416,0
acc_27417,0
acc_27418,0
acc_27419,0
acc_27420,1
acc_27421,0
acc_27422,0
acc_27423,0
acc_27424,0
acc_27425,0
acc_27426,0
acc_27427,0
acc_27428,0
acc_27429,0
acc_27430,0
acc_27431,0
acc_27432,0
acc_27433,0
acc_27434,0
acc_27435,0
acc_27436,0
acc_27437,1
acc_27438,0
acc_27439,0
acc_27440,0
acc_27441,0
acc_27442,0
acc_27443,0
acc_27444,0
acc_27445,0
acc_27446,0
acc_27447,0
acc_27448,0
acc_27449,0
acc_27450,0
acc_27451,0
acc_27452,0
acc_27453,0
acc_27454,1
acc_27455,0
acc_27456,0
acc_27457,0
acc_27458,0
acc_27459,0
acc_27460,0
acc_27461,1
acc_27462,0
acc_27463,0
acc_27464,0
acc_27465,0
acc_27466,0
acc_27467,1
acc_27468,1
acc_27469,0
acc_27470,0
acc_27471,0
acc_27472,0
acc_27473,0
acc_27474,0
acc_27475,1
acc_27476,0
acc_27477,0
acc_27478,0
acc_27479,1
acc_27480,1
acc_27481,0
acc_27482,0
acc_27483,0
acc_27484,0
acc_27485,0
acc_27486,0
acc_27487,0
acc_27488,0
acc_27489,0
acc_27490,0
acc_27491,0
acc_27492,0
acc_27493,0
acc_27494,0
acc_27495,0
acc_27496,0
acc_27497,0
acc_27498,0
acc_27499,0
acc_27500,0
acc_27501,1
acc_27502,0
acc_27503,0
acc_27504,0
acc_27505,0
acc_27506,0
acc_27507,1
acc_27508,0
acc_27509,0
acc_27510,0
acc_27511,1
acc_27512,0
acc_27513,0
acc_27514,0
acc_27515,0
acc_27516,0
acc_27517,0
acc_27518,0
acc_27519,0
acc_27520,0
acc_27521,0
acc_27522,0
acc_27523,0
acc_27524,0
acc_27525,0
acc_27526,1
acc_27527,0
acc_27528,0
acc_27529,0
acc_27530,1
acc_27531,0
acc_27532,0
acc_27533,1
acc_27534,0
acc_27535,0
acc_27536,0
acc_27537,0
acc_27538,0
acc_27539,0
acc_27540,0
acc_27541,0
acc_27542,0
acc_27543,0
acc_27544,0
acc_27545,0
acc_27546,0
acc_27547,0
acc_27548,0
acc_27549,0
acc_27550,0
acc_27551,0
acc_27552,0
acc_27553,0
acc_27554,0
acc_27555,0
acc_27556,0
acc_27557,0
acc_27558,0
acc_27559,0
acc_27560,0
acc_27561,0
acc_27562,0
acc_27563,0
acc_27564,0
acc_27565,0
acc_27566,0
acc_27567,0
acc_27568,0
acc_27569,0
acc_27570,0
acc_27571,0
acc_27572,0
acc_27573,0
acc_27574,0
acc_27575,0
acc_27576,0
acc_27577,0
acc_27578,0
acc_27579,0
acc_27580,0
acc_27581,1
acc_27582,1
acc_27583,0
acc_27584,0
acc_27585,1
acc_27586,0
acc_27587,0
acc_27588,0
acc_27589,0
acc_27590,0
acc_27591,0
acc_27592,1
acc_27593,0
acc_27594,0
acc_27595,0
acc_27596,0
acc_27597,0
acc_27598,0
acc_27599,1
acc_27600,1
acc_27601,0
acc_27602,0
acc_27603,0
acc_27604,0
acc_27605,0
acc_27606,0
acc_27607,0
acc_27608,0
acc_27609,0
acc_27610,0
acc_27611,1
acc_27612,0
acc_27613,0
acc_27614,0
acc_27615,1
acc_27616,0
acc_27617,0
acc_27618,0
acc_27619,0
acc_27620,0
acc_27621,0
acc_27622,0
acc_27623,0
acc_27624,0
acc_27625,0
acc_27626,0
acc_27627,0
acc_27628,0
acc_27629,0
acc_27630,0
acc_27631,0
acc_27632,0
acc_27633,0
acc_27634,0
acc_27635,1
acc_27636,1
acc_27637,0
acc_27638,1
acc_27639,1
acc_27640,0
acc_27641,0
acc_27642,0
acc_27643,0
acc_27644,0
acc_27645,0
acc_27646,1
acc_27647,0
acc_27648,0
acc_27649,0
acc_27650,0
acc_27651,0
acc_27652,0
acc_27653,0
acc_27654,0
acc_27655,0
acc_27656,0
acc_27657,0
acc_27658,0
acc_27659,0
acc_27660,0
acc_27661,0
acc_27662,0
acc_27663,1
acc_27664,0
acc_27665,0
acc_27666,0
acc_27667,0
acc_27668,0
acc_27669,0
acc_27670,0
acc_27671,0
acc_27672,0
acc_27673,0
acc_27674,0
acc_27675,0
acc_27676,0
acc_27677,0
acc_27678,0
acc_27679,0
acc_27680,0
acc_27681,0
acc_27682,0
acc_27683,0
acc_27684,0
acc_27685,0
acc_27686,0
acc_27687,0
acc_27688,0
acc_27689,0
acc_27690,0
acc_27691,0
acc_27692,0
acc_27693,0
acc_27694,0
acc_27695,0
acc_27696,0
acc_27697,1
acc_27698,0
acc_27699,0
acc_27700,0
acc_27701,0
acc_27702,0
acc_27703,1
acc_27704,0
acc_27705,0
acc_27706,0
acc_27707,0
acc_27708,0
acc_27709,1
acc_27710,0
acc_27711,0
acc_27712,1
acc_27713,0
acc_27714,0
acc_27715,0
acc_27716,0
acc_27717,0
acc_27718,0
acc_27719,0
acc_27720,0
acc_27721,0
acc_27722,0
acc_27723,0
acc_27724,0
acc_27725,0
acc_27726,1
acc_27727,0
acc_27728,1
acc_27729,1
acc_27730,0
acc_27731,0
acc_27732,0
acc_27733,0
acc_27734,0
acc_27735,1
acc_27736,0
acc_27737,0
acc_27738,0
acc_27739,0
acc_27740,0
acc_27741,0
acc_27742,0
acc_27743,0
acc_27744,1
acc_27745,0
acc_27746,0
acc_27747,0
acc_27748,0
acc_27749,0
acc_27750,0
acc_27751,0
acc_27752,0
acc_27753,0
acc_27754,0
acc_27755,0
acc_27756,0
acc_27757,0
acc_27758,0
acc_27759,0
acc_27760,0
acc_27761,1
acc_27762,0
acc_27763,0
acc_27764,1
acc_27765,0
acc_27766,1
acc_27767,0
acc_27768,0
acc_27769,0
acc_27770,0
acc_27771,0
acc_27772,0
acc_27773,1
acc_27774,0
acc_27775,0
acc_27776,0
acc_27777,0
acc_27778,0
acc_27779,0
acc_27780,0
acc_27781,0
acc_27782,0
acc_27783,0
acc_27784,0
acc_27785,0
acc_27786,0
acc_27787,0
acc_27788,0
acc_27789,1
acc_27790,0
acc_27791,0
acc_27792,0
acc_27793,0
acc_27794,0
acc_27795,0
acc_27796,1
acc_27797,0
acc_27798,0
acc_27799,1
acc_27800,0
acc_27801,0
acc_27802,1
acc_27803,0
acc_27804,0
acc_27805,0
acc_27806,1
acc_27807,0
acc_27808,0
acc_27809,0
acc_27810,0
acc_27811,0
acc_27812,0
acc_27813,0
acc_27814,1
acc_27815,0
acc_27816,0
acc_27817,0
acc_27818,0
acc_27819,0
acc_27820,0
acc_27821,0
acc_27822,0
acc_27823,0
acc_27824,0
acc_27825,0
acc_27826,0
acc_27827,0
acc_27828,0
acc_27829,0
acc_27830,0
acc_27831,0
acc_27832,0
acc_27833,0
acc_27834,0
acc_27835,0
acc_27836,1
acc_27837,0
acc_27838,0
acc_27839,0
acc_27840,1
acc_27841,0
acc_27842,0
acc_27843,0
acc_27844,0
acc_27845,0
acc_27846,0
acc_27847,0
acc_27848,0
acc_27849,0
acc_27850,0
acc_27851,0
acc_27852,0
acc_27853,0
acc_27854,1
acc_27855,0
acc_27856,0
acc_27857,0
acc_27858,0
acc_27859,0
acc_27860,1
acc_27861,0
acc_27862,0
acc_27863,1
acc_27864,0
acc_27865,0
acc_27866,0
acc_27867,0
acc_27868,0
acc_27869,0
acc_27870,0
acc_27871,0
acc_27872,0
acc_27873,0
acc_27874,0
acc_27875,0
acc_27876,0
acc_27877,0
acc_27878,0
acc_27879,0
acc_27880,1
acc_27881,1
acc_27882,0
acc_27883,0
acc_27884,0
acc_27885,0
acc_27886,0
acc_27887,0
acc_27888,0
acc_27889,0
acc_27890,0
acc_27891,1
acc_27892,0
acc_27893,0
acc_27894,0
acc_27895,0
acc_27896,0
acc_27897,0
acc_27898,0
acc_27899,0
acc_27900,0
acc_27901,0
acc_27902,0
acc_27903,0
acc_27904,0
acc_27905,0
acc_27906,0
acc_27907,1
acc_27908,0
acc_27909,0
acc_27910,0
acc_27911,0
acc_27912,0
acc_27913,1
acc_27914,0
acc_27915,0
acc_27916,0
acc_27917,0
acc_27918,0
acc_27919,0
acc_27920,0
acc_27921,1
acc_27922,0
acc_27923,0
acc_27924,0
acc_27925,1
acc_27926,0
acc_27927,0
acc_27928,0
acc_27929,0
acc_27930,0
acc_27931,0
acc_27932,0
acc_27933,0
acc_27934,0
acc_27935,0
acc_27936,0
acc_27937,0
acc_27938,0
acc_27939,0
acc_27940,0
acc_27941,0
acc_27942,0
acc_27943,0
acc_27944,0
acc_27945,0
acc_27946,0
acc_27947,0
acc_27948,0
acc_27949,1
acc_27950,0
acc_27951,0
acc_27952,0
acc_27953,0
acc_27954,0
acc_27955,0
acc_27956,0
acc_27957,0
acc_27958,1
acc_27959,0
acc_27960,0
acc_27961,0
acc_27962,0
acc_27963,0
acc_27964,0
acc_27965,0
acc_27966,0
acc_27967,0
acc_27968,1
acc_27969,0
acc_27970,0
acc_27971,0
acc_27972,0
acc_27973,0
acc_27974,0
acc_27975,0
acc_27976,0
acc_27977,0
acc_27978,0
acc_27979,0
acc_27980,0
acc_27981,1
acc_27982,0
acc_27983,0
acc_27984,0
acc_27985,0
acc_27986,0
acc_27987,0
acc_27988,0
acc_27989,0
acc_27990,1
acc_27991,0
acc_27992,0
acc_27993,0
acc_27994,0
acc_27995,0
acc_27996,0
acc_27997,0
acc_27998,0
acc_27999,0
acc_28000,0
acc_28001,0
acc_28002,0
acc_28003,1
acc_28004,0
acc_28005,1
acc_28006,0
acc_28007,0
acc_28008,1
acc_28009,0
acc_28010,0
acc_28011,0
acc_28012,0
acc_28013,0
acc_28014,0
acc_28015,0
acc_28016,0
acc_28017,0
acc_28018,1
acc_28019,0
acc_28020,0
acc_28021,0
acc_28022,0
acc_28023,0
acc_28024,0
acc_28025,0
acc_28026,1
acc_28027,0
acc_28028,0
acc_28029,0
acc_28030,0
acc_28031,0
acc_28032,0
acc_28033,0
acc_28034,0
acc_28035,0
acc_28036,1
acc_28037,0
acc_28038,1
acc_28039,0
acc_28040,0
acc_28041,0
acc_28042,0
acc_28043,1
acc_28044,0
acc_28045,0
acc_28046,0
acc_28047,0
acc_28048,0
acc_28049,0
acc_28050,0
acc_28051,0
acc_28052,0
acc_28053,1
acc_28054,0
acc_28055,0
acc_28056,0
acc_28057,0
acc_28058,0
acc_28059,0
acc_28060,0
acc_28061,1
acc_28062,0
acc_28063,0
acc_28064,0
acc_28065,0
acc_28066,0
acc_28067,0
acc_28068,1
acc_28069,0
acc_28070,0
acc_28071,0
acc_28072,0
acc_28073,0
acc_28074,0
acc_28075,0
acc_28076,0
acc_28077,0
acc_28078,0
acc_28079,0
acc_28080,0
acc_28081,0
acc_28082,0
acc_28083,1
acc_28084,0
acc_28085,0
acc_28086,0
acc_28087,0
acc_28088,0
acc_28089,0
acc_28090,0
acc_28091,1
acc_28092,0
acc_28093,1
acc_28094,0
acc_28095,0
acc_28096,0
acc_28097,0
acc_28098,0
acc_28099,0
acc_28100,1
acc_28101,0
acc_28102,0
acc_28103,0
acc_28104,0
acc_28105,1
acc_28106,0
acc_28107,0
acc_28108,0
acc_28109,0
acc_28110,0
acc_28111,0
acc_28112,0
acc_28113,1
acc_28114,0
acc_28115,0
acc_28116,0
acc_28117,0
acc_28118,0
acc_28119,1
acc_28120,0
acc_28121,1
acc_28122,0
acc_28123,0
acc_28124,0
acc_28125,0
acc_28126,0
acc_28127,0
acc_28128,0
acc_28129,0
acc_28130,0
acc_28131,0
acc_28132,0
acc_28133,0
acc_28134,0
acc_28135,1
acc_28136,0
acc_28137,0
acc_28138,0
acc_28139,0
acc_28140,0
acc_28141,0
acc_28142,0
acc_28143,0
acc_28144,0
acc_28145,0
acc_28146,0
acc_28147,0
acc_28148,1
acc_28149,0
acc_28150,0
acc_28151,0
acc_28152,0
acc_28153,0
acc_28154,0
acc_28155,1
acc_28156,0
acc_28157,0
acc_28158,0
acc_28159,0
acc_28160,0
acc_28161,0
acc_28162,0
acc_28163,0
acc_28164,0
acc_28165,0
acc_28166,0
acc_28167,0
acc_28168,0
acc_28169,0
acc_28170,1
acc_28171,0
acc_28172,0
acc_28173,0
acc_28174,0
acc_28175,0
acc_28176,0
acc_28177,0
acc_28178,0
acc_28179,0
acc_28180,0
acc_28181,0
acc_28182,0
acc_28183,0
acc_28184,0
acc_28185,0
acc_28186,0
acc_28187,0
acc_28188,0
acc_28189,0
acc_28190,1
acc_28191,0
acc_28192,0
acc_28193,0
acc_28194,0
acc_28195,1
acc_28196,0
acc_28197,0
acc_28198,1
acc_28199,0
acc_28200,0
acc_28201,0
acc_28202,0
acc_28203,0
acc_28204,0
acc_28205,1
acc_28206,0
acc_28207,0
acc_28208,0
acc_28209,0
acc_28210,1
acc_28211,0
acc_28212,0
acc_28213,0
acc_28214,0
acc_28215,0
acc_28216,0
acc_28217,0
acc_28218,0
acc_28219,0
acc_28220,1
acc_28221,0
acc_28222,1
acc_28223,0
acc_28224,0
acc_28225,0
acc_28226,0
acc_28227,0
acc_28228,0
acc_28229,0
acc_28230,0
acc_28231,0
acc_28232,0
acc_28233,0
acc_28234,1
acc_28235,0
acc_28236,0
acc_28237,0
acc_28238,0
acc_28239,0
acc_28240,0
acc_28241,0
acc_28242,0
acc_28243,0
acc_28244,0
acc_28245,0
acc_28246,0
acc_28247,0
acc_28248,0
acc_28249,0
acc_28250,0
acc_28251,0
acc_28252,0
acc_28253,0
acc_28254,1
acc_28255,0
acc_28256,0
acc_28257,0
acc_28258,0
acc_28259,0
acc_28260,0
acc_28261,0
acc_28262,0
acc_28263,0
acc_28264,0
acc_28265,0
acc_28266,1
acc_28267,0
acc_28268,0
acc_28269,1
acc_28270,0
acc_28271,0
acc_28272,1
acc_28273,0
acc_28274,0
acc_28275,0
acc_28276,0
acc_28277,1
acc_28278,0
acc_28279,0
acc_28280,0
acc_28281,0
acc_28282,0
acc_28283,0
acc_28284,0
acc_28285,0
acc_28286,0
acc_28287,0
acc_28288,0
acc_28289,1
acc_28290,0
acc_28291,0
acc_28292,0
acc_28293,0
acc_28294,1
acc_28295,0
acc_28296,0
acc_28297,0
acc_28298,1
acc_28299,1
acc_28300,0
acc_28301,0
acc_28302,0
acc_28303,0
acc_28304,0
acc_28305,1
acc_28306,0
acc_28307,0
acc_28308,0
acc_28309,0
acc_28310,1
acc_28311,0
acc_28312,0
acc_28313,0
acc_28314,0
acc_28315,0
acc_28316,0
acc_28317,0
acc_28318,0
acc_28319,0
acc_28320,0
acc_28321,0
acc_28322,0
acc_28323,0
acc_28324,0
acc_28325,0
acc_28326,0
acc_28327,0
acc_28328,1
acc_28329,0
acc_28330,0
acc_28331,0
acc_28332,0
acc_28333,0
acc_28334,0
acc_28335,0
acc_28336,0
acc_28337,0
acc_28338,1
acc_28339,0
acc_28340,0
acc_28341,0
acc_28342,1
acc_28343,0
acc_28344,0
acc_28345,1
acc_28346,0
acc_28347,0
acc_28348,0
acc_28349,0
acc_28350,0
acc_28351,0
acc_28352,0
acc_28353,0
acc_28354,0
acc_28355,0
acc_28356,0
acc_28357,0
acc_28358,0
acc_28359,0
acc_28360,0
acc_28361,0
acc_28362,1
acc_28363,1
acc_28364,0
acc_28365,0
acc_28366,0
acc_28367,0
acc_28368,0
acc_28369,1
acc_28370,0
acc_28371,0
acc_28372,0
acc_28373,0
acc_28374,0
acc_28375,0
acc_28376,0
acc_28377,0
acc_28378,0
acc_28379,0
acc_28380,0
acc_28381,0
acc_28382,0
acc_28383,0
acc_28384,0
acc_28385,0
acc_28386,0
acc_28387,0
acc_28388,0
acc_28389,1
acc_28390,0
acc_28391,0
acc_28392,0
acc_28393,0
acc_28394,0
acc_28395,0
acc_28396,0
acc_28397,0
acc_28398,0
acc_28399,1
acc_28400,0
acc_28401,0
acc_28402,0
acc_28403,0
acc_28404,0
acc_28405,0
acc_28406,1
acc_28407,0
acc_28408,0
acc_28409,0
acc_28410,0
acc_28411,0
acc_28412,0
acc_28413,0
acc_28414,0
acc_28415,0
acc_28416,1
acc_28417,0
acc_28418,1
acc_28419,0
acc_28420,0
acc_28421,1
acc_28422,0
acc_28423,0
acc_28424,0
acc_28425,0
acc_28426,0
acc_28427,1
acc_28428,0
acc_28429,0
acc_28430,0
acc_28431,0
acc_28432,0
acc_28433,1
acc_28434,0
acc_28435,0
acc_28436,1
acc_28437,0
acc_28438,0
acc_28439,0
acc_28440,1
acc_28441,1
acc_28442,1
acc_28443,0
acc_28444,0
acc_28445,0
acc_28446,0
acc_28447,0
acc_28448,0
acc_28449,0
acc_28450,0
acc_28451,0
acc_28452,0
acc_28453,0
acc_28454,0
acc_28455,0
acc_28456,0
acc_28457,0
acc_28458,0
acc_28459,0
acc_28460,0
acc_28461,0
acc_28462,0
acc_28463,0
acc_28464,0
acc_28465,0
acc_28466,0
acc_28467,0
acc_28468,0
acc_28469,0
acc_28470,1
acc_28471,0
acc_28472,0
acc_28473,0
acc_28474,1
acc_28475,0
acc_28476,0
acc_28477,0
acc_28478,0
acc_28479,0
acc_28480,0
acc_28481,0
acc_28482,0
acc_28483,0
acc_28484,0
acc_28485,0
acc_28486,0
acc_28487,0
acc_28488,0
acc_28489,0
acc_28490,0
acc_28491,0
acc_28492,0
acc_28493,0
acc_28494,1
acc_28495,0
acc_28496,0
acc_28497,1
acc_28498,0
acc_28499,0
acc_28500,0
acc_28501,0
acc_28502,0
acc_28503,0
acc_28504,0
acc_28505,0
acc_28506,0
acc_28507,0
acc_28508,0
acc_28509,0
acc_28510,0
acc_28511,0
acc_28512,0
acc_28513,1
acc_28514,0
acc_28515,0
acc_28516,1
acc_28517,0
acc_28518,0
acc_28519,0
acc_28520,0
acc_28521,0
acc_28522,0
acc_28523,0
acc_28524,0
acc_28525,0
acc_28526,0
acc_28527,0
acc_28528,1
acc_28529,0
acc_28530,0
acc_28531,1
acc_28532,0
acc_28533,0
acc_28534,0
acc_28535,1
acc_28536,1
acc_28537,0
acc_28538,0
acc_28539,1
acc_28540,0
acc_28541,0
acc_28542,0
acc_28543,1
acc_28544,1
acc_28545,1
acc_28546,0
acc_28547,1
acc_28548,0
acc_28549,0
acc_28550,0
acc_28551,0
acc_28552,1
acc_28553,0
acc_28554,1
acc_28555,0
acc_28556,0
acc_28557,1
acc_28558,0
acc_28559,0
acc_28560,0
acc_28561,0
acc_28562,0
acc_28563,0
acc_28564,0
acc_28565,0
acc_28566,1
acc_28567,0
acc_28568,0
acc_28569,0
acc_28570,0
acc_28571,0
acc_28572,0
acc_28573,0
acc_28574,0
acc_28575,0
acc_28576,0
acc_28577,1
acc_28578,0
acc_28579,0
acc_28580,0
acc_28581,0
acc_28582,0
acc_28583,0
acc_28584,1
acc_28585,0
acc_28586,0
acc_28587,0
acc_28588,0
acc_28589,1
acc_28590,0
acc_28591,0
acc_28592,0
acc_28593,0
acc_28594,0
acc_28595,0
acc_28596,0
acc_28597,0
acc_28598,0
acc_28599,0
acc_28600,0
acc_28601,0
acc_28602,0
acc_28603,0
acc_28604,1
acc_28605,0
acc_28606,0
acc_28607,0
acc_28608,0
acc_28609,0
acc_28610,0
acc_28611,1
acc_28612,0
acc_28613,0
acc_28614,0
acc_28615,0
acc_28616,0
acc_28617,1
acc_28618,0
acc_28619,0
acc_28620,0
acc_28621,0
acc_28622,1
acc_28623,0
acc_28624,0
acc_28625,0
acc_28626,0
acc_28627,0
acc_28628,0
acc_28629,0
acc_28630,0
acc_28631,0
acc_28632,0
acc_28633,0
acc_28634,1
acc_28635,0
acc_28636,1
acc_28637,0
acc_28638,0
acc_28639,0
acc_28640,0
acc_28641,0
acc_28642,0
acc_28643,0
acc_28644,0
acc_28645,0
acc_28646,0
acc_28647,0
acc_28648,0
acc_28649,0
acc_28650,0
acc_28651,0
acc_28652,0
acc_28653,1
acc_28654,0
acc_28655,0
acc_28656,0
acc_28657,0
acc_28658,0
acc_28659,0
acc_28660,0
acc_28661,0
acc_28662,0
acc_28663,0
acc_28664,0
acc_28665,0
acc_28666,0
acc_28667,0
acc_28668,0
acc_28669,1
acc_28670,0
acc_28671,0
acc_28672,0
acc_28673,0
acc_28674,0
acc_28675,0
acc_28676,0
acc_28677,0
acc_28678,1
acc_28679,0
acc_28680,0
acc_28681,0
acc_28682,0
acc_28683,0
acc_28684,1
acc_28685,0
acc_28686,0
acc_28687,0
acc_28688,0
acc_28689,0
acc_28690,0
acc_28691,1
acc_28692,0
acc_28693,0
acc_28694,0
acc_28695,0
acc_28696,0
acc_28697,0
acc_28698,0
acc_28699,0
acc_28700,0
acc_28701,0
acc_28702,1
acc_28703,0
acc_28704,0
acc_28705,0
acc_28706,0
acc_28707,1
acc_28708,0
acc_28709,0
acc_28710,0
acc_28711,0
acc_28712,1
acc_28713,0
acc_28714,0
acc_28715,0
acc_28716,0
acc_28717,0
acc_28718,1
acc_28719,0
acc_28720,0
acc_28721,0
acc_28722,0
acc_28723,0
acc_28724,0
acc_28725,0
acc_28726,0
acc_28727,0
acc_28728,0
acc_28729,1
acc_28730,1
acc_28731,0
acc_28732,0
acc_28733,0
acc_28734,0
acc_28735,0
acc_28736,0
acc_28737,0
acc_28738,0
acc_28739,0
acc_28740,0
acc_28741,1
acc_28742,0
acc_28743,0
acc_28744,0
acc_28745,0
acc_28746,0
acc_28747,0
acc_28748,0
acc_28749,0
acc_28750,0
acc_28751,0
acc_28752,0
acc_28753,0
acc_28754,0
acc_28755,0
acc_28756,0
acc_28757,0
acc_28758,0
acc_28759,0
acc_28760,0
acc_28761,0
acc_28762,0
acc_28763,0
acc_28764,0
acc_28765,0
acc_28766,0
acc_28767,0
acc_28768,0
acc_28769,0
acc_28770,0
acc_28771,0
acc_28772,0
acc_28773,1
acc_28774,0
acc_28775,0
acc_28776,0
acc_28777,0
acc_28778,0
acc_28779,0
acc_28780,0
acc_28781,0
acc_28782,0
acc_28783,0
acc_28784,1
acc_28785,0
acc_28786,0
acc_28787,0
acc_28788,0
acc_28789,0
acc_28790,0
acc_28791,0
acc_28792,0
acc_28793,0
acc_28794,0
acc_28795,0
acc_28796,0
acc_28797,0
acc_28798,0
acc_28799,1
acc_28800,0
acc_28801,0
acc_28802,0
acc_28803,0
acc_28804,0
acc_28805,0
acc_28806,0
acc_28807,0
acc_28808,0
acc_28809,0
acc_28810,0
acc_28811,0
acc_28812,0
acc_28813,0
acc_28814,0
acc_28815,0
acc_28816,0
acc_28817,0
acc_28818,0
acc_28819,0
acc_28820,0
acc_28821,0
acc_28822,0
acc_28823,0
acc_28824,0
acc_28825,1
acc_28826,0
acc_28827,0
acc_28828,0
acc_28829,0
acc_28830,0
acc_28831,0
acc_28832,0
acc_28833,0
acc_28834,0
acc_28835,0
acc_28836,0
acc_28837,0
acc_28838,0
acc_28839,0
acc_28840,0
acc_28841,0
acc_28842,0
acc_28843,0
acc_28844,0
acc_28845,0
acc_28846,0
acc_28847,0
acc_28848,0
acc_28849,1
acc_28850,1
acc_28851,0
acc_28852,0
acc_28853,0
acc_28854,0
acc_28855,0
acc_28856,0
acc_28857,0
acc_28858,1
acc_28859,0
acc_28860,0
acc_28861,0
acc_28862,0
acc_28863,1
acc_28864,0
acc_28865,0
acc_28866,0
acc_28867,1
acc_28868,1
acc_28869,0
acc_28870,1
acc_28871,0
acc_28872,0
acc_28873,0
acc_28874,0
acc_28875,0
acc_28876,0
acc_28877,0
acc_28878,0
acc_28879,0
acc_28880,0
acc_28881,0
acc_28882,0
acc_28883,1
acc_28884,0
acc_28885,0
acc_28886,0
acc_28887,0
acc_28888,0
acc_28889,0
acc_28890,0
acc_28891,0
acc_28892,0
acc_28893,0
acc_28894,0
acc_28895,1
acc_28896,0
acc_28897,0
acc_28898,0
acc_28899,0
acc_28900,0
acc_28901,0
acc_28902,0
acc_28903,0
acc_28904,0
acc_28905,0
acc_28906,1
acc_28907,0
acc_28908,0
acc_28909,0
acc_28910,0
acc_28911,0
acc_28912,0
acc_28913,0
acc_28914,0
acc_28915,1
acc_28916,0
acc_28917,1
acc_28918,1
acc_28919,0
acc_28920,0
acc_28921,0
acc_28922,0
acc_28923,0
acc_28924,0
acc_28925,0
acc_28926,0
acc_28927,0
acc_28928,0
acc_28929,0
acc_28930,0
acc_28931,0
acc_28932,1
acc_28933,0
acc_28934,0
acc_28935,0
acc_28936,0
acc_28937,0
acc_28938,0
acc_28939,1
acc_28940,0
acc_28941,0
acc_28942,0
acc_28943,0
acc_28944,0
acc_28945,0
acc_28946,0
acc_28947,0
acc_28948,0
acc_28949,0
acc_28950,0
acc_28951,0
acc_28952,1
acc_28953,0
acc_28954,0
acc_28955,0
acc_28956,0
acc_28957,0
acc_28958,0
acc_28959,0
acc_28960,0
acc_28961,0
acc_28962,0
acc_28963,0
acc_28964,0
acc_28965,0
acc_28966,0
acc_28967,0
acc_28968,0
acc_28969,1
acc_28970,0
acc_28971,0
acc_28972,0
acc_28973,0
acc_28974,0
acc_28975,0
acc_28976,0
acc_28977,0
acc_28978,0
acc_28979,0
acc_28980,0
acc_28981,0
acc_28982,0
acc_28983,0
acc_28984,0
acc_28985,0
acc_28986,0
acc_28987,0
acc_28988,1
acc_28989,0
acc_28990,0
acc_28991,0
acc_28992,0
acc_28993,0
acc_28994,0
acc_28995,0
acc_28996,0
acc_28997,0
acc_28998,0
acc_28999,0
acc_29000,0
acc_29001,0
acc_29002,0
acc_29003,0
acc_29004,0
acc_29005,1
acc_29006,0
acc_29007,0
acc_29008,0
acc_29009,0
acc_29010,0
acc_29011,0
acc_29012,0
acc_29013,1
acc_29014,0
acc_29015,0
acc_29016,0
acc_29017,0
acc_29018,0
acc_29019,0
acc_29020,0
acc_29021,0
acc_29022,0
acc_29023,0
acc_29024,0
acc_29025,0
acc_29026,0
acc_29027,0
acc_29028,0
acc_29029,0
acc_29030,1
acc_29031,0
acc_29032,0
acc_29033,1
acc_29034,1
acc_29035,0
acc_29036,0
acc_29037,1
acc_29038,0
acc_29039,0
acc_29040,0
acc_29041,0
acc_29042,0
acc_29043,0
acc_29044,0
acc_29045,0
acc_29046,0
acc_29047,0
acc_29048,0
acc_29049,0
acc_29050,1
acc_29051,0
acc_29052,0
acc_29053,1
acc_29054,0
acc_29055,0
acc_29056,0
acc_29057,0
acc_29058,0
acc_29059,0
acc_29060,0
acc_29061,1
acc_29062,0
acc_29063,0
acc_29064,0
acc_29065,0
acc_29066,1
acc_29067,0
acc_29068,0
acc_29069,0
acc_29070,0
acc_29071,0
acc_29072,0
acc_29073,0
acc_29074,1
acc_29075,0
acc_29076,0
acc_29077,0
acc_29078,0
acc_29079,0
acc_29080,0
acc_29081,0
acc_29082,0
acc_29083,0
acc_29084,0
acc_29085,1
acc_29086,0
acc_29087,0
acc_29088,0
acc_29089,0
acc_29090,0
acc_29091,0
acc_29092,0
acc_29093,0
acc_29094,0
acc_29095,0
acc_29096,1
acc_29097,0
acc_29098,0
acc_29099,0
acc_29100,0
acc_29101,1
acc_29102,0
acc_29103,0
acc_29104,0
acc_29105,0
acc_29106,0
acc_29107,1
acc_29108,1
acc_29109,0
acc_29110,1
acc_29111,0
acc_29112,0
acc_29113,0
acc_29114,0
acc_29115,0
acc_29116,0
acc_29117,0
acc_29118,0
acc_29119,0
acc_29120,0
acc_29121,0
acc_29122,0
acc_29123,0
acc_29124,0
acc_29125,0
acc_29126,0
acc_29127,0
acc_29128,0
acc_29129,0
acc_29130,0
acc_29131,0
acc_29132,0
acc_29133,0
acc_29134,0
acc_29135,0
acc_29136,0
acc_29137,1
acc_29138,0
acc_29139,0
acc_29140,1
acc_29141,0
acc_29142,0
acc_29143,0
acc_29144,0
acc_29145,0
acc_29146,0
acc_29147,0
acc_29148,0
acc_29149,0
acc_29150,1
acc_29151,0
acc_29152,1
acc_29153,0
acc_29154,0
acc_29155,0
acc_29156,1
acc_29157,0
acc_29158,0
acc_29159,0
acc_29160,0
acc_29161,0
acc_29162,0
acc_29163,0
acc_29164,1
acc_29165,0
acc_29166,0
acc_29167,1
acc_29168,0
acc_29169,0
acc_29170,0
acc_29171,0
acc_29172,0
acc_29173,0
acc_29174,0
acc_29175,0
acc_29176,0
acc_29177,0
acc_29178,0
acc_29179,1
acc_29180,0
acc_29181,0
acc_29182,0
acc_29183,0
acc_29184,0
acc_29185,0
acc_29186,0
acc_29187,0
acc_29188,0
acc_29189,0
acc_29190,0
acc_29191,0
acc_29192,0
acc_29193,0
acc_29194,0
acc_29195,0
acc_29196,0
acc_29197,0
acc_29198,0
acc_29199,0
acc_29200,0
acc_29201,0
acc_29202,0
acc_29203,0
acc_29204,0
acc_29205,0
acc_29206,0
acc_29207,0
acc_29208,0
acc_29209,0
acc_29210,0
acc_29211,0
acc_29212,0
acc_29213,0
acc_29214,0
acc_29215,1
acc_29216,0
acc_29217,0
acc_29218,0
acc_29219,0
acc_29220,0
acc_29221,0
acc_29222,0
acc_29223,0
acc_29224,0
acc_29225,1
acc_29226,0
acc_29227,0
acc_29228,1
acc_29229,1
acc_29230,0
acc_29231,0
acc_29232,0
acc_29233,0
acc_29234,0
acc_29235,0
acc_29236,0
acc_29237,0
acc_29238,0
acc_29239,1
acc_29240,0
acc_29241,0
acc_29242,0
acc_29243,0
acc_29244,0
acc_29245,0
acc_29246,1
acc_29247,1
acc_29248,0
acc_29249,0
acc_29250,0
acc_29251,0
acc_29252,0
acc_29253,0
acc_29254,0
acc_29255,0
acc_29256,0
acc_29257,0
acc_29258,0
acc_29259,0
acc_29260,0
acc_29261,0
acc_29262,0
acc_29263,0
acc_29264,0
acc_29265,0
acc_29266,0
acc_29267,0
acc_29268,0
acc_29269,0
acc_29270,0
acc_29271,0
acc_29272,0
acc_29273,0
acc_29274,0
acc_29275,0
acc_29276,0
acc_29277,1
acc_29278,0
acc_29279,0
acc_29280,0
acc_29281,0
acc_29282,0
acc_29283,0
acc_29284,0
acc_29285,0
acc_29286,0
acc_29287,0
acc_29288,1
acc_29289,0
acc_29290,0
acc_29291,0
acc_29292,0
acc_29293,0
acc_29294,0
acc_29295,0
acc_29296,0
acc_29297,0
acc_29298,1
acc_29299,0
acc_29300,0
acc_29301,0
acc_29302,0
acc_29303,1
acc_29304,0
acc_29305,0
acc_29306,0
acc_29307,0
acc_29308,0
acc_29309,0
acc_29310,0
acc_29311,0
acc_29312,0
acc_29313,0
acc_29314,0
acc_29315,0
acc_29316,0
acc_29317,1
acc_29318,0
acc_29319,0
acc_29320,0
acc_29321,0
acc_29322,0
acc_29323,0
acc_29324,1
acc_29325,0
acc_29326,0
acc_29327,0
acc_29328,0
acc_29329,0
acc_29330,0
acc_29331,0
acc_29332,0
acc_29333,1
acc_29334,0
acc_29335,0
acc_29336,0
acc_29337,0
acc_29338,0
acc_29339,0
acc_29340,0
acc_29341,0
acc_29342,0
acc_29343,0
acc_29344,0
acc_29345,0
acc_29346,0
acc_29347,0
acc_29348,0
acc_29349,0
acc_29350,0
acc_29351,0
acc_29352,0
acc_29353,0
acc_29354,0
acc_29355,0
acc_29356,0
acc_29357,0
acc_29358,0
acc_29359,0
acc_29360,0
acc_29361,1
acc_29362,0
acc_29363,0
acc_29364,0
acc_29365,1
acc_29366,0
acc_29367,1
acc_29368,0
acc_29369,1
acc_29370,0
acc_29371,0
acc_29372,0
acc_29373,0
acc_29374,0
acc_29375,0
acc_29376,1
acc_29377,0
acc_29378,1
acc_29379,0
acc_29380,0
acc_29381,0
acc_29382,0
acc_29383,0
acc_29384,0
acc_29385,1
acc_29386,0
acc_29387,0
acc_29388,1
acc_29389,0
acc_29390,0
acc_29391,0
acc_29392,0
acc_29393,0
acc_29394,0
acc_29395,0
acc_29396,0
acc_29397,0
acc_29398,0
acc_29399,0
acc_29400,0
acc_29401,0
acc_29402,0
acc_29403,1
acc_29404,0
acc_29405,0
acc_29406,1
acc_29407,0
acc_29408,0
acc_29409,0
acc_29410,0
acc_29411,0
acc_29412,0
acc_29413,0
acc_29414,0
acc_29415,0
acc_29416,0
acc_29417,0
acc_29418,0
acc_29419,0
acc_29420,0
acc_29421,0
acc_29422,0
acc_29423,1
acc_29424,0
acc_29425,1
acc_29426,0
acc_29427,0
acc_29428,1
acc_29429,0
acc_29430,0
acc_29431,0
acc_29432,0
acc_29433,0
acc_29434,0
acc_29435,0
acc_29436,0
acc_29437,1
acc_29438,0
acc_29439,1
acc_29440,0
acc_29441,1
acc_29442,0
acc_29443,0
acc_29444,0
acc_29445,1
acc_29446,0
acc_29447,0
acc_29448,0
acc_29449,0
acc_29450,0
acc_29451,0
acc_29452,0
acc_29453,0
acc_29454,0
acc_29455,1
acc_29456,0
acc_29457,0
acc_29458,0
acc_29459,0
acc_29460,0
acc_29461,1
acc_29462,1
acc_29463,1
acc_29464,0
acc_29465,1
acc_29466,1
acc_29467,0
acc_29468,0
acc_29469,0
acc_29470,0
acc_29471,0
acc_29472,0
acc_29473,0
acc_29474,0
acc_29475,0
acc_29476,1
acc_29477,0
acc_29478,0
acc_29479,1
acc_29480,0
acc_29481,0
acc_29482,0
acc_29483,0
acc_29484,0
acc_29485,1
acc_29486,0
acc_29487,0
acc_29488,0
acc_29489,0
acc_29490,0
acc_29491,0
acc_29492,0
acc_29493,0
acc_29494,0
acc_29495,0
acc_29496,0
acc_29497,0
acc_29498,1
acc_29499,0
acc_29500,0
acc_29501,0
acc_29502,0
acc_29503,1
acc_29504,1
acc_29505,0
acc_29506,0
acc_29507,0
acc_29508,0
acc_29509,0
acc_29510,0
acc_29511,0
acc_29512,0
acc_29513,0
acc_29514,0
acc_29515,1
acc_29516,0
acc_29517,0
acc_29518,0
acc_29519,0
acc_29520,0
acc_29521,0
acc_29522,0
acc_29523,0
acc_29524,0
acc_29525,0
acc_29526,0
acc_29527,0
acc_29528,0
acc_29529,0
acc_29530,0
acc_29531,1
acc_29532,0
acc_29533,0
acc_29534,1
acc_29535,1
acc_29536,0
acc_29537,0
acc_29538,0
acc_29539,0
acc_29540,0
acc_29541,0
acc_29542,0
acc_29543,0
acc_29544,1
acc_29545,0
acc_29546,0
acc_29547,1
acc_29548,0
acc_29549,0
acc_29550,0
acc_29551,0
acc_29552,0
acc_29553,0
acc_29554,0
acc_29555,0
acc_29556,0
acc_29557,0
acc_29558,0
acc_29559,0
acc_29560,0
acc_29561,0
acc_29562,0
acc_29563,1
acc_29564,0
acc_29565,0
acc_29566,0
acc_29567,0
acc_29568,0
acc_29569,0
acc_29570,0
acc_29571,0
acc_29572,0
acc_29573,0
acc_29574,0
acc_29575,1
acc_29576,0
acc_29577,0
acc_29578,0
acc_29579,0
acc_29580,0
acc_29581,0
acc_29582,0
acc_29583,0
acc_29584,0
acc_29585,0
acc_29586,0
acc_29587,1
acc_29588,0
acc_29589,1
acc_29590,0
acc_29591,0
acc_29592,0
acc_29593,0
acc_29594,0
acc_29595,0
acc_29596,0
acc_29597,0
acc_29598,0
acc_29599,0
acc_29600,0
acc_29601,0
acc_29602,1
acc_29603,0
acc_29604,0
acc_29605,1
acc_29606,0
acc_29607,1
acc_29608,0
acc_29609,0
acc_29610,0
acc_29611,0
acc_29612,0
acc_29613,0
acc_29614,0
acc_29615,0
acc_29616,0
acc_29617,0
acc_29618,0
acc_29619,0
acc_29620,1
acc_29621,1
acc_29622,0
acc_29623,0
acc_29624,0
acc_29625,0
acc_29626,0
acc_29627,0
acc_29628,0
acc_29629,0
acc_29630,0
acc_29631,0
acc_29632,0
acc_29633,0
acc_29634,0
acc_29635,0
acc_29636,0
acc_29637,0
acc_29638,0
acc_29639,1
acc_29640,0
acc_29641,0
acc_29642,0
acc_29643,0
acc_29644,1
acc_29645,0
acc_29646,0
acc_29647,0
acc_29648,0
acc_29649,0
acc_29650,0
acc_29651,0
acc_29652,0
acc_29653,0
acc_29654,0
acc_29655,0
acc_29656,0
acc_29657,0
acc_29658,1
acc_29659,0
acc_29660,0
acc_29661,0
acc_29662,0
acc_29663,0
acc_29664,0
acc_29665,0
acc_29666,0
acc_29667,0
acc_29668,0
acc_29669,0
acc_29670,0
acc_29671,0
acc_29672,0
acc_29673,0
acc_29674,1
acc_29675,0
acc_29676,0
acc_29677,0
acc_29678,0
acc_29679,0
acc_29680,0
acc_29681,0
acc_29682,0
acc_29683,0
acc_29684,0
acc_29685,0
acc_29686,0
acc_29687,0
acc_29688,0
acc_29689,0
acc_29690,1
acc_29691,0
acc_29692,0
acc_29693,0
acc_29694,0
acc_29695,0
acc_29696,1
acc_29697,1
acc_29698,0
acc_29699,0
acc_29700,0
acc_29701,0
acc_29702,0
acc_29703,0
acc_29704,0
acc_29705,0
acc_29706,0
acc_29707,0
acc_29708,1
acc_29709,1
acc_29710,0
acc_29711,0
acc_29712,1
acc_29713,0
acc_29714,0
acc_29715,0
acc_29716,0
acc_29717,0
acc_29718,0
acc_29719,1
acc_29720,0
acc_29721,1
acc_29722,0
acc_29723,1
acc_29724,0
acc_29725,0
acc_29726,1
acc_29727,0
acc_29728,0
acc_29729,0
acc_29730,0
acc_29731,0
acc_29732,0
acc_29733,0
acc_29734,0
acc_29735,0
acc_29736,0
acc_29737,0
acc_29738,0
acc_29739,0
acc_29740,0
acc_29741,0
acc_29742,0
acc_29743,0
acc_29744,0
acc_29745,0
acc_29746,0
acc_29747,0
acc_29748,0
acc_29749,0
acc_29750,0
acc_29751,0
acc_29752,0
acc_29753,0
acc_29754,0
acc_29755,0
acc_29756,0
acc_29757,0
acc_29758,0
acc_29759,0
acc_29760,0
acc_29761,0
acc_29762,1
acc_29763,1
acc_29764,0
acc_29765,0
acc_29766,0
acc_29767,0
acc_29768,0
acc_29769,0
acc_29770,0
acc_29771,0
acc_29772,0
acc_29773,1
acc_29774,0
acc_29775,0
acc_29776,0
acc_29777,0
acc_29778,1
acc_29779,0
acc_29780,0
acc_29781,1
acc_29782,1
acc_29783,0
acc_29784,1
acc_29785,0
acc_29786,0
acc_29787,0
acc_29788,0
acc_29789,0
acc_29790,0
acc_29791,0
acc_29792,0
acc_29793,0
acc_29794,0
acc_29795,0
acc_29796,0
acc_29797,0
acc_29798,0
acc_29799,0
acc_29800,0
acc_29801,0
acc_29802,0
acc_29803,0
acc_29804,1
acc_29805,0
acc_29806,0
acc_29807,0
acc_29808,0
acc_29809,0
acc_29810,0
acc_29811,0
acc_29812,0
acc_29813,1
acc_29814,0
acc_29815,0
acc_29816,0
acc_29817,0
acc_29818,0
acc_29819,0
acc_29820,0
acc_29821,0
acc_29822,0
acc_29823,0
acc_29824,0
acc_29825,0
acc_29826,0
acc_29827,1
acc_29828,0
acc_29829,0
acc_29830,0
acc_29831,0
acc_29832,0
acc_29833,0
acc_29834,0
acc_29835,1
acc_29836,0
acc_29837,1
acc_29838,0
acc_29839,0
acc_29840,0
acc_29841,0
acc_29842,0
acc_29843,0
acc_29844,0
acc_29845,0
acc_29846,0
acc_29847,0
acc_29848,0
acc_29849,0
acc_29850,0
acc_29851,0
acc_29852,0
acc_29853,0
acc_29854,1
acc_29855,1
acc_29856,0
acc_29857,0
acc_29858,0
acc_29859,0
acc_29860,0
acc_29861,0
acc_29862,0
acc_29863,0
acc_29864,0
acc_29865,0
acc_29866,0
acc_29867,0
acc_29868,0
acc_29869,0
acc_29870,0
acc_29871,0
acc_29872,0
acc_29873,0
acc_29874,0
acc_29875,1
acc_29876,0
acc_29877,0
acc_29878,0
acc_29879,0
acc_29880,0
acc_29881,0
acc_29882,0
acc_29883,0
acc_29884,0
acc_29885,1
acc_29886,1
acc_29887,0
acc_29888,0
acc_29889,0
acc_29890,0
acc_29891,0
acc_29892,0
acc_29893,0
acc_29894,0
acc_29895,0
acc_29896,0
acc_29897,0
acc_29898,0
acc_29899,1
acc_29900,0
acc_29901,0
acc_29902,1
acc_29903,0
acc_29904,1
acc_29905,0
acc_29906,0
acc_29907,0
acc_29908,0
acc_29909,0
acc_29910,0
acc_29911,1
acc_29912,1
acc_29913,0
acc_29914,0
acc_29915,0
acc_29916,0
acc_29917,1
acc_29918,0
acc_29919,0
acc_29920,0
acc_29921,0
acc_29922,1
acc_29923,1
acc_29924,0
acc_29925,0
acc_29926,0
acc_29927,0
acc_29928,0
acc_29929,0
acc_29930,0
acc_29931,0
acc_29932,1
acc_29933,0
acc_29934,1
acc_29935,0
acc_29936,0
acc_29937,0
acc_29938,0
acc_29939,1
acc_29940,0
acc_29941,1
acc_29942,0
acc_29943,0
acc_29944,0
acc_29945,0
acc_29946,0
acc_29947,0
acc_29948,0
acc_29949,0
acc_29950,0
acc_29951,0
acc_29952,0
acc_29953,0
acc_29954,0
acc_29955,0
acc_29956,0
acc_29957,0
acc_29958,0
acc_29959,0
acc_29960,0
acc_29961,0
acc_29962,0
acc_29963,0
acc_29964,0
acc_29965,0
acc_29966,1
acc_29967,0
acc_29968,0
acc_29969,0
acc_29970,0
acc_29971,0
acc_29972,0
acc_29973,0
acc_29974,0
acc_29975,0
acc_29976,0
acc_29977,0
acc_29978,0
acc_29979,0
acc_29980,0
acc_29981,0
acc_29982,0
acc_29983,0
acc_29984,0
acc_29985,0
acc_29986,0
acc_29987,0
acc_29988,1
acc_29989,0
acc_29990,1
acc_29991,0
acc_29992,0
acc_29993,0
acc_29994,1
acc_29995,0
acc_29996,0
acc_29997,0
acc_29998,0
acc_29999,0
