src,dst
dev_0_0,acc_0
dev_0_1,acc_0
dev_1_0,acc_1
dev_2_0,acc_2
dev_3_0,acc_3
dev_4_0,acc_4
dev_5_0,acc_5
dev_5_1,acc_5
dev_6_0,acc_6
dev_7_0,acc_7
dev_8_0,acc_8
dev_9_0,acc_9
dev_10_0,acc_10
dev_11_0,acc_11
dev_12_0,acc_12
dev_13_0,acc_13
dev_14_0,acc_14
dev_15_0,acc_15
dev_16_0,acc_16
dev_17_0,acc_17
dev_18_0,acc_18
dev_19_0,acc_19
dev_20_0,acc_20
dev_21_0,acc_21
dev_22_0,acc_22
dev_23_0,acc_23
dev_24_0,acc_24
dev_25_0,acc_25
dev_26_0,acc_26
dev_27_0,acc_27
dev_28_0,acc_28
dev_29_0,acc_29
dev_30_0,acc_30
dev_31_0,acc_31
dev_32_0,acc_32
dev_33_0,acc_33
dev_34_0,acc_34
dev_34_1,acc_34
dev_35_0,acc_35
dev_36_0,acc_36
dev_37_0,acc_37
dev_38_0,acc_38
dev_39_0,acc_39
dev_40_0,acc_40
dev_41_0,acc_41
dev_42_0,acc_42
dev_43_0,acc_43
dev_44_0,acc_44
dev_45_0,acc_45
dev_46_0,acc_46
dev_47_0,acc_47
dev_48_0,acc_48
dev_49_0,acc_49
dev_50_0,acc_50
dev_51_0,acc_51
dev_52_0,acc_52
dev_53_0,acc_53
dev_54_0,acc_54
dev_55_0,acc_55
dev_56_0,acc_56
dev_57_0,acc_57
dev_58_0,acc_58
dev_59_0,acc_59
dev_60_0,acc_60
dev_61_0,acc_61
dev_62_0,acc_62
dev_63_0,acc_63
dev_64_0,acc_64
dev_65_0,acc_65
dev_66_0,acc_66
dev_67_0,acc_67
dev_68_0,acc_68
dev_69_0,acc_69
dev_69_1,acc_69
dev_70_0,acc_70
dev_71_0,acc_71
dev_72_0,acc_72
dev_73_0,acc_73
dev_74_0,acc_74
dev_75_0,acc_75
dev_76_0,acc_76
dev_77_0,acc_77
dev_78_0,acc_78
dev_79_0,acc_79
dev_80_0,acc_80
dev_81_0,acc_81
dev_82_0,acc_82
dev_83_0,acc_83
dev_84_0,acc_84
dev_85_0,acc_85
dev_86_0,acc_86
dev_87_0,acc_87
dev_88_0,acc_88
dev_89_0,acc_89
dev_90_0,acc_90
dev_91_0,acc_91
dev_92_0,acc_92
dev_93_0,acc_93
dev_94_0,acc_94
dev_95_0,acc_95
dev_96_0,acc_96
dev_97_0,acc_97
dev_98_0,acc_98
dev_99_0,acc_99
dev_100_0,acc_100
dev_101_0,acc_101
dev_102_0,acc_102
dev_103_0,acc_103
dev_104_0,acc_104
dev_105_0,acc_105
dev_106_0,acc_106
dev_107_0,acc_107
dev_108_0,acc_108
dev_109_0,acc_109
dev_110_0,acc_110
dev_111_0,acc_111
dev_112_0,acc_112
dev_113_0,acc_113
dev_114_0,acc_114
dev_115_0,acc_115
dev_116_0,acc_116
dev_117_0,acc_117
dev_118_0,acc_118
dev_119_0,acc_119
dev_120_0,acc_120
dev_120_1,acc_120
dev_121_0,acc_121
dev_122_0,acc_122
dev_123_0,acc_123
dev_123_1,acc_123
dev_124_0,acc_124
dev_125_0,acc_125
dev_126_0,acc_126
dev_127_0,acc_127
dev_128_0,acc_128
dev_129_0,acc_129
dev_130_0,acc_130
dev_130_1,acc_130
dev_131_0,acc_131
dev_132_0,acc_132
dev_133_0,acc_133
dev_134_0,acc_134
dev_135_0,acc_135
dev_136_0,acc_136
dev_137_0,acc_137
dev_138_0,acc_138
dev_139_0,acc_139
dev_140_0,acc_140
dev_141_0,acc_141
dev_142_0,acc_142
dev_143_0,acc_143
dev_144_0,acc_144
dev_145_0,acc_145
dev_146_0,acc_146
dev_147_0,acc_147
dev_148_0,acc_148
dev_149_0,acc_149
dev_150_0,acc_150
dev_151_0,acc_151
dev_152_0,acc_152
dev_152_1,acc_152
dev_153_0,acc_153
dev_154_0,acc_154
dev_155_0,acc_155
dev_156_0,acc_156
dev_156_1,acc_156
dev_157_0,acc_157
dev_158_0,acc_158
dev_159_0,acc_159
dev_160_0,acc_160
dev_161_0,acc_161
dev_162_0,acc_162
dev_163_0,acc_163
dev_164_0,acc_164
dev_165_0,acc_165
dev_166_0,acc_166
dev_167_0,acc_167
dev_168_0,acc_168
dev_169_0,acc_169
dev_170_0,acc_170
dev_171_0,acc_171
dev_172_0,acc_172
dev_173_0,acc_173
dev_174_0,acc_174
dev_175_0,acc_175
dev_176_0,acc_176
dev_177_0,acc_177
dev_178_0,acc_178
dev_179_0,acc_179
dev_180_0,acc_180
dev_181_0,acc_181
dev_182_0,acc_182
dev_183_0,acc_183
dev_184_0,acc_184
dev_185_0,acc_185
dev_186_0,acc_186
dev_187_0,acc_187
dev_188_0,acc_188
dev_189_0,acc_189
dev_190_0,acc_190
dev_191_0,acc_191
dev_192_0,acc_192
dev_193_0,acc_193
dev_194_0,acc_194
dev_195_0,acc_195
dev_196_0,acc_196
dev_197_0,acc_197
dev_198_0,acc_198
dev_199_0,acc_199
dev_200_0,acc_200
dev_201_0,acc_201
dev_202_0,acc_202
dev_203_0,acc_203
dev_204_0,acc_204
dev_205_0,acc_205
dev_205_1,acc_205
dev_206_0,acc_206
dev_207_0,acc_207
dev_208_0,acc_208
dev_209_0,acc_209
dev_210_0,acc_210
dev_211_0,acc_211
dev_212_0,acc_212
dev_213_0,acc_213
dev_214_0,acc_214
dev_215_0,acc_215
dev_216_0,acc_216
dev_217_0,acc_217
dev_218_0,acc_218
dev_219_0,acc_219
dev_220_0,acc_220
dev_220_1,acc_220
dev_221_0,acc_221
dev_222_0,acc_222
dev_223_0,acc_223
dev_224_0,acc_224
dev_225_0,acc_225
dev_226_0,acc_226
dev_227_0,acc_227
dev_228_0,acc_228
dev_229_0,acc_229
dev_230_0,acc_230
dev_231_0,acc_231
dev_232_0,acc_232
dev_233_0,acc_233
dev_234_0,acc_234
dev_234_1,acc_234
dev_235_0,acc_235
dev_235_1,acc_235
dev_236_0,acc_236
dev_237_0,acc_237
dev_237_1,acc_237
dev_238_0,acc_238
dev_239_0,acc_239
dev_240_0,acc_240
dev_241_0,acc_241
dev_242_0,acc_242
dev_243_0,acc_243
dev_244_0,acc_244
dev_245_0,acc_245
dev_246_0,acc_246
dev_247_0,acc_247
dev_248_0,acc_248
dev_249_0,acc_249
dev_249_1,acc_249
dev_250_0,acc_250
dev_251_0,acc_251
dev_252_0,acc_252
dev_253_0,acc_253
dev_254_0,acc_254
dev_255_0,acc_255
dev_256_0,acc_256
dev_257_0,acc_257
dev_258_0,acc_258
dev_259_0,acc_259
dev_260_0,acc_260
dev_261_0,acc_261
dev_262_0,acc_262
dev_263_0,acc_263
dev_264_0,acc_264
dev_265_0,acc_265
dev_265_1,acc_265
dev_266_0,acc_266
dev_267_0,acc_267
dev_268_0,acc_268
dev_269_0,acc_269
dev_270_0,acc_270
dev_271_0,acc_271
dev_272_0,acc_272
dev_273_0,acc_273
dev_274_0,acc_274
dev_275_0,acc_275
dev_276_0,acc_276
dev_277_0,acc_277
dev_278_0,acc_278
dev_279_0,acc_279
dev_280_0,acc_280
dev_281_0,acc_281
dev_282_0,acc_282
dev_283_0,acc_283
dev_284_0,acc_284
dev_285_0,acc_285
dev_286_0,acc_286
dev_287_0,acc_287
dev_288_0,acc_288
dev_289_0,acc_289
dev_290_0,acc_290
dev_290_1,acc_290
dev_291_0,acc_291
dev_292_0,acc_292
dev_293_0,acc_293
dev_294_0,acc_294
dev_295_0,acc_295
dev_296_0,acc_296
dev_297_0,acc_297
dev_298_0,acc_298
dev_299_0,acc_299
dev_300_0,acc_300
dev_301_0,acc_301
dev_302_0,acc_302
dev_303_0,acc_303
dev_304_0,acc_304
dev_305_0,acc_305
dev_306_0,acc_306
dev_307_0,acc_307
dev_308_0,acc_308
dev_309_0,acc_309
dev_310_0,acc_310
dev_311_0,acc_311
dev_312_0,acc_312
dev_313_0,acc_313
dev_314_0,acc_314
dev_315_0,acc_315
dev_316_0,acc_316
dev_317_0,acc_317
dev_318_0,acc_318
dev_319_0,acc_319
dev_320_0,acc_320
dev_321_0,acc_321
dev_322_0,acc_322
dev_323_0,acc_323
dev_324_0,acc_324
dev_325_0,acc_325
dev_326_0,acc_326
dev_327_0,acc_327
dev_328_0,acc_328
dev_329_0,acc_329
dev_330_0,acc_330
dev_330_1,acc_330
dev_331_0,acc_331
dev_332_0,acc_332
dev_333_0,acc_333
dev_334_0,acc_334
dev_335_0,acc_335
dev_336_0,acc_336
dev_337_0,acc_337
dev_337_1,acc_337
dev_338_0,acc_338
dev_339_0,acc_339
dev_340_0,acc_340
dev_341_0,acc_341
dev_342_0,acc_342
dev_343_0,acc_343
dev_344_0,acc_344
dev_345_0,acc_345
dev_346_0,acc_346
dev_347_0,acc_347
dev_348_0,acc_348
dev_349_0,acc_349
dev_350_0,acc_350
dev_351_0,acc_351
dev_352_0,acc_352
dev_352_1,acc_352
dev_353_0,acc_353
dev_354_0,acc_354
dev_355_0,acc_355
dev_356_0,acc_356
dev_357_0,acc_357
dev_358_0,acc_358
dev_358_1,acc_358
dev_359_0,acc_359
dev_360_0,acc_360
dev_361_0,acc_361
dev_362_0,acc_362
dev_363_0,acc_363
dev_364_0,acc_364
dev_365_0,acc_365
dev_366_0,acc_366
dev_367_0,acc_367
dev_368_0,acc_368
dev_369_0,acc_369
dev_370_0,acc_370
dev_371_0,acc_371
dev_372_0,acc_372
dev_373_0,acc_373
dev_374_0,acc_374
dev_375_0,acc_375
dev_376_0,acc_376
dev_377_0,acc_377
dev_378_0,acc_378
dev_379_0,acc_379
dev_380_0,acc_380
dev_381_0,acc_381
dev_382_0,acc_382
dev_383_0,acc_383
dev_384_0,acc_384
dev_385_0,acc_385
dev_386_0,acc_386
dev_387_0,acc_387
dev_388_0,acc_388
dev_389_0,acc_389
dev_390_0,acc_390
dev_391_0,acc_391
dev_392_0,acc_392
dev_393_0,acc_393
dev_394_0,acc_394
dev_395_0,acc_395
dev_396_0,acc_396
dev_397_0,acc_397
dev_398_0,acc_398
dev_399_0,acc_399
dev_400_0,acc_400
dev_401_0,acc_401
dev_402_0,acc_402
dev_403_0,acc_403
dev_404_0,acc_404
dev_405_0,acc_405
dev_406_0,acc_406
dev_407_0,acc_407
dev_408_0,acc_408
dev_409_0,acc_409
dev_410_0,acc_410
dev_411_0,acc_411
dev_412_0,acc_412
dev_413_0,acc_413
dev_414_0,acc_414
dev_415_0,acc_415
dev_416_0,acc_416
dev_417_0,acc_417
dev_418_0,acc_418
dev_419_0,acc_419
dev_420_0,acc_420
dev_421_0,acc_421
dev_421_1,acc_421
dev_422_0,acc_422
dev_423_0,acc_423
dev_423_1,acc_423
dev_424_0,acc_424
dev_425_0,acc_425
dev_426_0,acc_426
dev_427_0,acc_427
dev_428_0,acc_428
dev_429_0,acc_429
dev_430_0,acc_430
dev_431_0,acc_431
dev_432_0,acc_432
dev_433_0,acc_433
dev_434_0,acc_434
dev_435_0,acc_435
dev_436_0,acc_436
dev_437_0,acc_437
dev_438_0,acc_438
dev_439_0,acc_439
dev_440_0,acc_440
dev_441_0,acc_441
dev_442_0,acc_442
dev_443_0,acc_443
dev_444_0,acc_444
dev_445_0,acc_445
dev_446_0,acc_446
dev_447_0,acc_447
dev_448_0,acc_448
dev_449_0,acc_449
dev_450_0,acc_450
dev_451_0,acc_451
dev_452_0,acc_452
dev_453_0,acc_453
dev_454_0,acc_454
dev_455_0,acc_455
dev_456_0,acc_456
dev_457_0,acc_457
dev_458_0,acc_458
dev_459_0,acc_459
dev_460_0,acc_460
dev_461_0,acc_461
dev_462_0,acc_462
dev_463_0,acc_463
dev_464_0,acc_464
dev_465_0,acc_465
dev_466_0,acc_466
dev_467_0,acc_467
dev_468_0,acc_468
dev_469_0,acc_469
dev_470_0,acc_470
dev_471_0,acc_471
dev_472_0,acc_472
dev_473_0,acc_473
dev_474_0,acc_474
dev_475_0,acc_475
dev_476_0,acc_476
dev_477_0,acc_477
dev_478_0,acc_478
dev_479_0,acc_479
dev_480_0,acc_480
dev_481_0,acc_481
dev_482_0,acc_482
dev_483_0,acc_483
dev_484_0,acc_484
dev_485_0,acc_485
dev_486_0,acc_486
dev_487_0,acc_487
dev_488_0,acc_488
dev_489_0,acc_489
dev_490_0,acc_490
dev_491_0,acc_491
dev_492_0,acc_492
dev_493_0,acc_493
dev_494_0,acc_494
dev_495_0,acc_495
dev_496_0,acc_496
dev_497_0,acc_497
dev_498_0,acc_498
dev_499_0,acc_499
dev_500_0,acc_500
dev_501_0,acc_501
dev_502_0,acc_502
dev_503_0,acc_503
dev_504_0,acc_504
dev_505_0,acc_505
dev_505_1,acc_505
dev_506_0,acc_506
dev_507_0,acc_507
dev_508_0,acc_508
dev_509_0,acc_509
dev_510_0,acc_510
dev_511_0,acc_511
dev_511_1,acc_511
dev_512_0,acc_512
dev_513_0,acc_513
dev_514_0,acc_514
dev_515_0,acc_515
dev_516_0,acc_516
dev_517_0,acc_517
dev_518_0,acc_518
dev_519_0,acc_519
dev_520_0,acc_520
dev_521_0,acc_521
dev_522_0,acc_522
dev_523_0,acc_523
dev_524_0,acc_524
dev_525_0,acc_525
dev_526_0,acc_526
dev_527_0,acc_527
dev_528_0,acc_528
dev_529_0,acc_529
dev_530_0,acc_530
dev_530_1,acc_530
dev_531_0,acc_531
dev_532_0,acc_532
dev_533_0,acc_533
dev_534_0,acc_534
dev_535_0,acc_535
dev_536_0,acc_536
dev_537_0,acc_537
dev_538_0,acc_538
dev_539_0,acc_539
dev_540_0,acc_540
dev_541_0,acc_541
dev_542_0,acc_542
dev_543_0,acc_543
dev_544_0,acc_544
dev_545_0,acc_545
dev_546_0,acc_546
dev_547_0,acc_547
dev_548_0,acc_548
dev_549_0,acc_549
dev_550_0,acc_550
dev_550_1,acc_550
dev_551_0,acc_551
dev_552_0,acc_552
dev_553_0,acc_553
dev_554_0,acc_554
dev_555_0,acc_555
dev_556_0,acc_556
dev_557_0,acc_557
dev_558_0,acc_558
dev_559_0,acc_559
dev_560_0,acc_560
dev_560_1,acc_560
dev_561_0,acc_561
dev_562_0,acc_562
dev_563_0,acc_563
dev_564_0,acc_564
dev_565_0,acc_565
dev_566_0,acc_566
dev_567_0,acc_567
dev_568_0,acc_568
dev_569_0,acc_569
dev_570_0,acc_570
dev_571_0,acc_571
dev_572_0,acc_572
dev_573_0,acc_573
dev_574_0,acc_574
dev_575_0,acc_575
dev_576_0,acc_576
dev_577_0,acc_577
dev_578_0,acc_578
dev_579_0,acc_579
dev_580_0,acc_580
dev_581_0,acc_581
dev_582_0,acc_582
dev_583_0,acc_583
dev_584_0,acc_584
dev_585_0,acc_585
dev_585_1,acc_585
dev_586_0,acc_586
dev_587_0,acc_587
dev_588_0,acc_588
dev_589_0,acc_589
dev_590_0,acc_590
dev_591_0,acc_591
dev_592_0,acc_592
dev_593_0,acc_593
dev_594_0,acc_594
dev_595_0,acc_595
dev_596_0,acc_596
dev_597_0,acc_597
dev_598_0,acc_598
dev_598_1,acc_598
dev_599_0,acc_599
dev_600_0,acc_600
dev_601_0,acc_601
dev_602_0,acc_602
dev_603_0,acc_603
dev_604_0,acc_604
dev_604_1,acc_604
dev_605_0,acc_605
dev_606_0,acc_606
dev_607_0,acc_607
dev_608_0,acc_608
dev_609_0,acc_609
dev_610_0,acc_610
dev_611_0,acc_611
dev_612_0,acc_612
dev_613_0,acc_613
dev_614_0,acc_614
dev_615_0,acc_615
dev_616_0,acc_616
dev_617_0,acc_617
dev_618_0,acc_618
dev_619_0,acc_619
dev_620_0,acc_620
dev_621_0,acc_621
dev_622_0,acc_622
dev_623_0,acc_623
dev_624_0,acc_624
dev_625_0,acc_625
dev_626_0,acc_626
dev_627_0,acc_627
dev_628_0,acc_628
dev_629_0,acc_629
dev_630_0,acc_630
dev_631_0,acc_631
dev_632_0,acc_632
dev_633_0,acc_633
dev_634_0,acc_634
dev_635_0,acc_635
dev_636_0,acc_636
dev_637_0,acc_637
dev_638_0,acc_638
dev_638_1,acc_638
dev_639_0,acc_639
dev_640_0,acc_640
dev_641_0,acc_641
dev_642_0,acc_642
dev_643_0,acc_643
dev_644_0,acc_644
dev_645_0,acc_645
dev_646_0,acc_646
dev_647_0,acc_647
dev_648_0,acc_648
dev_649_0,acc_649
dev_650_0,acc_650
dev_651_0,acc_651
dev_652_0,acc_652
dev_653_0,acc_653
dev_654_0,acc_654
dev_655_0,acc_655
dev_656_0,acc_656
dev_657_0,acc_657
dev_658_0,acc_658
dev_659_0,acc_659
dev_660_0,acc_660
dev_661_0,acc_661
dev_662_0,acc_662
dev_663_0,acc_663
dev_664_0,acc_664
dev_665_0,acc_665
dev_666_0,acc_666
dev_666_1,acc_666
dev_667_0,acc_667
dev_668_0,acc_668
dev_669_0,acc_669
dev_670_0,acc_670
dev_671_0,acc_671
dev_672_0,acc_672
dev_673_0,acc_673
dev_674_0,acc_674
dev_675_0,acc_675
dev_676_0,acc_676
dev_677_0,acc_677
dev_678_0,acc_678
dev_679_0,acc_679
dev_680_0,acc_680
dev_681_0,acc_681
dev_682_0,acc_682
dev_683_0,acc_683
dev_684_0,acc_684
dev_685_0,acc_685
dev_686_0,acc_686
dev_687_0,acc_687
dev_688_0,acc_688
dev_689_0,acc_689
dev_690_0,acc_690
dev_691_0,acc_691
dev_692_0,acc_692
dev_693_0,acc_693
dev_694_0,acc_694
dev_695_0,acc_695
dev_696_0,acc_696
dev_697_0,acc_697
dev_698_0,acc_698
dev_699_0,acc_699
dev_700_0,acc_700
dev_701_0,acc_701
dev_702_0,acc_702
dev_703_0,acc_703
dev_704_0,acc_704
dev_705_0,acc_705
dev_706_0,acc_706
dev_707_0,acc_707
dev_708_0,acc_708
dev_709_0,acc_709
dev_710_0,acc_710
dev_711_0,acc_711
dev_712_0,acc_712
dev_712_1,acc_712
dev_713_0,acc_713
dev_713_1,acc_713
dev_714_0,acc_714
dev_715_0,acc_715
dev_716_0,acc_716
dev_717_0,acc_717
dev_718_0,acc_718
dev_719_0,acc_719
dev_720_0,acc_720
dev_721_0,acc_721
dev_722_0,acc_722
dev_723_0,acc_723
dev_724_0,acc_724
dev_725_0,acc_725
dev_726_0,acc_726
dev_727_0,acc_727
dev_728_0,acc_728
dev_729_0,acc_729
dev_730_0,acc_730
dev_731_0,acc_731
dev_732_0,acc_732
dev_733_0,acc_733
dev_734_0,acc_734
dev_735_0,acc_735
dev_736_0,acc_736
dev_737_0,acc_737
dev_738_0,acc_738
dev_739_0,acc_739
dev_740_0,acc_740
dev_741_0,acc_741
dev_742_0,acc_742
dev_743_0,acc_743
dev_744_0,acc_744
dev_745_0,acc_745
dev_746_0,acc_746
dev_747_0,acc_747
dev_748_0,acc_748
dev_749_0,acc_749
dev_750_0,acc_750
dev_751_0,acc_751
dev_752_0,acc_752
dev_753_0,acc_753
dev_754_0,acc_754
dev_755_0,acc_755
dev_756_0,acc_756
dev_757_0,acc_757
dev_758_0,acc_758
dev_759_0,acc_759
dev_760_0,acc_760
dev_761_0,acc_761
dev_762_0,acc_762
dev_763_0,acc_763
dev_764_0,acc_764
dev_765_0,acc_765
dev_766_0,acc_766
dev_767_0,acc_767
dev_768_0,acc_768
dev_769_0,acc_769
dev_770_0,acc_770
dev_771_0,acc_771
dev_772_0,acc_772
dev_773_0,acc_773
dev_774_0,acc_774
dev_775_0,acc_775
dev_776_0,acc_776
dev_777_0,acc_777
dev_778_0,acc_778
dev_779_0,acc_779
dev_780_0,acc_780
dev_781_0,acc_781
dev_782_0,acc_782
dev_783_0,acc_783
dev_784_0,acc_784
dev_785_0,acc_785
dev_786_0,acc_786
dev_787_0,acc_787
dev_788_0,acc_788
dev_789_0,acc_789
dev_790_0,acc_790
dev_791_0,acc_791
dev_792_0,acc_792
dev_793_0,acc_793
dev_794_0,acc_794
dev_795_0,acc_795
dev_795_1,acc_795
dev_796_0,acc_796
dev_797_0,acc_797
dev_798_0,acc_798
dev_799_0,acc_799
dev_800_0,acc_800
dev_801_0,acc_801
dev_802_0,acc_802
dev_803_0,acc_803
dev_804_0,acc_804
dev_805_0,acc_805
dev_806_0,acc_806
dev_807_0,acc_807
dev_808_0,acc_808
dev_809_0,acc_809
dev_810_0,acc_810
dev_811_0,acc_811
dev_811_1,acc_811
dev_812_0,acc_812
dev_813_0,acc_813
dev_814_0,acc_814
dev_815_0,acc_815
dev_816_0,acc_816
dev_817_0,acc_817
dev_818_0,acc_818
dev_819_0,acc_819
dev_820_0,acc_820
dev_821_0,acc_821
dev_822_0,acc_822
dev_823_0,acc_823
dev_824_0,acc_824
dev_825_0,acc_825
dev_826_0,acc_826
dev_827_0,acc_827
dev_828_0,acc_828
dev_829_0,acc_829
dev_830_0,acc_830
dev_831_0,acc_831
dev_832_0,acc_832
dev_833_0,acc_833
dev_834_0,acc_834
dev_835_0,acc_835
dev_836_0,acc_836
dev_837_0,acc_837
dev_838_0,acc_838
dev_839_0,acc_839
dev_840_0,acc_840
dev_840_1,acc_840
dev_841_0,acc_841
dev_842_0,acc_842
dev_843_0,acc_843
dev_844_0,acc_844
dev_845_0,acc_845
dev_846_0,acc_846
dev_847_0,acc_847
dev_848_0,acc_848
dev_849_0,acc_849
dev_850_0,acc_850
dev_851_0,acc_851
dev_852_0,acc_852
dev_853_0,acc_853
dev_854_0,acc_854
dev_855_0,acc_855
dev_856_0,acc_856
dev_857_0,acc_857
dev_857_1,acc_857
dev_858_0,acc_858
dev_859_0,acc_859
dev_860_0,acc_860
dev_861_0,acc_861
dev_862_0,acc_862
dev_863_0,acc_863
dev_863_1,acc_863
dev_864_0,acc_864
dev_865_0,acc_865
dev_866_0,acc_866
dev_867_0,acc_867
dev_868_0,acc_868
dev_869_0,acc_869
dev_870_0,acc_870
dev_871_0,acc_871
dev_872_0,acc_872
dev_873_0,acc_873
dev_874_0,acc_874
dev_875_0,acc_875
dev_876_0,acc_876
dev_877_0,acc_877
dev_878_0,acc_878
dev_879_0,acc_879
dev_880_0,acc_880
dev_881_0,acc_881
dev_882_0,acc_882
dev_883_0,acc_883
dev_884_0,acc_884
dev_885_0,acc_885
dev_886_0,acc_886
dev_886_1,acc_886
dev_887_0,acc_887
dev_888_0,acc_888
dev_889_0,acc_889
dev_890_0,acc_890
dev_891_0,acc_891
dev_892_0,acc_892
dev_893_0,acc_893
dev_894_0,acc_894
dev_895_0,acc_895
dev_896_0,acc_896
dev_897_0,acc_897
dev_898_0,acc_898
dev_899_0,acc_899
dev_900_0,acc_900
dev_901_0,acc_901
dev_902_0,acc_902
dev_903_0,acc_903
dev_904_0,acc_904
dev_905_0,acc_905
dev_906_0,acc_906
dev_907_0,acc_907
dev_907_1,acc_907
dev_908_0,acc_908
dev_909_0,acc_909
dev_910_0,acc_910
dev_911_0,acc_911
dev_912_0,acc_912
dev_913_0,acc_913
dev_913_1,acc_913
dev_914_0,acc_914
dev_915_0,acc_915
dev_916_0,acc_916
dev_917_0,acc_917
dev_918_0,acc_918
dev_919_0,acc_919
dev_920_0,acc_920
dev_921_0,acc_921
dev_922_0,acc_922
dev_923_0,acc_923
dev_924_0,acc_924
dev_925_0,acc_925
dev_926_0,acc_926
dev_927_0,acc_927
dev_928_0,acc_928
dev_929_0,acc_929
dev_930_0,acc_930
dev_931_0,acc_931
dev_932_0,acc_932
dev_933_0,acc_933
dev_934_0,acc_934
dev_935_0,acc_935
dev_936_0,acc_936
dev_937_0,acc_937
dev_938_0,acc_938
dev_939_0,acc_939
dev_940_0,acc_940
dev_941_0,acc_941
dev_942_0,acc_942
dev_943_0,acc_943
dev_944_0,acc_944
dev_944_1,acc_944
dev_945_0,acc_945
dev_946_0,acc_946
dev_947_0,acc_947
dev_948_0,acc_948
dev_949_0,acc_949
dev_950_0,acc_950
dev_951_0,acc_951
dev_952_0,acc_952
dev_953_0,acc_953
dev_954_0,acc_954
dev_955_0,acc_955
dev_956_0,acc_956
dev_957_0,acc_957
dev_958_0,acc_958
dev_959_0,acc_959
dev_960_0,acc_960
dev_961_0,acc_961
dev_962_0,acc_962
dev_963_0,acc_963
dev_964_0,acc_964
dev_965_0,acc_965
dev_966_0,acc_966
dev_967_0,acc_967
dev_968_0,acc_968
dev_969_0,acc_969
dev_970_0,acc_970
dev_971_0,acc_971
dev_972_0,acc_972
dev_973_0,acc_973
dev_974_0,acc_974
dev_975_0,acc_975
dev_976_0,acc_976
dev_977_0,acc_977
dev_978_0,acc_978
dev_979_0,acc_979
dev_980_0,acc_980
dev_981_0,acc_981
dev_982_0,acc_982
dev_983_0,acc_983
dev_984_0,acc_984
dev_985_0,acc_985
dev_986_0,acc_986
dev_987_0,acc_987
dev_988_0,acc_988
dev_989_0,acc_989
dev_990_0,acc_990
dev_991_0,acc_991
dev_992_0,acc_992
dev_993_0,acc_993
dev_994_0,acc_994
dev_995_0,acc_995
dev_996_0,acc_996
dev_997_0,acc_997
dev_998_0,acc_998
dev_999_0,acc_999
dev_1000_0,acc_1000
dev_1001_0,acc_1001
dev_1002_0,acc_1002
dev_1003_0,acc_1003
dev_1004_0,acc_1004
dev_1005_0,acc_1005
dev_1006_0,acc_1006
dev_1007_0,acc_1007
dev_1008_0,acc_1008
dev_1009_0,acc_1009
dev_1010_0,acc_1010
dev_1011_0,acc_1011
dev_1012_0,acc_1012
dev_1013_0,acc_1013
dev_1013_1,acc_1013
dev_1014_0,acc_1014
dev_1015_0,acc_1015
dev_1016_0,acc_1016
dev_1016_1,acc_1016
dev_1017_0,acc_1017
dev_1018_0,acc_1018
dev_1019_0,acc_1019
dev_1020_0,acc_1020
dev_1021_0,acc_1021
dev_1022_0,acc_1022
dev_1023_0,acc_1023
dev_1024_0,acc_1024
dev_1025_0,acc_1025
dev_1026_0,acc_1026
dev_1027_0,acc_1027
dev_1028_0,acc_1028
dev_1029_0,acc_1029
dev_1030_0,acc_1030
dev_1031_0,acc_1031
dev_1032_0,acc_1032
dev_1033_0,acc_1033
dev_1034_0,acc_1034
dev_1035_0,acc_1035
dev_1036_0,acc_1036
dev_1037_0,acc_1037
dev_1038_0,acc_1038
dev_1039_0,acc_1039
dev_1040_0,acc_1040
dev_1041_0,acc_1041
dev_1042_0,acc_1042
dev_1043_0,acc_1043
dev_1044_0,acc_1044
dev_1045_0,acc_1045
dev_1045_1,acc_1045
dev_1046_0,acc_1046
dev_1047_0,acc_1047
dev_1048_0,acc_1048
dev_1049_0,acc_1049
dev_1050_0,acc_1050
dev_1051_0,acc_1051
dev_1052_0,acc_1052
dev_1053_0,acc_1053
dev_1054_0,acc_1054
dev_1054_1,acc_1054
dev_1055_0,acc_1055
dev_1056_0,acc_1056
dev_1057_0,acc_1057
dev_1058_0,acc_1058
dev_1059_0,acc_1059
dev_1060_0,acc_1060
dev_1061_0,acc_1061
dev_1062_0,acc_1062
dev_1063_0,acc_1063
dev_1064_0,acc_1064
dev_1065_0,acc_1065
dev_1066_0,acc_1066
dev_1067_0,acc_1067
dev_1068_0,acc_1068
dev_1069_0,acc_1069
dev_1070_0,acc_1070
dev_1071_0,acc_1071
dev_1072_0,acc_1072
dev_1073_0,acc_1073
dev_1074_0,acc_1074
dev_1075_0,acc_1075
dev_1076_0,acc_1076
dev_1077_0,acc_1077
dev_1078_0,acc_1078
dev_1079_0,acc_1079
dev_1080_0,acc_1080
dev_1081_0,acc_1081
dev_1082_0,acc_1082
dev_1082_1,acc_1082
dev_1083_0,acc_1083
dev_1084_0,acc_1084
dev_1085_0,acc_1085
dev_1086_0,acc_1086
dev_1087_0,acc_1087
dev_1088_0,acc_1088
dev_1089_0,acc_1089
dev_1090_0,acc_1090
dev_1091_0,acc_1091
dev_1092_0,acc_1092
dev_1093_0,acc_1093
dev_1094_0,acc_1094
dev_1095_0,acc_1095
dev_1096_0,acc_1096
dev_1097_0,acc_1097
dev_1098_0,acc_1098
dev_1099_0,acc_1099
dev_1100_0,acc_1100
dev_1101_0,acc_1101
dev_1102_0,acc_1102
dev_1103_0,acc_1103
dev_1104_0,acc_1104
dev_1105_0,acc_1105
dev_1106_0,acc_1106
dev_1106_1,acc_1106
dev_1107_0,acc_1107
dev_1108_0,acc_1108
dev_1109_0,acc_1109
dev_1110_0,acc_1110
dev_1111_0,acc_1111
dev_1112_0,acc_1112
dev_1113_0,acc_1113
dev_1114_0,acc_1114
dev_1115_0,acc_1115
dev_1116_0,acc_1116
dev_1117_0,acc_1117
dev_1118_0,acc_1118
dev_1119_0,acc_1119
dev_1120_0,acc_1120
dev_1121_0,acc_1121
dev_1121_1,acc_1121
dev_1122_0,acc_1122
dev_1123_0,acc_1123
dev_1124_0,acc_1124
dev_1125_0,acc_1125
dev_1126_0,acc_1126
dev_1127_0,acc_1127
dev_1128_0,acc_1128
dev_1129_0,acc_1129
dev_1130_0,acc_1130
dev_1131_0,acc_1131
dev_1132_0,acc_1132
dev_1133_0,acc_1133
dev_1134_0,acc_1134
dev_1135_0,acc_1135
dev_1136_0,acc_1136
dev_1137_0,acc_1137
dev_1138_0,acc_1138
dev_1139_0,acc_1139
dev_1140_0,acc_1140
dev_1141_0,acc_1141
dev_1142_0,acc_1142
dev_1143_0,acc_1143
dev_1144_0,acc_1144
dev_1145_0,acc_1145
dev_1146_0,acc_1146
dev_1147_0,acc_1147
dev_1148_0,acc_1148
dev_1149_0,acc_1149
dev_1150_0,acc_1150
dev_1151_0,acc_1151
dev_1152_0,acc_1152
dev_1153_0,acc_1153
dev_1154_0,acc_1154
dev_1155_0,acc_1155
dev_1156_0,acc_1156
dev_1157_0,acc_1157
dev_1158_0,acc_1158
dev_1159_0,acc_1159
dev_1160_0,acc_1160
dev_1161_0,acc_1161
dev_1162_0,acc_1162
dev_1162_1,acc_1162
dev_1163_0,acc_1163
dev_1164_0,acc_1164
dev_1165_0,acc_1165
dev_1166_0,acc_1166
dev_1167_0,acc_1167
dev_1168_0,acc_1168
dev_1169_0,acc_1169
dev_1170_0,acc_1170
dev_1171_0,acc_1171
dev_1172_0,acc_1172
dev_1173_0,acc_1173
dev_1174_0,acc_1174
dev_1175_0,acc_1175
dev_1176_0,acc_1176
dev_1177_0,acc_1177
dev_1178_0,acc_1178
dev_1179_0,acc_1179
dev_1180_0,acc_1180
dev_1181_0,acc_1181
dev_1182_0,acc_1182
dev_1183_0,acc_1183
dev_1184_0,acc_1184
dev_1185_0,acc_1185
dev_1186_0,acc_1186
dev_1187_0,acc_1187
dev_1188_0,acc_1188
dev_1189_0,acc_1189
dev_1190_0,acc_1190
dev_1191_0,acc_1191
dev_1192_0,acc_1192
dev_1193_0,acc_1193
dev_1194_0,acc_1194
dev_1195_0,acc_1195
dev_1196_0,acc_1196
dev_1197_0,acc_1197
dev_1198_0,acc_1198
dev_1199_0,acc_1199
dev_1200_0,acc_1200
dev_1201_0,acc_1201
dev_1202_0,acc_1202
dev_1203_0,acc_1203
dev_1204_0,acc_1204
dev_1205_0,acc_1205
dev_1206_0,acc_1206
dev_1207_0,acc_1207
dev_1207_1,acc_1207
dev_1208_0,acc_1208
dev_1209_0,acc_1209
dev_1210_0,acc_1210
dev_1211_0,acc_1211
dev_1212_0,acc_1212
dev_1213_0,acc_1213
dev_1213_1,acc_1213
dev_1214_0,acc_1214
dev_1215_0,acc_1215
dev_1216_0,acc_1216
dev_1217_0,acc_1217
dev_1218_0,acc_1218
dev_1219_0,acc_1219
dev_1220_0,acc_1220
dev_1221_0,acc_1221
dev_1222_0,acc_1222
dev_1223_0,acc_1223
dev_1224_0,acc_1224
dev_1225_0,acc_1225
dev_1225_1,acc_1225
dev_1226_0,acc_1226
dev_1227_0,acc_1227
dev_1228_0,acc_1228
dev_1229_0,acc_1229
dev_1230_0,acc_1230
dev_1231_0,acc_1231
dev_1232_0,acc_1232
dev_1233_0,acc_1233
dev_1234_0,acc_1234
dev_1235_0,acc_1235
dev_1235_1,acc_1235
dev_1236_0,acc_1236
dev_1237_0,acc_1237
dev_1238_0,acc_1238
dev_1239_0,acc_1239
dev_1240_0,acc_1240
dev_1241_0,acc_1241
dev_1242_0,acc_1242
dev_1242_1,acc_1242
dev_1243_0,acc_1243
dev_1244_0,acc_1244
dev_1245_0,acc_1245
dev_1246_0,acc_1246
dev_1247_0,acc_1247
dev_1248_0,acc_1248
dev_1249_0,acc_1249
dev_1250_0,acc_1250
dev_1251_0,acc_1251
dev_1251_1,acc_1251
dev_1252_0,acc_1252
dev_1253_0,acc_1253
dev_1254_0,acc_1254
dev_1255_0,acc_1255
dev_1256_0,acc_1256
dev_1257_0,acc_1257
dev_1258_0,acc_1258
dev_1259_0,acc_1259
dev_1260_0,acc_1260
dev_1261_0,acc_1261
dev_1262_0,acc_1262
dev_1263_0,acc_1263
dev_1263_1,acc_1263
dev_1264_0,acc_1264
dev_1264_1,acc_1264
dev_1265_0,acc_1265
dev_1266_0,acc_1266
dev_1267_0,acc_1267
dev_1268_0,acc_1268
dev_1269_0,acc_1269
dev_1270_0,acc_1270
dev_1271_0,acc_1271
dev_1272_0,acc_1272
dev_1273_0,acc_1273
dev_1274_0,acc_1274
dev_1275_0,acc_1275
dev_1276_0,acc_1276
dev_1277_0,acc_1277
dev_1277_1,acc_1277
dev_1278_0,acc_1278
dev_1279_0,acc_1279
dev_1280_0,acc_1280
dev_1281_0,acc_1281
dev_1282_0,acc_1282
dev_1283_0,acc_1283
dev_1284_0,acc_1284
dev_1285_0,acc_1285
dev_1286_0,acc_1286
dev_1287_0,acc_1287
dev_1288_0,acc_1288
dev_1289_0,acc_1289
dev_1290_0,acc_1290
dev_1291_0,acc_1291
dev_1292_0,acc_1292
dev_1293_0,acc_1293
dev_1294_0,acc_1294
dev_1295_0,acc_1295
dev_1296_0,acc_1296
dev_1297_0,acc_1297
dev_1298_0,acc_1298
dev_1299_0,acc_1299
dev_1300_0,acc_1300
dev_1301_0,acc_1301
dev_1302_0,acc_1302
dev_1303_0,acc_1303
dev_1304_0,acc_1304
dev_1305_0,acc_1305
dev_1306_0,acc_1306
dev_1307_0,acc_1307
dev_1308_0,acc_1308
dev_1309_0,acc_1309
dev_1310_0,acc_1310
dev_1311_0,acc_1311
dev_1312_0,acc_1312
dev_1312_1,acc_1312
dev_1313_0,acc_1313
dev_1314_0,acc_1314
dev_1315_0,acc_1315
dev_1316_0,acc_1316
dev_1317_0,acc_1317
dev_1318_0,acc_1318
dev_1319_0,acc_1319
dev_1320_0,acc_1320
dev_1321_0,acc_1321
dev_1322_0,acc_1322
dev_1323_0,acc_1323
dev_1324_0,acc_1324
dev_1325_0,acc_1325
dev_1326_0,acc_1326
dev_1327_0,acc_1327
dev_1328_0,acc_1328
dev_1329_0,acc_1329
dev_1330_0,acc_1330
dev_1331_0,acc_1331
dev_1332_0,acc_1332
dev_1333_0,acc_1333
dev_1334_0,acc_1334
dev_1335_0,acc_1335
dev_1336_0,acc_1336
dev_1337_0,acc_1337
dev_1338_0,acc_1338
dev_1339_0,acc_1339
dev_1340_0,acc_1340
dev_1341_0,acc_1341
dev_1342_0,acc_1342
dev_1343_0,acc_1343
dev_1344_0,acc_1344
dev_1345_0,acc_1345
dev_1346_0,acc_1346
dev_1347_0,acc_1347
dev_1348_0,acc_1348
dev_1349_0,acc_1349
dev_1350_0,acc_1350
dev_1350_1,acc_1350
dev_1351_0,acc_1351
dev_1352_0,acc_1352
dev_1353_0,acc_1353
dev_1354_0,acc_1354
dev_1355_0,acc_1355
dev_1356_0,acc_1356
dev_1357_0,acc_1357
dev_1358_0,acc_1358
dev_1358_1,acc_1358
dev_1359_0,acc_1359
dev_1360_0,acc_1360
dev_1361_0,acc_1361
dev_1362_0,acc_1362
dev_1363_0,acc_1363
dev_1364_0,acc_1364
dev_1365_0,acc_1365
dev_1366_0,acc_1366
dev_1366_1,acc_1366
dev_1367_0,acc_1367
dev_1368_0,acc_1368
dev_1369_0,acc_1369
dev_1370_0,acc_1370
dev_1371_0,acc_1371
dev_1372_0,acc_1372
dev_1373_0,acc_1373
dev_1374_0,acc_1374
dev_1375_0,acc_1375
dev_1376_0,acc_1376
dev_1377_0,acc_1377
dev_1378_0,acc_1378
dev_1379_0,acc_1379
dev_1380_0,acc_1380
dev_1381_0,acc_1381
dev_1382_0,acc_1382
dev_1382_1,acc_1382
dev_1383_0,acc_1383
dev_1384_0,acc_1384
dev_1385_0,acc_1385
dev_1386_0,acc_1386
dev_1387_0,acc_1387
dev_1388_0,acc_1388
dev_1389_0,acc_1389
dev_1390_0,acc_1390
dev_1391_0,acc_1391
dev_1392_0,acc_1392
dev_1393_0,acc_1393
dev_1394_0,acc_1394
dev_1394_1,acc_1394
dev_1395_0,acc_1395
dev_1395_1,acc_1395
dev_1396_0,acc_1396
dev_1397_0,acc_1397
dev_1398_0,acc_1398
dev_1399_0,acc_1399
dev_1400_0,acc_1400
dev_1401_0,acc_1401
dev_1401_1,acc_1401
dev_1402_0,acc_1402
dev_1402_1,acc_1402
dev_1403_0,acc_1403
dev_1404_0,acc_1404
dev_1405_0,acc_1405
dev_1406_0,acc_1406
dev_1407_0,acc_1407
dev_1408_0,acc_1408
dev_1409_0,acc_1409
dev_1410_0,acc_1410
dev_1411_0,acc_1411
dev_1412_0,acc_1412
dev_1413_0,acc_1413
dev_1414_0,acc_1414
dev_1415_0,acc_1415
dev_1416_0,acc_1416
dev_1417_0,acc_1417
dev_1418_0,acc_1418
dev_1419_0,acc_1419
dev_1420_0,acc_1420
dev_1421_0,acc_1421
dev_1421_1,acc_1421
dev_1422_0,acc_1422
dev_1423_0,acc_1423
dev_1424_0,acc_1424
dev_1425_0,acc_1425
dev_1426_0,acc_1426
dev_1427_0,acc_1427
dev_1428_0,acc_1428
dev_1429_0,acc_1429
dev_1430_0,acc_1430
dev_1431_0,acc_1431
dev_1432_0,acc_1432
dev_1433_0,acc_1433
dev_1434_0,acc_1434
dev_1435_0,acc_1435
dev_1436_0,acc_1436
dev_1437_0,acc_1437
dev_1438_0,acc_1438
dev_1439_0,acc_1439
dev_1440_0,acc_1440
dev_1441_0,acc_1441
dev_1442_0,acc_1442
dev_1443_0,acc_1443
dev_1444_0,acc_1444
dev_1445_0,acc_1445
dev_1446_0,acc_1446
dev_1447_0,acc_1447
dev_1448_0,acc_1448
dev_1449_0,acc_1449
dev_1450_0,acc_1450
dev_1451_0,acc_1451
dev_1452_0,acc_1452
dev_1453_0,acc_1453
dev_1454_0,acc_1454
dev_1455_0,acc_1455
dev_1456_0,acc_1456
dev_1456_1,acc_1456
dev_1457_0,acc_1457
dev_1458_0,acc_1458
dev_1459_0,acc_1459
dev_1460_0,acc_1460
dev_1461_0,acc_1461
dev_1462_0,acc_1462
dev_1463_0,acc_1463
dev_1463_1,acc_1463
dev_1464_0,acc_1464
dev_1465_0,acc_1465
dev_1466_0,acc_1466
dev_1467_0,acc_1467
dev_1468_0,acc_1468
dev_1469_0,acc_1469
dev_1470_0,acc_1470
dev_1471_0,acc_1471
dev_1472_0,acc_1472
dev_1473_0,acc_1473
dev_1474_0,acc_1474
dev_1475_0,acc_1475
dev_1476_0,acc_1476
dev_1477_0,acc_1477
dev_1478_0,acc_1478
dev_1479_0,acc_1479
dev_1480_0,acc_1480
dev_1481_0,acc_1481
dev_1481_1,acc_1481
dev_1482_0,acc_1482
dev_1483_0,acc_1483
dev_1484_0,acc_1484
dev_1485_0,acc_1485
dev_1486_0,acc_1486
dev_1487_0,acc_1487
dev_1488_0,acc_1488
dev_1489_0,acc_1489
dev_1489_1,acc_1489
dev_1490_0,acc_1490
dev_1491_0,acc_1491
dev_1492_0,acc_1492
dev_1492_1,acc_1492
dev_1493_0,acc_1493
dev_1494_0,acc_1494
dev_1495_0,acc_1495
dev_1496_0,acc_1496
dev_1497_0,acc_1497
dev_1498_0,acc_1498
dev_1499_0,acc_1499
dev_1500_0,acc_1500
dev_1501_0,acc_1501
dev_1502_0,acc_1502
dev_1503_0,acc_1503
dev_1504_0,acc_1504
dev_1505_0,acc_1505
dev_1506_0,acc_1506
dev_1507_0,acc_1507
dev_1508_0,acc_1508
dev_1509_0,acc_1509
dev_1510_0,acc_1510
dev_1511_0,acc_1511
dev_1512_0,acc_1512
dev_1513_0,acc_1513
dev_1514_0,acc_1514
dev_1515_0,acc_1515
dev_1516_0,acc_1516
dev_1517_0,acc_1517
dev_1518_0,acc_1518
dev_1518_1,acc_1518
dev_1519_0,acc_1519
dev_1520_0,acc_1520
dev_1520_1,acc_1520
dev_1521_0,acc_1521
dev_1522_0,acc_1522
dev_1523_0,acc_1523
dev_1524_0,acc_1524
dev_1525_0,acc_1525
dev_1526_0,acc_1526
dev_1527_0,acc_1527
dev_1527_1,acc_1527
dev_1528_0,acc_1528
dev_1529_0,acc_1529
dev_1529_1,acc_1529
dev_1530_0,acc_1530
dev_1531_0,acc_1531
dev_1532_0,acc_1532
dev_1533_0,acc_1533
dev_1533_1,acc_1533
dev_1534_0,acc_1534
dev_1535_0,acc_1535
dev_1536_0,acc_1536
dev_1537_0,acc_1537
dev_1538_0,acc_1538
dev_1539_0,acc_1539
dev_1540_0,acc_1540
dev_1541_0,acc_1541
dev_1542_0,acc_1542
dev_1543_0,acc_1543
dev_1544_0,acc_1544
dev_1545_0,acc_1545
dev_1545_1,acc_1545
dev_1546_0,acc_1546
dev_1547_0,acc_1547
dev_1548_0,acc_1548
dev_1549_0,acc_1549
dev_1550_0,acc_1550
dev_1551_0,acc_1551
dev_1552_0,acc_1552
dev_1553_0,acc_1553
dev_1554_0,acc_1554
dev_1555_0,acc_1555
dev_1556_0,acc_1556
dev_1557_0,acc_1557
dev_1558_0,acc_1558
dev_1559_0,acc_1559
dev_1560_0,acc_1560
dev_1561_0,acc_1561
dev_1562_0,acc_1562
dev_1563_0,acc_1563
dev_1564_0,acc_1564
dev_1565_0,acc_1565
dev_1566_0,acc_1566
dev_1567_0,acc_1567
dev_1568_0,acc_1568
dev_1569_0,acc_1569
dev_1570_0,acc_1570
dev_1571_0,acc_1571
dev_1572_0,acc_1572
dev_1573_0,acc_1573
dev_1574_0,acc_1574
dev_1575_0,acc_1575
dev_1576_0,acc_1576
dev_1577_0,acc_1577
dev_1578_0,acc_1578
dev_1579_0,acc_1579
dev_1580_0,acc_1580
dev_1581_0,acc_1581
dev_1582_0,acc_1582
dev_1583_0,acc_1583
dev_1584_0,acc_1584
dev_1585_0,acc_1585
dev_1586_0,acc_1586
dev_1587_0,acc_1587
dev_1588_0,acc_1588
dev_1589_0,acc_1589
dev_1590_0,acc_1590
dev_1591_0,acc_1591
dev_1592_0,acc_1592
dev_1593_0,acc_1593
dev_1594_0,acc_1594
dev_1595_0,acc_1595
dev_1596_0,acc_1596
dev_1597_0,acc_1597
dev_1598_0,acc_1598
dev_1599_0,acc_1599
dev_1600_0,acc_1600
dev_1601_0,acc_1601
dev_1602_0,acc_1602
dev_1603_0,acc_1603
dev_1604_0,acc_1604
dev_1605_0,acc_1605
dev_1606_0,acc_1606
dev_1607_0,acc_1607
dev_1608_0,acc_1608
dev_1609_0,acc_1609
dev_1610_0,acc_1610
dev_1611_0,acc_1611
dev_1612_0,acc_1612
dev_1613_0,acc_1613
dev_1614_0,acc_1614
dev_1615_0,acc_1615
dev_1616_0,acc_1616
dev_1617_0,acc_1617
dev_1618_0,acc_1618
dev_1618_1,acc_1618
dev_1619_0,acc_1619
dev_1620_0,acc_1620
dev_1621_0,acc_1621
dev_1622_0,acc_1622
dev_1623_0,acc_1623
dev_1624_0,acc_1624
dev_1625_0,acc_1625
dev_1626_0,acc_1626
dev_1627_0,acc_1627
dev_1628_0,acc_1628
dev_1629_0,acc_1629
dev_1630_0,acc_1630
dev_1631_0,acc_1631
dev_1632_0,acc_1632
dev_1633_0,acc_1633
dev_1634_0,acc_1634
dev_1635_0,acc_1635
dev_1636_0,acc_1636
dev_1637_0,acc_1637
dev_1638_0,acc_1638
dev_1639_0,acc_1639
dev_1640_0,acc_1640
dev_1641_0,acc_1641
dev_1642_0,acc_1642
dev_1643_0,acc_1643
dev_1644_0,acc_1644
dev_1645_0,acc_1645
dev_1646_0,acc_1646
dev_1647_0,acc_1647
dev_1648_0,acc_1648
dev_1649_0,acc_1649
dev_1650_0,acc_1650
dev_1650_1,acc_1650
dev_1651_0,acc_1651
dev_1652_0,acc_1652
dev_1653_0,acc_1653
dev_1654_0,acc_1654
dev_1655_0,acc_1655
dev_1656_0,acc_1656
dev_1657_0,acc_1657
dev_1658_0,acc_1658
dev_1659_0,acc_1659
dev_1660_0,acc_1660
dev_1661_0,acc_1661
dev_1662_0,acc_1662
dev_1663_0,acc_1663
dev_1664_0,acc_1664
dev_1665_0,acc_1665
dev_1666_0,acc_1666
dev_1667_0,acc_1667
dev_1668_0,acc_1668
dev_1669_0,acc_1669
dev_1670_0,acc_1670
dev_1671_0,acc_1671
dev_1672_0,acc_1672
dev_1673_0,acc_1673
dev_1674_0,acc_1674
dev_1675_0,acc_1675
dev_1676_0,acc_1676
dev_1677_0,acc_1677
dev_1678_0,acc_1678
dev_1679_0,acc_1679
dev_1680_0,acc_1680
dev_1681_0,acc_1681
dev_1682_0,acc_1682
dev_1683_0,acc_1683
dev_1684_0,acc_1684
dev_1685_0,acc_1685
dev_1686_0,acc_1686
dev_1687_0,acc_1687
dev_1688_0,acc_1688
dev_1689_0,acc_1689
dev_1690_0,acc_1690
dev_1691_0,acc_1691
dev_1692_0,acc_1692
dev_1693_0,acc_1693
dev_1694_0,acc_1694
dev_1695_0,acc_1695
dev_1696_0,acc_1696
dev_1697_0,acc_1697
dev_1697_1,acc_1697
dev_1698_0,acc_1698
dev_1699_0,acc_1699
dev_1700_0,acc_1700
dev_1701_0,acc_1701
dev_1702_0,acc_1702
dev_1703_0,acc_1703
dev_1703_1,acc_1703
dev_1704_0,acc_1704
dev_1705_0,acc_1705
dev_1706_0,acc_1706
dev_1707_0,acc_1707
dev_1708_0,acc_1708
dev_1709_0,acc_1709
dev_1710_0,acc_1710
dev_1711_0,acc_1711
dev_1712_0,acc_1712
dev_1713_0,acc_1713
dev_1714_0,acc_1714
dev_1715_0,acc_1715
dev_1715_1,acc_1715
dev_1716_0,acc_1716
dev_1717_0,acc_1717
dev_1718_0,acc_1718
dev_1719_0,acc_1719
dev_1720_0,acc_1720
dev_1721_0,acc_1721
dev_1721_1,acc_1721
dev_1722_0,acc_1722
dev_1723_0,acc_1723
dev_1724_0,acc_1724
dev_1725_0,acc_1725
dev_1726_0,acc_1726
dev_1727_0,acc_1727
dev_1728_0,acc_1728
dev_1729_0,acc_1729
dev_1730_0,acc_1730
dev_1731_0,acc_1731
dev_1732_0,acc_1732
dev_1733_0,acc_1733
dev_1734_0,acc_1734
dev_1735_0,acc_1735
dev_1736_0,acc_1736
dev_1737_0,acc_1737
dev_1738_0,acc_1738
dev_1739_0,acc_1739
dev_1740_0,acc_1740
dev_1741_0,acc_1741
dev_1742_0,acc_1742
dev_1743_0,acc_1743
dev_1744_0,acc_1744
dev_1745_0,acc_1745
dev_1746_0,acc_1746
dev_1747_0,acc_1747
dev_1748_0,acc_1748
dev_1749_0,acc_1749
dev_1750_0,acc_1750
dev_1751_0,acc_1751
dev_1752_0,acc_1752
dev_1753_0,acc_1753
dev_1754_0,acc_1754
dev_1755_0,acc_1755
dev_1756_0,acc_1756
dev_1757_0,acc_1757
dev_1758_0,acc_1758
dev_1759_0,acc_1759
dev_1760_0,acc_1760
dev_1761_0,acc_1761
dev_1762_0,acc_1762
dev_1763_0,acc_1763
dev_1764_0,acc_1764
dev_1765_0,acc_1765
dev_1766_0,acc_1766
dev_1767_0,acc_1767
dev_1768_0,acc_1768
dev_1769_0,acc_1769
dev_1770_0,acc_1770
dev_1771_0,acc_1771
dev_1772_0,acc_1772
dev_1773_0,acc_1773
dev_1774_0,acc_1774
dev_1775_0,acc_1775
dev_1776_0,acc_1776
dev_1777_0,acc_1777
dev_1778_0,acc_1778
dev_1779_0,acc_1779
dev_1780_0,acc_1780
dev_1781_0,acc_1781
dev_1782_0,acc_1782
dev_1783_0,acc_1783
dev_1784_0,acc_1784
dev_1785_0,acc_1785
dev_1786_0,acc_1786
dev_1786_1,acc_1786
dev_1787_0,acc_1787
dev_1788_0,acc_1788
dev_1789_0,acc_1789
dev_1790_0,acc_1790
dev_1791_0,acc_1791
dev_1792_0,acc_1792
dev_1793_0,acc_1793
dev_1794_0,acc_1794
dev_1795_0,acc_1795
dev_1796_0,acc_1796
dev_1797_0,acc_1797
dev_1798_0,acc_1798
dev_1799_0,acc_1799
dev_1800_0,acc_1800
dev_1801_0,acc_1801
dev_1802_0,acc_1802
dev_1803_0,acc_1803
dev_1804_0,acc_1804
dev_1804_1,acc_1804
dev_1805_0,acc_1805
dev_1806_0,acc_1806
dev_1807_0,acc_1807
dev_1808_0,acc_1808
dev_1809_0,acc_1809
dev_1810_0,acc_1810
dev_1811_0,acc_1811
dev_1812_0,acc_1812
dev_1813_0,acc_1813
dev_1814_0,acc_1814
dev_1815_0,acc_1815
dev_1816_0,acc_1816
dev_1817_0,acc_1817
dev_1818_0,acc_1818
dev_1819_0,acc_1819
dev_1820_0,acc_1820
dev_1821_0,acc_1821
dev_1822_0,acc_1822
dev_1823_0,acc_1823
dev_1824_0,acc_1824
dev_1824_1,acc_1824
dev_1825_0,acc_1825
dev_1826_0,acc_1826
dev_1827_0,acc_1827
dev_1828_0,acc_1828
dev_1829_0,acc_1829
dev_1830_0,acc_1830
dev_1831_0,acc_1831
dev_1832_0,acc_1832
dev_1833_0,acc_1833
dev_1834_0,acc_1834
dev_1835_0,acc_1835
dev_1836_0,acc_1836
dev_1837_0,acc_1837
dev_1838_0,acc_1838
dev_1839_0,acc_1839
dev_1840_0,acc_1840
dev_1841_0,acc_1841
dev_1842_0,acc_1842
dev_1843_0,acc_1843
dev_1844_0,acc_1844
dev_1845_0,acc_1845
dev_1846_0,acc_1846
dev_1847_0,acc_1847
dev_1848_0,acc_1848
dev_1849_0,acc_1849
dev_1850_0,acc_1850
dev_1851_0,acc_1851
dev_1852_0,acc_1852
dev_1853_0,acc_1853
dev_1854_0,acc_1854
dev_1854_1,acc_1854
dev_1855_0,acc_1855
dev_1856_0,acc_1856
dev_1857_0,acc_1857
dev_1858_0,acc_1858
dev_1859_0,acc_1859
dev_1860_0,acc_1860
dev_1861_0,acc_1861
dev_1862_0,acc_1862
dev_1863_0,acc_1863
dev_1864_0,acc_1864
dev_1865_0,acc_1865
dev_1865_1,acc_1865
dev_1866_0,acc_1866
dev_1867_0,acc_1867
dev_1868_0,acc_1868
dev_1869_0,acc_1869
dev_1870_0,acc_1870
dev_1871_0,acc_1871
dev_1872_0,acc_1872
dev_1873_0,acc_1873
dev_1874_0,acc_1874
dev_1875_0,acc_1875
dev_1876_0,acc_1876
dev_1877_0,acc_1877
dev_1878_0,acc_1878
dev_1879_0,acc_1879
dev_1880_0,acc_1880
dev_1881_0,acc_1881
dev_1882_0,acc_1882
dev_1883_0,acc_1883
dev_1884_0,acc_1884
dev_1885_0,acc_1885
dev_1886_0,acc_1886
dev_1887_0,acc_1887
dev_1888_0,acc_1888
dev_1889_0,acc_1889
dev_1890_0,acc_1890
dev_1891_0,acc_1891
dev_1892_0,acc_1892
dev_1893_0,acc_1893
dev_1894_0,acc_1894
dev_1894_1,acc_1894
dev_1895_0,acc_1895
dev_1896_0,acc_1896
dev_1897_0,acc_1897
dev_1898_0,acc_1898
dev_1899_0,acc_1899
dev_1900_0,acc_1900
dev_1901_0,acc_1901
dev_1901_1,acc_1901
dev_1902_0,acc_1902
dev_1902_1,acc_1902
dev_1903_0,acc_1903
dev_1904_0,acc_1904
dev_1905_0,acc_1905
dev_1906_0,acc_1906
dev_1907_0,acc_1907
dev_1908_0,acc_1908
dev_1909_0,acc_1909
dev_1910_0,acc_1910
dev_1911_0,acc_1911
dev_1912_0,acc_1912
dev_1913_0,acc_1913
dev_1914_0,acc_1914
dev_1915_0,acc_1915
dev_1916_0,acc_1916
dev_1917_0,acc_1917
dev_1918_0,acc_1918
dev_1919_0,acc_1919
dev_1920_0,acc_1920
dev_1921_0,acc_1921
dev_1922_0,acc_1922
dev_1923_0,acc_1923
dev_1924_0,acc_1924
dev_1925_0,acc_1925
dev_1926_0,acc_1926
dev_1927_0,acc_1927
dev_1928_0,acc_1928
dev_1929_0,acc_1929
dev_1930_0,acc_1930
dev_1931_0,acc_1931
dev_1932_0,acc_1932
dev_1933_0,acc_1933
dev_1934_0,acc_1934
dev_1935_0,acc_1935
dev_1936_0,acc_1936
dev_1937_0,acc_1937
dev_1938_0,acc_1938
dev_1939_0,acc_1939
dev_1940_0,acc_1940
dev_1941_0,acc_1941
dev_1942_0,acc_1942
dev_1943_0,acc_1943
dev_1944_0,acc_1944
dev_1945_0,acc_1945
dev_1946_0,acc_1946
dev_1947_0,acc_1947
dev_1948_0,acc_1948
dev_1949_0,acc_1949
dev_1950_0,acc_1950
dev_1951_0,acc_1951
dev_1952_0,acc_1952
dev_1953_0,acc_1953
dev_1954_0,acc_1954
dev_1955_0,acc_1955
dev_1956_0,acc_1956
dev_1956_1,acc_1956
dev_1957_0,acc_1957
dev_1958_0,acc_1958
dev_1959_0,acc_1959
dev_1960_0,acc_1960
dev_1961_0,acc_1961
dev_1962_0,acc_1962
dev_1963_0,acc_1963
dev_1964_0,acc_1964
dev_1965_0,acc_1965
dev_1966_0,acc_1966
dev_1967_0,acc_1967
dev_1968_0,acc_1968
dev_1969_0,acc_1969
dev_1970_0,acc_1970
dev_1971_0,acc_1971
dev_1972_0,acc_1972
dev_1973_0,acc_1973
dev_1974_0,acc_1974
dev_1975_0,acc_1975
dev_1976_0,acc_1976
dev_1977_0,acc_1977
dev_1978_0,acc_1978
dev_1979_0,acc_1979
dev_1980_0,acc_1980
dev_1981_0,acc_1981
dev_1982_0,acc_1982
dev_1983_0,acc_1983
dev_1984_0,acc_1984
dev_1985_0,acc_1985
dev_1986_0,acc_1986
dev_1987_0,acc_1987
dev_1988_0,acc_1988
dev_1989_0,acc_1989
dev_1990_0,acc_1990
dev_1991_0,acc_1991
dev_1992_0,acc_1992
dev_1993_0,acc_1993
dev_1994_0,acc_1994
dev_1995_0,acc_1995
dev_1996_0,acc_1996
dev_1997_0,acc_1997
dev_1998_0,acc_1998
dev_1999_0,acc_1999
dev_2000_0,acc_2000
dev_2001_0,acc_2001
dev_2002_0,acc_2002
dev_2003_0,acc_2003
dev_2004_0,acc_2004
dev_2005_0,acc_2005
dev_2006_0,acc_2006
dev_2007_0,acc_2007
dev_2008_0,acc_2008
dev_2009_0,acc_2009
dev_2010_0,acc_2010
dev_2011_0,acc_2011
dev_2012_0,acc_2012
dev_2013_0,acc_2013
dev_2014_0,acc_2014
dev_2015_0,acc_2015
dev_2016_0,acc_2016
dev_2016_1,acc_2016
dev_2017_0,acc_2017
dev_2017_1,acc_2017
dev_2018_0,acc_2018
dev_2019_0,acc_2019
dev_2020_0,acc_2020
dev_2021_0,acc_2021
dev_2022_0,acc_2022
dev_2023_0,acc_2023
dev_2024_0,acc_2024
dev_2025_0,acc_2025
dev_2026_0,acc_2026
dev_2027_0,acc_2027
dev_2028_0,acc_2028
dev_2029_0,acc_2029
dev_2029_1,acc_2029
dev_2030_0,acc_2030
dev_2031_0,acc_2031
dev_2032_0,acc_2032
dev_2033_0,acc_2033
dev_2033_1,acc_2033
dev_2034_0,acc_2034
dev_2035_0,acc_2035
dev_2036_0,acc_2036
dev_2037_0,acc_2037
dev_2038_0,acc_2038
dev_2039_0,acc_2039
dev_2040_0,acc_2040
dev_2041_0,acc_2041
dev_2042_0,acc_2042
dev_2043_0,acc_2043
dev_2044_0,acc_2044
dev_2045_0,acc_2045
dev_2046_0,acc_2046
dev_2047_0,acc_2047
dev_2048_0,acc_2048
dev_2049_0,acc_2049
dev_2050_0,acc_2050
dev_2051_0,acc_2051
dev_2052_0,acc_2052
dev_2053_0,acc_2053
dev_2054_0,acc_2054
dev_2055_0,acc_2055
dev_2056_0,acc_2056
dev_2057_0,acc_2057
dev_2058_0,acc_2058
dev_2059_0,acc_2059
dev_2060_0,acc_2060
dev_2061_0,acc_2061
dev_2062_0,acc_2062
dev_2063_0,acc_2063
dev_2064_0,acc_2064
dev_2065_0,acc_2065
dev_2066_0,acc_2066
dev_2067_0,acc_2067
dev_2068_0,acc_2068
dev_2069_0,acc_2069
dev_2070_0,acc_2070
dev_2071_0,acc_2071
dev_2072_0,acc_2072
dev_2073_0,acc_2073
dev_2074_0,acc_2074
dev_2075_0,acc_2075
dev_2076_0,acc_2076
dev_2077_0,acc_2077
dev_2078_0,acc_2078
dev_2079_0,acc_2079
dev_2080_0,acc_2080
dev_2081_0,acc_2081
dev_2082_0,acc_2082
dev_2083_0,acc_2083
dev_2084_0,acc_2084
dev_2085_0,acc_2085
dev_2085_1,acc_2085
dev_2086_0,acc_2086
dev_2087_0,acc_2087
dev_2087_1,acc_2087
dev_2088_0,acc_2088
dev_2089_0,acc_2089
dev_2090_0,acc_2090
dev_2091_0,acc_2091
dev_2092_0,acc_2092
dev_2093_0,acc_2093
dev_2094_0,acc_2094
dev_2095_0,acc_2095
dev_2096_0,acc_2096
dev_2097_0,acc_2097
dev_2098_0,acc_2098
dev_2099_0,acc_2099
dev_2100_0,acc_2100
dev_2101_0,acc_2101
dev_2101_1,acc_2101
dev_2102_0,acc_2102
dev_2103_0,acc_2103
dev_2104_0,acc_2104
dev_2105_0,acc_2105
dev_2106_0,acc_2106
dev_2107_0,acc_2107
dev_2108_0,acc_2108
dev_2109_0,acc_2109
dev_2110_0,acc_2110
dev_2111_0,acc_2111
dev_2112_0,acc_2112
dev_2113_0,acc_2113
dev_2114_0,acc_2114
dev_2115_0,acc_2115
dev_2116_0,acc_2116
dev_2117_0,acc_2117
dev_2118_0,acc_2118
dev_2119_0,acc_2119
dev_2120_0,acc_2120
dev_2121_0,acc_2121
dev_2122_0,acc_2122
dev_2123_0,acc_2123
dev_2124_0,acc_2124
dev_2124_1,acc_2124
dev_2125_0,acc_2125
dev_2126_0,acc_2126
dev_2127_0,acc_2127
dev_2128_0,acc_2128
dev_2129_0,acc_2129
dev_2130_0,acc_2130
dev_2131_0,acc_2131
dev_2132_0,acc_2132
dev_2133_0,acc_2133
dev_2134_0,acc_2134
dev_2135_0,acc_2135
dev_2135_1,acc_2135
dev_2136_0,acc_2136
dev_2137_0,acc_2137
dev_2138_0,acc_2138
dev_2139_0,acc_2139
dev_2140_0,acc_2140
dev_2141_0,acc_2141
dev_2142_0,acc_2142
dev_2143_0,acc_2143
dev_2144_0,acc_2144
dev_2145_0,acc_2145
dev_2146_0,acc_2146
dev_2147_0,acc_2147
dev_2148_0,acc_2148
dev_2149_0,acc_2149
dev_2150_0,acc_2150
dev_2151_0,acc_2151
dev_2152_0,acc_2152
dev_2153_0,acc_2153
dev_2154_0,acc_2154
dev_2155_0,acc_2155
dev_2156_0,acc_2156
dev_2157_0,acc_2157
dev_2158_0,acc_2158
dev_2159_0,acc_2159
dev_2160_0,acc_2160
dev_2161_0,acc_2161
dev_2162_0,acc_2162
dev_2162_1,acc_2162
dev_2163_0,acc_2163
dev_2163_1,acc_2163
dev_2164_0,acc_2164
dev_2165_0,acc_2165
dev_2166_0,acc_2166
dev_2167_0,acc_2167
dev_2168_0,acc_2168
dev_2169_0,acc_2169
dev_2170_0,acc_2170
dev_2171_0,acc_2171
dev_2172_0,acc_2172
dev_2173_0,acc_2173
dev_2174_0,acc_2174
dev_2175_0,acc_2175
dev_2176_0,acc_2176
dev_2176_1,acc_2176
dev_2177_0,acc_2177
dev_2178_0,acc_2178
dev_2179_0,acc_2179
dev_2180_0,acc_2180
dev_2181_0,acc_2181
dev_2182_0,acc_2182
dev_2183_0,acc_2183
dev_2184_0,acc_2184
dev_2185_0,acc_2185
dev_2186_0,acc_2186
dev_2187_0,acc_2187
dev_2188_0,acc_2188
dev_2189_0,acc_2189
dev_2190_0,acc_2190
dev_2191_0,acc_2191
dev_2192_0,acc_2192
dev_2193_0,acc_2193
dev_2194_0,acc_2194
dev_2195_0,acc_2195
dev_2196_0,acc_2196
dev_2197_0,acc_2197
dev_2198_0,acc_2198
dev_2199_0,acc_2199
dev_2200_0,acc_2200
dev_2201_0,acc_2201
dev_2202_0,acc_2202
dev_2203_0,acc_2203
dev_2204_0,acc_2204
dev_2205_0,acc_2205
dev_2206_0,acc_2206
dev_2207_0,acc_2207
dev_2208_0,acc_2208
dev_2209_0,acc_2209
dev_2210_0,acc_2210
dev_2210_1,acc_2210
dev_2211_0,acc_2211
dev_2212_0,acc_2212
dev_2213_0,acc_2213
dev_2214_0,acc_2214
dev_2215_0,acc_2215
dev_2216_0,acc_2216
dev_2217_0,acc_2217
dev_2218_0,acc_2218
dev_2219_0,acc_2219
dev_2220_0,acc_2220
dev_2221_0,acc_2221
dev_2222_0,acc_2222
dev_2222_1,acc_2222
dev_2223_0,acc_2223
dev_2224_0,acc_2224
dev_2225_0,acc_2225
dev_2226_0,acc_2226
dev_2227_0,acc_2227
dev_2228_0,acc_2228
dev_2229_0,acc_2229
dev_2230_0,acc_2230
dev_2231_0,acc_2231
dev_2232_0,acc_2232
dev_2233_0,acc_2233
dev_2234_0,acc_2234
dev_2235_0,acc_2235
dev_2235_1,acc_2235
dev_2236_0,acc_2236
dev_2237_0,acc_2237
dev_2238_0,acc_2238
dev_2239_0,acc_2239
dev_2240_0,acc_2240
dev_2241_0,acc_2241
dev_2242_0,acc_2242
dev_2243_0,acc_2243
dev_2244_0,acc_2244
dev_2245_0,acc_2245
dev_2246_0,acc_2246
dev_2247_0,acc_2247
dev_2248_0,acc_2248
dev_2249_0,acc_2249
dev_2250_0,acc_2250
dev_2251_0,acc_2251
dev_2252_0,acc_2252
dev_2253_0,acc_2253
dev_2254_0,acc_2254
dev_2255_0,acc_2255
dev_2256_0,acc_2256
dev_2257_0,acc_2257
dev_2258_0,acc_2258
dev_2259_0,acc_2259
dev_2260_0,acc_2260
dev_2261_0,acc_2261
dev_2262_0,acc_2262
dev_2263_0,acc_2263
dev_2264_0,acc_2264
dev_2265_0,acc_2265
dev_2266_0,acc_2266
dev_2267_0,acc_2267
dev_2268_0,acc_2268
dev_2269_0,acc_2269
dev_2270_0,acc_2270
dev_2271_0,acc_2271
dev_2272_0,acc_2272
dev_2273_0,acc_2273
dev_2274_0,acc_2274
dev_2275_0,acc_2275
dev_2276_0,acc_2276
dev_2277_0,acc_2277
dev_2278_0,acc_2278
dev_2279_0,acc_2279
dev_2279_1,acc_2279
dev_2280_0,acc_2280
dev_2281_0,acc_2281
dev_2282_0,acc_2282
dev_2283_0,acc_2283
dev_2284_0,acc_2284
dev_2285_0,acc_2285
dev_2286_0,acc_2286
dev_2287_0,acc_2287
dev_2288_0,acc_2288
dev_2289_0,acc_2289
dev_2290_0,acc_2290
dev_2291_0,acc_2291
dev_2292_0,acc_2292
dev_2292_1,acc_2292
dev_2293_0,acc_2293
dev_2294_0,acc_2294
dev_2295_0,acc_2295
dev_2296_0,acc_2296
dev_2297_0,acc_2297
dev_2298_0,acc_2298
dev_2299_0,acc_2299
dev_2300_0,acc_2300
dev_2301_0,acc_2301
dev_2302_0,acc_2302
dev_2303_0,acc_2303
dev_2304_0,acc_2304
dev_2305_0,acc_2305
dev_2306_0,acc_2306
dev_2307_0,acc_2307
dev_2308_0,acc_2308
dev_2309_0,acc_2309
dev_2310_0,acc_2310
dev_2311_0,acc_2311
dev_2312_0,acc_2312
dev_2313_0,acc_2313
dev_2314_0,acc_2314
dev_2315_0,acc_2315
dev_2316_0,acc_2316
dev_2317_0,acc_2317
dev_2317_1,acc_2317
dev_2318_0,acc_2318
dev_2319_0,acc_2319
dev_2320_0,acc_2320
dev_2321_0,acc_2321
dev_2322_0,acc_2322
dev_2323_0,acc_2323
dev_2324_0,acc_2324
dev_2325_0,acc_2325
dev_2326_0,acc_2326
dev_2327_0,acc_2327
dev_2328_0,acc_2328
dev_2329_0,acc_2329
dev_2330_0,acc_2330
dev_2331_0,acc_2331
dev_2332_0,acc_2332
dev_2333_0,acc_2333
dev_2334_0,acc_2334
dev_2335_0,acc_2335
dev_2336_0,acc_2336
dev_2337_0,acc_2337
dev_2338_0,acc_2338
dev_2338_1,acc_2338
dev_2339_0,acc_2339
dev_2340_0,acc_2340
dev_2341_0,acc_2341
dev_2342_0,acc_2342
dev_2343_0,acc_2343
dev_2344_0,acc_2344
dev_2344_1,acc_2344
dev_2345_0,acc_2345
dev_2346_0,acc_2346
dev_2347_0,acc_2347
dev_2348_0,acc_2348
dev_2349_0,acc_2349
dev_2349_1,acc_2349
dev_2350_0,acc_2350
dev_2351_0,acc_2351
dev_2352_0,acc_2352
dev_2353_0,acc_2353
dev_2354_0,acc_2354
dev_2355_0,acc_2355
dev_2356_0,acc_2356
dev_2357_0,acc_2357
dev_2358_0,acc_2358
dev_2358_1,acc_2358
dev_2359_0,acc_2359
dev_2360_0,acc_2360
dev_2361_0,acc_2361
dev_2362_0,acc_2362
dev_2363_0,acc_2363
dev_2364_0,acc_2364
dev_2365_0,acc_2365
dev_2366_0,acc_2366
dev_2367_0,acc_2367
dev_2368_0,acc_2368
dev_2369_0,acc_2369
dev_2370_0,acc_2370
dev_2371_0,acc_2371
dev_2371_1,acc_2371
dev_2372_0,acc_2372
dev_2373_0,acc_2373
dev_2374_0,acc_2374
dev_2375_0,acc_2375
dev_2376_0,acc_2376
dev_2377_0,acc_2377
dev_2378_0,acc_2378
dev_2379_0,acc_2379
dev_2379_1,acc_2379
dev_2380_0,acc_2380
dev_2380_1,acc_2380
dev_2381_0,acc_2381
dev_2382_0,acc_2382
dev_2382_1,acc_2382
dev_2383_0,acc_2383
dev_2384_0,acc_2384
dev_2385_0,acc_2385
dev_2386_0,acc_2386
dev_2387_0,acc_2387
dev_2388_0,acc_2388
dev_2389_0,acc_2389
dev_2390_0,acc_2390
dev_2391_0,acc_2391
dev_2392_0,acc_2392
dev_2393_0,acc_2393
dev_2394_0,acc_2394
dev_2395_0,acc_2395
dev_2395_1,acc_2395
dev_2396_0,acc_2396
dev_2397_0,acc_2397
dev_2398_0,acc_2398
dev_2399_0,acc_2399
dev_2400_0,acc_2400
dev_2401_0,acc_2401
dev_2402_0,acc_2402
dev_2403_0,acc_2403
dev_2403_1,acc_2403
dev_2404_0,acc_2404
dev_2405_0,acc_2405
dev_2406_0,acc_2406
dev_2407_0,acc_2407
dev_2408_0,acc_2408
dev_2409_0,acc_2409
dev_2410_0,acc_2410
dev_2411_0,acc_2411
dev_2412_0,acc_2412
dev_2413_0,acc_2413
dev_2414_0,acc_2414
dev_2415_0,acc_2415
dev_2416_0,acc_2416
dev_2417_0,acc_2417
dev_2418_0,acc_2418
dev_2419_0,acc_2419
dev_2420_0,acc_2420
dev_2420_1,acc_2420
dev_2421_0,acc_2421
dev_2422_0,acc_2422
dev_2423_0,acc_2423
dev_2424_0,acc_2424
dev_2425_0,acc_2425
dev_2426_0,acc_2426
dev_2427_0,acc_2427
dev_2428_0,acc_2428
dev_2429_0,acc_2429
dev_2430_0,acc_2430
dev_2431_0,acc_2431
dev_2432_0,acc_2432
dev_2433_0,acc_2433
dev_2434_0,acc_2434
dev_2435_0,acc_2435
dev_2436_0,acc_2436
dev_2437_0,acc_2437
dev_2438_0,acc_2438
dev_2439_0,acc_2439
dev_2440_0,acc_2440
dev_2441_0,acc_2441
dev_2442_0,acc_2442
dev_2443_0,acc_2443
dev_2444_0,acc_2444
dev_2445_0,acc_2445
dev_2446_0,acc_2446
dev_2447_0,acc_2447
dev_2448_0,acc_2448
dev_2449_0,acc_2449
dev_2450_0,acc_2450
dev_2451_0,acc_2451
dev_2452_0,acc_2452
dev_2453_0,acc_2453
dev_2454_0,acc_2454
dev_2455_0,acc_2455
dev_2456_0,acc_2456
dev_2457_0,acc_2457
dev_2458_0,acc_2458
dev_2459_0,acc_2459
dev_2460_0,acc_2460
dev_2461_0,acc_2461
dev_2462_0,acc_2462
dev_2463_0,acc_2463
dev_2464_0,acc_2464
dev_2465_0,acc_2465
dev_2466_0,acc_2466
dev_2467_0,acc_2467
dev_2468_0,acc_2468
dev_2469_0,acc_2469
dev_2470_0,acc_2470
dev_2471_0,acc_2471
dev_2472_0,acc_2472
dev_2473_0,acc_2473
dev_2474_0,acc_2474
dev_2475_0,acc_2475
dev_2476_0,acc_2476
dev_2477_0,acc_2477
dev_2478_0,acc_2478
dev_2479_0,acc_2479
dev_2480_0,acc_2480
dev_2481_0,acc_2481
dev_2482_0,acc_2482
dev_2483_0,acc_2483
dev_2484_0,acc_2484
dev_2485_0,acc_2485
dev_2486_0,acc_2486
dev_2487_0,acc_2487
dev_2488_0,acc_2488
dev_2489_0,acc_2489
dev_2490_0,acc_2490
dev_2491_0,acc_2491
dev_2492_0,acc_2492
dev_2493_0,acc_2493
dev_2494_0,acc_2494
dev_2495_0,acc_2495
dev_2496_0,acc_2496
dev_2497_0,acc_2497
dev_2498_0,acc_2498
dev_2499_0,acc_2499
dev_2500_0,acc_2500
dev_2501_0,acc_2501
dev_2502_0,acc_2502
dev_2503_0,acc_2503
dev_2504_0,acc_2504
dev_2505_0,acc_2505
dev_2506_0,acc_2506
dev_2507_0,acc_2507
dev_2508_0,acc_2508
dev_2509_0,acc_2509
dev_2510_0,acc_2510
dev_2511_0,acc_2511
dev_2512_0,acc_2512
dev_2513_0,acc_2513
dev_2514_0,acc_2514
dev_2515_0,acc_2515
dev_2516_0,acc_2516
dev_2517_0,acc_2517
dev_2518_0,acc_2518
dev_2518_1,acc_2518
dev_2519_0,acc_2519
dev_2520_0,acc_2520
dev_2521_0,acc_2521
dev_2522_0,acc_2522
dev_2523_0,acc_2523
dev_2524_0,acc_2524
dev_2525_0,acc_2525
dev_2526_0,acc_2526
dev_2527_0,acc_2527
dev_2528_0,acc_2528
dev_2529_0,acc_2529
dev_2530_0,acc_2530
dev_2531_0,acc_2531
dev_2532_0,acc_2532
dev_2533_0,acc_2533
dev_2534_0,acc_2534
dev_2535_0,acc_2535
dev_2536_0,acc_2536
dev_2537_0,acc_2537
dev_2538_0,acc_2538
dev_2539_0,acc_2539
dev_2540_0,acc_2540
dev_2541_0,acc_2541
dev_2542_0,acc_2542
dev_2543_0,acc_2543
dev_2544_0,acc_2544
dev_2545_0,acc_2545
dev_2546_0,acc_2546
dev_2547_0,acc_2547
dev_2548_0,acc_2548
dev_2549_0,acc_2549
dev_2550_0,acc_2550
dev_2551_0,acc_2551
dev_2552_0,acc_2552
dev_2553_0,acc_2553
dev_2554_0,acc_2554
dev_2554_1,acc_2554
dev_2555_0,acc_2555
dev_2556_0,acc_2556
dev_2557_0,acc_2557
dev_2558_0,acc_2558
dev_2559_0,acc_2559
dev_2560_0,acc_2560
dev_2561_0,acc_2561
dev_2562_0,acc_2562
dev_2563_0,acc_2563
dev_2564_0,acc_2564
dev_2565_0,acc_2565
dev_2566_0,acc_2566
dev_2567_0,acc_2567
dev_2568_0,acc_2568
dev_2569_0,acc_2569
dev_2570_0,acc_2570
dev_2571_0,acc_2571
dev_2572_0,acc_2572
dev_2573_0,acc_2573
dev_2574_0,acc_2574
dev_2575_0,acc_2575
dev_2576_0,acc_2576
dev_2577_0,acc_2577
dev_2578_0,acc_2578
dev_2579_0,acc_2579
dev_2580_0,acc_2580
dev_2581_0,acc_2581
dev_2582_0,acc_2582
dev_2582_1,acc_2582
dev_2583_0,acc_2583
dev_2584_0,acc_2584
dev_2585_0,acc_2585
dev_2586_0,acc_2586
dev_2587_0,acc_2587
dev_2588_0,acc_2588
dev_2589_0,acc_2589
dev_2590_0,acc_2590
dev_2591_0,acc_2591
dev_2592_0,acc_2592
dev_2593_0,acc_2593
dev_2594_0,acc_2594
dev_2595_0,acc_2595
dev_2596_0,acc_2596
dev_2597_0,acc_2597
dev_2598_0,acc_2598
dev_2599_0,acc_2599
dev_2600_0,acc_2600
dev_2600_1,acc_2600
dev_2601_0,acc_2601
dev_2602_0,acc_2602
dev_2603_0,acc_2603
dev_2604_0,acc_2604
dev_2605_0,acc_2605
dev_2606_0,acc_2606
dev_2607_0,acc_2607
dev_2608_0,acc_2608
dev_2609_0,acc_2609
dev_2610_0,acc_2610
dev_2611_0,acc_2611
dev_2612_0,acc_2612
dev_2613_0,acc_2613
dev_2614_0,acc_2614
dev_2615_0,acc_2615
dev_2616_0,acc_2616
dev_2617_0,acc_2617
dev_2618_0,acc_2618
dev_2619_0,acc_2619
dev_2620_0,acc_2620
dev_2621_0,acc_2621
dev_2622_0,acc_2622
dev_2623_0,acc_2623
dev_2624_0,acc_2624
dev_2625_0,acc_2625
dev_2625_1,acc_2625
dev_2626_0,acc_2626
dev_2627_0,acc_2627
dev_2628_0,acc_2628
dev_2629_0,acc_2629
dev_2630_0,acc_2630
dev_2631_0,acc_2631
dev_2632_0,acc_2632
dev_2633_0,acc_2633
dev_2634_0,acc_2634
dev_2635_0,acc_2635
dev_2636_0,acc_2636
dev_2637_0,acc_2637
dev_2638_0,acc_2638
dev_2639_0,acc_2639
dev_2640_0,acc_2640
dev_2641_0,acc_2641
dev_2642_0,acc_2642
dev_2643_0,acc_2643
dev_2644_0,acc_2644
dev_2645_0,acc_2645
dev_2646_0,acc_2646
dev_2647_0,acc_2647
dev_2648_0,acc_2648
dev_2649_0,acc_2649
dev_2650_0,acc_2650
dev_2651_0,acc_2651
dev_2652_0,acc_2652
dev_2653_0,acc_2653
dev_2654_0,acc_2654
dev_2655_0,acc_2655
dev_2656_0,acc_2656
dev_2656_1,acc_2656
dev_2657_0,acc_2657
dev_2658_0,acc_2658
dev_2658_1,acc_2658
dev_2659_0,acc_2659
dev_2660_0,acc_2660
dev_2661_0,acc_2661
dev_2661_1,acc_2661
dev_2662_0,acc_2662
dev_2663_0,acc_2663
dev_2664_0,acc_2664
dev_2665_0,acc_2665
dev_2666_0,acc_2666
dev_2667_0,acc_2667
dev_2668_0,acc_2668
dev_2669_0,acc_2669
dev_2670_0,acc_2670
dev_2671_0,acc_2671
dev_2672_0,acc_2672
dev_2673_0,acc_2673
dev_2674_0,acc_2674
dev_2675_0,acc_2675
dev_2675_1,acc_2675
dev_2676_0,acc_2676
dev_2677_0,acc_2677
dev_2678_0,acc_2678
dev_2678_1,acc_2678
dev_2679_0,acc_2679
dev_2680_0,acc_2680
dev_2681_0,acc_2681
dev_2682_0,acc_2682
dev_2682_1,acc_2682
dev_2683_0,acc_2683
dev_2684_0,acc_2684
dev_2685_0,acc_2685
dev_2686_0,acc_2686
dev_2687_0,acc_2687
dev_2688_0,acc_2688
dev_2689_0,acc_2689
dev_2690_0,acc_2690
dev_2691_0,acc_2691
dev_2692_0,acc_2692
dev_2693_0,acc_2693
dev_2693_1,acc_2693
dev_2694_0,acc_2694
dev_2695_0,acc_2695
dev_2696_0,acc_2696
dev_2697_0,acc_2697
dev_2698_0,acc_2698
dev_2699_0,acc_2699
dev_2700_0,acc_2700
dev_2700_1,acc_2700
dev_2701_0,acc_2701
dev_2702_0,acc_2702
dev_2703_0,acc_2703
dev_2704_0,acc_2704
dev_2705_0,acc_2705
dev_2706_0,acc_2706
dev_2707_0,acc_2707
dev_2708_0,acc_2708
dev_2709_0,acc_2709
dev_2710_0,acc_2710
dev_2711_0,acc_2711
dev_2712_0,acc_2712
dev_2713_0,acc_2713
dev_2714_0,acc_2714
dev_2715_0,acc_2715
dev_2716_0,acc_2716
dev_2717_0,acc_2717
dev_2718_0,acc_2718
dev_2719_0,acc_2719
dev_2720_0,acc_2720
dev_2721_0,acc_2721
dev_2721_1,acc_2721
dev_2722_0,acc_2722
dev_2723_0,acc_2723
dev_2724_0,acc_2724
dev_2725_0,acc_2725
dev_2726_0,acc_2726
dev_2727_0,acc_2727
dev_2728_0,acc_2728
dev_2729_0,acc_2729
dev_2729_1,acc_2729
dev_2730_0,acc_2730
dev_2731_0,acc_2731
dev_2732_0,acc_2732
dev_2733_0,acc_2733
dev_2734_0,acc_2734
dev_2735_0,acc_2735
dev_2736_0,acc_2736
dev_2737_0,acc_2737
dev_2738_0,acc_2738
dev_2739_0,acc_2739
dev_2740_0,acc_2740
dev_2741_0,acc_2741
dev_2742_0,acc_2742
dev_2742_1,acc_2742
dev_2743_0,acc_2743
dev_2744_0,acc_2744
dev_2745_0,acc_2745
dev_2746_0,acc_2746
dev_2747_0,acc_2747
dev_2748_0,acc_2748
dev_2749_0,acc_2749
dev_2750_0,acc_2750
dev_2751_0,acc_2751
dev_2752_0,acc_2752
dev_2753_0,acc_2753
dev_2754_0,acc_2754
dev_2755_0,acc_2755
dev_2756_0,acc_2756
dev_2757_0,acc_2757
dev_2758_0,acc_2758
dev_2759_0,acc_2759
dev_2760_0,acc_2760
dev_2761_0,acc_2761
dev_2762_0,acc_2762
dev_2763_0,acc_2763
dev_2764_0,acc_2764
dev_2765_0,acc_2765
dev_2766_0,acc_2766
dev_2767_0,acc_2767
dev_2768_0,acc_2768
dev_2769_0,acc_2769
dev_2770_0,acc_2770
dev_2771_0,acc_2771
dev_2772_0,acc_2772
dev_2773_0,acc_2773
dev_2774_0,acc_2774
dev_2775_0,acc_2775
dev_2776_0,acc_2776
dev_2777_0,acc_2777
dev_2778_0,acc_2778
dev_2779_0,acc_2779
dev_2780_0,acc_2780
dev_2780_1,acc_2780
dev_2781_0,acc_2781
dev_2782_0,acc_2782
dev_2783_0,acc_2783
dev_2784_0,acc_2784
dev_2784_1,acc_2784
dev_2785_0,acc_2785
dev_2786_0,acc_2786
dev_2787_0,acc_2787
dev_2788_0,acc_2788
dev_2788_1,acc_2788
dev_2789_0,acc_2789
dev_2790_0,acc_2790
dev_2791_0,acc_2791
dev_2792_0,acc_2792
dev_2793_0,acc_2793
dev_2794_0,acc_2794
dev_2795_0,acc_2795
dev_2796_0,acc_2796
dev_2796_1,acc_2796
dev_2797_0,acc_2797
dev_2798_0,acc_2798
dev_2799_0,acc_2799
dev_2800_0,acc_2800
dev_2801_0,acc_2801
dev_2802_0,acc_2802
dev_2803_0,acc_2803
dev_2804_0,acc_2804
dev_2805_0,acc_2805
dev_2806_0,acc_2806
dev_2807_0,acc_2807
dev_2808_0,acc_2808
dev_2809_0,acc_2809
dev_2810_0,acc_2810
dev_2811_0,acc_2811
dev_2812_0,acc_2812
dev_2813_0,acc_2813
dev_2814_0,acc_2814
dev_2815_0,acc_2815
dev_2816_0,acc_2816
dev_2817_0,acc_2817
dev_2818_0,acc_2818
dev_2819_0,acc_2819
dev_2820_0,acc_2820
dev_2821_0,acc_2821
dev_2822_0,acc_2822
dev_2823_0,acc_2823
dev_2824_0,acc_2824
dev_2825_0,acc_2825
dev_2826_0,acc_2826
dev_2827_0,acc_2827
dev_2828_0,acc_2828
dev_2829_0,acc_2829
dev_2830_0,acc_2830
dev_2831_0,acc_2831
dev_2832_0,acc_2832
dev_2833_0,acc_2833
dev_2834_0,acc_2834
dev_2835_0,acc_2835
dev_2836_0,acc_2836
dev_2837_0,acc_2837
dev_2838_0,acc_2838
dev_2839_0,acc_2839
dev_2840_0,acc_2840
dev_2841_0,acc_2841
dev_2842_0,acc_2842
dev_2843_0,acc_2843
dev_2844_0,acc_2844
dev_2845_0,acc_2845
dev_2846_0,acc_2846
dev_2847_0,acc_2847
dev_2848_0,acc_2848
dev_2849_0,acc_2849
dev_2850_0,acc_2850
dev_2851_0,acc_2851
dev_2852_0,acc_2852
dev_2853_0,acc_2853
dev_2854_0,acc_2854
dev_2855_0,acc_2855
dev_2855_1,acc_2855
dev_2856_0,acc_2856
dev_2857_0,acc_2857
dev_2858_0,acc_2858
dev_2859_0,acc_2859
dev_2860_0,acc_2860
dev_2861_0,acc_2861
dev_2862_0,acc_2862
dev_2863_0,acc_2863
dev_2864_0,acc_2864
dev_2865_0,acc_2865
dev_2866_0,acc_2866
dev_2867_0,acc_2867
dev_2868_0,acc_2868
dev_2869_0,acc_2869
dev_2870_0,acc_2870
dev_2871_0,acc_2871
dev_2871_1,acc_2871
dev_2872_0,acc_2872
dev_2873_0,acc_2873
dev_2873_1,acc_2873
dev_2874_0,acc_2874
dev_2875_0,acc_2875
dev_2876_0,acc_2876
dev_2877_0,acc_2877
dev_2878_0,acc_2878
dev_2879_0,acc_2879
dev_2880_0,acc_2880
dev_2881_0,acc_2881
dev_2882_0,acc_2882
dev_2883_0,acc_2883
dev_2884_0,acc_2884
dev_2885_0,acc_2885
dev_2886_0,acc_2886
dev_2887_0,acc_2887
dev_2888_0,acc_2888
dev_2889_0,acc_2889
dev_2890_0,acc_2890
dev_2891_0,acc_2891
dev_2892_0,acc_2892
dev_2893_0,acc_2893
dev_2894_0,acc_2894
dev_2895_0,acc_2895
dev_2896_0,acc_2896
dev_2897_0,acc_2897
dev_2898_0,acc_2898
dev_2898_1,acc_2898
dev_2899_0,acc_2899
dev_2900_0,acc_2900
dev_2901_0,acc_2901
dev_2902_0,acc_2902
dev_2903_0,acc_2903
dev_2903_1,acc_2903
dev_2904_0,acc_2904
dev_2905_0,acc_2905
dev_2905_1,acc_2905
dev_2906_0,acc_2906
dev_2907_0,acc_2907
dev_2908_0,acc_2908
dev_2909_0,acc_2909
dev_2910_0,acc_2910
dev_2911_0,acc_2911
dev_2912_0,acc_2912
dev_2913_0,acc_2913
dev_2914_0,acc_2914
dev_2915_0,acc_2915
dev_2916_0,acc_2916
dev_2917_0,acc_2917
dev_2918_0,acc_2918
dev_2919_0,acc_2919
dev_2920_0,acc_2920
dev_2921_0,acc_2921
dev_2922_0,acc_2922
dev_2923_0,acc_2923
dev_2924_0,acc_2924
dev_2925_0,acc_2925
dev_2925_1,acc_2925
dev_2926_0,acc_2926
dev_2927_0,acc_2927
dev_2928_0,acc_2928
dev_2929_0,acc_2929
dev_2930_0,acc_2930
dev_2931_0,acc_2931
dev_2932_0,acc_2932
dev_2933_0,acc_2933
dev_2934_0,acc_2934
dev_2935_0,acc_2935
dev_2936_0,acc_2936
dev_2937_0,acc_2937
dev_2938_0,acc_2938
dev_2939_0,acc_2939
dev_2940_0,acc_2940
dev_2941_0,acc_2941
dev_2941_1,acc_2941
dev_2942_0,acc_2942
dev_2943_0,acc_2943
dev_2944_0,acc_2944
dev_2945_0,acc_2945
dev_2946_0,acc_2946
dev_2947_0,acc_2947
dev_2948_0,acc_2948
dev_2949_0,acc_2949
dev_2950_0,acc_2950
dev_2951_0,acc_2951
dev_2952_0,acc_2952
dev_2953_0,acc_2953
dev_2954_0,acc_2954
dev_2955_0,acc_2955
dev_2956_0,acc_2956
dev_2957_0,acc_2957
dev_2958_0,acc_2958
dev_2959_0,acc_2959
dev_2960_0,acc_2960
dev_2960_1,acc_2960
dev_2961_0,acc_2961
dev_2962_0,acc_2962
dev_2963_0,acc_2963
dev_2964_0,acc_2964
dev_2965_0,acc_2965
dev_2966_0,acc_2966
dev_2966_1,acc_2966
dev_2967_0,acc_2967
dev_2968_0,acc_2968
dev_2969_0,acc_2969
dev_2970_0,acc_2970
dev_2971_0,acc_2971
dev_2972_0,acc_2972
dev_2973_0,acc_2973
dev_2974_0,acc_2974
dev_2975_0,acc_2975
dev_2976_0,acc_2976
dev_2977_0,acc_2977
dev_2978_0,acc_2978
dev_2979_0,acc_2979
dev_2980_0,acc_2980
dev_2981_0,acc_2981
dev_2982_0,acc_2982
dev_2983_0,acc_2983
dev_2984_0,acc_2984
dev_2985_0,acc_2985
dev_2986_0,acc_2986
dev_2987_0,acc_2987
dev_2987_1,acc_2987
dev_2988_0,acc_2988
dev_2989_0,acc_2989
dev_2990_0,acc_2990
dev_2991_0,acc_2991
dev_2992_0,acc_2992
dev_2993_0,acc_2993
dev_2994_0,acc_2994
dev_2995_0,acc_2995
dev_2996_0,acc_2996
dev_2997_0,acc_2997
dev_2998_0,acc_2998
dev_2999_0,acc_2999
dev_3000_0,acc_3000
dev_3001_0,acc_3001
dev_3002_0,acc_3002
dev_3002_1,acc_3002
dev_3003_0,acc_3003
dev_3004_0,acc_3004
dev_3005_0,acc_3005
dev_3006_0,acc_3006
dev_3007_0,acc_3007
dev_3008_0,acc_3008
dev_3009_0,acc_3009
dev_3010_0,acc_3010
dev_3011_0,acc_3011
dev_3012_0,acc_3012
dev_3013_0,acc_3013
dev_3014_0,acc_3014
dev_3015_0,acc_3015
dev_3016_0,acc_3016
dev_3017_0,acc_3017
dev_3018_0,acc_3018
dev_3019_0,acc_3019
dev_3020_0,acc_3020
dev_3021_0,acc_3021
dev_3022_0,acc_3022
dev_3023_0,acc_3023
dev_3024_0,acc_3024
dev_3025_0,acc_3025
dev_3025_1,acc_3025
dev_3026_0,acc_3026
dev_3027_0,acc_3027
dev_3028_0,acc_3028
dev_3029_0,acc_3029
dev_3030_0,acc_3030
dev_3031_0,acc_3031
dev_3032_0,acc_3032
dev_3033_0,acc_3033
dev_3034_0,acc_3034
dev_3035_0,acc_3035
dev_3036_0,acc_3036
dev_3037_0,acc_3037
dev_3038_0,acc_3038
dev_3039_0,acc_3039
dev_3040_0,acc_3040
dev_3040_1,acc_3040
dev_3041_0,acc_3041
dev_3042_0,acc_3042
dev_3043_0,acc_3043
dev_3044_0,acc_3044
dev_3045_0,acc_3045
dev_3046_0,acc_3046
dev_3047_0,acc_3047
dev_3048_0,acc_3048
dev_3049_0,acc_3049
dev_3050_0,acc_3050
dev_3051_0,acc_3051
dev_3052_0,acc_3052
dev_3053_0,acc_3053
dev_3054_0,acc_3054
dev_3055_0,acc_3055
dev_3056_0,acc_3056
dev_3057_0,acc_3057
dev_3058_0,acc_3058
dev_3058_1,acc_3058
dev_3059_0,acc_3059
dev_3060_0,acc_3060
dev_3061_0,acc_3061
dev_3061_1,acc_3061
dev_3062_0,acc_3062
dev_3063_0,acc_3063
dev_3064_0,acc_3064
dev_3065_0,acc_3065
dev_3066_0,acc_3066
dev_3067_0,acc_3067
dev_3068_0,acc_3068
dev_3069_0,acc_3069
dev_3070_0,acc_3070
dev_3071_0,acc_3071
dev_3072_0,acc_3072
dev_3073_0,acc_3073
dev_3074_0,acc_3074
dev_3075_0,acc_3075
dev_3076_0,acc_3076
dev_3077_0,acc_3077
dev_3078_0,acc_3078
dev_3079_0,acc_3079
dev_3080_0,acc_3080
dev_3081_0,acc_3081
dev_3082_0,acc_3082
dev_3083_0,acc_3083
dev_3083_1,acc_3083
dev_3084_0,acc_3084
dev_3085_0,acc_3085
dev_3086_0,acc_3086
dev_3087_0,acc_3087
dev_3088_0,acc_3088
dev_3089_0,acc_3089
dev_3090_0,acc_3090
dev_3091_0,acc_3091
dev_3091_1,acc_3091
dev_3092_0,acc_3092
dev_3093_0,acc_3093
dev_3094_0,acc_3094
dev_3095_0,acc_3095
dev_3096_0,acc_3096
dev_3097_0,acc_3097
dev_3098_0,acc_3098
dev_3099_0,acc_3099
dev_3100_0,acc_3100
dev_3101_0,acc_3101
dev_3102_0,acc_3102
dev_3103_0,acc_3103
dev_3104_0,acc_3104
dev_3105_0,acc_3105
dev_3106_0,acc_3106
dev_3107_0,acc_3107
dev_3108_0,acc_3108
dev_3109_0,acc_3109
dev_3110_0,acc_3110
dev_3111_0,acc_3111
dev_3112_0,acc_3112
dev_3113_0,acc_3113
dev_3113_1,acc_3113
dev_3114_0,acc_3114
dev_3115_0,acc_3115
dev_3116_0,acc_3116
dev_3117_0,acc_3117
dev_3118_0,acc_3118
dev_3119_0,acc_3119
dev_3120_0,acc_3120
dev_3121_0,acc_3121
dev_3122_0,acc_3122
dev_3123_0,acc_3123
dev_3124_0,acc_3124
dev_3125_0,acc_3125
dev_3126_0,acc_3126
dev_3127_0,acc_3127
dev_3128_0,acc_3128
dev_3129_0,acc_3129
dev_3130_0,acc_3130
dev_3131_0,acc_3131
dev_3131_1,acc_3131
dev_3132_0,acc_3132
dev_3133_0,acc_3133
dev_3134_0,acc_3134
dev_3135_0,acc_3135
dev_3136_0,acc_3136
dev_3137_0,acc_3137
dev_3138_0,acc_3138
dev_3139_0,acc_3139
dev_3140_0,acc_3140
dev_3141_0,acc_3141
dev_3142_0,acc_3142
dev_3143_0,acc_3143
dev_3144_0,acc_3144
dev_3145_0,acc_3145
dev_3146_0,acc_3146
dev_3147_0,acc_3147
dev_3148_0,acc_3148
dev_3149_0,acc_3149
dev_3150_0,acc_3150
dev_3151_0,acc_3151
dev_3152_0,acc_3152
dev_3153_0,acc_3153
dev_3154_0,acc_3154
dev_3155_0,acc_3155
dev_3156_0,acc_3156
dev_3157_0,acc_3157
dev_3158_0,acc_3158
dev_3159_0,acc_3159
dev_3160_0,acc_3160
dev_3161_0,acc_3161
dev_3162_0,acc_3162
dev_3163_0,acc_3163
dev_3164_0,acc_3164
dev_3165_0,acc_3165
dev_3166_0,acc_3166
dev_3167_0,acc_3167
dev_3168_0,acc_3168
dev_3169_0,acc_3169
dev_3170_0,acc_3170
dev_3171_0,acc_3171
dev_3172_0,acc_3172
dev_3173_0,acc_3173
dev_3173_1,acc_3173
dev_3174_0,acc_3174
dev_3175_0,acc_3175
dev_3176_0,acc_3176
dev_3177_0,acc_3177
dev_3177_1,acc_3177
dev_3178_0,acc_3178
dev_3179_0,acc_3179
dev_3180_0,acc_3180
dev_3181_0,acc_3181
dev_3182_0,acc_3182
dev_3183_0,acc_3183
dev_3184_0,acc_3184
dev_3185_0,acc_3185
dev_3186_0,acc_3186
dev_3187_0,acc_3187
dev_3188_0,acc_3188
dev_3189_0,acc_3189
dev_3190_0,acc_3190
dev_3191_0,acc_3191
dev_3192_0,acc_3192
dev_3193_0,acc_3193
dev_3194_0,acc_3194
dev_3195_0,acc_3195
dev_3196_0,acc_3196
dev_3197_0,acc_3197
dev_3198_0,acc_3198
dev_3199_0,acc_3199
dev_3200_0,acc_3200
dev_3201_0,acc_3201
dev_3202_0,acc_3202
dev_3203_0,acc_3203
dev_3204_0,acc_3204
dev_3205_0,acc_3205
dev_3206_0,acc_3206
dev_3207_0,acc_3207
dev_3208_0,acc_3208
dev_3209_0,acc_3209
dev_3210_0,acc_3210
dev_3211_0,acc_3211
dev_3212_0,acc_3212
dev_3213_0,acc_3213
dev_3214_0,acc_3214
dev_3215_0,acc_3215
dev_3216_0,acc_3216
dev_3217_0,acc_3217
dev_3218_0,acc_3218
dev_3219_0,acc_3219
dev_3220_0,acc_3220
dev_3221_0,acc_3221
dev_3222_0,acc_3222
dev_3223_0,acc_3223
dev_3224_0,acc_3224
dev_3225_0,acc_3225
dev_3225_1,acc_3225
dev_3226_0,acc_3226
dev_3227_0,acc_3227
dev_3228_0,acc_3228
dev_3229_0,acc_3229
dev_3230_0,acc_3230
dev_3231_0,acc_3231
dev_3232_0,acc_3232
dev_3233_0,acc_3233
dev_3234_0,acc_3234
dev_3235_0,acc_3235
dev_3236_0,acc_3236
dev_3236_1,acc_3236
dev_3237_0,acc_3237
dev_3238_0,acc_3238
dev_3239_0,acc_3239
dev_3240_0,acc_3240
dev_3241_0,acc_3241
dev_3242_0,acc_3242
dev_3243_0,acc_3243
dev_3244_0,acc_3244
dev_3245_0,acc_3245
dev_3246_0,acc_3246
dev_3247_0,acc_3247
dev_3248_0,acc_3248
dev_3249_0,acc_3249
dev_3250_0,acc_3250
dev_3251_0,acc_3251
dev_3252_0,acc_3252
dev_3253_0,acc_3253
dev_3254_0,acc_3254
dev_3255_0,acc_3255
dev_3256_0,acc_3256
dev_3257_0,acc_3257
dev_3258_0,acc_3258
dev_3259_0,acc_3259
dev_3260_0,acc_3260
dev_3261_0,acc_3261
dev_3262_0,acc_3262
dev_3262_1,acc_3262
dev_3263_0,acc_3263
dev_3264_0,acc_3264
dev_3265_0,acc_3265
dev_3266_0,acc_3266
dev_3267_0,acc_3267
dev_3268_0,acc_3268
dev_3269_0,acc_3269
dev_3270_0,acc_3270
dev_3271_0,acc_3271
dev_3272_0,acc_3272
dev_3273_0,acc_3273
dev_3274_0,acc_3274
dev_3275_0,acc_3275
dev_3276_0,acc_3276
dev_3277_0,acc_3277
dev_3278_0,acc_3278
dev_3279_0,acc_3279
dev_3279_1,acc_3279
dev_3280_0,acc_3280
dev_3281_0,acc_3281
dev_3282_0,acc_3282
dev_3283_0,acc_3283
dev_3284_0,acc_3284
dev_3285_0,acc_3285
dev_3286_0,acc_3286
dev_3287_0,acc_3287
dev_3288_0,acc_3288
dev_3289_0,acc_3289
dev_3290_0,acc_3290
dev_3291_0,acc_3291
dev_3292_0,acc_3292
dev_3293_0,acc_3293
dev_3294_0,acc_3294
dev_3295_0,acc_3295
dev_3296_0,acc_3296
dev_3297_0,acc_3297
dev_3298_0,acc_3298
dev_3299_0,acc_3299
dev_3300_0,acc_3300
dev_3301_0,acc_3301
dev_3302_0,acc_3302
dev_3303_0,acc_3303
dev_3304_0,acc_3304
dev_3305_0,acc_3305
dev_3306_0,acc_3306
dev_3307_0,acc_3307
dev_3308_0,acc_3308
dev_3309_0,acc_3309
dev_3310_0,acc_3310
dev_3311_0,acc_3311
dev_3312_0,acc_3312
dev_3313_0,acc_3313
dev_3314_0,acc_3314
dev_3315_0,acc_3315
dev_3316_0,acc_3316
dev_3317_0,acc_3317
dev_3318_0,acc_3318
dev_3319_0,acc_3319
dev_3320_0,acc_3320
dev_3321_0,acc_3321
dev_3322_0,acc_3322
dev_3323_0,acc_3323
dev_3324_0,acc_3324
dev_3325_0,acc_3325
dev_3326_0,acc_3326
dev_3327_0,acc_3327
dev_3328_0,acc_3328
dev_3329_0,acc_3329
dev_3330_0,acc_3330
dev_3331_0,acc_3331
dev_3332_0,acc_3332
dev_3333_0,acc_3333
dev_3334_0,acc_3334
dev_3335_0,acc_3335
dev_3336_0,acc_3336
dev_3337_0,acc_3337
dev_3338_0,acc_3338
dev_3339_0,acc_3339
dev_3340_0,acc_3340
dev_3341_0,acc_3341
dev_3342_0,acc_3342
dev_3343_0,acc_3343
dev_3344_0,acc_3344
dev_3345_0,acc_3345
dev_3346_0,acc_3346
dev_3347_0,acc_3347
dev_3348_0,acc_3348
dev_3349_0,acc_3349
dev_3350_0,acc_3350
dev_3351_0,acc_3351
dev_3352_0,acc_3352
dev_3353_0,acc_3353
dev_3354_0,acc_3354
dev_3355_0,acc_3355
dev_3356_0,acc_3356
dev_3357_0,acc_3357
dev_3358_0,acc_3358
dev_3359_0,acc_3359
dev_3360_0,acc_3360
dev_3361_0,acc_3361
dev_3362_0,acc_3362
dev_3363_0,acc_3363
dev_3364_0,acc_3364
dev_3365_0,acc_3365
dev_3366_0,acc_3366
dev_3367_0,acc_3367
dev_3368_0,acc_3368
dev_3369_0,acc_3369
dev_3370_0,acc_3370
dev_3371_0,acc_3371
dev_3372_0,acc_3372
dev_3372_1,acc_3372
dev_3373_0,acc_3373
dev_3374_0,acc_3374
dev_3375_0,acc_3375
dev_3376_0,acc_3376
dev_3377_0,acc_3377
dev_3378_0,acc_3378
dev_3379_0,acc_3379
dev_3380_0,acc_3380
dev_3381_0,acc_3381
dev_3382_0,acc_3382
dev_3383_0,acc_3383
dev_3384_0,acc_3384
dev_3385_0,acc_3385
dev_3386_0,acc_3386
dev_3387_0,acc_3387
dev_3388_0,acc_3388
dev_3389_0,acc_3389
dev_3390_0,acc_3390
dev_3391_0,acc_3391
dev_3392_0,acc_3392
dev_3393_0,acc_3393
dev_3394_0,acc_3394
dev_3395_0,acc_3395
dev_3396_0,acc_3396
dev_3397_0,acc_3397
dev_3398_0,acc_3398
dev_3399_0,acc_3399
dev_3400_0,acc_3400
dev_3401_0,acc_3401
dev_3402_0,acc_3402
dev_3403_0,acc_3403
dev_3404_0,acc_3404
dev_3405_0,acc_3405
dev_3406_0,acc_3406
dev_3407_0,acc_3407
dev_3408_0,acc_3408
dev_3409_0,acc_3409
dev_3410_0,acc_3410
dev_3411_0,acc_3411
dev_3411_1,acc_3411
dev_3412_0,acc_3412
dev_3413_0,acc_3413
dev_3414_0,acc_3414
dev_3415_0,acc_3415
dev_3416_0,acc_3416
dev_3417_0,acc_3417
dev_3418_0,acc_3418
dev_3419_0,acc_3419
dev_3419_1,acc_3419
dev_3420_0,acc_3420
dev_3421_0,acc_3421
dev_3422_0,acc_3422
dev_3423_0,acc_3423
dev_3424_0,acc_3424
dev_3425_0,acc_3425
dev_3426_0,acc_3426
dev_3427_0,acc_3427
dev_3428_0,acc_3428
dev_3429_0,acc_3429
dev_3430_0,acc_3430
dev_3431_0,acc_3431
dev_3432_0,acc_3432
dev_3433_0,acc_3433
dev_3434_0,acc_3434
dev_3434_1,acc_3434
dev_3435_0,acc_3435
dev_3436_0,acc_3436
dev_3437_0,acc_3437
dev_3438_0,acc_3438
dev_3439_0,acc_3439
dev_3440_0,acc_3440
dev_3441_0,acc_3441
dev_3442_0,acc_3442
dev_3443_0,acc_3443
dev_3444_0,acc_3444
dev_3445_0,acc_3445
dev_3446_0,acc_3446
dev_3447_0,acc_3447
dev_3448_0,acc_3448
dev_3449_0,acc_3449
dev_3450_0,acc_3450
dev_3451_0,acc_3451
dev_3452_0,acc_3452
dev_3453_0,acc_3453
dev_3454_0,acc_3454
dev_3455_0,acc_3455
dev_3455_1,acc_3455
dev_3456_0,acc_3456
dev_3457_0,acc_3457
dev_3458_0,acc_3458
dev_3459_0,acc_3459
dev_3460_0,acc_3460
dev_3461_0,acc_3461
dev_3462_0,acc_3462
dev_3463_0,acc_3463
dev_3464_0,acc_3464
dev_3465_0,acc_3465
dev_3466_0,acc_3466
dev_3467_0,acc_3467
dev_3468_0,acc_3468
dev_3469_0,acc_3469
dev_3470_0,acc_3470
dev_3471_0,acc_3471
dev_3472_0,acc_3472
dev_3473_0,acc_3473
dev_3474_0,acc_3474
dev_3475_0,acc_3475
dev_3476_0,acc_3476
dev_3477_0,acc_3477
dev_3478_0,acc_3478
dev_3479_0,acc_3479
dev_3479_1,acc_3479
dev_3480_0,acc_3480
dev_3481_0,acc_3481
dev_3482_0,acc_3482
dev_3483_0,acc_3483
dev_3484_0,acc_3484
dev_3485_0,acc_3485
dev_3486_0,acc_3486
dev_3487_0,acc_3487
dev_3488_0,acc_3488
dev_3489_0,acc_3489
dev_3490_0,acc_3490
dev_3491_0,acc_3491
dev_3492_0,acc_3492
dev_3493_0,acc_3493
dev_3494_0,acc_3494
dev_3495_0,acc_3495
dev_3496_0,acc_3496
dev_3497_0,acc_3497
dev_3498_0,acc_3498
dev_3499_0,acc_3499
dev_3500_0,acc_3500
dev_3501_0,acc_3501
dev_3502_0,acc_3502
dev_3503_0,acc_3503
dev_3504_0,acc_3504
dev_3505_0,acc_3505
dev_3506_0,acc_3506
dev_3507_0,acc_3507
dev_3508_0,acc_3508
dev_3509_0,acc_3509
dev_3510_0,acc_3510
dev_3511_0,acc_3511
dev_3512_0,acc_3512
dev_3513_0,acc_3513
dev_3513_1,acc_3513
dev_3514_0,acc_3514
dev_3515_0,acc_3515
dev_3516_0,acc_3516
dev_3517_0,acc_3517
dev_3518_0,acc_3518
dev_3519_0,acc_3519
dev_3520_0,acc_3520
dev_3521_0,acc_3521
dev_3522_0,acc_3522
dev_3523_0,acc_3523
dev_3524_0,acc_3524
dev_3525_0,acc_3525
dev_3526_0,acc_3526
dev_3527_0,acc_3527
dev_3528_0,acc_3528
dev_3529_0,acc_3529
dev_3530_0,acc_3530
dev_3531_0,acc_3531
dev_3532_0,acc_3532
dev_3533_0,acc_3533
dev_3534_0,acc_3534
dev_3535_0,acc_3535
dev_3536_0,acc_3536
dev_3537_0,acc_3537
dev_3538_0,acc_3538
dev_3539_0,acc_3539
dev_3540_0,acc_3540
dev_3541_0,acc_3541
dev_3542_0,acc_3542
dev_3543_0,acc_3543
dev_3544_0,acc_3544
dev_3545_0,acc_3545
dev_3546_0,acc_3546
dev_3547_0,acc_3547
dev_3548_0,acc_3548
dev_3549_0,acc_3549
dev_3550_0,acc_3550
dev_3551_0,acc_3551
dev_3552_0,acc_3552
dev_3553_0,acc_3553
dev_3554_0,acc_3554
dev_3555_0,acc_3555
dev_3556_0,acc_3556
dev_3557_0,acc_3557
dev_3558_0,acc_3558
dev_3559_0,acc_3559
dev_3560_0,acc_3560
dev_3561_0,acc_3561
dev_3562_0,acc_3562
dev_3563_0,acc_3563
dev_3564_0,acc_3564
dev_3565_0,acc_3565
dev_3566_0,acc_3566
dev_3567_0,acc_3567
dev_3568_0,acc_3568
dev_3569_0,acc_3569
dev_3570_0,acc_3570
dev_3571_0,acc_3571
dev_3572_0,acc_3572
dev_3573_0,acc_3573
dev_3574_0,acc_3574
dev_3575_0,acc_3575
dev_3576_0,acc_3576
dev_3577_0,acc_3577
dev_3578_0,acc_3578
dev_3579_0,acc_3579
dev_3580_0,acc_3580
dev_3581_0,acc_3581
dev_3582_0,acc_3582
dev_3583_0,acc_3583
dev_3584_0,acc_3584
dev_3585_0,acc_3585
dev_3586_0,acc_3586
dev_3587_0,acc_3587
dev_3588_0,acc_3588
dev_3589_0,acc_3589
dev_3590_0,acc_3590
dev_3591_0,acc_3591
dev_3592_0,acc_3592
dev_3593_0,acc_3593
dev_3594_0,acc_3594
dev_3595_0,acc_3595
dev_3596_0,acc_3596
dev_3597_0,acc_3597
dev_3598_0,acc_3598
dev_3599_0,acc_3599
dev_3600_0,acc_3600
dev_3601_0,acc_3601
dev_3602_0,acc_3602
dev_3603_0,acc_3603
dev_3604_0,acc_3604
dev_3605_0,acc_3605
dev_3606_0,acc_3606
dev_3607_0,acc_3607
dev_3608_0,acc_3608
dev_3609_0,acc_3609
dev_3610_0,acc_3610
dev_3611_0,acc_3611
dev_3612_0,acc_3612
dev_3612_1,acc_3612
dev_3613_0,acc_3613
dev_3614_0,acc_3614
dev_3615_0,acc_3615
dev_3616_0,acc_3616
dev_3617_0,acc_3617
dev_3618_0,acc_3618
dev_3619_0,acc_3619
dev_3620_0,acc_3620
dev_3621_0,acc_3621
dev_3622_0,acc_3622
dev_3623_0,acc_3623
dev_3624_0,acc_3624
dev_3625_0,acc_3625
dev_3626_0,acc_3626
dev_3627_0,acc_3627
dev_3628_0,acc_3628
dev_3629_0,acc_3629
dev_3630_0,acc_3630
dev_3631_0,acc_3631
dev_3632_0,acc_3632
dev_3633_0,acc_3633
dev_3634_0,acc_3634
dev_3635_0,acc_3635
dev_3635_1,acc_3635
dev_3636_0,acc_3636
dev_3637_0,acc_3637
dev_3638_0,acc_3638
dev_3639_0,acc_3639
dev_3640_0,acc_3640
dev_3641_0,acc_3641
dev_3642_0,acc_3642
dev_3643_0,acc_3643
dev_3644_0,acc_3644
dev_3645_0,acc_3645
dev_3646_0,acc_3646
dev_3647_0,acc_3647
dev_3647_1,acc_3647
dev_3648_0,acc_3648
dev_3649_0,acc_3649
dev_3650_0,acc_3650
dev_3651_0,acc_3651
dev_3652_0,acc_3652
dev_3653_0,acc_3653
dev_3654_0,acc_3654
dev_3655_0,acc_3655
dev_3656_0,acc_3656
dev_3657_0,acc_3657
dev_3657_1,acc_3657
dev_3658_0,acc_3658
dev_3659_0,acc_3659
dev_3660_0,acc_3660
dev_3661_0,acc_3661
dev_3662_0,acc_3662
dev_3663_0,acc_3663
dev_3664_0,acc_3664
dev_3665_0,acc_3665
dev_3666_0,acc_3666
dev_3667_0,acc_3667
dev_3668_0,acc_3668
dev_3669_0,acc_3669
dev_3670_0,acc_3670
dev_3671_0,acc_3671
dev_3672_0,acc_3672
dev_3673_0,acc_3673
dev_3674_0,acc_3674
dev_3675_0,acc_3675
dev_3676_0,acc_3676
dev_3677_0,acc_3677
dev_3678_0,acc_3678
dev_3679_0,acc_3679
dev_3680_0,acc_3680
dev_3681_0,acc_3681
dev_3682_0,acc_3682
dev_3683_0,acc_3683
dev_3684_0,acc_3684
dev_3685_0,acc_3685
dev_3686_0,acc_3686
dev_3687_0,acc_3687
dev_3688_0,acc_3688
dev_3689_0,acc_3689
dev_3690_0,acc_3690
dev_3691_0,acc_3691
dev_3692_0,acc_3692
dev_3693_0,acc_3693
dev_3693_1,acc_3693
dev_3694_0,acc_3694
dev_3695_0,acc_3695
dev_3696_0,acc_3696
dev_3697_0,acc_3697
dev_3698_0,acc_3698
dev_3699_0,acc_3699
dev_3700_0,acc_3700
dev_3701_0,acc_3701
dev_3702_0,acc_3702
dev_3703_0,acc_3703
dev_3703_1,acc_3703
dev_3704_0,acc_3704
dev_3705_0,acc_3705
dev_3706_0,acc_3706
dev_3707_0,acc_3707
dev_3708_0,acc_3708
dev_3709_0,acc_3709
dev_3710_0,acc_3710
dev_3711_0,acc_3711
dev_3712_0,acc_3712
dev_3713_0,acc_3713
dev_3714_0,acc_3714
dev_3715_0,acc_3715
dev_3716_0,acc_3716
dev_3717_0,acc_3717
dev_3718_0,acc_3718
dev_3719_0,acc_3719
dev_3720_0,acc_3720
dev_3721_0,acc_3721
dev_3722_0,acc_3722
dev_3723_0,acc_3723
dev_3724_0,acc_3724
dev_3725_0,acc_3725
dev_3726_0,acc_3726
dev_3727_0,acc_3727
dev_3727_1,acc_3727
dev_3728_0,acc_3728
dev_3729_0,acc_3729
dev_3730_0,acc_3730
dev_3731_0,acc_3731
dev_3732_0,acc_3732
dev_3733_0,acc_3733
dev_3734_0,acc_3734
dev_3735_0,acc_3735
dev_3736_0,acc_3736
dev_3737_0,acc_3737
dev_3738_0,acc_3738
dev_3739_0,acc_3739
dev_3740_0,acc_3740
dev_3741_0,acc_3741
dev_3742_0,acc_3742
dev_3743_0,acc_3743
dev_3743_1,acc_3743
dev_3744_0,acc_3744
dev_3745_0,acc_3745
dev_3746_0,acc_3746
dev_3747_0,acc_3747
dev_3748_0,acc_3748
dev_3749_0,acc_3749
dev_3750_0,acc_3750
dev_3751_0,acc_3751
dev_3752_0,acc_3752
dev_3753_0,acc_3753
dev_3754_0,acc_3754
dev_3755_0,acc_3755
dev_3755_1,acc_3755
dev_3756_0,acc_3756
dev_3757_0,acc_3757
dev_3758_0,acc_3758
dev_3759_0,acc_3759
dev_3760_0,acc_3760
dev_3761_0,acc_3761
dev_3762_0,acc_3762
dev_3763_0,acc_3763
dev_3764_0,acc_3764
dev_3765_0,acc_3765
dev_3766_0,acc_3766
dev_3767_0,acc_3767
dev_3768_0,acc_3768
dev_3769_0,acc_3769
dev_3770_0,acc_3770
dev_3771_0,acc_3771
dev_3771_1,acc_3771
dev_3772_0,acc_3772
dev_3773_0,acc_3773
dev_3774_0,acc_3774
dev_3775_0,acc_3775
dev_3776_0,acc_3776
dev_3777_0,acc_3777
dev_3778_0,acc_3778
dev_3779_0,acc_3779
dev_3780_0,acc_3780
dev_3781_0,acc_3781
dev_3782_0,acc_3782
dev_3783_0,acc_3783
dev_3784_0,acc_3784
dev_3785_0,acc_3785
dev_3786_0,acc_3786
dev_3787_0,acc_3787
dev_3788_0,acc_3788
dev_3789_0,acc_3789
dev_3790_0,acc_3790
dev_3791_0,acc_3791
dev_3792_0,acc_3792
dev_3793_0,acc_3793
dev_3794_0,acc_3794
dev_3795_0,acc_3795
dev_3796_0,acc_3796
dev_3797_0,acc_3797
dev_3797_1,acc_3797
dev_3798_0,acc_3798
dev_3799_0,acc_3799
dev_3800_0,acc_3800
dev_3801_0,acc_3801
dev_3802_0,acc_3802
dev_3803_0,acc_3803
dev_3804_0,acc_3804
dev_3805_0,acc_3805
dev_3806_0,acc_3806
dev_3807_0,acc_3807
dev_3808_0,acc_3808
dev_3809_0,acc_3809
dev_3810_0,acc_3810
dev_3811_0,acc_3811
dev_3812_0,acc_3812
dev_3813_0,acc_3813
dev_3814_0,acc_3814
dev_3815_0,acc_3815
dev_3816_0,acc_3816
dev_3816_1,acc_3816
dev_3817_0,acc_3817
dev_3818_0,acc_3818
dev_3819_0,acc_3819
dev_3820_0,acc_3820
dev_3821_0,acc_3821
dev_3822_0,acc_3822
dev_3823_0,acc_3823
dev_3824_0,acc_3824
dev_3825_0,acc_3825
dev_3826_0,acc_3826
dev_3827_0,acc_3827
dev_3828_0,acc_3828
dev_3829_0,acc_3829
dev_3830_0,acc_3830
dev_3831_0,acc_3831
dev_3832_0,acc_3832
dev_3833_0,acc_3833
dev_3834_0,acc_3834
dev_3835_0,acc_3835
dev_3836_0,acc_3836
dev_3837_0,acc_3837
dev_3838_0,acc_3838
dev_3838_1,acc_3838
dev_3839_0,acc_3839
dev_3840_0,acc_3840
dev_3841_0,acc_3841
dev_3842_0,acc_3842
dev_3843_0,acc_3843
dev_3844_0,acc_3844
dev_3845_0,acc_3845
dev_3846_0,acc_3846
dev_3847_0,acc_3847
dev_3848_0,acc_3848
dev_3849_0,acc_3849
dev_3850_0,acc_3850
dev_3851_0,acc_3851
dev_3852_0,acc_3852
dev_3853_0,acc_3853
dev_3854_0,acc_3854
dev_3855_0,acc_3855
dev_3856_0,acc_3856
dev_3857_0,acc_3857
dev_3857_1,acc_3857
dev_3858_0,acc_3858
dev_3859_0,acc_3859
dev_3859_1,acc_3859
dev_3860_0,acc_3860
dev_3861_0,acc_3861
dev_3862_0,acc_3862
dev_3863_0,acc_3863
dev_3864_0,acc_3864
dev_3865_0,acc_3865
dev_3866_0,acc_3866
dev_3867_0,acc_3867
dev_3868_0,acc_3868
dev_3869_0,acc_3869
dev_3870_0,acc_3870
dev_3871_0,acc_3871
dev_3872_0,acc_3872
dev_3873_0,acc_3873
dev_3874_0,acc_3874
dev_3875_0,acc_3875
dev_3876_0,acc_3876
dev_3877_0,acc_3877
dev_3878_0,acc_3878
dev_3879_0,acc_3879
dev_3880_0,acc_3880
dev_3881_0,acc_3881
dev_3882_0,acc_3882
dev_3883_0,acc_3883
dev_3884_0,acc_3884
dev_3885_0,acc_3885
dev_3886_0,acc_3886
dev_3887_0,acc_3887
dev_3888_0,acc_3888
dev_3889_0,acc_3889
dev_3890_0,acc_3890
dev_3891_0,acc_3891
dev_3892_0,acc_3892
dev_3893_0,acc_3893
dev_3894_0,acc_3894
dev_3895_0,acc_3895
dev_3896_0,acc_3896
dev_3897_0,acc_3897
dev_3898_0,acc_3898
dev_3899_0,acc_3899
dev_3900_0,acc_3900
dev_3901_0,acc_3901
dev_3902_0,acc_3902
dev_3903_0,acc_3903
dev_3904_0,acc_3904
dev_3905_0,acc_3905
dev_3906_0,acc_3906
dev_3907_0,acc_3907
dev_3908_0,acc_3908
dev_3909_0,acc_3909
dev_3910_0,acc_3910
dev_3911_0,acc_3911
dev_3912_0,acc_3912
dev_3913_0,acc_3913
dev_3914_0,acc_3914
dev_3915_0,acc_3915
dev_3916_0,acc_3916
dev_3917_0,acc_3917
dev_3918_0,acc_3918
dev_3919_0,acc_3919
dev_3920_0,acc_3920
dev_3921_0,acc_3921
dev_3922_0,acc_3922
dev_3923_0,acc_3923
dev_3924_0,acc_3924
dev_3925_0,acc_3925
dev_3926_0,acc_3926
dev_3927_0,acc_3927
dev_3928_0,acc_3928
dev_3929_0,acc_3929
dev_3930_0,acc_3930
dev_3931_0,acc_3931
dev_3932_0,acc_3932
dev_3932_1,acc_3932
dev_3933_0,acc_3933
dev_3934_0,acc_3934
dev_3935_0,acc_3935
dev_3936_0,acc_3936
dev_3937_0,acc_3937
dev_3938_0,acc_3938
dev_3939_0,acc_3939
dev_3940_0,acc_3940
dev_3941_0,acc_3941
dev_3942_0,acc_3942
dev_3943_0,acc_3943
dev_3944_0,acc_3944
dev_3945_0,acc_3945
dev_3946_0,acc_3946
dev_3947_0,acc_3947
dev_3948_0,acc_3948
dev_3949_0,acc_3949
dev_3950_0,acc_3950
dev_3951_0,acc_3951
dev_3952_0,acc_3952
dev_3952_1,acc_3952
dev_3953_0,acc_3953
dev_3954_0,acc_3954
dev_3955_0,acc_3955
dev_3956_0,acc_3956
dev_3957_0,acc_3957
dev_3958_0,acc_3958
dev_3959_0,acc_3959
dev_3960_0,acc_3960
dev_3961_0,acc_3961
dev_3962_0,acc_3962
dev_3963_0,acc_3963
dev_3964_0,acc_3964
dev_3965_0,acc_3965
dev_3966_0,acc_3966
dev_3967_0,acc_3967
dev_3968_0,acc_3968
dev_3969_0,acc_3969
dev_3970_0,acc_3970
dev_3971_0,acc_3971
dev_3972_0,acc_3972
dev_3973_0,acc_3973
dev_3974_0,acc_3974
dev_3975_0,acc_3975
dev_3976_0,acc_3976
dev_3977_0,acc_3977
dev_3978_0,acc_3978
dev_3979_0,acc_3979
dev_3980_0,acc_3980
dev_3981_0,acc_3981
dev_3982_0,acc_3982
dev_3983_0,acc_3983
dev_3984_0,acc_3984
dev_3985_0,acc_3985
dev_3986_0,acc_3986
dev_3987_0,acc_3987
dev_3988_0,acc_3988
dev_3989_0,acc_3989
dev_3990_0,acc_3990
dev_3991_0,acc_3991
dev_3992_0,acc_3992
dev_3993_0,acc_3993
dev_3994_0,acc_3994
dev_3995_0,acc_3995
dev_3996_0,acc_3996
dev_3997_0,acc_3997
dev_3998_0,acc_3998
dev_3999_0,acc_3999
dev_4000_0,acc_4000
dev_4001_0,acc_4001
dev_4002_0,acc_4002
dev_4003_0,acc_4003
dev_4004_0,acc_4004
dev_4005_0,acc_4005
dev_4006_0,acc_4006
dev_4007_0,acc_4007
dev_4008_0,acc_4008
dev_4009_0,acc_4009
dev_4010_0,acc_4010
dev_4011_0,acc_4011
dev_4012_0,acc_4012
dev_4013_0,acc_4013
dev_4014_0,acc_4014
dev_4015_0,acc_4015
dev_4016_0,acc_4016
dev_4017_0,acc_4017
dev_4018_0,acc_4018
dev_4019_0,acc_4019
dev_4019_1,acc_4019
dev_4020_0,acc_4020
dev_4021_0,acc_4021
dev_4022_0,acc_4022
dev_4023_0,acc_4023
dev_4024_0,acc_4024
dev_4025_0,acc_4025
dev_4026_0,acc_4026
dev_4027_0,acc_4027
dev_4028_0,acc_4028
dev_4029_0,acc_4029
dev_4030_0,acc_4030
dev_4031_0,acc_4031
dev_4032_0,acc_4032
dev_4033_0,acc_4033
dev_4034_0,acc_4034
dev_4035_0,acc_4035
dev_4036_0,acc_4036
dev_4037_0,acc_4037
dev_4038_0,acc_4038
dev_4039_0,acc_4039
dev_4040_0,acc_4040
dev_4041_0,acc_4041
dev_4042_0,acc_4042
dev_4043_0,acc_4043
dev_4044_0,acc_4044
dev_4045_0,acc_4045
dev_4046_0,acc_4046
dev_4046_1,acc_4046
dev_4047_0,acc_4047
dev_4048_0,acc_4048
dev_4049_0,acc_4049
dev_4050_0,acc_4050
dev_4050_1,acc_4050
dev_4051_0,acc_4051
dev_4052_0,acc_4052
dev_4053_0,acc_4053
dev_4054_0,acc_4054
dev_4055_0,acc_4055
dev_4056_0,acc_4056
dev_4057_0,acc_4057
dev_4058_0,acc_4058
dev_4059_0,acc_4059
dev_4060_0,acc_4060
dev_4061_0,acc_4061
dev_4062_0,acc_4062
dev_4063_0,acc_4063
dev_4064_0,acc_4064
dev_4065_0,acc_4065
dev_4066_0,acc_4066
dev_4067_0,acc_4067
dev_4068_0,acc_4068
dev_4068_1,acc_4068
dev_4069_0,acc_4069
dev_4070_0,acc_4070
dev_4071_0,acc_4071
dev_4072_0,acc_4072
dev_4073_0,acc_4073
dev_4074_0,acc_4074
dev_4075_0,acc_4075
dev_4076_0,acc_4076
dev_4077_0,acc_4077
dev_4078_0,acc_4078
dev_4079_0,acc_4079
dev_4080_0,acc_4080
dev_4081_0,acc_4081
dev_4082_0,acc_4082
dev_4083_0,acc_4083
dev_4084_0,acc_4084
dev_4085_0,acc_4085
dev_4086_0,acc_4086
dev_4087_0,acc_4087
dev_4088_0,acc_4088
dev_4089_0,acc_4089
dev_4090_0,acc_4090
dev_4091_0,acc_4091
dev_4091_1,acc_4091
dev_4092_0,acc_4092
dev_4093_0,acc_4093
dev_4094_0,acc_4094
dev_4095_0,acc_4095
dev_4096_0,acc_4096
dev_4097_0,acc_4097
dev_4098_0,acc_4098
dev_4099_0,acc_4099
dev_4100_0,acc_4100
dev_4101_0,acc_4101
dev_4102_0,acc_4102
dev_4103_0,acc_4103
dev_4104_0,acc_4104
dev_4105_0,acc_4105
dev_4106_0,acc_4106
dev_4107_0,acc_4107
dev_4108_0,acc_4108
dev_4109_0,acc_4109
dev_4110_0,acc_4110
dev_4111_0,acc_4111
dev_4112_0,acc_4112
dev_4113_0,acc_4113
dev_4114_0,acc_4114
dev_4115_0,acc_4115
dev_4116_0,acc_4116
dev_4117_0,acc_4117
dev_4118_0,acc_4118
dev_4119_0,acc_4119
dev_4120_0,acc_4120
dev_4121_0,acc_4121
dev_4122_0,acc_4122
dev_4123_0,acc_4123
dev_4124_0,acc_4124
dev_4125_0,acc_4125
dev_4125_1,acc_4125
dev_4126_0,acc_4126
dev_4127_0,acc_4127
dev_4128_0,acc_4128
dev_4128_1,acc_4128
dev_4129_0,acc_4129
dev_4130_0,acc_4130
dev_4131_0,acc_4131
dev_4132_0,acc_4132
dev_4133_0,acc_4133
dev_4134_0,acc_4134
dev_4135_0,acc_4135
dev_4136_0,acc_4136
dev_4137_0,acc_4137
dev_4138_0,acc_4138
dev_4139_0,acc_4139
dev_4140_0,acc_4140
dev_4140_1,acc_4140
dev_4141_0,acc_4141
dev_4142_0,acc_4142
dev_4143_0,acc_4143
dev_4144_0,acc_4144
dev_4145_0,acc_4145
dev_4146_0,acc_4146
dev_4147_0,acc_4147
dev_4148_0,acc_4148
dev_4149_0,acc_4149
dev_4150_0,acc_4150
dev_4151_0,acc_4151
dev_4152_0,acc_4152
dev_4153_0,acc_4153
dev_4154_0,acc_4154
dev_4155_0,acc_4155
dev_4156_0,acc_4156
dev_4157_0,acc_4157
dev_4158_0,acc_4158
dev_4159_0,acc_4159
dev_4160_0,acc_4160
dev_4161_0,acc_4161
dev_4162_0,acc_4162
dev_4163_0,acc_4163
dev_4164_0,acc_4164
dev_4165_0,acc_4165
dev_4166_0,acc_4166
dev_4167_0,acc_4167
dev_4168_0,acc_4168
dev_4169_0,acc_4169
dev_4170_0,acc_4170
dev_4171_0,acc_4171
dev_4172_0,acc_4172
dev_4173_0,acc_4173
dev_4174_0,acc_4174
dev_4175_0,acc_4175
dev_4176_0,acc_4176
dev_4177_0,acc_4177
dev_4178_0,acc_4178
dev_4179_0,acc_4179
dev_4180_0,acc_4180
dev_4181_0,acc_4181
dev_4182_0,acc_4182
dev_4183_0,acc_4183
dev_4184_0,acc_4184
dev_4185_0,acc_4185
dev_4186_0,acc_4186
dev_4187_0,acc_4187
dev_4188_0,acc_4188
dev_4189_0,acc_4189
dev_4190_0,acc_4190
dev_4191_0,acc_4191
dev_4192_0,acc_4192
dev_4193_0,acc_4193
dev_4194_0,acc_4194
dev_4195_0,acc_4195
dev_4196_0,acc_4196
dev_4197_0,acc_4197
dev_4198_0,acc_4198
dev_4199_0,acc_4199
dev_4199_1,acc_4199
dev_4200_0,acc_4200
dev_4201_0,acc_4201
dev_4202_0,acc_4202
dev_4203_0,acc_4203
dev_4204_0,acc_4204
dev_4205_0,acc_4205
dev_4205_1,acc_4205
dev_4206_0,acc_4206
dev_4207_0,acc_4207
dev_4208_0,acc_4208
dev_4209_0,acc_4209
dev_4210_0,acc_4210
dev_4211_0,acc_4211
dev_4212_0,acc_4212
dev_4213_0,acc_4213
dev_4213_1,acc_4213
dev_4214_0,acc_4214
dev_4215_0,acc_4215
dev_4216_0,acc_4216
dev_4217_0,acc_4217
dev_4218_0,acc_4218
dev_4219_0,acc_4219
dev_4220_0,acc_4220
dev_4221_0,acc_4221
dev_4222_0,acc_4222
dev_4223_0,acc_4223
dev_4224_0,acc_4224
dev_4225_0,acc_4225
dev_4226_0,acc_4226
dev_4227_0,acc_4227
dev_4228_0,acc_4228
dev_4229_0,acc_4229
dev_4230_0,acc_4230
dev_4231_0,acc_4231
dev_4232_0,acc_4232
dev_4233_0,acc_4233
dev_4234_0,acc_4234
dev_4235_0,acc_4235
dev_4236_0,acc_4236
dev_4237_0,acc_4237
dev_4238_0,acc_4238
dev_4239_0,acc_4239
dev_4239_1,acc_4239
dev_4240_0,acc_4240
dev_4241_0,acc_4241
dev_4242_0,acc_4242
dev_4243_0,acc_4243
dev_4244_0,acc_4244
dev_4245_0,acc_4245
dev_4246_0,acc_4246
dev_4247_0,acc_4247
dev_4247_1,acc_4247
dev_4248_0,acc_4248
dev_4249_0,acc_4249
dev_4250_0,acc_4250
dev_4251_0,acc_4251
dev_4251_1,acc_4251
dev_4252_0,acc_4252
dev_4253_0,acc_4253
dev_4254_0,acc_4254
dev_4255_0,acc_4255
dev_4256_0,acc_4256
dev_4257_0,acc_4257
dev_4258_0,acc_4258
dev_4259_0,acc_4259
dev_4260_0,acc_4260
dev_4261_0,acc_4261
dev_4262_0,acc_4262
dev_4263_0,acc_4263
dev_4264_0,acc_4264
dev_4265_0,acc_4265
dev_4266_0,acc_4266
dev_4267_0,acc_4267
dev_4268_0,acc_4268
dev_4269_0,acc_4269
dev_4270_0,acc_4270
dev_4271_0,acc_4271
dev_4272_0,acc_4272
dev_4273_0,acc_4273
dev_4274_0,acc_4274
dev_4275_0,acc_4275
dev_4276_0,acc_4276
dev_4277_0,acc_4277
dev_4278_0,acc_4278
dev_4279_0,acc_4279
dev_4280_0,acc_4280
dev_4281_0,acc_4281
dev_4282_0,acc_4282
dev_4283_0,acc_4283
dev_4284_0,acc_4284
dev_4285_0,acc_4285
dev_4286_0,acc_4286
dev_4287_0,acc_4287
dev_4288_0,acc_4288
dev_4289_0,acc_4289
dev_4290_0,acc_4290
dev_4291_0,acc_4291
dev_4292_0,acc_4292
dev_4293_0,acc_4293
dev_4294_0,acc_4294
dev_4295_0,acc_4295
dev_4296_0,acc_4296
dev_4297_0,acc_4297
dev_4298_0,acc_4298
dev_4299_0,acc_4299
dev_4300_0,acc_4300
dev_4301_0,acc_4301
dev_4302_0,acc_4302
dev_4303_0,acc_4303
dev_4304_0,acc_4304
dev_4305_0,acc_4305
dev_4306_0,acc_4306
dev_4307_0,acc_4307
dev_4307_1,acc_4307
dev_4308_0,acc_4308
dev_4309_0,acc_4309
dev_4310_0,acc_4310
dev_4311_0,acc_4311
dev_4312_0,acc_4312
dev_4313_0,acc_4313
dev_4314_0,acc_4314
dev_4315_0,acc_4315
dev_4316_0,acc_4316
dev_4317_0,acc_4317
dev_4318_0,acc_4318
dev_4319_0,acc_4319
dev_4320_0,acc_4320
dev_4321_0,acc_4321
dev_4322_0,acc_4322
dev_4323_0,acc_4323
dev_4324_0,acc_4324
dev_4325_0,acc_4325
dev_4326_0,acc_4326
dev_4327_0,acc_4327
dev_4328_0,acc_4328
dev_4329_0,acc_4329
dev_4330_0,acc_4330
dev_4331_0,acc_4331
dev_4332_0,acc_4332
dev_4333_0,acc_4333
dev_4334_0,acc_4334
dev_4335_0,acc_4335
dev_4336_0,acc_4336
dev_4337_0,acc_4337
dev_4338_0,acc_4338
dev_4339_0,acc_4339
dev_4340_0,acc_4340
dev_4341_0,acc_4341
dev_4342_0,acc_4342
dev_4343_0,acc_4343
dev_4344_0,acc_4344
dev_4345_0,acc_4345
dev_4346_0,acc_4346
dev_4347_0,acc_4347
dev_4348_0,acc_4348
dev_4349_0,acc_4349
dev_4350_0,acc_4350
dev_4351_0,acc_4351
dev_4352_0,acc_4352
dev_4353_0,acc_4353
dev_4354_0,acc_4354
dev_4355_0,acc_4355
dev_4356_0,acc_4356
dev_4357_0,acc_4357
dev_4358_0,acc_4358
dev_4359_0,acc_4359
dev_4360_0,acc_4360
dev_4361_0,acc_4361
dev_4362_0,acc_4362
dev_4363_0,acc_4363
dev_4364_0,acc_4364
dev_4365_0,acc_4365
dev_4366_0,acc_4366
dev_4367_0,acc_4367
dev_4367_1,acc_4367
dev_4368_0,acc_4368
dev_4369_0,acc_4369
dev_4370_0,acc_4370
dev_4371_0,acc_4371
dev_4372_0,acc_4372
dev_4373_0,acc_4373
dev_4374_0,acc_4374
dev_4375_0,acc_4375
dev_4376_0,acc_4376
dev_4377_0,acc_4377
dev_4378_0,acc_4378
dev_4379_0,acc_4379
dev_4380_0,acc_4380
dev_4381_0,acc_4381
dev_4382_0,acc_4382
dev_4383_0,acc_4383
dev_4384_0,acc_4384
dev_4385_0,acc_4385
dev_4386_0,acc_4386
dev_4387_0,acc_4387
dev_4388_0,acc_4388
dev_4389_0,acc_4389
dev_4390_0,acc_4390
dev_4391_0,acc_4391
dev_4392_0,acc_4392
dev_4393_0,acc_4393
dev_4394_0,acc_4394
dev_4395_0,acc_4395
dev_4396_0,acc_4396
dev_4397_0,acc_4397
dev_4398_0,acc_4398
dev_4399_0,acc_4399
dev_4400_0,acc_4400
dev_4401_0,acc_4401
dev_4401_1,acc_4401
dev_4402_0,acc_4402
dev_4403_0,acc_4403
dev_4404_0,acc_4404
dev_4405_0,acc_4405
dev_4406_0,acc_4406
dev_4407_0,acc_4407
dev_4408_0,acc_4408
dev_4409_0,acc_4409
dev_4410_0,acc_4410
dev_4410_1,acc_4410
dev_4411_0,acc_4411
dev_4412_0,acc_4412
dev_4413_0,acc_4413
dev_4414_0,acc_4414
dev_4415_0,acc_4415
dev_4416_0,acc_4416
dev_4417_0,acc_4417
dev_4418_0,acc_4418
dev_4419_0,acc_4419
dev_4420_0,acc_4420
dev_4421_0,acc_4421
dev_4422_0,acc_4422
dev_4423_0,acc_4423
dev_4424_0,acc_4424
dev_4425_0,acc_4425
dev_4426_0,acc_4426
dev_4427_0,acc_4427
dev_4428_0,acc_4428
dev_4429_0,acc_4429
dev_4430_0,acc_4430
dev_4431_0,acc_4431
dev_4432_0,acc_4432
dev_4433_0,acc_4433
dev_4434_0,acc_4434
dev_4435_0,acc_4435
dev_4436_0,acc_4436
dev_4437_0,acc_4437
dev_4438_0,acc_4438
dev_4439_0,acc_4439
dev_4440_0,acc_4440
dev_4441_0,acc_4441
dev_4442_0,acc_4442
dev_4443_0,acc_4443
dev_4444_0,acc_4444
dev_4445_0,acc_4445
dev_4446_0,acc_4446
dev_4447_0,acc_4447
dev_4448_0,acc_4448
dev_4449_0,acc_4449
dev_4450_0,acc_4450
dev_4451_0,acc_4451
dev_4452_0,acc_4452
dev_4453_0,acc_4453
dev_4454_0,acc_4454
dev_4454_1,acc_4454
dev_4455_0,acc_4455
dev_4456_0,acc_4456
dev_4457_0,acc_4457
dev_4458_0,acc_4458
dev_4459_0,acc_4459
dev_4460_0,acc_4460
dev_4461_0,acc_4461
dev_4462_0,acc_4462
dev_4463_0,acc_4463
dev_4464_0,acc_4464
dev_4464_1,acc_4464
dev_4465_0,acc_4465
dev_4466_0,acc_4466
dev_4467_0,acc_4467
dev_4468_0,acc_4468
dev_4469_0,acc_4469
dev_4470_0,acc_4470
dev_4471_0,acc_4471
dev_4472_0,acc_4472
dev_4473_0,acc_4473
dev_4474_0,acc_4474
dev_4475_0,acc_4475
dev_4476_0,acc_4476
dev_4477_0,acc_4477
dev_4478_0,acc_4478
dev_4479_0,acc_4479
dev_4480_0,acc_4480
dev_4481_0,acc_4481
dev_4482_0,acc_4482
dev_4483_0,acc_4483
dev_4484_0,acc_4484
dev_4485_0,acc_4485
dev_4486_0,acc_4486
dev_4487_0,acc_4487
dev_4488_0,acc_4488
dev_4489_0,acc_4489
dev_4490_0,acc_4490
dev_4491_0,acc_4491
dev_4492_0,acc_4492
dev_4493_0,acc_4493
dev_4494_0,acc_4494
dev_4495_0,acc_4495
dev_4496_0,acc_4496
dev_4497_0,acc_4497
dev_4498_0,acc_4498
dev_4498_1,acc_4498
dev_4499_0,acc_4499
dev_4500_0,acc_4500
dev_4501_0,acc_4501
dev_4502_0,acc_4502
dev_4503_0,acc_4503
dev_4504_0,acc_4504
dev_4505_0,acc_4505
dev_4506_0,acc_4506
dev_4507_0,acc_4507
dev_4508_0,acc_4508
dev_4509_0,acc_4509
dev_4510_0,acc_4510
dev_4511_0,acc_4511
dev_4512_0,acc_4512
dev_4513_0,acc_4513
dev_4514_0,acc_4514
dev_4515_0,acc_4515
dev_4516_0,acc_4516
dev_4517_0,acc_4517
dev_4518_0,acc_4518
dev_4519_0,acc_4519
dev_4520_0,acc_4520
dev_4521_0,acc_4521
dev_4522_0,acc_4522
dev_4523_0,acc_4523
dev_4524_0,acc_4524
dev_4525_0,acc_4525
dev_4526_0,acc_4526
dev_4527_0,acc_4527
dev_4527_1,acc_4527
dev_4528_0,acc_4528
dev_4529_0,acc_4529
dev_4530_0,acc_4530
dev_4531_0,acc_4531
dev_4532_0,acc_4532
dev_4533_0,acc_4533
dev_4534_0,acc_4534
dev_4535_0,acc_4535
dev_4536_0,acc_4536
dev_4537_0,acc_4537
dev_4538_0,acc_4538
dev_4539_0,acc_4539
dev_4540_0,acc_4540
dev_4541_0,acc_4541
dev_4542_0,acc_4542
dev_4543_0,acc_4543
dev_4543_1,acc_4543
dev_4544_0,acc_4544
dev_4545_0,acc_4545
dev_4546_0,acc_4546
dev_4547_0,acc_4547
dev_4548_0,acc_4548
dev_4549_0,acc_4549
dev_4550_0,acc_4550
dev_4551_0,acc_4551
dev_4552_0,acc_4552
dev_4553_0,acc_4553
dev_4554_0,acc_4554
dev_4555_0,acc_4555
dev_4556_0,acc_4556
dev_4557_0,acc_4557
dev_4558_0,acc_4558
dev_4558_1,acc_4558
dev_4559_0,acc_4559
dev_4560_0,acc_4560
dev_4561_0,acc_4561
dev_4562_0,acc_4562
dev_4562_1,acc_4562
dev_4563_0,acc_4563
dev_4564_0,acc_4564
dev_4564_1,acc_4564
dev_4565_0,acc_4565
dev_4566_0,acc_4566
dev_4567_0,acc_4567
dev_4568_0,acc_4568
dev_4569_0,acc_4569
dev_4570_0,acc_4570
dev_4571_0,acc_4571
dev_4572_0,acc_4572
dev_4573_0,acc_4573
dev_4574_0,acc_4574
dev_4575_0,acc_4575
dev_4576_0,acc_4576
dev_4577_0,acc_4577
dev_4578_0,acc_4578
dev_4579_0,acc_4579
dev_4580_0,acc_4580
dev_4581_0,acc_4581
dev_4582_0,acc_4582
dev_4583_0,acc_4583
dev_4584_0,acc_4584
dev_4585_0,acc_4585
dev_4586_0,acc_4586
dev_4587_0,acc_4587
dev_4588_0,acc_4588
dev_4589_0,acc_4589
dev_4590_0,acc_4590
dev_4591_0,acc_4591
dev_4592_0,acc_4592
dev_4593_0,acc_4593
dev_4594_0,acc_4594
dev_4595_0,acc_4595
dev_4596_0,acc_4596
dev_4597_0,acc_4597
dev_4598_0,acc_4598
dev_4598_1,acc_4598
dev_4599_0,acc_4599
dev_4600_0,acc_4600
dev_4601_0,acc_4601
dev_4602_0,acc_4602
dev_4603_0,acc_4603
dev_4604_0,acc_4604
dev_4605_0,acc_4605
dev_4606_0,acc_4606
dev_4607_0,acc_4607
dev_4608_0,acc_4608
dev_4609_0,acc_4609
dev_4610_0,acc_4610
dev_4611_0,acc_4611
dev_4612_0,acc_4612
dev_4613_0,acc_4613
dev_4614_0,acc_4614
dev_4615_0,acc_4615
dev_4616_0,acc_4616
dev_4617_0,acc_4617
dev_4618_0,acc_4618
dev_4619_0,acc_4619
dev_4620_0,acc_4620
dev_4621_0,acc_4621
dev_4622_0,acc_4622
dev_4623_0,acc_4623
dev_4624_0,acc_4624
dev_4625_0,acc_4625
dev_4626_0,acc_4626
dev_4627_0,acc_4627
dev_4628_0,acc_4628
dev_4629_0,acc_4629
dev_4630_0,acc_4630
dev_4631_0,acc_4631
dev_4632_0,acc_4632
dev_4633_0,acc_4633
dev_4634_0,acc_4634
dev_4635_0,acc_4635
dev_4636_0,acc_4636
dev_4637_0,acc_4637
dev_4638_0,acc_4638
dev_4639_0,acc_4639
dev_4640_0,acc_4640
dev_4641_0,acc_4641
dev_4642_0,acc_4642
dev_4643_0,acc_4643
dev_4644_0,acc_4644
dev_4645_0,acc_4645
dev_4646_0,acc_4646
dev_4647_0,acc_4647
dev_4648_0,acc_4648
dev_4649_0,acc_4649
dev_4650_0,acc_4650
dev_4651_0,acc_4651
dev_4652_0,acc_4652
dev_4653_0,acc_4653
dev_4654_0,acc_4654
dev_4655_0,acc_4655
dev_4656_0,acc_4656
dev_4657_0,acc_4657
dev_4658_0,acc_4658
dev_4659_0,acc_4659
dev_4660_0,acc_4660
dev_4661_0,acc_4661
dev_4662_0,acc_4662
dev_4663_0,acc_4663
dev_4664_0,acc_4664
dev_4665_0,acc_4665
dev_4666_0,acc_4666
dev_4667_0,acc_4667
dev_4668_0,acc_4668
dev_4668_1,acc_4668
dev_4669_0,acc_4669
dev_4670_0,acc_4670
dev_4671_0,acc_4671
dev_4672_0,acc_4672
dev_4672_1,acc_4672
dev_4673_0,acc_4673
dev_4674_0,acc_4674
dev_4675_0,acc_4675
dev_4676_0,acc_4676
dev_4677_0,acc_4677
dev_4678_0,acc_4678
dev_4679_0,acc_4679
dev_4680_0,acc_4680
dev_4681_0,acc_4681
dev_4682_0,acc_4682
dev_4683_0,acc_4683
dev_4684_0,acc_4684
dev_4685_0,acc_4685
dev_4686_0,acc_4686
dev_4687_0,acc_4687
dev_4688_0,acc_4688
dev_4689_0,acc_4689
dev_4690_0,acc_4690
dev_4691_0,acc_4691
dev_4692_0,acc_4692
dev_4693_0,acc_4693
dev_4694_0,acc_4694
dev_4695_0,acc_4695
dev_4695_1,acc_4695
dev_4696_0,acc_4696
dev_4697_0,acc_4697
dev_4698_0,acc_4698
dev_4699_0,acc_4699
dev_4700_0,acc_4700
dev_4701_0,acc_4701
dev_4702_0,acc_4702
dev_4703_0,acc_4703
dev_4704_0,acc_4704
dev_4705_0,acc_4705
dev_4706_0,acc_4706
dev_4707_0,acc_4707
dev_4708_0,acc_4708
dev_4709_0,acc_4709
dev_4710_0,acc_4710
dev_4711_0,acc_4711
dev_4712_0,acc_4712
dev_4713_0,acc_4713
dev_4714_0,acc_4714
dev_4715_0,acc_4715
dev_4716_0,acc_4716
dev_4717_0,acc_4717
dev_4718_0,acc_4718
dev_4719_0,acc_4719
dev_4720_0,acc_4720
dev_4721_0,acc_4721
dev_4722_0,acc_4722
dev_4723_0,acc_4723
dev_4724_0,acc_4724
dev_4725_0,acc_4725
dev_4726_0,acc_4726
dev_4727_0,acc_4727
dev_4728_0,acc_4728
dev_4729_0,acc_4729
dev_4730_0,acc_4730
dev_4731_0,acc_4731
dev_4732_0,acc_4732
dev_4732_1,acc_4732
dev_4733_0,acc_4733
dev_4734_0,acc_4734
dev_4735_0,acc_4735
dev_4736_0,acc_4736
dev_4737_0,acc_4737
dev_4738_0,acc_4738
dev_4739_0,acc_4739
dev_4740_0,acc_4740
dev_4741_0,acc_4741
dev_4742_0,acc_4742
dev_4743_0,acc_4743
dev_4744_0,acc_4744
dev_4745_0,acc_4745
dev_4746_0,acc_4746
dev_4747_0,acc_4747
dev_4748_0,acc_4748
dev_4749_0,acc_4749
dev_4750_0,acc_4750
dev_4751_0,acc_4751
dev_4752_0,acc_4752
dev_4753_0,acc_4753
dev_4754_0,acc_4754
dev_4755_0,acc_4755
dev_4756_0,acc_4756
dev_4757_0,acc_4757
dev_4758_0,acc_4758
dev_4759_0,acc_4759
dev_4760_0,acc_4760
dev_4761_0,acc_4761
dev_4762_0,acc_4762
dev_4763_0,acc_4763
dev_4764_0,acc_4764
dev_4765_0,acc_4765
dev_4766_0,acc_4766
dev_4767_0,acc_4767
dev_4768_0,acc_4768
dev_4769_0,acc_4769
dev_4770_0,acc_4770
dev_4771_0,acc_4771
dev_4772_0,acc_4772
dev_4773_0,acc_4773
dev_4774_0,acc_4774
dev_4774_1,acc_4774
dev_4775_0,acc_4775
dev_4776_0,acc_4776
dev_4777_0,acc_4777
dev_4778_0,acc_4778
dev_4779_0,acc_4779
dev_4780_0,acc_4780
dev_4781_0,acc_4781
dev_4782_0,acc_4782
dev_4783_0,acc_4783
dev_4784_0,acc_4784
dev_4785_0,acc_4785
dev_4786_0,acc_4786
dev_4787_0,acc_4787
dev_4788_0,acc_4788
dev_4789_0,acc_4789
dev_4790_0,acc_4790
dev_4791_0,acc_4791
dev_4792_0,acc_4792
dev_4793_0,acc_4793
dev_4794_0,acc_4794
dev_4795_0,acc_4795
dev_4796_0,acc_4796
dev_4797_0,acc_4797
dev_4798_0,acc_4798
dev_4799_0,acc_4799
dev_4800_0,acc_4800
dev_4801_0,acc_4801
dev_4802_0,acc_4802
dev_4803_0,acc_4803
dev_4804_0,acc_4804
dev_4805_0,acc_4805
dev_4806_0,acc_4806
dev_4807_0,acc_4807
dev_4808_0,acc_4808
dev_4809_0,acc_4809
dev_4810_0,acc_4810
dev_4811_0,acc_4811
dev_4812_0,acc_4812
dev_4813_0,acc_4813
dev_4814_0,acc_4814
dev_4815_0,acc_4815
dev_4816_0,acc_4816
dev_4817_0,acc_4817
dev_4818_0,acc_4818
dev_4819_0,acc_4819
dev_4820_0,acc_4820
dev_4821_0,acc_4821
dev_4822_0,acc_4822
dev_4823_0,acc_4823
dev_4824_0,acc_4824
dev_4825_0,acc_4825
dev_4826_0,acc_4826
dev_4827_0,acc_4827
dev_4828_0,acc_4828
dev_4829_0,acc_4829
dev_4830_0,acc_4830
dev_4831_0,acc_4831
dev_4832_0,acc_4832
dev_4833_0,acc_4833
dev_4834_0,acc_4834
dev_4835_0,acc_4835
dev_4836_0,acc_4836
dev_4837_0,acc_4837
dev_4838_0,acc_4838
dev_4839_0,acc_4839
dev_4840_0,acc_4840
dev_4841_0,acc_4841
dev_4842_0,acc_4842
dev_4843_0,acc_4843
dev_4844_0,acc_4844
dev_4845_0,acc_4845
dev_4846_0,acc_4846
dev_4847_0,acc_4847
dev_4848_0,acc_4848
dev_4849_0,acc_4849
dev_4850_0,acc_4850
dev_4851_0,acc_4851
dev_4852_0,acc_4852
dev_4853_0,acc_4853
dev_4854_0,acc_4854
dev_4855_0,acc_4855
dev_4856_0,acc_4856
dev_4857_0,acc_4857
dev_4858_0,acc_4858
dev_4859_0,acc_4859
dev_4860_0,acc_4860
dev_4861_0,acc_4861
dev_4862_0,acc_4862
dev_4862_1,acc_4862
dev_4863_0,acc_4863
dev_4864_0,acc_4864
dev_4865_0,acc_4865
dev_4866_0,acc_4866
dev_4867_0,acc_4867
dev_4868_0,acc_4868
dev_4869_0,acc_4869
dev_4870_0,acc_4870
dev_4871_0,acc_4871
dev_4872_0,acc_4872
dev_4873_0,acc_4873
dev_4874_0,acc_4874
dev_4875_0,acc_4875
dev_4876_0,acc_4876
dev_4877_0,acc_4877
dev_4878_0,acc_4878
dev_4878_1,acc_4878
dev_4879_0,acc_4879
dev_4880_0,acc_4880
dev_4881_0,acc_4881
dev_4882_0,acc_4882
dev_4883_0,acc_4883
dev_4884_0,acc_4884
dev_4885_0,acc_4885
dev_4886_0,acc_4886
dev_4887_0,acc_4887
dev_4888_0,acc_4888
dev_4888_1,acc_4888
dev_4889_0,acc_4889
dev_4890_0,acc_4890
dev_4891_0,acc_4891
dev_4892_0,acc_4892
dev_4893_0,acc_4893
dev_4894_0,acc_4894
dev_4895_0,acc_4895
dev_4896_0,acc_4896
dev_4897_0,acc_4897
dev_4898_0,acc_4898
dev_4899_0,acc_4899
dev_4900_0,acc_4900
dev_4901_0,acc_4901
dev_4902_0,acc_4902
dev_4903_0,acc_4903
dev_4904_0,acc_4904
dev_4905_0,acc_4905
dev_4906_0,acc_4906
dev_4907_0,acc_4907
dev_4908_0,acc_4908
dev_4909_0,acc_4909
dev_4910_0,acc_4910
dev_4911_0,acc_4911
dev_4912_0,acc_4912
dev_4913_0,acc_4913
dev_4914_0,acc_4914
dev_4915_0,acc_4915
dev_4916_0,acc_4916
dev_4916_1,acc_4916
dev_4917_0,acc_4917
dev_4918_0,acc_4918
dev_4919_0,acc_4919
dev_4920_0,acc_4920
dev_4920_1,acc_4920
dev_4921_0,acc_4921
dev_4922_0,acc_4922
dev_4923_0,acc_4923
dev_4924_0,acc_4924
dev_4925_0,acc_4925
dev_4925_1,acc_4925
dev_4926_0,acc_4926
dev_4927_0,acc_4927
dev_4928_0,acc_4928
dev_4929_0,acc_4929
dev_4930_0,acc_4930
dev_4931_0,acc_4931
dev_4932_0,acc_4932
dev_4933_0,acc_4933
dev_4934_0,acc_4934
dev_4935_0,acc_4935
dev_4936_0,acc_4936
dev_4937_0,acc_4937
dev_4938_0,acc_4938
dev_4939_0,acc_4939
dev_4940_0,acc_4940
dev_4941_0,acc_4941
dev_4942_0,acc_4942
dev_4943_0,acc_4943
dev_4944_0,acc_4944
dev_4945_0,acc_4945
dev_4946_0,acc_4946
dev_4947_0,acc_4947
dev_4948_0,acc_4948
dev_4949_0,acc_4949
dev_4950_0,acc_4950
dev_4951_0,acc_4951
dev_4952_0,acc_4952
dev_4953_0,acc_4953
dev_4954_0,acc_4954
dev_4955_0,acc_4955
dev_4956_0,acc_4956
dev_4957_0,acc_4957
dev_4958_0,acc_4958
dev_4959_0,acc_4959
dev_4960_0,acc_4960
dev_4961_0,acc_4961
dev_4962_0,acc_4962
dev_4963_0,acc_4963
dev_4963_1,acc_4963
dev_4964_0,acc_4964
dev_4965_0,acc_4965
dev_4966_0,acc_4966
dev_4967_0,acc_4967
dev_4968_0,acc_4968
dev_4969_0,acc_4969
dev_4970_0,acc_4970
dev_4971_0,acc_4971
dev_4972_0,acc_4972
dev_4973_0,acc_4973
dev_4974_0,acc_4974
dev_4975_0,acc_4975
dev_4976_0,acc_4976
dev_4977_0,acc_4977
dev_4978_0,acc_4978
dev_4979_0,acc_4979
dev_4980_0,acc_4980
dev_4981_0,acc_4981
dev_4982_0,acc_4982
dev_4983_0,acc_4983
dev_4984_0,acc_4984
dev_4985_0,acc_4985
dev_4985_1,acc_4985
dev_4986_0,acc_4986
dev_4987_0,acc_4987
dev_4988_0,acc_4988
dev_4989_0,acc_4989
dev_4990_0,acc_4990
dev_4991_0,acc_4991
dev_4992_0,acc_4992
dev_4993_0,acc_4993
dev_4994_0,acc_4994
dev_4995_0,acc_4995
dev_4996_0,acc_4996
dev_4997_0,acc_4997
dev_4998_0,acc_4998
dev_4999_0,acc_4999
dev_5000_0,acc_5000
dev_5001_0,acc_5001
dev_5002_0,acc_5002
dev_5003_0,acc_5003
dev_5004_0,acc_5004
dev_5005_0,acc_5005
dev_5006_0,acc_5006
dev_5007_0,acc_5007
dev_5008_0,acc_5008
dev_5009_0,acc_5009
dev_5010_0,acc_5010
dev_5011_0,acc_5011
dev_5012_0,acc_5012
dev_5013_0,acc_5013
dev_5014_0,acc_5014
dev_5015_0,acc_5015
dev_5015_1,acc_5015
dev_5016_0,acc_5016
dev_5017_0,acc_5017
dev_5018_0,acc_5018
dev_5019_0,acc_5019
dev_5020_0,acc_5020
dev_5021_0,acc_5021
dev_5022_0,acc_5022
dev_5023_0,acc_5023
dev_5024_0,acc_5024
dev_5024_1,acc_5024
dev_5025_0,acc_5025
dev_5026_0,acc_5026
dev_5027_0,acc_5027
dev_5028_0,acc_5028
dev_5029_0,acc_5029
dev_5030_0,acc_5030
dev_5031_0,acc_5031
dev_5032_0,acc_5032
dev_5033_0,acc_5033
dev_5034_0,acc_5034
dev_5035_0,acc_5035
dev_5036_0,acc_5036
dev_5037_0,acc_5037
dev_5038_0,acc_5038
dev_5039_0,acc_5039
dev_5039_1,acc_5039
dev_5040_0,acc_5040
dev_5041_0,acc_5041
dev_5042_0,acc_5042
dev_5043_0,acc_5043
dev_5044_0,acc_5044
dev_5045_0,acc_5045
dev_5046_0,acc_5046
dev_5047_0,acc_5047
dev_5048_0,acc_5048
dev_5049_0,acc_5049
dev_5050_0,acc_5050
dev_5051_0,acc_5051
dev_5052_0,acc_5052
dev_5053_0,acc_5053
dev_5054_0,acc_5054
dev_5055_0,acc_5055
dev_5056_0,acc_5056
dev_5057_0,acc_5057
dev_5058_0,acc_5058
dev_5059_0,acc_5059
dev_5060_0,acc_5060
dev_5061_0,acc_5061
dev_5062_0,acc_5062
dev_5063_0,acc_5063
dev_5064_0,acc_5064
dev_5065_0,acc_5065
dev_5066_0,acc_5066
dev_5067_0,acc_5067
dev_5068_0,acc_5068
dev_5069_0,acc_5069
dev_5070_0,acc_5070
dev_5071_0,acc_5071
dev_5072_0,acc_5072
dev_5073_0,acc_5073
dev_5074_0,acc_5074
dev_5075_0,acc_5075
dev_5076_0,acc_5076
dev_5077_0,acc_5077
dev_5078_0,acc_5078
dev_5079_0,acc_5079
dev_5080_0,acc_5080
dev_5081_0,acc_5081
dev_5082_0,acc_5082
dev_5083_0,acc_5083
dev_5084_0,acc_5084
dev_5085_0,acc_5085
dev_5086_0,acc_5086
dev_5087_0,acc_5087
dev_5088_0,acc_5088
dev_5089_0,acc_5089
dev_5090_0,acc_5090
dev_5091_0,acc_5091
dev_5092_0,acc_5092
dev_5093_0,acc_5093
dev_5094_0,acc_5094
dev_5095_0,acc_5095
dev_5096_0,acc_5096
dev_5097_0,acc_5097
dev_5098_0,acc_5098
dev_5099_0,acc_5099
dev_5100_0,acc_5100
dev_5101_0,acc_5101
dev_5102_0,acc_5102
dev_5103_0,acc_5103
dev_5104_0,acc_5104
dev_5105_0,acc_5105
dev_5106_0,acc_5106
dev_5107_0,acc_5107
dev_5108_0,acc_5108
dev_5109_0,acc_5109
dev_5110_0,acc_5110
dev_5111_0,acc_5111
dev_5112_0,acc_5112
dev_5113_0,acc_5113
dev_5114_0,acc_5114
dev_5115_0,acc_5115
dev_5116_0,acc_5116
dev_5117_0,acc_5117
dev_5118_0,acc_5118
dev_5119_0,acc_5119
dev_5120_0,acc_5120
dev_5121_0,acc_5121
dev_5122_0,acc_5122
dev_5122_1,acc_5122
dev_5123_0,acc_5123
dev_5124_0,acc_5124
dev_5125_0,acc_5125
dev_5126_0,acc_5126
dev_5127_0,acc_5127
dev_5128_0,acc_5128
dev_5129_0,acc_5129
dev_5130_0,acc_5130
dev_5131_0,acc_5131
dev_5132_0,acc_5132
dev_5133_0,acc_5133
dev_5134_0,acc_5134
dev_5135_0,acc_5135
dev_5136_0,acc_5136
dev_5137_0,acc_5137
dev_5138_0,acc_5138
dev_5139_0,acc_5139
dev_5140_0,acc_5140
dev_5141_0,acc_5141
dev_5142_0,acc_5142
dev_5143_0,acc_5143
dev_5144_0,acc_5144
dev_5145_0,acc_5145
dev_5146_0,acc_5146
dev_5147_0,acc_5147
dev_5147_1,acc_5147
dev_5148_0,acc_5148
dev_5149_0,acc_5149
dev_5150_0,acc_5150
dev_5151_0,acc_5151
dev_5151_1,acc_5151
dev_5152_0,acc_5152
dev_5153_0,acc_5153
dev_5154_0,acc_5154
dev_5155_0,acc_5155
dev_5156_0,acc_5156
dev_5157_0,acc_5157
dev_5158_0,acc_5158
dev_5159_0,acc_5159
dev_5160_0,acc_5160
dev_5161_0,acc_5161
dev_5162_0,acc_5162
dev_5163_0,acc_5163
dev_5164_0,acc_5164
dev_5165_0,acc_5165
dev_5166_0,acc_5166
dev_5167_0,acc_5167
dev_5168_0,acc_5168
dev_5169_0,acc_5169
dev_5170_0,acc_5170
dev_5171_0,acc_5171
dev_5172_0,acc_5172
dev_5173_0,acc_5173
dev_5174_0,acc_5174
dev_5175_0,acc_5175
dev_5176_0,acc_5176
dev_5177_0,acc_5177
dev_5178_0,acc_5178
dev_5179_0,acc_5179
dev_5180_0,acc_5180
dev_5181_0,acc_5181
dev_5182_0,acc_5182
dev_5183_0,acc_5183
dev_5184_0,acc_5184
dev_5185_0,acc_5185
dev_5186_0,acc_5186
dev_5187_0,acc_5187
dev_5188_0,acc_5188
dev_5189_0,acc_5189
dev_5190_0,acc_5190
dev_5191_0,acc_5191
dev_5192_0,acc_5192
dev_5193_0,acc_5193
dev_5193_1,acc_5193
dev_5194_0,acc_5194
dev_5195_0,acc_5195
dev_5196_0,acc_5196
dev_5197_0,acc_5197
dev_5198_0,acc_5198
dev_5199_0,acc_5199
dev_5200_0,acc_5200
dev_5201_0,acc_5201
dev_5202_0,acc_5202
dev_5203_0,acc_5203
dev_5204_0,acc_5204
dev_5205_0,acc_5205
dev_5206_0,acc_5206
dev_5207_0,acc_5207
dev_5208_0,acc_5208
dev_5209_0,acc_5209
dev_5210_0,acc_5210
dev_5211_0,acc_5211
dev_5212_0,acc_5212
dev_5213_0,acc_5213
dev_5214_0,acc_5214
dev_5215_0,acc_5215
dev_5216_0,acc_5216
dev_5217_0,acc_5217
dev_5218_0,acc_5218
dev_5219_0,acc_5219
dev_5220_0,acc_5220
dev_5221_0,acc_5221
dev_5221_1,acc_5221
dev_5222_0,acc_5222
dev_5223_0,acc_5223
dev_5224_0,acc_5224
dev_5224_1,acc_5224
dev_5225_0,acc_5225
dev_5225_1,acc_5225
dev_5226_0,acc_5226
dev_5227_0,acc_5227
dev_5228_0,acc_5228
dev_5229_0,acc_5229
dev_5230_0,acc_5230
dev_5231_0,acc_5231
dev_5232_0,acc_5232
dev_5233_0,acc_5233
dev_5234_0,acc_5234
dev_5235_0,acc_5235
dev_5236_0,acc_5236
dev_5237_0,acc_5237
dev_5238_0,acc_5238
dev_5239_0,acc_5239
dev_5240_0,acc_5240
dev_5241_0,acc_5241
dev_5242_0,acc_5242
dev_5243_0,acc_5243
dev_5244_0,acc_5244
dev_5245_0,acc_5245
dev_5246_0,acc_5246
dev_5247_0,acc_5247
dev_5248_0,acc_5248
dev_5249_0,acc_5249
dev_5250_0,acc_5250
dev_5251_0,acc_5251
dev_5252_0,acc_5252
dev_5253_0,acc_5253
dev_5254_0,acc_5254
dev_5255_0,acc_5255
dev_5256_0,acc_5256
dev_5257_0,acc_5257
dev_5258_0,acc_5258
dev_5259_0,acc_5259
dev_5260_0,acc_5260
dev_5261_0,acc_5261
dev_5262_0,acc_5262
dev_5263_0,acc_5263
dev_5264_0,acc_5264
dev_5265_0,acc_5265
dev_5266_0,acc_5266
dev_5267_0,acc_5267
dev_5268_0,acc_5268
dev_5269_0,acc_5269
dev_5270_0,acc_5270
dev_5271_0,acc_5271
dev_5272_0,acc_5272
dev_5273_0,acc_5273
dev_5274_0,acc_5274
dev_5275_0,acc_5275
dev_5276_0,acc_5276
dev_5277_0,acc_5277
dev_5278_0,acc_5278
dev_5279_0,acc_5279
dev_5279_1,acc_5279
dev_5280_0,acc_5280
dev_5280_1,acc_5280
dev_5281_0,acc_5281
dev_5282_0,acc_5282
dev_5283_0,acc_5283
dev_5284_0,acc_5284
dev_5285_0,acc_5285
dev_5286_0,acc_5286
dev_5287_0,acc_5287
dev_5288_0,acc_5288
dev_5289_0,acc_5289
dev_5290_0,acc_5290
dev_5290_1,acc_5290
dev_5291_0,acc_5291
dev_5292_0,acc_5292
dev_5293_0,acc_5293
dev_5294_0,acc_5294
dev_5295_0,acc_5295
dev_5296_0,acc_5296
dev_5297_0,acc_5297
dev_5298_0,acc_5298
dev_5299_0,acc_5299
dev_5300_0,acc_5300
dev_5301_0,acc_5301
dev_5302_0,acc_5302
dev_5303_0,acc_5303
dev_5304_0,acc_5304
dev_5305_0,acc_5305
dev_5306_0,acc_5306
dev_5307_0,acc_5307
dev_5308_0,acc_5308
dev_5309_0,acc_5309
dev_5310_0,acc_5310
dev_5311_0,acc_5311
dev_5312_0,acc_5312
dev_5313_0,acc_5313
dev_5314_0,acc_5314
dev_5315_0,acc_5315
dev_5316_0,acc_5316
dev_5317_0,acc_5317
dev_5317_1,acc_5317
dev_5318_0,acc_5318
dev_5319_0,acc_5319
dev_5320_0,acc_5320
dev_5321_0,acc_5321
dev_5322_0,acc_5322
dev_5323_0,acc_5323
dev_5324_0,acc_5324
dev_5325_0,acc_5325
dev_5326_0,acc_5326
dev_5327_0,acc_5327
dev_5328_0,acc_5328
dev_5329_0,acc_5329
dev_5330_0,acc_5330
dev_5331_0,acc_5331
dev_5332_0,acc_5332
dev_5333_0,acc_5333
dev_5334_0,acc_5334
dev_5335_0,acc_5335
dev_5336_0,acc_5336
dev_5337_0,acc_5337
dev_5338_0,acc_5338
dev_5339_0,acc_5339
dev_5340_0,acc_5340
dev_5340_1,acc_5340
dev_5341_0,acc_5341
dev_5342_0,acc_5342
dev_5343_0,acc_5343
dev_5344_0,acc_5344
dev_5345_0,acc_5345
dev_5346_0,acc_5346
dev_5347_0,acc_5347
dev_5348_0,acc_5348
dev_5349_0,acc_5349
dev_5350_0,acc_5350
dev_5351_0,acc_5351
dev_5351_1,acc_5351
dev_5352_0,acc_5352
dev_5353_0,acc_5353
dev_5354_0,acc_5354
dev_5355_0,acc_5355
dev_5356_0,acc_5356
dev_5357_0,acc_5357
dev_5358_0,acc_5358
dev_5359_0,acc_5359
dev_5360_0,acc_5360
dev_5361_0,acc_5361
dev_5362_0,acc_5362
dev_5363_0,acc_5363
dev_5364_0,acc_5364
dev_5365_0,acc_5365
dev_5366_0,acc_5366
dev_5367_0,acc_5367
dev_5368_0,acc_5368
dev_5369_0,acc_5369
dev_5370_0,acc_5370
dev_5371_0,acc_5371
dev_5372_0,acc_5372
dev_5373_0,acc_5373
dev_5374_0,acc_5374
dev_5375_0,acc_5375
dev_5376_0,acc_5376
dev_5377_0,acc_5377
dev_5378_0,acc_5378
dev_5379_0,acc_5379
dev_5380_0,acc_5380
dev_5381_0,acc_5381
dev_5382_0,acc_5382
dev_5383_0,acc_5383
dev_5384_0,acc_5384
dev_5385_0,acc_5385
dev_5386_0,acc_5386
dev_5387_0,acc_5387
dev_5388_0,acc_5388
dev_5389_0,acc_5389
dev_5390_0,acc_5390
dev_5391_0,acc_5391
dev_5392_0,acc_5392
dev_5393_0,acc_5393
dev_5394_0,acc_5394
dev_5395_0,acc_5395
dev_5396_0,acc_5396
dev_5397_0,acc_5397
dev_5398_0,acc_5398
dev_5399_0,acc_5399
dev_5400_0,acc_5400
dev_5401_0,acc_5401
dev_5402_0,acc_5402
dev_5403_0,acc_5403
dev_5404_0,acc_5404
dev_5405_0,acc_5405
dev_5406_0,acc_5406
dev_5407_0,acc_5407
dev_5408_0,acc_5408
dev_5409_0,acc_5409
dev_5410_0,acc_5410
dev_5411_0,acc_5411
dev_5412_0,acc_5412
dev_5413_0,acc_5413
dev_5414_0,acc_5414
dev_5415_0,acc_5415
dev_5416_0,acc_5416
dev_5417_0,acc_5417
dev_5417_1,acc_5417
dev_5418_0,acc_5418
dev_5419_0,acc_5419
dev_5420_0,acc_5420
dev_5421_0,acc_5421
dev_5422_0,acc_5422
dev_5423_0,acc_5423
dev_5424_0,acc_5424
dev_5425_0,acc_5425
dev_5426_0,acc_5426
dev_5427_0,acc_5427
dev_5428_0,acc_5428
dev_5429_0,acc_5429
dev_5430_0,acc_5430
dev_5431_0,acc_5431
dev_5432_0,acc_5432
dev_5432_1,acc_5432
dev_5433_0,acc_5433
dev_5434_0,acc_5434
dev_5435_0,acc_5435
dev_5436_0,acc_5436
dev_5437_0,acc_5437
dev_5438_0,acc_5438
dev_5439_0,acc_5439
dev_5440_0,acc_5440
dev_5441_0,acc_5441
dev_5442_0,acc_5442
dev_5443_0,acc_5443
dev_5444_0,acc_5444
dev_5445_0,acc_5445
dev_5446_0,acc_5446
dev_5447_0,acc_5447
dev_5448_0,acc_5448
dev_5449_0,acc_5449
dev_5450_0,acc_5450
dev_5451_0,acc_5451
dev_5452_0,acc_5452
dev_5453_0,acc_5453
dev_5454_0,acc_5454
dev_5455_0,acc_5455
dev_5456_0,acc_5456
dev_5457_0,acc_5457
dev_5458_0,acc_5458
dev_5459_0,acc_5459
dev_5460_0,acc_5460
dev_5461_0,acc_5461
dev_5462_0,acc_5462
dev_5463_0,acc_5463
dev_5464_0,acc_5464
dev_5465_0,acc_5465
dev_5466_0,acc_5466
dev_5467_0,acc_5467
dev_5468_0,acc_5468
dev_5469_0,acc_5469
dev_5470_0,acc_5470
dev_5471_0,acc_5471
dev_5472_0,acc_5472
dev_5473_0,acc_5473
dev_5474_0,acc_5474
dev_5474_1,acc_5474
dev_5475_0,acc_5475
dev_5476_0,acc_5476
dev_5477_0,acc_5477
dev_5478_0,acc_5478
dev_5479_0,acc_5479
dev_5480_0,acc_5480
dev_5481_0,acc_5481
dev_5482_0,acc_5482
dev_5483_0,acc_5483
dev_5484_0,acc_5484
dev_5485_0,acc_5485
dev_5486_0,acc_5486
dev_5487_0,acc_5487
dev_5488_0,acc_5488
dev_5489_0,acc_5489
dev_5490_0,acc_5490
dev_5491_0,acc_5491
dev_5492_0,acc_5492
dev_5493_0,acc_5493
dev_5494_0,acc_5494
dev_5495_0,acc_5495
dev_5496_0,acc_5496
dev_5497_0,acc_5497
dev_5498_0,acc_5498
dev_5499_0,acc_5499
dev_5500_0,acc_5500
dev_5501_0,acc_5501
dev_5502_0,acc_5502
dev_5503_0,acc_5503
dev_5504_0,acc_5504
dev_5505_0,acc_5505
dev_5506_0,acc_5506
dev_5507_0,acc_5507
dev_5508_0,acc_5508
dev_5509_0,acc_5509
dev_5509_1,acc_5509
dev_5510_0,acc_5510
dev_5511_0,acc_5511
dev_5512_0,acc_5512
dev_5513_0,acc_5513
dev_5514_0,acc_5514
dev_5515_0,acc_5515
dev_5516_0,acc_5516
dev_5517_0,acc_5517
dev_5518_0,acc_5518
dev_5519_0,acc_5519
dev_5520_0,acc_5520
dev_5521_0,acc_5521
dev_5522_0,acc_5522
dev_5523_0,acc_5523
dev_5524_0,acc_5524
dev_5525_0,acc_5525
dev_5526_0,acc_5526
dev_5527_0,acc_5527
dev_5528_0,acc_5528
dev_5529_0,acc_5529
dev_5530_0,acc_5530
dev_5531_0,acc_5531
dev_5532_0,acc_5532
dev_5533_0,acc_5533
dev_5534_0,acc_5534
dev_5535_0,acc_5535
dev_5536_0,acc_5536
dev_5537_0,acc_5537
dev_5538_0,acc_5538
dev_5539_0,acc_5539
dev_5540_0,acc_5540
dev_5541_0,acc_5541
dev_5542_0,acc_5542
dev_5543_0,acc_5543
dev_5544_0,acc_5544
dev_5545_0,acc_5545
dev_5546_0,acc_5546
dev_5547_0,acc_5547
dev_5548_0,acc_5548
dev_5549_0,acc_5549
dev_5549_1,acc_5549
dev_5550_0,acc_5550
dev_5551_0,acc_5551
dev_5552_0,acc_5552
dev_5553_0,acc_5553
dev_5554_0,acc_5554
dev_5555_0,acc_5555
dev_5556_0,acc_5556
dev_5557_0,acc_5557
dev_5558_0,acc_5558
dev_5559_0,acc_5559
dev_5560_0,acc_5560
dev_5561_0,acc_5561
dev_5562_0,acc_5562
dev_5563_0,acc_5563
dev_5564_0,acc_5564
dev_5565_0,acc_5565
dev_5566_0,acc_5566
dev_5567_0,acc_5567
dev_5568_0,acc_5568
dev_5569_0,acc_5569
dev_5569_1,acc_5569
dev_5570_0,acc_5570
dev_5571_0,acc_5571
dev_5572_0,acc_5572
dev_5573_0,acc_5573
dev_5574_0,acc_5574
dev_5575_0,acc_5575
dev_5576_0,acc_5576
dev_5577_0,acc_5577
dev_5578_0,acc_5578
dev_5579_0,acc_5579
dev_5580_0,acc_5580
dev_5581_0,acc_5581
dev_5582_0,acc_5582
dev_5583_0,acc_5583
dev_5584_0,acc_5584
dev_5585_0,acc_5585
dev_5586_0,acc_5586
dev_5587_0,acc_5587
dev_5588_0,acc_5588
dev_5588_1,acc_5588
dev_5589_0,acc_5589
dev_5590_0,acc_5590
dev_5591_0,acc_5591
dev_5592_0,acc_5592
dev_5592_1,acc_5592
dev_5593_0,acc_5593
dev_5594_0,acc_5594
dev_5595_0,acc_5595
dev_5596_0,acc_5596
dev_5597_0,acc_5597
dev_5598_0,acc_5598
dev_5599_0,acc_5599
dev_5600_0,acc_5600
dev_5601_0,acc_5601
dev_5602_0,acc_5602
dev_5603_0,acc_5603
dev_5604_0,acc_5604
dev_5605_0,acc_5605
dev_5606_0,acc_5606
dev_5607_0,acc_5607
dev_5608_0,acc_5608
dev_5609_0,acc_5609
dev_5610_0,acc_5610
dev_5611_0,acc_5611
dev_5612_0,acc_5612
dev_5613_0,acc_5613
dev_5614_0,acc_5614
dev_5615_0,acc_5615
dev_5616_0,acc_5616
dev_5617_0,acc_5617
dev_5618_0,acc_5618
dev_5619_0,acc_5619
dev_5620_0,acc_5620
dev_5621_0,acc_5621
dev_5622_0,acc_5622
dev_5623_0,acc_5623
dev_5624_0,acc_5624
dev_5625_0,acc_5625
dev_5626_0,acc_5626
dev_5627_0,acc_5627
dev_5627_1,acc_5627
dev_5628_0,acc_5628
dev_5629_0,acc_5629
dev_5630_0,acc_5630
dev_5631_0,acc_5631
dev_5632_0,acc_5632
dev_5633_0,acc_5633
dev_5634_0,acc_5634
dev_5635_0,acc_5635
dev_5636_0,acc_5636
dev_5637_0,acc_5637
dev_5638_0,acc_5638
dev_5639_0,acc_5639
dev_5640_0,acc_5640
dev_5641_0,acc_5641
dev_5642_0,acc_5642
dev_5643_0,acc_5643
dev_5644_0,acc_5644
dev_5645_0,acc_5645
dev_5646_0,acc_5646
dev_5647_0,acc_5647
dev_5648_0,acc_5648
dev_5649_0,acc_5649
dev_5650_0,acc_5650
dev_5651_0,acc_5651
dev_5652_0,acc_5652
dev_5653_0,acc_5653
dev_5654_0,acc_5654
dev_5655_0,acc_5655
dev_5656_0,acc_5656
dev_5656_1,acc_5656
dev_5657_0,acc_5657
dev_5658_0,acc_5658
dev_5659_0,acc_5659
dev_5660_0,acc_5660
dev_5661_0,acc_5661
dev_5662_0,acc_5662
dev_5663_0,acc_5663
dev_5664_0,acc_5664
dev_5665_0,acc_5665
dev_5666_0,acc_5666
dev_5667_0,acc_5667
dev_5668_0,acc_5668
dev_5669_0,acc_5669
dev_5670_0,acc_5670
dev_5671_0,acc_5671
dev_5672_0,acc_5672
dev_5672_1,acc_5672
dev_5673_0,acc_5673
dev_5674_0,acc_5674
dev_5675_0,acc_5675
dev_5676_0,acc_5676
dev_5677_0,acc_5677
dev_5678_0,acc_5678
dev_5679_0,acc_5679
dev_5680_0,acc_5680
dev_5681_0,acc_5681
dev_5682_0,acc_5682
dev_5683_0,acc_5683
dev_5683_1,acc_5683
dev_5684_0,acc_5684
dev_5685_0,acc_5685
dev_5686_0,acc_5686
dev_5687_0,acc_5687
dev_5688_0,acc_5688
dev_5689_0,acc_5689
dev_5690_0,acc_5690
dev_5691_0,acc_5691
dev_5692_0,acc_5692
dev_5693_0,acc_5693
dev_5694_0,acc_5694
dev_5695_0,acc_5695
dev_5696_0,acc_5696
dev_5697_0,acc_5697
dev_5698_0,acc_5698
dev_5699_0,acc_5699
dev_5700_0,acc_5700
dev_5701_0,acc_5701
dev_5702_0,acc_5702
dev_5703_0,acc_5703
dev_5704_0,acc_5704
dev_5705_0,acc_5705
dev_5706_0,acc_5706
dev_5707_0,acc_5707
dev_5708_0,acc_5708
dev_5709_0,acc_5709
dev_5710_0,acc_5710
dev_5711_0,acc_5711
dev_5712_0,acc_5712
dev_5713_0,acc_5713
dev_5714_0,acc_5714
dev_5715_0,acc_5715
dev_5716_0,acc_5716
dev_5717_0,acc_5717
dev_5718_0,acc_5718
dev_5719_0,acc_5719
dev_5720_0,acc_5720
dev_5721_0,acc_5721
dev_5722_0,acc_5722
dev_5723_0,acc_5723
dev_5724_0,acc_5724
dev_5725_0,acc_5725
dev_5726_0,acc_5726
dev_5727_0,acc_5727
dev_5728_0,acc_5728
dev_5729_0,acc_5729
dev_5730_0,acc_5730
dev_5731_0,acc_5731
dev_5732_0,acc_5732
dev_5733_0,acc_5733
dev_5734_0,acc_5734
dev_5735_0,acc_5735
dev_5736_0,acc_5736
dev_5737_0,acc_5737
dev_5738_0,acc_5738
dev_5739_0,acc_5739
dev_5740_0,acc_5740
dev_5741_0,acc_5741
dev_5742_0,acc_5742
dev_5743_0,acc_5743
dev_5744_0,acc_5744
dev_5745_0,acc_5745
dev_5746_0,acc_5746
dev_5747_0,acc_5747
dev_5748_0,acc_5748
dev_5749_0,acc_5749
dev_5749_1,acc_5749
dev_5750_0,acc_5750
dev_5751_0,acc_5751
dev_5752_0,acc_5752
dev_5753_0,acc_5753
dev_5754_0,acc_5754
dev_5755_0,acc_5755
dev_5756_0,acc_5756
dev_5757_0,acc_5757
dev_5758_0,acc_5758
dev_5759_0,acc_5759
dev_5760_0,acc_5760
dev_5761_0,acc_5761
dev_5762_0,acc_5762
dev_5763_0,acc_5763
dev_5764_0,acc_5764
dev_5765_0,acc_5765
dev_5766_0,acc_5766
dev_5767_0,acc_5767
dev_5768_0,acc_5768
dev_5769_0,acc_5769
dev_5770_0,acc_5770
dev_5771_0,acc_5771
dev_5772_0,acc_5772
dev_5773_0,acc_5773
dev_5774_0,acc_5774
dev_5774_1,acc_5774
dev_5775_0,acc_5775
dev_5776_0,acc_5776
dev_5777_0,acc_5777
dev_5778_0,acc_5778
dev_5779_0,acc_5779
dev_5780_0,acc_5780
dev_5781_0,acc_5781
dev_5782_0,acc_5782
dev_5783_0,acc_5783
dev_5784_0,acc_5784
dev_5785_0,acc_5785
dev_5786_0,acc_5786
dev_5787_0,acc_5787
dev_5788_0,acc_5788
dev_5789_0,acc_5789
dev_5790_0,acc_5790
dev_5791_0,acc_5791
dev_5792_0,acc_5792
dev_5793_0,acc_5793
dev_5794_0,acc_5794
dev_5795_0,acc_5795
dev_5796_0,acc_5796
dev_5797_0,acc_5797
dev_5798_0,acc_5798
dev_5799_0,acc_5799
dev_5800_0,acc_5800
dev_5801_0,acc_5801
dev_5802_0,acc_5802
dev_5803_0,acc_5803
dev_5804_0,acc_5804
dev_5805_0,acc_5805
dev_5806_0,acc_5806
dev_5806_1,acc_5806
dev_5807_0,acc_5807
dev_5808_0,acc_5808
dev_5809_0,acc_5809
dev_5810_0,acc_5810
dev_5811_0,acc_5811
dev_5812_0,acc_5812
dev_5813_0,acc_5813
dev_5814_0,acc_5814
dev_5815_0,acc_5815
dev_5816_0,acc_5816
dev_5817_0,acc_5817
dev_5818_0,acc_5818
dev_5819_0,acc_5819
dev_5820_0,acc_5820
dev_5821_0,acc_5821
dev_5822_0,acc_5822
dev_5823_0,acc_5823
dev_5824_0,acc_5824
dev_5825_0,acc_5825
dev_5826_0,acc_5826
dev_5827_0,acc_5827
dev_5828_0,acc_5828
dev_5828_1,acc_5828
dev_5829_0,acc_5829
dev_5830_0,acc_5830
dev_5830_1,acc_5830
dev_5831_0,acc_5831
dev_5832_0,acc_5832
dev_5833_0,acc_5833
dev_5834_0,acc_5834
dev_5835_0,acc_5835
dev_5836_0,acc_5836
dev_5837_0,acc_5837
dev_5838_0,acc_5838
dev_5839_0,acc_5839
dev_5840_0,acc_5840
dev_5841_0,acc_5841
dev_5842_0,acc_5842
dev_5843_0,acc_5843
dev_5844_0,acc_5844
dev_5845_0,acc_5845
dev_5846_0,acc_5846
dev_5847_0,acc_5847
dev_5848_0,acc_5848
dev_5849_0,acc_5849
dev_5850_0,acc_5850
dev_5851_0,acc_5851
dev_5852_0,acc_5852
dev_5853_0,acc_5853
dev_5853_1,acc_5853
dev_5854_0,acc_5854
dev_5855_0,acc_5855
dev_5856_0,acc_5856
dev_5857_0,acc_5857
dev_5858_0,acc_5858
dev_5859_0,acc_5859
dev_5860_0,acc_5860
dev_5861_0,acc_5861
dev_5862_0,acc_5862
dev_5863_0,acc_5863
dev_5864_0,acc_5864
dev_5865_0,acc_5865
dev_5866_0,acc_5866
dev_5867_0,acc_5867
dev_5868_0,acc_5868
dev_5869_0,acc_5869
dev_5870_0,acc_5870
dev_5871_0,acc_5871
dev_5871_1,acc_5871
dev_5872_0,acc_5872
dev_5873_0,acc_5873
dev_5874_0,acc_5874
dev_5875_0,acc_5875
dev_5876_0,acc_5876
dev_5877_0,acc_5877
dev_5878_0,acc_5878
dev_5879_0,acc_5879
dev_5880_0,acc_5880
dev_5881_0,acc_5881
dev_5882_0,acc_5882
dev_5883_0,acc_5883
dev_5884_0,acc_5884
dev_5885_0,acc_5885
dev_5886_0,acc_5886
dev_5887_0,acc_5887
dev_5888_0,acc_5888
dev_5889_0,acc_5889
dev_5890_0,acc_5890
dev_5891_0,acc_5891
dev_5892_0,acc_5892
dev_5893_0,acc_5893
dev_5894_0,acc_5894
dev_5895_0,acc_5895
dev_5896_0,acc_5896
dev_5897_0,acc_5897
dev_5898_0,acc_5898
dev_5899_0,acc_5899
dev_5900_0,acc_5900
dev_5901_0,acc_5901
dev_5901_1,acc_5901
dev_5902_0,acc_5902
dev_5903_0,acc_5903
dev_5904_0,acc_5904
dev_5905_0,acc_5905
dev_5906_0,acc_5906
dev_5907_0,acc_5907
dev_5908_0,acc_5908
dev_5909_0,acc_5909
dev_5910_0,acc_5910
dev_5911_0,acc_5911
dev_5912_0,acc_5912
dev_5913_0,acc_5913
dev_5914_0,acc_5914
dev_5915_0,acc_5915
dev_5916_0,acc_5916
dev_5917_0,acc_5917
dev_5918_0,acc_5918
dev_5919_0,acc_5919
dev_5920_0,acc_5920
dev_5921_0,acc_5921
dev_5922_0,acc_5922
dev_5923_0,acc_5923
dev_5924_0,acc_5924
dev_5924_1,acc_5924
dev_5925_0,acc_5925
dev_5926_0,acc_5926
dev_5927_0,acc_5927
dev_5928_0,acc_5928
dev_5929_0,acc_5929
dev_5930_0,acc_5930
dev_5931_0,acc_5931
dev_5932_0,acc_5932
dev_5933_0,acc_5933
dev_5934_0,acc_5934
dev_5935_0,acc_5935
dev_5936_0,acc_5936
dev_5937_0,acc_5937
dev_5938_0,acc_5938
dev_5939_0,acc_5939
dev_5940_0,acc_5940
dev_5941_0,acc_5941
dev_5942_0,acc_5942
dev_5943_0,acc_5943
dev_5944_0,acc_5944
dev_5945_0,acc_5945
dev_5946_0,acc_5946
dev_5947_0,acc_5947
dev_5948_0,acc_5948
dev_5949_0,acc_5949
dev_5950_0,acc_5950
dev_5950_1,acc_5950
dev_5951_0,acc_5951
dev_5952_0,acc_5952
dev_5953_0,acc_5953
dev_5954_0,acc_5954
dev_5955_0,acc_5955
dev_5956_0,acc_5956
dev_5957_0,acc_5957
dev_5957_1,acc_5957
dev_5958_0,acc_5958
dev_5958_1,acc_5958
dev_5959_0,acc_5959
dev_5960_0,acc_5960
dev_5961_0,acc_5961
dev_5961_1,acc_5961
dev_5962_0,acc_5962
dev_5963_0,acc_5963
dev_5964_0,acc_5964
dev_5965_0,acc_5965
dev_5966_0,acc_5966
dev_5967_0,acc_5967
dev_5968_0,acc_5968
dev_5969_0,acc_5969
dev_5970_0,acc_5970
dev_5971_0,acc_5971
dev_5972_0,acc_5972
dev_5973_0,acc_5973
dev_5974_0,acc_5974
dev_5975_0,acc_5975
dev_5976_0,acc_5976
dev_5977_0,acc_5977
dev_5978_0,acc_5978
dev_5978_1,acc_5978
dev_5979_0,acc_5979
dev_5980_0,acc_5980
dev_5981_0,acc_5981
dev_5982_0,acc_5982
dev_5983_0,acc_5983
dev_5984_0,acc_5984
dev_5985_0,acc_5985
dev_5986_0,acc_5986
dev_5987_0,acc_5987
dev_5988_0,acc_5988
dev_5989_0,acc_5989
dev_5990_0,acc_5990
dev_5991_0,acc_5991
dev_5992_0,acc_5992
dev_5993_0,acc_5993
dev_5994_0,acc_5994
dev_5995_0,acc_5995
dev_5996_0,acc_5996
dev_5997_0,acc_5997
dev_5998_0,acc_5998
dev_5999_0,acc_5999
dev_6000_0,acc_6000
dev_6001_0,acc_6001
dev_6002_0,acc_6002
dev_6003_0,acc_6003
dev_6004_0,acc_6004
dev_6004_1,acc_6004
dev_6005_0,acc_6005
dev_6006_0,acc_6006
dev_6007_0,acc_6007
dev_6008_0,acc_6008
dev_6009_0,acc_6009
dev_6010_0,acc_6010
dev_6011_0,acc_6011
dev_6011_1,acc_6011
dev_6012_0,acc_6012
dev_6013_0,acc_6013
dev_6014_0,acc_6014
dev_6015_0,acc_6015
dev_6016_0,acc_6016
dev_6017_0,acc_6017
dev_6018_0,acc_6018
dev_6019_0,acc_6019
dev_6020_0,acc_6020
dev_6021_0,acc_6021
dev_6022_0,acc_6022
dev_6023_0,acc_6023
dev_6023_1,acc_6023
dev_6024_0,acc_6024
dev_6025_0,acc_6025
dev_6026_0,acc_6026
dev_6027_0,acc_6027
dev_6028_0,acc_6028
dev_6029_0,acc_6029
dev_6030_0,acc_6030
dev_6031_0,acc_6031
dev_6032_0,acc_6032
dev_6033_0,acc_6033
dev_6033_1,acc_6033
dev_6034_0,acc_6034
dev_6035_0,acc_6035
dev_6036_0,acc_6036
dev_6036_1,acc_6036
dev_6037_0,acc_6037
dev_6038_0,acc_6038
dev_6039_0,acc_6039
dev_6040_0,acc_6040
dev_6041_0,acc_6041
dev_6042_0,acc_6042
dev_6043_0,acc_6043
dev_6044_0,acc_6044
dev_6045_0,acc_6045
dev_6046_0,acc_6046
dev_6047_0,acc_6047
dev_6048_0,acc_6048
dev_6049_0,acc_6049
dev_6050_0,acc_6050
dev_6051_0,acc_6051
dev_6052_0,acc_6052
dev_6053_0,acc_6053
dev_6054_0,acc_6054
dev_6055_0,acc_6055
dev_6056_0,acc_6056
dev_6057_0,acc_6057
dev_6058_0,acc_6058
dev_6059_0,acc_6059
dev_6060_0,acc_6060
dev_6061_0,acc_6061
dev_6061_1,acc_6061
dev_6062_0,acc_6062
dev_6063_0,acc_6063
dev_6063_1,acc_6063
dev_6064_0,acc_6064
dev_6065_0,acc_6065
dev_6066_0,acc_6066
dev_6067_0,acc_6067
dev_6068_0,acc_6068
dev_6069_0,acc_6069
dev_6070_0,acc_6070
dev_6070_1,acc_6070
dev_6071_0,acc_6071
dev_6072_0,acc_6072
dev_6073_0,acc_6073
dev_6074_0,acc_6074
dev_6075_0,acc_6075
dev_6076_0,acc_6076
dev_6077_0,acc_6077
dev_6078_0,acc_6078
dev_6079_0,acc_6079
dev_6080_0,acc_6080
dev_6081_0,acc_6081
dev_6082_0,acc_6082
dev_6083_0,acc_6083
dev_6084_0,acc_6084
dev_6085_0,acc_6085
dev_6086_0,acc_6086
dev_6086_1,acc_6086
dev_6087_0,acc_6087
dev_6088_0,acc_6088
dev_6089_0,acc_6089
dev_6090_0,acc_6090
dev_6091_0,acc_6091
dev_6092_0,acc_6092
dev_6093_0,acc_6093
dev_6094_0,acc_6094
dev_6095_0,acc_6095
dev_6096_0,acc_6096
dev_6097_0,acc_6097
dev_6098_0,acc_6098
dev_6099_0,acc_6099
dev_6100_0,acc_6100
dev_6101_0,acc_6101
dev_6102_0,acc_6102
dev_6103_0,acc_6103
dev_6104_0,acc_6104
dev_6105_0,acc_6105
dev_6106_0,acc_6106
dev_6106_1,acc_6106
dev_6107_0,acc_6107
dev_6108_0,acc_6108
dev_6109_0,acc_6109
dev_6110_0,acc_6110
dev_6111_0,acc_6111
dev_6112_0,acc_6112
dev_6113_0,acc_6113
dev_6114_0,acc_6114
dev_6115_0,acc_6115
dev_6115_1,acc_6115
dev_6116_0,acc_6116
dev_6117_0,acc_6117
dev_6117_1,acc_6117
dev_6118_0,acc_6118
dev_6119_0,acc_6119
dev_6119_1,acc_6119
dev_6120_0,acc_6120
dev_6121_0,acc_6121
dev_6122_0,acc_6122
dev_6123_0,acc_6123
dev_6124_0,acc_6124
dev_6124_1,acc_6124
dev_6125_0,acc_6125
dev_6126_0,acc_6126
dev_6127_0,acc_6127
dev_6128_0,acc_6128
dev_6129_0,acc_6129
dev_6130_0,acc_6130
dev_6131_0,acc_6131
dev_6132_0,acc_6132
dev_6133_0,acc_6133
dev_6134_0,acc_6134
dev_6135_0,acc_6135
dev_6136_0,acc_6136
dev_6137_0,acc_6137
dev_6138_0,acc_6138
dev_6139_0,acc_6139
dev_6140_0,acc_6140
dev_6140_1,acc_6140
dev_6141_0,acc_6141
dev_6142_0,acc_6142
dev_6143_0,acc_6143
dev_6144_0,acc_6144
dev_6145_0,acc_6145
dev_6146_0,acc_6146
dev_6147_0,acc_6147
dev_6148_0,acc_6148
dev_6149_0,acc_6149
dev_6150_0,acc_6150
dev_6151_0,acc_6151
dev_6152_0,acc_6152
dev_6153_0,acc_6153
dev_6153_1,acc_6153
dev_6154_0,acc_6154
dev_6155_0,acc_6155
dev_6156_0,acc_6156
dev_6157_0,acc_6157
dev_6158_0,acc_6158
dev_6159_0,acc_6159
dev_6159_1,acc_6159
dev_6160_0,acc_6160
dev_6160_1,acc_6160
dev_6161_0,acc_6161
dev_6162_0,acc_6162
dev_6163_0,acc_6163
dev_6164_0,acc_6164
dev_6165_0,acc_6165
dev_6165_1,acc_6165
dev_6166_0,acc_6166
dev_6166_1,acc_6166
dev_6167_0,acc_6167
dev_6168_0,acc_6168
dev_6169_0,acc_6169
dev_6170_0,acc_6170
dev_6171_0,acc_6171
dev_6172_0,acc_6172
dev_6173_0,acc_6173
dev_6174_0,acc_6174
dev_6175_0,acc_6175
dev_6176_0,acc_6176
dev_6177_0,acc_6177
dev_6178_0,acc_6178
dev_6179_0,acc_6179
dev_6180_0,acc_6180
dev_6181_0,acc_6181
dev_6182_0,acc_6182
dev_6183_0,acc_6183
dev_6184_0,acc_6184
dev_6185_0,acc_6185
dev_6186_0,acc_6186
dev_6187_0,acc_6187
dev_6188_0,acc_6188
dev_6189_0,acc_6189
dev_6190_0,acc_6190
dev_6191_0,acc_6191
dev_6192_0,acc_6192
dev_6193_0,acc_6193
dev_6194_0,acc_6194
dev_6195_0,acc_6195
dev_6196_0,acc_6196
dev_6197_0,acc_6197
dev_6198_0,acc_6198
dev_6199_0,acc_6199
dev_6200_0,acc_6200
dev_6201_0,acc_6201
dev_6202_0,acc_6202
dev_6203_0,acc_6203
dev_6204_0,acc_6204
dev_6204_1,acc_6204
dev_6205_0,acc_6205
dev_6206_0,acc_6206
dev_6206_1,acc_6206
dev_6207_0,acc_6207
dev_6208_0,acc_6208
dev_6209_0,acc_6209
dev_6210_0,acc_6210
dev_6211_0,acc_6211
dev_6212_0,acc_6212
dev_6213_0,acc_6213
dev_6214_0,acc_6214
dev_6215_0,acc_6215
dev_6216_0,acc_6216
dev_6217_0,acc_6217
dev_6217_1,acc_6217
dev_6218_0,acc_6218
dev_6219_0,acc_6219
dev_6220_0,acc_6220
dev_6221_0,acc_6221
dev_6222_0,acc_6222
dev_6223_0,acc_6223
dev_6223_1,acc_6223
dev_6224_0,acc_6224
dev_6225_0,acc_6225
dev_6226_0,acc_6226
dev_6227_0,acc_6227
dev_6228_0,acc_6228
dev_6229_0,acc_6229
dev_6230_0,acc_6230
dev_6231_0,acc_6231
dev_6232_0,acc_6232
dev_6233_0,acc_6233
dev_6234_0,acc_6234
dev_6235_0,acc_6235
dev_6236_0,acc_6236
dev_6237_0,acc_6237
dev_6238_0,acc_6238
dev_6239_0,acc_6239
dev_6240_0,acc_6240
dev_6241_0,acc_6241
dev_6242_0,acc_6242
dev_6243_0,acc_6243
dev_6244_0,acc_6244
dev_6245_0,acc_6245
dev_6246_0,acc_6246
dev_6247_0,acc_6247
dev_6247_1,acc_6247
dev_6248_0,acc_6248
dev_6249_0,acc_6249
dev_6250_0,acc_6250
dev_6251_0,acc_6251
dev_6252_0,acc_6252
dev_6252_1,acc_6252
dev_6253_0,acc_6253
dev_6253_1,acc_6253
dev_6254_0,acc_6254
dev_6255_0,acc_6255
dev_6255_1,acc_6255
dev_6256_0,acc_6256
dev_6257_0,acc_6257
dev_6258_0,acc_6258
dev_6258_1,acc_6258
dev_6259_0,acc_6259
dev_6260_0,acc_6260
dev_6261_0,acc_6261
dev_6262_0,acc_6262
dev_6263_0,acc_6263
dev_6264_0,acc_6264
dev_6265_0,acc_6265
dev_6266_0,acc_6266
dev_6267_0,acc_6267
dev_6268_0,acc_6268
dev_6269_0,acc_6269
dev_6270_0,acc_6270
dev_6271_0,acc_6271
dev_6272_0,acc_6272
dev_6273_0,acc_6273
dev_6274_0,acc_6274
dev_6275_0,acc_6275
dev_6276_0,acc_6276
dev_6277_0,acc_6277
dev_6278_0,acc_6278
dev_6279_0,acc_6279
dev_6280_0,acc_6280
dev_6281_0,acc_6281
dev_6282_0,acc_6282
dev_6283_0,acc_6283
dev_6284_0,acc_6284
dev_6285_0,acc_6285
dev_6286_0,acc_6286
dev_6287_0,acc_6287
dev_6288_0,acc_6288
dev_6289_0,acc_6289
dev_6290_0,acc_6290
dev_6291_0,acc_6291
dev_6292_0,acc_6292
dev_6293_0,acc_6293
dev_6294_0,acc_6294
dev_6295_0,acc_6295
dev_6296_0,acc_6296
dev_6297_0,acc_6297
dev_6298_0,acc_6298
dev_6299_0,acc_6299
dev_6300_0,acc_6300
dev_6301_0,acc_6301
dev_6302_0,acc_6302
dev_6303_0,acc_6303
dev_6304_0,acc_6304
dev_6305_0,acc_6305
dev_6306_0,acc_6306
dev_6307_0,acc_6307
dev_6308_0,acc_6308
dev_6309_0,acc_6309
dev_6310_0,acc_6310
dev_6311_0,acc_6311
dev_6312_0,acc_6312
dev_6313_0,acc_6313
dev_6314_0,acc_6314
dev_6315_0,acc_6315
dev_6316_0,acc_6316
dev_6317_0,acc_6317
dev_6318_0,acc_6318
dev_6319_0,acc_6319
dev_6320_0,acc_6320
dev_6321_0,acc_6321
dev_6321_1,acc_6321
dev_6322_0,acc_6322
dev_6323_0,acc_6323
dev_6324_0,acc_6324
dev_6325_0,acc_6325
dev_6326_0,acc_6326
dev_6327_0,acc_6327
dev_6328_0,acc_6328
dev_6329_0,acc_6329
dev_6330_0,acc_6330
dev_6331_0,acc_6331
dev_6332_0,acc_6332
dev_6333_0,acc_6333
dev_6334_0,acc_6334
dev_6335_0,acc_6335
dev_6336_0,acc_6336
dev_6337_0,acc_6337
dev_6338_0,acc_6338
dev_6339_0,acc_6339
dev_6340_0,acc_6340
dev_6341_0,acc_6341
dev_6342_0,acc_6342
dev_6343_0,acc_6343
dev_6344_0,acc_6344
dev_6345_0,acc_6345
dev_6346_0,acc_6346
dev_6347_0,acc_6347
dev_6348_0,acc_6348
dev_6349_0,acc_6349
dev_6350_0,acc_6350
dev_6351_0,acc_6351
dev_6352_0,acc_6352
dev_6353_0,acc_6353
dev_6354_0,acc_6354
dev_6355_0,acc_6355
dev_6356_0,acc_6356
dev_6357_0,acc_6357
dev_6358_0,acc_6358
dev_6359_0,acc_6359
dev_6360_0,acc_6360
dev_6361_0,acc_6361
dev_6362_0,acc_6362
dev_6363_0,acc_6363
dev_6364_0,acc_6364
dev_6365_0,acc_6365
dev_6366_0,acc_6366
dev_6367_0,acc_6367
dev_6368_0,acc_6368
dev_6369_0,acc_6369
dev_6370_0,acc_6370
dev_6371_0,acc_6371
dev_6372_0,acc_6372
dev_6373_0,acc_6373
dev_6374_0,acc_6374
dev_6375_0,acc_6375
dev_6376_0,acc_6376
dev_6377_0,acc_6377
dev_6378_0,acc_6378
dev_6379_0,acc_6379
dev_6380_0,acc_6380
dev_6381_0,acc_6381
dev_6382_0,acc_6382
dev_6383_0,acc_6383
dev_6384_0,acc_6384
dev_6385_0,acc_6385
dev_6386_0,acc_6386
dev_6387_0,acc_6387
dev_6388_0,acc_6388
dev_6389_0,acc_6389
dev_6390_0,acc_6390
dev_6391_0,acc_6391
dev_6392_0,acc_6392
dev_6393_0,acc_6393
dev_6393_1,acc_6393
dev_6394_0,acc_6394
dev_6395_0,acc_6395
dev_6396_0,acc_6396
dev_6396_1,acc_6396
dev_6397_0,acc_6397
dev_6397_1,acc_6397
dev_6398_0,acc_6398
dev_6399_0,acc_6399
dev_6400_0,acc_6400
dev_6401_0,acc_6401
dev_6402_0,acc_6402
dev_6403_0,acc_6403
dev_6404_0,acc_6404
dev_6405_0,acc_6405
dev_6406_0,acc_6406
dev_6407_0,acc_6407
dev_6408_0,acc_6408
dev_6408_1,acc_6408
dev_6409_0,acc_6409
dev_6410_0,acc_6410
dev_6411_0,acc_6411
dev_6412_0,acc_6412
dev_6413_0,acc_6413
dev_6414_0,acc_6414
dev_6415_0,acc_6415
dev_6416_0,acc_6416
dev_6417_0,acc_6417
dev_6418_0,acc_6418
dev_6419_0,acc_6419
dev_6420_0,acc_6420
dev_6421_0,acc_6421
dev_6422_0,acc_6422
dev_6423_0,acc_6423
dev_6424_0,acc_6424
dev_6425_0,acc_6425
dev_6426_0,acc_6426
dev_6427_0,acc_6427
dev_6428_0,acc_6428
dev_6429_0,acc_6429
dev_6430_0,acc_6430
dev_6430_1,acc_6430
dev_6431_0,acc_6431
dev_6432_0,acc_6432
dev_6433_0,acc_6433
dev_6434_0,acc_6434
dev_6435_0,acc_6435
dev_6436_0,acc_6436
dev_6437_0,acc_6437
dev_6438_0,acc_6438
dev_6439_0,acc_6439
dev_6440_0,acc_6440
dev_6441_0,acc_6441
dev_6442_0,acc_6442
dev_6443_0,acc_6443
dev_6444_0,acc_6444
dev_6445_0,acc_6445
dev_6446_0,acc_6446
dev_6446_1,acc_6446
dev_6447_0,acc_6447
dev_6448_0,acc_6448
dev_6449_0,acc_6449
dev_6450_0,acc_6450
dev_6451_0,acc_6451
dev_6452_0,acc_6452
dev_6453_0,acc_6453
dev_6454_0,acc_6454
dev_6455_0,acc_6455
dev_6455_1,acc_6455
dev_6456_0,acc_6456
dev_6457_0,acc_6457
dev_6458_0,acc_6458
dev_6459_0,acc_6459
dev_6460_0,acc_6460
dev_6461_0,acc_6461
dev_6462_0,acc_6462
dev_6463_0,acc_6463
dev_6464_0,acc_6464
dev_6465_0,acc_6465
dev_6466_0,acc_6466
dev_6467_0,acc_6467
dev_6468_0,acc_6468
dev_6469_0,acc_6469
dev_6470_0,acc_6470
dev_6471_0,acc_6471
dev_6472_0,acc_6472
dev_6473_0,acc_6473
dev_6474_0,acc_6474
dev_6475_0,acc_6475
dev_6476_0,acc_6476
dev_6477_0,acc_6477
dev_6478_0,acc_6478
dev_6479_0,acc_6479
dev_6479_1,acc_6479
dev_6480_0,acc_6480
dev_6481_0,acc_6481
dev_6482_0,acc_6482
dev_6483_0,acc_6483
dev_6484_0,acc_6484
dev_6485_0,acc_6485
dev_6486_0,acc_6486
dev_6487_0,acc_6487
dev_6488_0,acc_6488
dev_6489_0,acc_6489
dev_6490_0,acc_6490
dev_6491_0,acc_6491
dev_6492_0,acc_6492
dev_6493_0,acc_6493
dev_6494_0,acc_6494
dev_6495_0,acc_6495
dev_6496_0,acc_6496
dev_6497_0,acc_6497
dev_6498_0,acc_6498
dev_6499_0,acc_6499
dev_6500_0,acc_6500
dev_6501_0,acc_6501
dev_6502_0,acc_6502
dev_6503_0,acc_6503
dev_6503_1,acc_6503
dev_6504_0,acc_6504
dev_6505_0,acc_6505
dev_6506_0,acc_6506
dev_6507_0,acc_6507
dev_6508_0,acc_6508
dev_6509_0,acc_6509
dev_6509_1,acc_6509
dev_6510_0,acc_6510
dev_6511_0,acc_6511
dev_6512_0,acc_6512
dev_6513_0,acc_6513
dev_6514_0,acc_6514
dev_6515_0,acc_6515
dev_6516_0,acc_6516
dev_6517_0,acc_6517
dev_6518_0,acc_6518
dev_6519_0,acc_6519
dev_6520_0,acc_6520
dev_6521_0,acc_6521
dev_6522_0,acc_6522
dev_6523_0,acc_6523
dev_6524_0,acc_6524
dev_6525_0,acc_6525
dev_6526_0,acc_6526
dev_6527_0,acc_6527
dev_6528_0,acc_6528
dev_6529_0,acc_6529
dev_6530_0,acc_6530
dev_6531_0,acc_6531
dev_6531_1,acc_6531
dev_6532_0,acc_6532
dev_6533_0,acc_6533
dev_6534_0,acc_6534
dev_6535_0,acc_6535
dev_6536_0,acc_6536
dev_6537_0,acc_6537
dev_6538_0,acc_6538
dev_6539_0,acc_6539
dev_6540_0,acc_6540
dev_6541_0,acc_6541
dev_6542_0,acc_6542
dev_6543_0,acc_6543
dev_6543_1,acc_6543
dev_6544_0,acc_6544
dev_6545_0,acc_6545
dev_6546_0,acc_6546
dev_6547_0,acc_6547
dev_6547_1,acc_6547
dev_6548_0,acc_6548
dev_6549_0,acc_6549
dev_6550_0,acc_6550
dev_6551_0,acc_6551
dev_6552_0,acc_6552
dev_6553_0,acc_6553
dev_6554_0,acc_6554
dev_6555_0,acc_6555
dev_6556_0,acc_6556
dev_6557_0,acc_6557
dev_6558_0,acc_6558
dev_6559_0,acc_6559
dev_6560_0,acc_6560
dev_6561_0,acc_6561
dev_6562_0,acc_6562
dev_6563_0,acc_6563
dev_6564_0,acc_6564
dev_6565_0,acc_6565
dev_6566_0,acc_6566
dev_6567_0,acc_6567
dev_6567_1,acc_6567
dev_6568_0,acc_6568
dev_6569_0,acc_6569
dev_6570_0,acc_6570
dev_6571_0,acc_6571
dev_6572_0,acc_6572
dev_6573_0,acc_6573
dev_6574_0,acc_6574
dev_6575_0,acc_6575
dev_6576_0,acc_6576
dev_6577_0,acc_6577
dev_6578_0,acc_6578
dev_6579_0,acc_6579
dev_6580_0,acc_6580
dev_6581_0,acc_6581
dev_6582_0,acc_6582
dev_6583_0,acc_6583
dev_6584_0,acc_6584
dev_6585_0,acc_6585
dev_6586_0,acc_6586
dev_6587_0,acc_6587
dev_6588_0,acc_6588
dev_6589_0,acc_6589
dev_6590_0,acc_6590
dev_6591_0,acc_6591
dev_6592_0,acc_6592
dev_6593_0,acc_6593
dev_6594_0,acc_6594
dev_6594_1,acc_6594
dev_6595_0,acc_6595
dev_6596_0,acc_6596
dev_6597_0,acc_6597
dev_6598_0,acc_6598
dev_6599_0,acc_6599
dev_6600_0,acc_6600
dev_6601_0,acc_6601
dev_6602_0,acc_6602
dev_6603_0,acc_6603
dev_6604_0,acc_6604
dev_6605_0,acc_6605
dev_6606_0,acc_6606
dev_6607_0,acc_6607
dev_6608_0,acc_6608
dev_6609_0,acc_6609
dev_6610_0,acc_6610
dev_6610_1,acc_6610
dev_6611_0,acc_6611
dev_6612_0,acc_6612
dev_6613_0,acc_6613
dev_6614_0,acc_6614
dev_6615_0,acc_6615
dev_6616_0,acc_6616
dev_6617_0,acc_6617
dev_6618_0,acc_6618
dev_6619_0,acc_6619
dev_6619_1,acc_6619
dev_6620_0,acc_6620
dev_6621_0,acc_6621
dev_6622_0,acc_6622
dev_6623_0,acc_6623
dev_6624_0,acc_6624
dev_6625_0,acc_6625
dev_6626_0,acc_6626
dev_6627_0,acc_6627
dev_6628_0,acc_6628
dev_6629_0,acc_6629
dev_6630_0,acc_6630
dev_6631_0,acc_6631
dev_6632_0,acc_6632
dev_6632_1,acc_6632
dev_6633_0,acc_6633
dev_6634_0,acc_6634
dev_6635_0,acc_6635
dev_6636_0,acc_6636
dev_6637_0,acc_6637
dev_6638_0,acc_6638
dev_6639_0,acc_6639
dev_6640_0,acc_6640
dev_6641_0,acc_6641
dev_6642_0,acc_6642
dev_6642_1,acc_6642
dev_6643_0,acc_6643
dev_6644_0,acc_6644
dev_6645_0,acc_6645
dev_6646_0,acc_6646
dev_6647_0,acc_6647
dev_6648_0,acc_6648
dev_6649_0,acc_6649
dev_6650_0,acc_6650
dev_6651_0,acc_6651
dev_6652_0,acc_6652
dev_6653_0,acc_6653
dev_6654_0,acc_6654
dev_6655_0,acc_6655
dev_6656_0,acc_6656
dev_6657_0,acc_6657
dev_6658_0,acc_6658
dev_6659_0,acc_6659
dev_6660_0,acc_6660
dev_6661_0,acc_6661
dev_6662_0,acc_6662
dev_6663_0,acc_6663
dev_6664_0,acc_6664
dev_6664_1,acc_6664
dev_6665_0,acc_6665
dev_6666_0,acc_6666
dev_6667_0,acc_6667
dev_6668_0,acc_6668
dev_6669_0,acc_6669
dev_6670_0,acc_6670
dev_6671_0,acc_6671
dev_6672_0,acc_6672
dev_6673_0,acc_6673
dev_6674_0,acc_6674
dev_6675_0,acc_6675
dev_6676_0,acc_6676
dev_6677_0,acc_6677
dev_6678_0,acc_6678
dev_6678_1,acc_6678
dev_6679_0,acc_6679
dev_6680_0,acc_6680
dev_6681_0,acc_6681
dev_6682_0,acc_6682
dev_6683_0,acc_6683
dev_6684_0,acc_6684
dev_6685_0,acc_6685
dev_6686_0,acc_6686
dev_6687_0,acc_6687
dev_6688_0,acc_6688
dev_6688_1,acc_6688
dev_6689_0,acc_6689
dev_6690_0,acc_6690
dev_6691_0,acc_6691
dev_6692_0,acc_6692
dev_6693_0,acc_6693
dev_6694_0,acc_6694
dev_6695_0,acc_6695
dev_6696_0,acc_6696
dev_6697_0,acc_6697
dev_6698_0,acc_6698
dev_6699_0,acc_6699
dev_6700_0,acc_6700
dev_6701_0,acc_6701
dev_6702_0,acc_6702
dev_6703_0,acc_6703
dev_6704_0,acc_6704
dev_6705_0,acc_6705
dev_6706_0,acc_6706
dev_6707_0,acc_6707
dev_6708_0,acc_6708
dev_6708_1,acc_6708
dev_6709_0,acc_6709
dev_6710_0,acc_6710
dev_6711_0,acc_6711
dev_6712_0,acc_6712
dev_6713_0,acc_6713
dev_6714_0,acc_6714
dev_6715_0,acc_6715
dev_6716_0,acc_6716
dev_6717_0,acc_6717
dev_6717_1,acc_6717
dev_6718_0,acc_6718
dev_6719_0,acc_6719
dev_6720_0,acc_6720
dev_6721_0,acc_6721
dev_6722_0,acc_6722
dev_6723_0,acc_6723
dev_6724_0,acc_6724
dev_6725_0,acc_6725
dev_6726_0,acc_6726
dev_6727_0,acc_6727
dev_6728_0,acc_6728
dev_6729_0,acc_6729
dev_6730_0,acc_6730
dev_6731_0,acc_6731
dev_6732_0,acc_6732
dev_6733_0,acc_6733
dev_6734_0,acc_6734
dev_6735_0,acc_6735
dev_6736_0,acc_6736
dev_6737_0,acc_6737
dev_6738_0,acc_6738
dev_6739_0,acc_6739
dev_6740_0,acc_6740
dev_6741_0,acc_6741
dev_6742_0,acc_6742
dev_6742_1,acc_6742
dev_6743_0,acc_6743
dev_6744_0,acc_6744
dev_6745_0,acc_6745
dev_6746_0,acc_6746
dev_6747_0,acc_6747
dev_6748_0,acc_6748
dev_6749_0,acc_6749
dev_6750_0,acc_6750
dev_6751_0,acc_6751
dev_6752_0,acc_6752
dev_6753_0,acc_6753
dev_6754_0,acc_6754
dev_6755_0,acc_6755
dev_6756_0,acc_6756
dev_6757_0,acc_6757
dev_6758_0,acc_6758
dev_6759_0,acc_6759
dev_6760_0,acc_6760
dev_6761_0,acc_6761
dev_6762_0,acc_6762
dev_6763_0,acc_6763
dev_6764_0,acc_6764
dev_6765_0,acc_6765
dev_6766_0,acc_6766
dev_6767_0,acc_6767
dev_6768_0,acc_6768
dev_6769_0,acc_6769
dev_6770_0,acc_6770
dev_6771_0,acc_6771
dev_6772_0,acc_6772
dev_6773_0,acc_6773
dev_6774_0,acc_6774
dev_6775_0,acc_6775
dev_6776_0,acc_6776
dev_6777_0,acc_6777
dev_6778_0,acc_6778
dev_6779_0,acc_6779
dev_6780_0,acc_6780
dev_6781_0,acc_6781
dev_6782_0,acc_6782
dev_6783_0,acc_6783
dev_6784_0,acc_6784
dev_6785_0,acc_6785
dev_6786_0,acc_6786
dev_6787_0,acc_6787
dev_6788_0,acc_6788
dev_6789_0,acc_6789
dev_6790_0,acc_6790
dev_6791_0,acc_6791
dev_6792_0,acc_6792
dev_6793_0,acc_6793
dev_6794_0,acc_6794
dev_6795_0,acc_6795
dev_6796_0,acc_6796
dev_6797_0,acc_6797
dev_6798_0,acc_6798
dev_6799_0,acc_6799
dev_6800_0,acc_6800
dev_6801_0,acc_6801
dev_6802_0,acc_6802
dev_6803_0,acc_6803
dev_6804_0,acc_6804
dev_6805_0,acc_6805
dev_6806_0,acc_6806
dev_6807_0,acc_6807
dev_6808_0,acc_6808
dev_6809_0,acc_6809
dev_6810_0,acc_6810
dev_6811_0,acc_6811
dev_6812_0,acc_6812
dev_6813_0,acc_6813
dev_6814_0,acc_6814
dev_6814_1,acc_6814
dev_6815_0,acc_6815
dev_6816_0,acc_6816
dev_6817_0,acc_6817
dev_6818_0,acc_6818
dev_6819_0,acc_6819
dev_6820_0,acc_6820
dev_6821_0,acc_6821
dev_6822_0,acc_6822
dev_6823_0,acc_6823
dev_6824_0,acc_6824
dev_6825_0,acc_6825
dev_6826_0,acc_6826
dev_6827_0,acc_6827
dev_6827_1,acc_6827
dev_6828_0,acc_6828
dev_6829_0,acc_6829
dev_6830_0,acc_6830
dev_6831_0,acc_6831
dev_6832_0,acc_6832
dev_6833_0,acc_6833
dev_6834_0,acc_6834
dev_6835_0,acc_6835
dev_6836_0,acc_6836
dev_6837_0,acc_6837
dev_6838_0,acc_6838
dev_6839_0,acc_6839
dev_6840_0,acc_6840
dev_6841_0,acc_6841
dev_6842_0,acc_6842
dev_6843_0,acc_6843
dev_6843_1,acc_6843
dev_6844_0,acc_6844
dev_6845_0,acc_6845
dev_6846_0,acc_6846
dev_6847_0,acc_6847
dev_6848_0,acc_6848
dev_6849_0,acc_6849
dev_6850_0,acc_6850
dev_6851_0,acc_6851
dev_6852_0,acc_6852
dev_6853_0,acc_6853
dev_6854_0,acc_6854
dev_6855_0,acc_6855
dev_6856_0,acc_6856
dev_6857_0,acc_6857
dev_6858_0,acc_6858
dev_6859_0,acc_6859
dev_6860_0,acc_6860
dev_6861_0,acc_6861
dev_6862_0,acc_6862
dev_6862_1,acc_6862
dev_6863_0,acc_6863
dev_6864_0,acc_6864
dev_6865_0,acc_6865
dev_6866_0,acc_6866
dev_6867_0,acc_6867
dev_6868_0,acc_6868
dev_6869_0,acc_6869
dev_6870_0,acc_6870
dev_6871_0,acc_6871
dev_6872_0,acc_6872
dev_6873_0,acc_6873
dev_6874_0,acc_6874
dev_6875_0,acc_6875
dev_6876_0,acc_6876
dev_6877_0,acc_6877
dev_6878_0,acc_6878
dev_6879_0,acc_6879
dev_6880_0,acc_6880
dev_6881_0,acc_6881
dev_6881_1,acc_6881
dev_6882_0,acc_6882
dev_6883_0,acc_6883
dev_6884_0,acc_6884
dev_6885_0,acc_6885
dev_6886_0,acc_6886
dev_6887_0,acc_6887
dev_6888_0,acc_6888
dev_6889_0,acc_6889
dev_6890_0,acc_6890
dev_6891_0,acc_6891
dev_6892_0,acc_6892
dev_6893_0,acc_6893
dev_6894_0,acc_6894
dev_6895_0,acc_6895
dev_6896_0,acc_6896
dev_6897_0,acc_6897
dev_6898_0,acc_6898
dev_6899_0,acc_6899
dev_6900_0,acc_6900
dev_6901_0,acc_6901
dev_6902_0,acc_6902
dev_6903_0,acc_6903
dev_6904_0,acc_6904
dev_6905_0,acc_6905
dev_6906_0,acc_6906
dev_6907_0,acc_6907
dev_6908_0,acc_6908
dev_6909_0,acc_6909
dev_6910_0,acc_6910
dev_6911_0,acc_6911
dev_6912_0,acc_6912
dev_6913_0,acc_6913
dev_6914_0,acc_6914
dev_6915_0,acc_6915
dev_6916_0,acc_6916
dev_6916_1,acc_6916
dev_6917_0,acc_6917
dev_6918_0,acc_6918
dev_6919_0,acc_6919
dev_6920_0,acc_6920
dev_6921_0,acc_6921
dev_6922_0,acc_6922
dev_6923_0,acc_6923
dev_6924_0,acc_6924
dev_6925_0,acc_6925
dev_6926_0,acc_6926
dev_6927_0,acc_6927
dev_6928_0,acc_6928
dev_6929_0,acc_6929
dev_6930_0,acc_6930
dev_6931_0,acc_6931
dev_6932_0,acc_6932
dev_6933_0,acc_6933
dev_6934_0,acc_6934
dev_6935_0,acc_6935
dev_6936_0,acc_6936
dev_6937_0,acc_6937
dev_6938_0,acc_6938
dev_6939_0,acc_6939
dev_6939_1,acc_6939
dev_6940_0,acc_6940
dev_6941_0,acc_6941
dev_6942_0,acc_6942
dev_6943_0,acc_6943
dev_6944_0,acc_6944
dev_6945_0,acc_6945
dev_6946_0,acc_6946
dev_6947_0,acc_6947
dev_6948_0,acc_6948
dev_6949_0,acc_6949
dev_6950_0,acc_6950
dev_6951_0,acc_6951
dev_6952_0,acc_6952
dev_6953_0,acc_6953
dev_6954_0,acc_6954
dev_6955_0,acc_6955
dev_6956_0,acc_6956
dev_6957_0,acc_6957
dev_6958_0,acc_6958
dev_6959_0,acc_6959
dev_6960_0,acc_6960
dev_6961_0,acc_6961
dev_6962_0,acc_6962
dev_6963_0,acc_6963
dev_6964_0,acc_6964
dev_6965_0,acc_6965
dev_6966_0,acc_6966
dev_6966_1,acc_6966
dev_6967_0,acc_6967
dev_6968_0,acc_6968
dev_6969_0,acc_6969
dev_6970_0,acc_6970
dev_6971_0,acc_6971
dev_6972_0,acc_6972
dev_6973_0,acc_6973
dev_6974_0,acc_6974
dev_6975_0,acc_6975
dev_6976_0,acc_6976
dev_6977_0,acc_6977
dev_6978_0,acc_6978
dev_6979_0,acc_6979
dev_6980_0,acc_6980
dev_6981_0,acc_6981
dev_6982_0,acc_6982
dev_6983_0,acc_6983
dev_6984_0,acc_6984
dev_6985_0,acc_6985
dev_6986_0,acc_6986
dev_6987_0,acc_6987
dev_6988_0,acc_6988
dev_6989_0,acc_6989
dev_6990_0,acc_6990
dev_6991_0,acc_6991
dev_6992_0,acc_6992
dev_6993_0,acc_6993
dev_6994_0,acc_6994
dev_6995_0,acc_6995
dev_6996_0,acc_6996
dev_6997_0,acc_6997
dev_6998_0,acc_6998
dev_6999_0,acc_6999
dev_7000_0,acc_7000
dev_7001_0,acc_7001
dev_7002_0,acc_7002
dev_7003_0,acc_7003
dev_7004_0,acc_7004
dev_7004_1,acc_7004
dev_7005_0,acc_7005
dev_7006_0,acc_7006
dev_7007_0,acc_7007
dev_7008_0,acc_7008
dev_7009_0,acc_7009
dev_7010_0,acc_7010
dev_7011_0,acc_7011
dev_7012_0,acc_7012
dev_7013_0,acc_7013
dev_7014_0,acc_7014
dev_7015_0,acc_7015
dev_7016_0,acc_7016
dev_7017_0,acc_7017
dev_7018_0,acc_7018
dev_7019_0,acc_7019
dev_7020_0,acc_7020
dev_7021_0,acc_7021
dev_7022_0,acc_7022
dev_7023_0,acc_7023
dev_7024_0,acc_7024
dev_7025_0,acc_7025
dev_7026_0,acc_7026
dev_7027_0,acc_7027
dev_7028_0,acc_7028
dev_7029_0,acc_7029
dev_7029_1,acc_7029
dev_7030_0,acc_7030
dev_7030_1,acc_7030
dev_7031_0,acc_7031
dev_7032_0,acc_7032
dev_7033_0,acc_7033
dev_7034_0,acc_7034
dev_7035_0,acc_7035
dev_7036_0,acc_7036
dev_7037_0,acc_7037
dev_7038_0,acc_7038
dev_7039_0,acc_7039
dev_7040_0,acc_7040
dev_7041_0,acc_7041
dev_7042_0,acc_7042
dev_7043_0,acc_7043
dev_7044_0,acc_7044
dev_7045_0,acc_7045
dev_7046_0,acc_7046
dev_7046_1,acc_7046
dev_7047_0,acc_7047
dev_7048_0,acc_7048
dev_7048_1,acc_7048
dev_7049_0,acc_7049
dev_7050_0,acc_7050
dev_7051_0,acc_7051
dev_7052_0,acc_7052
dev_7053_0,acc_7053
dev_7054_0,acc_7054
dev_7055_0,acc_7055
dev_7056_0,acc_7056
dev_7057_0,acc_7057
dev_7058_0,acc_7058
dev_7059_0,acc_7059
dev_7060_0,acc_7060
dev_7061_0,acc_7061
dev_7062_0,acc_7062
dev_7063_0,acc_7063
dev_7064_0,acc_7064
dev_7065_0,acc_7065
dev_7066_0,acc_7066
dev_7067_0,acc_7067
dev_7068_0,acc_7068
dev_7069_0,acc_7069
dev_7070_0,acc_7070
dev_7071_0,acc_7071
dev_7072_0,acc_7072
dev_7073_0,acc_7073
dev_7074_0,acc_7074
dev_7075_0,acc_7075
dev_7076_0,acc_7076
dev_7077_0,acc_7077
dev_7078_0,acc_7078
dev_7079_0,acc_7079
dev_7080_0,acc_7080
dev_7081_0,acc_7081
dev_7082_0,acc_7082
dev_7083_0,acc_7083
dev_7084_0,acc_7084
dev_7085_0,acc_7085
dev_7086_0,acc_7086
dev_7087_0,acc_7087
dev_7088_0,acc_7088
dev_7089_0,acc_7089
dev_7090_0,acc_7090
dev_7091_0,acc_7091
dev_7092_0,acc_7092
dev_7093_0,acc_7093
dev_7093_1,acc_7093
dev_7094_0,acc_7094
dev_7095_0,acc_7095
dev_7096_0,acc_7096
dev_7097_0,acc_7097
dev_7098_0,acc_7098
dev_7099_0,acc_7099
dev_7100_0,acc_7100
dev_7101_0,acc_7101
dev_7102_0,acc_7102
dev_7103_0,acc_7103
dev_7104_0,acc_7104
dev_7105_0,acc_7105
dev_7105_1,acc_7105
dev_7106_0,acc_7106
dev_7107_0,acc_7107
dev_7108_0,acc_7108
dev_7109_0,acc_7109
dev_7110_0,acc_7110
dev_7110_1,acc_7110
dev_7111_0,acc_7111
dev_7112_0,acc_7112
dev_7113_0,acc_7113
dev_7114_0,acc_7114
dev_7115_0,acc_7115
dev_7116_0,acc_7116
dev_7117_0,acc_7117
dev_7117_1,acc_7117
dev_7118_0,acc_7118
dev_7119_0,acc_7119
dev_7120_0,acc_7120
dev_7121_0,acc_7121
dev_7122_0,acc_7122
dev_7123_0,acc_7123
dev_7124_0,acc_7124
dev_7124_1,acc_7124
dev_7125_0,acc_7125
dev_7126_0,acc_7126
dev_7127_0,acc_7127
dev_7128_0,acc_7128
dev_7129_0,acc_7129
dev_7130_0,acc_7130
dev_7131_0,acc_7131
dev_7132_0,acc_7132
dev_7133_0,acc_7133
dev_7134_0,acc_7134
dev_7135_0,acc_7135
dev_7136_0,acc_7136
dev_7137_0,acc_7137
dev_7138_0,acc_7138
dev_7139_0,acc_7139
dev_7140_0,acc_7140
dev_7141_0,acc_7141
dev_7142_0,acc_7142
dev_7143_0,acc_7143
dev_7144_0,acc_7144
dev_7145_0,acc_7145
dev_7146_0,acc_7146
dev_7147_0,acc_7147
dev_7148_0,acc_7148
dev_7149_0,acc_7149
dev_7150_0,acc_7150
dev_7151_0,acc_7151
dev_7152_0,acc_7152
dev_7153_0,acc_7153
dev_7154_0,acc_7154
dev_7155_0,acc_7155
dev_7156_0,acc_7156
dev_7157_0,acc_7157
dev_7158_0,acc_7158
dev_7159_0,acc_7159
dev_7160_0,acc_7160
dev_7161_0,acc_7161
dev_7162_0,acc_7162
dev_7163_0,acc_7163
dev_7164_0,acc_7164
dev_7165_0,acc_7165
dev_7166_0,acc_7166
dev_7167_0,acc_7167
dev_7167_1,acc_7167
dev_7168_0,acc_7168
dev_7168_1,acc_7168
dev_7169_0,acc_7169
dev_7170_0,acc_7170
dev_7171_0,acc_7171
dev_7172_0,acc_7172
dev_7173_0,acc_7173
dev_7174_0,acc_7174
dev_7175_0,acc_7175
dev_7176_0,acc_7176
dev_7177_0,acc_7177
dev_7178_0,acc_7178
dev_7179_0,acc_7179
dev_7180_0,acc_7180
dev_7181_0,acc_7181
dev_7182_0,acc_7182
dev_7183_0,acc_7183
dev_7184_0,acc_7184
dev_7185_0,acc_7185
dev_7186_0,acc_7186
dev_7187_0,acc_7187
dev_7188_0,acc_7188
dev_7189_0,acc_7189
dev_7190_0,acc_7190
dev_7191_0,acc_7191
dev_7192_0,acc_7192
dev_7193_0,acc_7193
dev_7194_0,acc_7194
dev_7195_0,acc_7195
dev_7196_0,acc_7196
dev_7197_0,acc_7197
dev_7198_0,acc_7198
dev_7199_0,acc_7199
dev_7200_0,acc_7200
dev_7201_0,acc_7201
dev_7202_0,acc_7202
dev_7203_0,acc_7203
dev_7204_0,acc_7204
dev_7205_0,acc_7205
dev_7206_0,acc_7206
dev_7207_0,acc_7207
dev_7208_0,acc_7208
dev_7209_0,acc_7209
dev_7210_0,acc_7210
dev_7211_0,acc_7211
dev_7212_0,acc_7212
dev_7213_0,acc_7213
dev_7214_0,acc_7214
dev_7215_0,acc_7215
dev_7216_0,acc_7216
dev_7217_0,acc_7217
dev_7218_0,acc_7218
dev_7219_0,acc_7219
dev_7220_0,acc_7220
dev_7221_0,acc_7221
dev_7222_0,acc_7222
dev_7223_0,acc_7223
dev_7224_0,acc_7224
dev_7224_1,acc_7224
dev_7225_0,acc_7225
dev_7226_0,acc_7226
dev_7226_1,acc_7226
dev_7227_0,acc_7227
dev_7228_0,acc_7228
dev_7229_0,acc_7229
dev_7230_0,acc_7230
dev_7231_0,acc_7231
dev_7232_0,acc_7232
dev_7233_0,acc_7233
dev_7234_0,acc_7234
dev_7235_0,acc_7235
dev_7235_1,acc_7235
dev_7236_0,acc_7236
dev_7237_0,acc_7237
dev_7238_0,acc_7238
dev_7238_1,acc_7238
dev_7239_0,acc_7239
dev_7240_0,acc_7240
dev_7241_0,acc_7241
dev_7242_0,acc_7242
dev_7243_0,acc_7243
dev_7244_0,acc_7244
dev_7245_0,acc_7245
dev_7246_0,acc_7246
dev_7247_0,acc_7247
dev_7248_0,acc_7248
dev_7249_0,acc_7249
dev_7250_0,acc_7250
dev_7251_0,acc_7251
dev_7252_0,acc_7252
dev_7253_0,acc_7253
dev_7254_0,acc_7254
dev_7255_0,acc_7255
dev_7256_0,acc_7256
dev_7257_0,acc_7257
dev_7258_0,acc_7258
dev_7259_0,acc_7259
dev_7260_0,acc_7260
dev_7261_0,acc_7261
dev_7262_0,acc_7262
dev_7263_0,acc_7263
dev_7264_0,acc_7264
dev_7265_0,acc_7265
dev_7265_1,acc_7265
dev_7266_0,acc_7266
dev_7267_0,acc_7267
dev_7268_0,acc_7268
dev_7269_0,acc_7269
dev_7270_0,acc_7270
dev_7271_0,acc_7271
dev_7272_0,acc_7272
dev_7273_0,acc_7273
dev_7274_0,acc_7274
dev_7275_0,acc_7275
dev_7276_0,acc_7276
dev_7277_0,acc_7277
dev_7278_0,acc_7278
dev_7279_0,acc_7279
dev_7280_0,acc_7280
dev_7281_0,acc_7281
dev_7282_0,acc_7282
dev_7283_0,acc_7283
dev_7284_0,acc_7284
dev_7285_0,acc_7285
dev_7286_0,acc_7286
dev_7287_0,acc_7287
dev_7288_0,acc_7288
dev_7289_0,acc_7289
dev_7290_0,acc_7290
dev_7291_0,acc_7291
dev_7292_0,acc_7292
dev_7293_0,acc_7293
dev_7294_0,acc_7294
dev_7295_0,acc_7295
dev_7295_1,acc_7295
dev_7296_0,acc_7296
dev_7297_0,acc_7297
dev_7298_0,acc_7298
dev_7298_1,acc_7298
dev_7299_0,acc_7299
dev_7299_1,acc_7299
dev_7300_0,acc_7300
dev_7301_0,acc_7301
dev_7302_0,acc_7302
dev_7303_0,acc_7303
dev_7304_0,acc_7304
dev_7305_0,acc_7305
dev_7306_0,acc_7306
dev_7307_0,acc_7307
dev_7308_0,acc_7308
dev_7309_0,acc_7309
dev_7310_0,acc_7310
dev_7311_0,acc_7311
dev_7312_0,acc_7312
dev_7313_0,acc_7313
dev_7314_0,acc_7314
dev_7315_0,acc_7315
dev_7316_0,acc_7316
dev_7317_0,acc_7317
dev_7318_0,acc_7318
dev_7319_0,acc_7319
dev_7320_0,acc_7320
dev_7321_0,acc_7321
dev_7322_0,acc_7322
dev_7323_0,acc_7323
dev_7324_0,acc_7324
dev_7325_0,acc_7325
dev_7326_0,acc_7326
dev_7327_0,acc_7327
dev_7328_0,acc_7328
dev_7329_0,acc_7329
dev_7329_1,acc_7329
dev_7330_0,acc_7330
dev_7331_0,acc_7331
dev_7332_0,acc_7332
dev_7333_0,acc_7333
dev_7334_0,acc_7334
dev_7335_0,acc_7335
dev_7336_0,acc_7336
dev_7337_0,acc_7337
dev_7338_0,acc_7338
dev_7339_0,acc_7339
dev_7340_0,acc_7340
dev_7341_0,acc_7341
dev_7342_0,acc_7342
dev_7343_0,acc_7343
dev_7344_0,acc_7344
dev_7345_0,acc_7345
dev_7346_0,acc_7346
dev_7347_0,acc_7347
dev_7348_0,acc_7348
dev_7349_0,acc_7349
dev_7350_0,acc_7350
dev_7351_0,acc_7351
dev_7352_0,acc_7352
dev_7353_0,acc_7353
dev_7354_0,acc_7354
dev_7355_0,acc_7355
dev_7356_0,acc_7356
dev_7357_0,acc_7357
dev_7358_0,acc_7358
dev_7359_0,acc_7359
dev_7360_0,acc_7360
dev_7361_0,acc_7361
dev_7362_0,acc_7362
dev_7363_0,acc_7363
dev_7364_0,acc_7364
dev_7365_0,acc_7365
dev_7366_0,acc_7366
dev_7367_0,acc_7367
dev_7368_0,acc_7368
dev_7369_0,acc_7369
dev_7370_0,acc_7370
dev_7371_0,acc_7371
dev_7372_0,acc_7372
dev_7373_0,acc_7373
dev_7374_0,acc_7374
dev_7374_1,acc_7374
dev_7375_0,acc_7375
dev_7376_0,acc_7376
dev_7377_0,acc_7377
dev_7378_0,acc_7378
dev_7379_0,acc_7379
dev_7380_0,acc_7380
dev_7381_0,acc_7381
dev_7382_0,acc_7382
dev_7383_0,acc_7383
dev_7383_1,acc_7383
dev_7384_0,acc_7384
dev_7385_0,acc_7385
dev_7386_0,acc_7386
dev_7387_0,acc_7387
dev_7388_0,acc_7388
dev_7389_0,acc_7389
dev_7390_0,acc_7390
dev_7390_1,acc_7390
dev_7391_0,acc_7391
dev_7392_0,acc_7392
dev_7393_0,acc_7393
dev_7394_0,acc_7394
dev_7395_0,acc_7395
dev_7396_0,acc_7396
dev_7397_0,acc_7397
dev_7398_0,acc_7398
dev_7399_0,acc_7399
dev_7400_0,acc_7400
dev_7401_0,acc_7401
dev_7402_0,acc_7402
dev_7403_0,acc_7403
dev_7404_0,acc_7404
dev_7404_1,acc_7404
dev_7405_0,acc_7405
dev_7406_0,acc_7406
dev_7407_0,acc_7407
dev_7408_0,acc_7408
dev_7409_0,acc_7409
dev_7410_0,acc_7410
dev_7411_0,acc_7411
dev_7412_0,acc_7412
dev_7413_0,acc_7413
dev_7414_0,acc_7414
dev_7415_0,acc_7415
dev_7416_0,acc_7416
dev_7417_0,acc_7417
dev_7418_0,acc_7418
dev_7419_0,acc_7419
dev_7420_0,acc_7420
dev_7421_0,acc_7421
dev_7422_0,acc_7422
dev_7423_0,acc_7423
dev_7423_1,acc_7423
dev_7424_0,acc_7424
dev_7425_0,acc_7425
dev_7426_0,acc_7426
dev_7427_0,acc_7427
dev_7428_0,acc_7428
dev_7429_0,acc_7429
dev_7430_0,acc_7430
dev_7431_0,acc_7431
dev_7432_0,acc_7432
dev_7433_0,acc_7433
dev_7434_0,acc_7434
dev_7435_0,acc_7435
dev_7436_0,acc_7436
dev_7437_0,acc_7437
dev_7438_0,acc_7438
dev_7439_0,acc_7439
dev_7440_0,acc_7440
dev_7441_0,acc_7441
dev_7442_0,acc_7442
dev_7443_0,acc_7443
dev_7444_0,acc_7444
dev_7445_0,acc_7445
dev_7446_0,acc_7446
dev_7447_0,acc_7447
dev_7448_0,acc_7448
dev_7449_0,acc_7449
dev_7450_0,acc_7450
dev_7451_0,acc_7451
dev_7452_0,acc_7452
dev_7453_0,acc_7453
dev_7454_0,acc_7454
dev_7455_0,acc_7455
dev_7456_0,acc_7456
dev_7457_0,acc_7457
dev_7458_0,acc_7458
dev_7459_0,acc_7459
dev_7460_0,acc_7460
dev_7461_0,acc_7461
dev_7462_0,acc_7462
dev_7463_0,acc_7463
dev_7464_0,acc_7464
dev_7465_0,acc_7465
dev_7466_0,acc_7466
dev_7467_0,acc_7467
dev_7468_0,acc_7468
dev_7469_0,acc_7469
dev_7470_0,acc_7470
dev_7471_0,acc_7471
dev_7472_0,acc_7472
dev_7472_1,acc_7472
dev_7473_0,acc_7473
dev_7474_0,acc_7474
dev_7475_0,acc_7475
dev_7476_0,acc_7476
dev_7477_0,acc_7477
dev_7478_0,acc_7478
dev_7479_0,acc_7479
dev_7480_0,acc_7480
dev_7481_0,acc_7481
dev_7482_0,acc_7482
dev_7483_0,acc_7483
dev_7484_0,acc_7484
dev_7485_0,acc_7485
dev_7486_0,acc_7486
dev_7487_0,acc_7487
dev_7488_0,acc_7488
dev_7489_0,acc_7489
dev_7490_0,acc_7490
dev_7491_0,acc_7491
dev_7492_0,acc_7492
dev_7493_0,acc_7493
dev_7494_0,acc_7494
dev_7495_0,acc_7495
dev_7496_0,acc_7496
dev_7497_0,acc_7497
dev_7498_0,acc_7498
dev_7499_0,acc_7499
dev_7500_0,acc_7500
dev_7501_0,acc_7501
dev_7502_0,acc_7502
dev_7503_0,acc_7503
dev_7504_0,acc_7504
dev_7505_0,acc_7505
dev_7506_0,acc_7506
dev_7507_0,acc_7507
dev_7508_0,acc_7508
dev_7509_0,acc_7509
dev_7510_0,acc_7510
dev_7511_0,acc_7511
dev_7512_0,acc_7512
dev_7513_0,acc_7513
dev_7514_0,acc_7514
dev_7515_0,acc_7515
dev_7516_0,acc_7516
dev_7517_0,acc_7517
dev_7518_0,acc_7518
dev_7519_0,acc_7519
dev_7520_0,acc_7520
dev_7521_0,acc_7521
dev_7522_0,acc_7522
dev_7523_0,acc_7523
dev_7524_0,acc_7524
dev_7525_0,acc_7525
dev_7526_0,acc_7526
dev_7527_0,acc_7527
dev_7528_0,acc_7528
dev_7529_0,acc_7529
dev_7530_0,acc_7530
dev_7531_0,acc_7531
dev_7532_0,acc_7532
dev_7533_0,acc_7533
dev_7534_0,acc_7534
dev_7535_0,acc_7535
dev_7536_0,acc_7536
dev_7537_0,acc_7537
dev_7538_0,acc_7538
dev_7539_0,acc_7539
dev_7540_0,acc_7540
dev_7541_0,acc_7541
dev_7542_0,acc_7542
dev_7543_0,acc_7543
dev_7544_0,acc_7544
dev_7545_0,acc_7545
dev_7546_0,acc_7546
dev_7547_0,acc_7547
dev_7548_0,acc_7548
dev_7549_0,acc_7549
dev_7550_0,acc_7550
dev_7551_0,acc_7551
dev_7552_0,acc_7552
dev_7553_0,acc_7553
dev_7554_0,acc_7554
dev_7555_0,acc_7555
dev_7556_0,acc_7556
dev_7557_0,acc_7557
dev_7558_0,acc_7558
dev_7559_0,acc_7559
dev_7560_0,acc_7560
dev_7561_0,acc_7561
dev_7562_0,acc_7562
dev_7563_0,acc_7563
dev_7564_0,acc_7564
dev_7565_0,acc_7565
dev_7565_1,acc_7565
dev_7566_0,acc_7566
dev_7567_0,acc_7567
dev_7568_0,acc_7568
dev_7569_0,acc_7569
dev_7570_0,acc_7570
dev_7570_1,acc_7570
dev_7571_0,acc_7571
dev_7572_0,acc_7572
dev_7572_1,acc_7572
dev_7573_0,acc_7573
dev_7574_0,acc_7574
dev_7575_0,acc_7575
dev_7576_0,acc_7576
dev_7577_0,acc_7577
dev_7578_0,acc_7578
dev_7579_0,acc_7579
dev_7580_0,acc_7580
dev_7581_0,acc_7581
dev_7582_0,acc_7582
dev_7583_0,acc_7583
dev_7584_0,acc_7584
dev_7585_0,acc_7585
dev_7586_0,acc_7586
dev_7587_0,acc_7587
dev_7588_0,acc_7588
dev_7589_0,acc_7589
dev_7590_0,acc_7590
dev_7591_0,acc_7591
dev_7592_0,acc_7592
dev_7593_0,acc_7593
dev_7594_0,acc_7594
dev_7595_0,acc_7595
dev_7596_0,acc_7596
dev_7597_0,acc_7597
dev_7598_0,acc_7598
dev_7599_0,acc_7599
dev_7600_0,acc_7600
dev_7601_0,acc_7601
dev_7602_0,acc_7602
dev_7603_0,acc_7603
dev_7604_0,acc_7604
dev_7605_0,acc_7605
dev_7606_0,acc_7606
dev_7607_0,acc_7607
dev_7608_0,acc_7608
dev_7609_0,acc_7609
dev_7610_0,acc_7610
dev_7611_0,acc_7611
dev_7611_1,acc_7611
dev_7612_0,acc_7612
dev_7613_0,acc_7613
dev_7614_0,acc_7614
dev_7615_0,acc_7615
dev_7616_0,acc_7616
dev_7617_0,acc_7617
dev_7618_0,acc_7618
dev_7619_0,acc_7619
dev_7620_0,acc_7620
dev_7621_0,acc_7621
dev_7621_1,acc_7621
dev_7622_0,acc_7622
dev_7623_0,acc_7623
dev_7624_0,acc_7624
dev_7625_0,acc_7625
dev_7626_0,acc_7626
dev_7627_0,acc_7627
dev_7628_0,acc_7628
dev_7629_0,acc_7629
dev_7630_0,acc_7630
dev_7631_0,acc_7631
dev_7632_0,acc_7632
dev_7633_0,acc_7633
dev_7634_0,acc_7634
dev_7635_0,acc_7635
dev_7636_0,acc_7636
dev_7637_0,acc_7637
dev_7638_0,acc_7638
dev_7639_0,acc_7639
dev_7639_1,acc_7639
dev_7640_0,acc_7640
dev_7641_0,acc_7641
dev_7642_0,acc_7642
dev_7643_0,acc_7643
dev_7644_0,acc_7644
dev_7644_1,acc_7644
dev_7645_0,acc_7645
dev_7646_0,acc_7646
dev_7647_0,acc_7647
dev_7648_0,acc_7648
dev_7649_0,acc_7649
dev_7650_0,acc_7650
dev_7651_0,acc_7651
dev_7652_0,acc_7652
dev_7653_0,acc_7653
dev_7654_0,acc_7654
dev_7655_0,acc_7655
dev_7656_0,acc_7656
dev_7657_0,acc_7657
dev_7658_0,acc_7658
dev_7659_0,acc_7659
dev_7660_0,acc_7660
dev_7661_0,acc_7661
dev_7662_0,acc_7662
dev_7663_0,acc_7663
dev_7664_0,acc_7664
dev_7665_0,acc_7665
dev_7666_0,acc_7666
dev_7667_0,acc_7667
dev_7668_0,acc_7668
dev_7669_0,acc_7669
dev_7670_0,acc_7670
dev_7671_0,acc_7671
dev_7672_0,acc_7672
dev_7673_0,acc_7673
dev_7674_0,acc_7674
dev_7675_0,acc_7675
dev_7676_0,acc_7676
dev_7677_0,acc_7677
dev_7678_0,acc_7678
dev_7679_0,acc_7679
dev_7680_0,acc_7680
dev_7681_0,acc_7681
dev_7682_0,acc_7682
dev_7683_0,acc_7683
dev_7684_0,acc_7684
dev_7685_0,acc_7685
dev_7686_0,acc_7686
dev_7687_0,acc_7687
dev_7688_0,acc_7688
dev_7689_0,acc_7689
dev_7690_0,acc_7690
dev_7691_0,acc_7691
dev_7692_0,acc_7692
dev_7693_0,acc_7693
dev_7694_0,acc_7694
dev_7695_0,acc_7695
dev_7696_0,acc_7696
dev_7697_0,acc_7697
dev_7698_0,acc_7698
dev_7699_0,acc_7699
dev_7700_0,acc_7700
dev_7701_0,acc_7701
dev_7702_0,acc_7702
dev_7703_0,acc_7703
dev_7704_0,acc_7704
dev_7705_0,acc_7705
dev_7706_0,acc_7706
dev_7707_0,acc_7707
dev_7708_0,acc_7708
dev_7709_0,acc_7709
dev_7710_0,acc_7710
dev_7711_0,acc_7711
dev_7712_0,acc_7712
dev_7713_0,acc_7713
dev_7714_0,acc_7714
dev_7715_0,acc_7715
dev_7715_1,acc_7715
dev_7716_0,acc_7716
dev_7717_0,acc_7717
dev_7718_0,acc_7718
dev_7719_0,acc_7719
dev_7720_0,acc_7720
dev_7721_0,acc_7721
dev_7722_0,acc_7722
dev_7723_0,acc_7723
dev_7724_0,acc_7724
dev_7725_0,acc_7725
dev_7726_0,acc_7726
dev_7727_0,acc_7727
dev_7728_0,acc_7728
dev_7729_0,acc_7729
dev_7730_0,acc_7730
dev_7731_0,acc_7731
dev_7732_0,acc_7732
dev_7733_0,acc_7733
dev_7734_0,acc_7734
dev_7735_0,acc_7735
dev_7736_0,acc_7736
dev_7737_0,acc_7737
dev_7738_0,acc_7738
dev_7739_0,acc_7739
dev_7740_0,acc_7740
dev_7741_0,acc_7741
dev_7742_0,acc_7742
dev_7743_0,acc_7743
dev_7744_0,acc_7744
dev_7745_0,acc_7745
dev_7746_0,acc_7746
dev_7747_0,acc_7747
dev_7748_0,acc_7748
dev_7749_0,acc_7749
dev_7750_0,acc_7750
dev_7751_0,acc_7751
dev_7752_0,acc_7752
dev_7753_0,acc_7753
dev_7754_0,acc_7754
dev_7755_0,acc_7755
dev_7756_0,acc_7756
dev_7757_0,acc_7757
dev_7758_0,acc_7758
dev_7759_0,acc_7759
dev_7760_0,acc_7760
dev_7760_1,acc_7760
dev_7761_0,acc_7761
dev_7762_0,acc_7762
dev_7763_0,acc_7763
dev_7764_0,acc_7764
dev_7765_0,acc_7765
dev_7766_0,acc_7766
dev_7767_0,acc_7767
dev_7768_0,acc_7768
dev_7769_0,acc_7769
dev_7770_0,acc_7770
dev_7771_0,acc_7771
dev_7772_0,acc_7772
dev_7773_0,acc_7773
dev_7774_0,acc_7774
dev_7775_0,acc_7775
dev_7776_0,acc_7776
dev_7777_0,acc_7777
dev_7778_0,acc_7778
dev_7779_0,acc_7779
dev_7780_0,acc_7780
dev_7781_0,acc_7781
dev_7782_0,acc_7782
dev_7783_0,acc_7783
dev_7784_0,acc_7784
dev_7785_0,acc_7785
dev_7786_0,acc_7786
dev_7787_0,acc_7787
dev_7788_0,acc_7788
dev_7789_0,acc_7789
dev_7790_0,acc_7790
dev_7791_0,acc_7791
dev_7792_0,acc_7792
dev_7793_0,acc_7793
dev_7794_0,acc_7794
dev_7795_0,acc_7795
dev_7796_0,acc_7796
dev_7797_0,acc_7797
dev_7798_0,acc_7798
dev_7799_0,acc_7799
dev_7800_0,acc_7800
dev_7800_1,acc_7800
dev_7801_0,acc_7801
dev_7802_0,acc_7802
dev_7803_0,acc_7803
dev_7804_0,acc_7804
dev_7805_0,acc_7805
dev_7806_0,acc_7806
dev_7807_0,acc_7807
dev_7808_0,acc_7808
dev_7809_0,acc_7809
dev_7810_0,acc_7810
dev_7811_0,acc_7811
dev_7812_0,acc_7812
dev_7813_0,acc_7813
dev_7814_0,acc_7814
dev_7815_0,acc_7815
dev_7816_0,acc_7816
dev_7817_0,acc_7817
dev_7818_0,acc_7818
dev_7819_0,acc_7819
dev_7820_0,acc_7820
dev_7821_0,acc_7821
dev_7822_0,acc_7822
dev_7823_0,acc_7823
dev_7824_0,acc_7824
dev_7825_0,acc_7825
dev_7826_0,acc_7826
dev_7827_0,acc_7827
dev_7828_0,acc_7828
dev_7828_1,acc_7828
dev_7829_0,acc_7829
dev_7830_0,acc_7830
dev_7831_0,acc_7831
dev_7832_0,acc_7832
dev_7833_0,acc_7833
dev_7834_0,acc_7834
dev_7835_0,acc_7835
dev_7836_0,acc_7836
dev_7837_0,acc_7837
dev_7838_0,acc_7838
dev_7839_0,acc_7839
dev_7840_0,acc_7840
dev_7841_0,acc_7841
dev_7842_0,acc_7842
dev_7843_0,acc_7843
dev_7844_0,acc_7844
dev_7845_0,acc_7845
dev_7846_0,acc_7846
dev_7847_0,acc_7847
dev_7848_0,acc_7848
dev_7849_0,acc_7849
dev_7850_0,acc_7850
dev_7851_0,acc_7851
dev_7852_0,acc_7852
dev_7853_0,acc_7853
dev_7854_0,acc_7854
dev_7855_0,acc_7855
dev_7856_0,acc_7856
dev_7857_0,acc_7857
dev_7858_0,acc_7858
dev_7859_0,acc_7859
dev_7860_0,acc_7860
dev_7861_0,acc_7861
dev_7862_0,acc_7862
dev_7863_0,acc_7863
dev_7864_0,acc_7864
dev_7865_0,acc_7865
dev_7866_0,acc_7866
dev_7867_0,acc_7867
dev_7868_0,acc_7868
dev_7869_0,acc_7869
dev_7870_0,acc_7870
dev_7871_0,acc_7871
dev_7872_0,acc_7872
dev_7873_0,acc_7873
dev_7874_0,acc_7874
dev_7875_0,acc_7875
dev_7876_0,acc_7876
dev_7877_0,acc_7877
dev_7878_0,acc_7878
dev_7879_0,acc_7879
dev_7880_0,acc_7880
dev_7881_0,acc_7881
dev_7882_0,acc_7882
dev_7883_0,acc_7883
dev_7884_0,acc_7884
dev_7885_0,acc_7885
dev_7886_0,acc_7886
dev_7887_0,acc_7887
dev_7888_0,acc_7888
dev_7889_0,acc_7889
dev_7889_1,acc_7889
dev_7890_0,acc_7890
dev_7891_0,acc_7891
dev_7892_0,acc_7892
dev_7893_0,acc_7893
dev_7894_0,acc_7894
dev_7894_1,acc_7894
dev_7895_0,acc_7895
dev_7896_0,acc_7896
dev_7897_0,acc_7897
dev_7898_0,acc_7898
dev_7899_0,acc_7899
dev_7900_0,acc_7900
dev_7901_0,acc_7901
dev_7902_0,acc_7902
dev_7903_0,acc_7903
dev_7904_0,acc_7904
dev_7905_0,acc_7905
dev_7906_0,acc_7906
dev_7907_0,acc_7907
dev_7908_0,acc_7908
dev_7909_0,acc_7909
dev_7910_0,acc_7910
dev_7911_0,acc_7911
dev_7912_0,acc_7912
dev_7913_0,acc_7913
dev_7914_0,acc_7914
dev_7915_0,acc_7915
dev_7916_0,acc_7916
dev_7917_0,acc_7917
dev_7918_0,acc_7918
dev_7919_0,acc_7919
dev_7920_0,acc_7920
dev_7921_0,acc_7921
dev_7922_0,acc_7922
dev_7923_0,acc_7923
dev_7924_0,acc_7924
dev_7925_0,acc_7925
dev_7926_0,acc_7926
dev_7927_0,acc_7927
dev_7928_0,acc_7928
dev_7929_0,acc_7929
dev_7930_0,acc_7930
dev_7930_1,acc_7930
dev_7931_0,acc_7931
dev_7932_0,acc_7932
dev_7933_0,acc_7933
dev_7934_0,acc_7934
dev_7935_0,acc_7935
dev_7936_0,acc_7936
dev_7937_0,acc_7937
dev_7938_0,acc_7938
dev_7939_0,acc_7939
dev_7940_0,acc_7940
dev_7941_0,acc_7941
dev_7942_0,acc_7942
dev_7943_0,acc_7943
dev_7944_0,acc_7944
dev_7945_0,acc_7945
dev_7946_0,acc_7946
dev_7947_0,acc_7947
dev_7948_0,acc_7948
dev_7949_0,acc_7949
dev_7950_0,acc_7950
dev_7951_0,acc_7951
dev_7952_0,acc_7952
dev_7953_0,acc_7953
dev_7954_0,acc_7954
dev_7955_0,acc_7955
dev_7956_0,acc_7956
dev_7957_0,acc_7957
dev_7958_0,acc_7958
dev_7959_0,acc_7959
dev_7960_0,acc_7960
dev_7961_0,acc_7961
dev_7962_0,acc_7962
dev_7963_0,acc_7963
dev_7964_0,acc_7964
dev_7965_0,acc_7965
dev_7966_0,acc_7966
dev_7967_0,acc_7967
dev_7968_0,acc_7968
dev_7969_0,acc_7969
dev_7970_0,acc_7970
dev_7971_0,acc_7971
dev_7972_0,acc_7972
dev_7973_0,acc_7973
dev_7974_0,acc_7974
dev_7975_0,acc_7975
dev_7976_0,acc_7976
dev_7977_0,acc_7977
dev_7978_0,acc_7978
dev_7979_0,acc_7979
dev_7980_0,acc_7980
dev_7981_0,acc_7981
dev_7982_0,acc_7982
dev_7983_0,acc_7983
dev_7984_0,acc_7984
dev_7985_0,acc_7985
dev_7986_0,acc_7986
dev_7987_0,acc_7987
dev_7988_0,acc_7988
dev_7989_0,acc_7989
dev_7990_0,acc_7990
dev_7991_0,acc_7991
dev_7992_0,acc_7992
dev_7993_0,acc_7993
dev_7994_0,acc_7994
dev_7995_0,acc_7995
dev_7996_0,acc_7996
dev_7997_0,acc_7997
dev_7998_0,acc_7998
dev_7999_0,acc_7999
dev_8000_0,acc_8000
dev_8001_0,acc_8001
dev_8002_0,acc_8002
dev_8003_0,acc_8003
dev_8004_0,acc_8004
dev_8005_0,acc_8005
dev_8006_0,acc_8006
dev_8006_1,acc_8006
dev_8007_0,acc_8007
dev_8008_0,acc_8008
dev_8009_0,acc_8009
dev_8009_1,acc_8009
dev_8010_0,acc_8010
dev_8011_0,acc_8011
dev_8012_0,acc_8012
dev_8013_0,acc_8013
dev_8014_0,acc_8014
dev_8015_0,acc_8015
dev_8016_0,acc_8016
dev_8017_0,acc_8017
dev_8018_0,acc_8018
dev_8019_0,acc_8019
dev_8020_0,acc_8020
dev_8021_0,acc_8021
dev_8022_0,acc_8022
dev_8023_0,acc_8023
dev_8024_0,acc_8024
dev_8025_0,acc_8025
dev_8026_0,acc_8026
dev_8027_0,acc_8027
dev_8028_0,acc_8028
dev_8028_1,acc_8028
dev_8029_0,acc_8029
dev_8030_0,acc_8030
dev_8031_0,acc_8031
dev_8032_0,acc_8032
dev_8033_0,acc_8033
dev_8034_0,acc_8034
dev_8035_0,acc_8035
dev_8036_0,acc_8036
dev_8037_0,acc_8037
dev_8038_0,acc_8038
dev_8039_0,acc_8039
dev_8040_0,acc_8040
dev_8041_0,acc_8041
dev_8041_1,acc_8041
dev_8042_0,acc_8042
dev_8043_0,acc_8043
dev_8044_0,acc_8044
dev_8045_0,acc_8045
dev_8046_0,acc_8046
dev_8047_0,acc_8047
dev_8047_1,acc_8047
dev_8048_0,acc_8048
dev_8049_0,acc_8049
dev_8050_0,acc_8050
dev_8051_0,acc_8051
dev_8052_0,acc_8052
dev_8053_0,acc_8053
dev_8054_0,acc_8054
dev_8055_0,acc_8055
dev_8056_0,acc_8056
dev_8056_1,acc_8056
dev_8057_0,acc_8057
dev_8058_0,acc_8058
dev_8059_0,acc_8059
dev_8060_0,acc_8060
dev_8061_0,acc_8061
dev_8062_0,acc_8062
dev_8063_0,acc_8063
dev_8064_0,acc_8064
dev_8065_0,acc_8065
dev_8066_0,acc_8066
dev_8067_0,acc_8067
dev_8068_0,acc_8068
dev_8069_0,acc_8069
dev_8070_0,acc_8070
dev_8071_0,acc_8071
dev_8071_1,acc_8071
dev_8072_0,acc_8072
dev_8073_0,acc_8073
dev_8074_0,acc_8074
dev_8075_0,acc_8075
dev_8076_0,acc_8076
dev_8077_0,acc_8077
dev_8078_0,acc_8078
dev_8079_0,acc_8079
dev_8080_0,acc_8080
dev_8081_0,acc_8081
dev_8082_0,acc_8082
dev_8083_0,acc_8083
dev_8083_1,acc_8083
dev_8084_0,acc_8084
dev_8085_0,acc_8085
dev_8086_0,acc_8086
dev_8087_0,acc_8087
dev_8088_0,acc_8088
dev_8089_0,acc_8089
dev_8090_0,acc_8090
dev_8091_0,acc_8091
dev_8092_0,acc_8092
dev_8093_0,acc_8093
dev_8094_0,acc_8094
dev_8095_0,acc_8095
dev_8096_0,acc_8096
dev_8097_0,acc_8097
dev_8098_0,acc_8098
dev_8099_0,acc_8099
dev_8100_0,acc_8100
dev_8101_0,acc_8101
dev_8101_1,acc_8101
dev_8102_0,acc_8102
dev_8103_0,acc_8103
dev_8104_0,acc_8104
dev_8105_0,acc_8105
dev_8106_0,acc_8106
dev_8107_0,acc_8107
dev_8108_0,acc_8108
dev_8109_0,acc_8109
dev_8110_0,acc_8110
dev_8111_0,acc_8111
dev_8112_0,acc_8112
dev_8113_0,acc_8113
dev_8114_0,acc_8114
dev_8115_0,acc_8115
dev_8116_0,acc_8116
dev_8117_0,acc_8117
dev_8118_0,acc_8118
dev_8119_0,acc_8119
dev_8120_0,acc_8120
dev_8121_0,acc_8121
dev_8122_0,acc_8122
dev_8123_0,acc_8123
dev_8124_0,acc_8124
dev_8125_0,acc_8125
dev_8126_0,acc_8126
dev_8127_0,acc_8127
dev_8127_1,acc_8127
dev_8128_0,acc_8128
dev_8129_0,acc_8129
dev_8130_0,acc_8130
dev_8131_0,acc_8131
dev_8132_0,acc_8132
dev_8133_0,acc_8133
dev_8134_0,acc_8134
dev_8135_0,acc_8135
dev_8136_0,acc_8136
dev_8137_0,acc_8137
dev_8138_0,acc_8138
dev_8139_0,acc_8139
dev_8140_0,acc_8140
dev_8141_0,acc_8141
dev_8142_0,acc_8142
dev_8143_0,acc_8143
dev_8144_0,acc_8144
dev_8145_0,acc_8145
dev_8146_0,acc_8146
dev_8147_0,acc_8147
dev_8148_0,acc_8148
dev_8149_0,acc_8149
dev_8150_0,acc_8150
dev_8151_0,acc_8151
dev_8152_0,acc_8152
dev_8153_0,acc_8153
dev_8154_0,acc_8154
dev_8155_0,acc_8155
dev_8156_0,acc_8156
dev_8157_0,acc_8157
dev_8158_0,acc_8158
dev_8159_0,acc_8159
dev_8160_0,acc_8160
dev_8161_0,acc_8161
dev_8162_0,acc_8162
dev_8163_0,acc_8163
dev_8164_0,acc_8164
dev_8165_0,acc_8165
dev_8166_0,acc_8166
dev_8167_0,acc_8167
dev_8167_1,acc_8167
dev_8168_0,acc_8168
dev_8169_0,acc_8169
dev_8170_0,acc_8170
dev_8171_0,acc_8171
dev_8172_0,acc_8172
dev_8173_0,acc_8173
dev_8174_0,acc_8174
dev_8175_0,acc_8175
dev_8176_0,acc_8176
dev_8176_1,acc_8176
dev_8177_0,acc_8177
dev_8177_1,acc_8177
dev_8178_0,acc_8178
dev_8179_0,acc_8179
dev_8180_0,acc_8180
dev_8181_0,acc_8181
dev_8182_0,acc_8182
dev_8183_0,acc_8183
dev_8184_0,acc_8184
dev_8185_0,acc_8185
dev_8186_0,acc_8186
dev_8187_0,acc_8187
dev_8188_0,acc_8188
dev_8189_0,acc_8189
dev_8190_0,acc_8190
dev_8191_0,acc_8191
dev_8192_0,acc_8192
dev_8193_0,acc_8193
dev_8194_0,acc_8194
dev_8195_0,acc_8195
dev_8196_0,acc_8196
dev_8197_0,acc_8197
dev_8198_0,acc_8198
dev_8198_1,acc_8198
dev_8199_0,acc_8199
dev_8199_1,acc_8199
dev_8200_0,acc_8200
dev_8201_0,acc_8201
dev_8202_0,acc_8202
dev_8203_0,acc_8203
dev_8204_0,acc_8204
dev_8205_0,acc_8205
dev_8206_0,acc_8206
dev_8207_0,acc_8207
dev_8208_0,acc_8208
dev_8209_0,acc_8209
dev_8210_0,acc_8210
dev_8211_0,acc_8211
dev_8212_0,acc_8212
dev_8213_0,acc_8213
dev_8214_0,acc_8214
dev_8215_0,acc_8215
dev_8216_0,acc_8216
dev_8217_0,acc_8217
dev_8218_0,acc_8218
dev_8219_0,acc_8219
dev_8220_0,acc_8220
dev_8221_0,acc_8221
dev_8222_0,acc_8222
dev_8223_0,acc_8223
dev_8224_0,acc_8224
dev_8225_0,acc_8225
dev_8226_0,acc_8226
dev_8227_0,acc_8227
dev_8227_1,acc_8227
dev_8228_0,acc_8228
dev_8229_0,acc_8229
dev_8230_0,acc_8230
dev_8231_0,acc_8231
dev_8232_0,acc_8232
dev_8233_0,acc_8233
dev_8234_0,acc_8234
dev_8235_0,acc_8235
dev_8236_0,acc_8236
dev_8237_0,acc_8237
dev_8238_0,acc_8238
dev_8239_0,acc_8239
dev_8240_0,acc_8240
dev_8241_0,acc_8241
dev_8242_0,acc_8242
dev_8243_0,acc_8243
dev_8244_0,acc_8244
dev_8245_0,acc_8245
dev_8246_0,acc_8246
dev_8247_0,acc_8247
dev_8248_0,acc_8248
dev_8249_0,acc_8249
dev_8250_0,acc_8250
dev_8251_0,acc_8251
dev_8252_0,acc_8252
dev_8253_0,acc_8253
dev_8254_0,acc_8254
dev_8255_0,acc_8255
dev_8256_0,acc_8256
dev_8257_0,acc_8257
dev_8258_0,acc_8258
dev_8259_0,acc_8259
dev_8260_0,acc_8260
dev_8261_0,acc_8261
dev_8262_0,acc_8262
dev_8263_0,acc_8263
dev_8264_0,acc_8264
dev_8264_1,acc_8264
dev_8265_0,acc_8265
dev_8266_0,acc_8266
dev_8267_0,acc_8267
dev_8268_0,acc_8268
dev_8269_0,acc_8269
dev_8270_0,acc_8270
dev_8271_0,acc_8271
dev_8272_0,acc_8272
dev_8273_0,acc_8273
dev_8274_0,acc_8274
dev_8275_0,acc_8275
dev_8276_0,acc_8276
dev_8276_1,acc_8276
dev_8277_0,acc_8277
dev_8278_0,acc_8278
dev_8279_0,acc_8279
dev_8280_0,acc_8280
dev_8281_0,acc_8281
dev_8282_0,acc_8282
dev_8283_0,acc_8283
dev_8284_0,acc_8284
dev_8285_0,acc_8285
dev_8286_0,acc_8286
dev_8287_0,acc_8287
dev_8287_1,acc_8287
dev_8288_0,acc_8288
dev_8289_0,acc_8289
dev_8290_0,acc_8290
dev_8291_0,acc_8291
dev_8292_0,acc_8292
dev_8293_0,acc_8293
dev_8294_0,acc_8294
dev_8295_0,acc_8295
dev_8296_0,acc_8296
dev_8297_0,acc_8297
dev_8298_0,acc_8298
dev_8299_0,acc_8299
dev_8300_0,acc_8300
dev_8301_0,acc_8301
dev_8301_1,acc_8301
dev_8302_0,acc_8302
dev_8303_0,acc_8303
dev_8303_1,acc_8303
dev_8304_0,acc_8304
dev_8305_0,acc_8305
dev_8306_0,acc_8306
dev_8307_0,acc_8307
dev_8308_0,acc_8308
dev_8309_0,acc_8309
dev_8309_1,acc_8309
dev_8310_0,acc_8310
dev_8311_0,acc_8311
dev_8312_0,acc_8312
dev_8313_0,acc_8313
dev_8314_0,acc_8314
dev_8315_0,acc_8315
dev_8316_0,acc_8316
dev_8317_0,acc_8317
dev_8318_0,acc_8318
dev_8319_0,acc_8319
dev_8320_0,acc_8320
dev_8321_0,acc_8321
dev_8322_0,acc_8322
dev_8322_1,acc_8322
dev_8323_0,acc_8323
dev_8324_0,acc_8324
dev_8325_0,acc_8325
dev_8326_0,acc_8326
dev_8327_0,acc_8327
dev_8328_0,acc_8328
dev_8329_0,acc_8329
dev_8330_0,acc_8330
dev_8331_0,acc_8331
dev_8332_0,acc_8332
dev_8333_0,acc_8333
dev_8334_0,acc_8334
dev_8335_0,acc_8335
dev_8336_0,acc_8336
dev_8337_0,acc_8337
dev_8338_0,acc_8338
dev_8339_0,acc_8339
dev_8340_0,acc_8340
dev_8341_0,acc_8341
dev_8342_0,acc_8342
dev_8343_0,acc_8343
dev_8344_0,acc_8344
dev_8345_0,acc_8345
dev_8346_0,acc_8346
dev_8347_0,acc_8347
dev_8348_0,acc_8348
dev_8349_0,acc_8349
dev_8350_0,acc_8350
dev_8351_0,acc_8351
dev_8352_0,acc_8352
dev_8353_0,acc_8353
dev_8353_1,acc_8353
dev_8354_0,acc_8354
dev_8355_0,acc_8355
dev_8356_0,acc_8356
dev_8357_0,acc_8357
dev_8358_0,acc_8358
dev_8359_0,acc_8359
dev_8360_0,acc_8360
dev_8361_0,acc_8361
dev_8362_0,acc_8362
dev_8363_0,acc_8363
dev_8364_0,acc_8364
dev_8365_0,acc_8365
dev_8366_0,acc_8366
dev_8367_0,acc_8367
dev_8368_0,acc_8368
dev_8369_0,acc_8369
dev_8370_0,acc_8370
dev_8371_0,acc_8371
dev_8372_0,acc_8372
dev_8373_0,acc_8373
dev_8374_0,acc_8374
dev_8375_0,acc_8375
dev_8376_0,acc_8376
dev_8377_0,acc_8377
dev_8378_0,acc_8378
dev_8379_0,acc_8379
dev_8380_0,acc_8380
dev_8381_0,acc_8381
dev_8382_0,acc_8382
dev_8383_0,acc_8383
dev_8384_0,acc_8384
dev_8385_0,acc_8385
dev_8386_0,acc_8386
dev_8387_0,acc_8387
dev_8388_0,acc_8388
dev_8389_0,acc_8389
dev_8390_0,acc_8390
dev_8391_0,acc_8391
dev_8392_0,acc_8392
dev_8393_0,acc_8393
dev_8394_0,acc_8394
dev_8394_1,acc_8394
dev_8395_0,acc_8395
dev_8396_0,acc_8396
dev_8397_0,acc_8397
dev_8398_0,acc_8398
dev_8399_0,acc_8399
dev_8400_0,acc_8400
dev_8401_0,acc_8401
dev_8402_0,acc_8402
dev_8402_1,acc_8402
dev_8403_0,acc_8403
dev_8403_1,acc_8403
dev_8404_0,acc_8404
dev_8405_0,acc_8405
dev_8406_0,acc_8406
dev_8407_0,acc_8407
dev_8408_0,acc_8408
dev_8409_0,acc_8409
dev_8410_0,acc_8410
dev_8411_0,acc_8411
dev_8412_0,acc_8412
dev_8413_0,acc_8413
dev_8414_0,acc_8414
dev_8415_0,acc_8415
dev_8416_0,acc_8416
dev_8417_0,acc_8417
dev_8418_0,acc_8418
dev_8419_0,acc_8419
dev_8420_0,acc_8420
dev_8421_0,acc_8421
dev_8422_0,acc_8422
dev_8423_0,acc_8423
dev_8424_0,acc_8424
dev_8425_0,acc_8425
dev_8426_0,acc_8426
dev_8426_1,acc_8426
dev_8427_0,acc_8427
dev_8427_1,acc_8427
dev_8428_0,acc_8428
dev_8429_0,acc_8429
dev_8430_0,acc_8430
dev_8431_0,acc_8431
dev_8432_0,acc_8432
dev_8433_0,acc_8433
dev_8434_0,acc_8434
dev_8435_0,acc_8435
dev_8436_0,acc_8436
dev_8437_0,acc_8437
dev_8438_0,acc_8438
dev_8439_0,acc_8439
dev_8440_0,acc_8440
dev_8441_0,acc_8441
dev_8442_0,acc_8442
dev_8443_0,acc_8443
dev_8444_0,acc_8444
dev_8445_0,acc_8445
dev_8446_0,acc_8446
dev_8447_0,acc_8447
dev_8448_0,acc_8448
dev_8449_0,acc_8449
dev_8450_0,acc_8450
dev_8451_0,acc_8451
dev_8452_0,acc_8452
dev_8452_1,acc_8452
dev_8453_0,acc_8453
dev_8454_0,acc_8454
dev_8455_0,acc_8455
dev_8456_0,acc_8456
dev_8457_0,acc_8457
dev_8458_0,acc_8458
dev_8459_0,acc_8459
dev_8460_0,acc_8460
dev_8461_0,acc_8461
dev_8462_0,acc_8462
dev_8463_0,acc_8463
dev_8464_0,acc_8464
dev_8465_0,acc_8465
dev_8466_0,acc_8466
dev_8467_0,acc_8467
dev_8468_0,acc_8468
dev_8469_0,acc_8469
dev_8470_0,acc_8470
dev_8471_0,acc_8471
dev_8472_0,acc_8472
dev_8473_0,acc_8473
dev_8474_0,acc_8474
dev_8475_0,acc_8475
dev_8476_0,acc_8476
dev_8476_1,acc_8476
dev_8477_0,acc_8477
dev_8478_0,acc_8478
dev_8479_0,acc_8479
dev_8480_0,acc_8480
dev_8481_0,acc_8481
dev_8482_0,acc_8482
dev_8483_0,acc_8483
dev_8484_0,acc_8484
dev_8485_0,acc_8485
dev_8486_0,acc_8486
dev_8487_0,acc_8487
dev_8488_0,acc_8488
dev_8489_0,acc_8489
dev_8490_0,acc_8490
dev_8491_0,acc_8491
dev_8492_0,acc_8492
dev_8493_0,acc_8493
dev_8494_0,acc_8494
dev_8494_1,acc_8494
dev_8495_0,acc_8495
dev_8496_0,acc_8496
dev_8497_0,acc_8497
dev_8498_0,acc_8498
dev_8499_0,acc_8499
dev_8500_0,acc_8500
dev_8501_0,acc_8501
dev_8502_0,acc_8502
dev_8503_0,acc_8503
dev_8504_0,acc_8504
dev_8505_0,acc_8505
dev_8506_0,acc_8506
dev_8507_0,acc_8507
dev_8507_1,acc_8507
dev_8508_0,acc_8508
dev_8509_0,acc_8509
dev_8510_0,acc_8510
dev_8511_0,acc_8511
dev_8512_0,acc_8512
dev_8513_0,acc_8513
dev_8514_0,acc_8514
dev_8515_0,acc_8515
dev_8516_0,acc_8516
dev_8517_0,acc_8517
dev_8518_0,acc_8518
dev_8519_0,acc_8519
dev_8520_0,acc_8520
dev_8521_0,acc_8521
dev_8522_0,acc_8522
dev_8523_0,acc_8523
dev_8524_0,acc_8524
dev_8525_0,acc_8525
dev_8526_0,acc_8526
dev_8527_0,acc_8527
dev_8528_0,acc_8528
dev_8529_0,acc_8529
dev_8530_0,acc_8530
dev_8531_0,acc_8531
dev_8532_0,acc_8532
dev_8533_0,acc_8533
dev_8533_1,acc_8533
dev_8534_0,acc_8534
dev_8535_0,acc_8535
dev_8536_0,acc_8536
dev_8537_0,acc_8537
dev_8538_0,acc_8538
dev_8539_0,acc_8539
dev_8540_0,acc_8540
dev_8541_0,acc_8541
dev_8542_0,acc_8542
dev_8543_0,acc_8543
dev_8544_0,acc_8544
dev_8544_1,acc_8544
dev_8545_0,acc_8545
dev_8546_0,acc_8546
dev_8547_0,acc_8547
dev_8548_0,acc_8548
dev_8549_0,acc_8549
dev_8550_0,acc_8550
dev_8551_0,acc_8551
dev_8552_0,acc_8552
dev_8553_0,acc_8553
dev_8554_0,acc_8554
dev_8555_0,acc_8555
dev_8556_0,acc_8556
dev_8557_0,acc_8557
dev_8558_0,acc_8558
dev_8559_0,acc_8559
dev_8560_0,acc_8560
dev_8561_0,acc_8561
dev_8562_0,acc_8562
dev_8563_0,acc_8563
dev_8564_0,acc_8564
dev_8565_0,acc_8565
dev_8566_0,acc_8566
dev_8567_0,acc_8567
dev_8567_1,acc_8567
dev_8568_0,acc_8568
dev_8569_0,acc_8569
dev_8570_0,acc_8570
dev_8570_1,acc_8570
dev_8571_0,acc_8571
dev_8572_0,acc_8572
dev_8573_0,acc_8573
dev_8574_0,acc_8574
dev_8575_0,acc_8575
dev_8576_0,acc_8576
dev_8577_0,acc_8577
dev_8578_0,acc_8578
dev_8579_0,acc_8579
dev_8580_0,acc_8580
dev_8581_0,acc_8581
dev_8582_0,acc_8582
dev_8582_1,acc_8582
dev_8583_0,acc_8583
dev_8583_1,acc_8583
dev_8584_0,acc_8584
dev_8585_0,acc_8585
dev_8586_0,acc_8586
dev_8587_0,acc_8587
dev_8588_0,acc_8588
dev_8589_0,acc_8589
dev_8590_0,acc_8590
dev_8591_0,acc_8591
dev_8592_0,acc_8592
dev_8593_0,acc_8593
dev_8593_1,acc_8593
dev_8594_0,acc_8594
dev_8595_0,acc_8595
dev_8596_0,acc_8596
dev_8597_0,acc_8597
dev_8598_0,acc_8598
dev_8599_0,acc_8599
dev_8600_0,acc_8600
dev_8601_0,acc_8601
dev_8602_0,acc_8602
dev_8603_0,acc_8603
dev_8604_0,acc_8604
dev_8605_0,acc_8605
dev_8606_0,acc_8606
dev_8607_0,acc_8607
dev_8608_0,acc_8608
dev_8609_0,acc_8609
dev_8610_0,acc_8610
dev_8611_0,acc_8611
dev_8612_0,acc_8612
dev_8613_0,acc_8613
dev_8614_0,acc_8614
dev_8615_0,acc_8615
dev_8616_0,acc_8616
dev_8617_0,acc_8617
dev_8618_0,acc_8618
dev_8619_0,acc_8619
dev_8619_1,acc_8619
dev_8620_0,acc_8620
dev_8621_0,acc_8621
dev_8622_0,acc_8622
dev_8623_0,acc_8623
dev_8624_0,acc_8624
dev_8624_1,acc_8624
dev_8625_0,acc_8625
dev_8626_0,acc_8626
dev_8627_0,acc_8627
dev_8628_0,acc_8628
dev_8628_1,acc_8628
dev_8629_0,acc_8629
dev_8630_0,acc_8630
dev_8631_0,acc_8631
dev_8632_0,acc_8632
dev_8633_0,acc_8633
dev_8634_0,acc_8634
dev_8635_0,acc_8635
dev_8636_0,acc_8636
dev_8637_0,acc_8637
dev_8638_0,acc_8638
dev_8639_0,acc_8639
dev_8640_0,acc_8640
dev_8641_0,acc_8641
dev_8642_0,acc_8642
dev_8643_0,acc_8643
dev_8644_0,acc_8644
dev_8645_0,acc_8645
dev_8646_0,acc_8646
dev_8647_0,acc_8647
dev_8648_0,acc_8648
dev_8649_0,acc_8649
dev_8650_0,acc_8650
dev_8651_0,acc_8651
dev_8652_0,acc_8652
dev_8653_0,acc_8653
dev_8654_0,acc_8654
dev_8655_0,acc_8655
dev_8656_0,acc_8656
dev_8657_0,acc_8657
dev_8658_0,acc_8658
dev_8659_0,acc_8659
dev_8660_0,acc_8660
dev_8661_0,acc_8661
dev_8662_0,acc_8662
dev_8663_0,acc_8663
dev_8664_0,acc_8664
dev_8665_0,acc_8665
dev_8666_0,acc_8666
dev_8667_0,acc_8667
dev_8667_1,acc_8667
dev_8668_0,acc_8668
dev_8669_0,acc_8669
dev_8670_0,acc_8670
dev_8671_0,acc_8671
dev_8672_0,acc_8672
dev_8673_0,acc_8673
dev_8674_0,acc_8674
dev_8675_0,acc_8675
dev_8676_0,acc_8676
dev_8677_0,acc_8677
dev_8678_0,acc_8678
dev_8679_0,acc_8679
dev_8680_0,acc_8680
dev_8681_0,acc_8681
dev_8682_0,acc_8682
dev_8682_1,acc_8682
dev_8683_0,acc_8683
dev_8683_1,acc_8683
dev_8684_0,acc_8684
dev_8685_0,acc_8685
dev_8686_0,acc_8686
dev_8687_0,acc_8687
dev_8688_0,acc_8688
dev_8689_0,acc_8689
dev_8690_0,acc_8690
dev_8691_0,acc_8691
dev_8692_0,acc_8692
dev_8693_0,acc_8693
dev_8694_0,acc_8694
dev_8695_0,acc_8695
dev_8696_0,acc_8696
dev_8697_0,acc_8697
dev_8697_1,acc_8697
dev_8698_0,acc_8698
dev_8699_0,acc_8699
dev_8699_1,acc_8699
dev_8700_0,acc_8700
dev_8701_0,acc_8701
dev_8702_0,acc_8702
dev_8703_0,acc_8703
dev_8704_0,acc_8704
dev_8705_0,acc_8705
dev_8706_0,acc_8706
dev_8707_0,acc_8707
dev_8708_0,acc_8708
dev_8709_0,acc_8709
dev_8710_0,acc_8710
dev_8711_0,acc_8711
dev_8711_1,acc_8711
dev_8712_0,acc_8712
dev_8713_0,acc_8713
dev_8714_0,acc_8714
dev_8715_0,acc_8715
dev_8715_1,acc_8715
dev_8716_0,acc_8716
dev_8717_0,acc_8717
dev_8718_0,acc_8718
dev_8719_0,acc_8719
dev_8720_0,acc_8720
dev_8721_0,acc_8721
dev_8722_0,acc_8722
dev_8723_0,acc_8723
dev_8724_0,acc_8724
dev_8725_0,acc_8725
dev_8726_0,acc_8726
dev_8727_0,acc_8727
dev_8728_0,acc_8728
dev_8729_0,acc_8729
dev_8730_0,acc_8730
dev_8731_0,acc_8731
dev_8732_0,acc_8732
dev_8733_0,acc_8733
dev_8734_0,acc_8734
dev_8735_0,acc_8735
dev_8736_0,acc_8736
dev_8737_0,acc_8737
dev_8738_0,acc_8738
dev_8739_0,acc_8739
dev_8740_0,acc_8740
dev_8741_0,acc_8741
dev_8742_0,acc_8742
dev_8743_0,acc_8743
dev_8744_0,acc_8744
dev_8745_0,acc_8745
dev_8746_0,acc_8746
dev_8747_0,acc_8747
dev_8748_0,acc_8748
dev_8749_0,acc_8749
dev_8750_0,acc_8750
dev_8751_0,acc_8751
dev_8752_0,acc_8752
dev_8753_0,acc_8753
dev_8754_0,acc_8754
dev_8755_0,acc_8755
dev_8756_0,acc_8756
dev_8757_0,acc_8757
dev_8758_0,acc_8758
dev_8759_0,acc_8759
dev_8760_0,acc_8760
dev_8761_0,acc_8761
dev_8762_0,acc_8762
dev_8763_0,acc_8763
dev_8764_0,acc_8764
dev_8765_0,acc_8765
dev_8766_0,acc_8766
dev_8767_0,acc_8767
dev_8768_0,acc_8768
dev_8769_0,acc_8769
dev_8770_0,acc_8770
dev_8771_0,acc_8771
dev_8771_1,acc_8771
dev_8772_0,acc_8772
dev_8773_0,acc_8773
dev_8774_0,acc_8774
dev_8775_0,acc_8775
dev_8776_0,acc_8776
dev_8777_0,acc_8777
dev_8778_0,acc_8778
dev_8779_0,acc_8779
dev_8779_1,acc_8779
dev_8780_0,acc_8780
dev_8781_0,acc_8781
dev_8782_0,acc_8782
dev_8783_0,acc_8783
dev_8784_0,acc_8784
dev_8785_0,acc_8785
dev_8785_1,acc_8785
dev_8786_0,acc_8786
dev_8787_0,acc_8787
dev_8788_0,acc_8788
dev_8789_0,acc_8789
dev_8790_0,acc_8790
dev_8791_0,acc_8791
dev_8792_0,acc_8792
dev_8793_0,acc_8793
dev_8794_0,acc_8794
dev_8795_0,acc_8795
dev_8796_0,acc_8796
dev_8797_0,acc_8797
dev_8798_0,acc_8798
dev_8799_0,acc_8799
dev_8800_0,acc_8800
dev_8801_0,acc_8801
dev_8802_0,acc_8802
dev_8803_0,acc_8803
dev_8804_0,acc_8804
dev_8805_0,acc_8805
dev_8806_0,acc_8806
dev_8807_0,acc_8807
dev_8808_0,acc_8808
dev_8809_0,acc_8809
dev_8810_0,acc_8810
dev_8811_0,acc_8811
dev_8811_1,acc_8811
dev_8812_0,acc_8812
dev_8813_0,acc_8813
dev_8814_0,acc_8814
dev_8815_0,acc_8815
dev_8816_0,acc_8816
dev_8817_0,acc_8817
dev_8818_0,acc_8818
dev_8819_0,acc_8819
dev_8820_0,acc_8820
dev_8821_0,acc_8821
dev_8822_0,acc_8822
dev_8823_0,acc_8823
dev_8824_0,acc_8824
dev_8824_1,acc_8824
dev_8825_0,acc_8825
dev_8826_0,acc_8826
dev_8827_0,acc_8827
dev_8828_0,acc_8828
dev_8829_0,acc_8829
dev_8830_0,acc_8830
dev_8831_0,acc_8831
dev_8831_1,acc_8831
dev_8832_0,acc_8832
dev_8833_0,acc_8833
dev_8834_0,acc_8834
dev_8835_0,acc_8835
dev_8836_0,acc_8836
dev_8837_0,acc_8837
dev_8838_0,acc_8838
dev_8839_0,acc_8839
dev_8840_0,acc_8840
dev_8841_0,acc_8841
dev_8842_0,acc_8842
dev_8842_1,acc_8842
dev_8843_0,acc_8843
dev_8844_0,acc_8844
dev_8845_0,acc_8845
dev_8846_0,acc_8846
dev_8847_0,acc_8847
dev_8848_0,acc_8848
dev_8849_0,acc_8849
dev_8850_0,acc_8850
dev_8851_0,acc_8851
dev_8852_0,acc_8852
dev_8852_1,acc_8852
dev_8853_0,acc_8853
dev_8854_0,acc_8854
dev_8855_0,acc_8855
dev_8856_0,acc_8856
dev_8857_0,acc_8857
dev_8858_0,acc_8858
dev_8859_0,acc_8859
dev_8860_0,acc_8860
dev_8861_0,acc_8861
dev_8862_0,acc_8862
dev_8863_0,acc_8863
dev_8864_0,acc_8864
dev_8865_0,acc_8865
dev_8866_0,acc_8866
dev_8867_0,acc_8867
dev_8868_0,acc_8868
dev_8869_0,acc_8869
dev_8870_0,acc_8870
dev_8871_0,acc_8871
dev_8872_0,acc_8872
dev_8873_0,acc_8873
dev_8874_0,acc_8874
dev_8875_0,acc_8875
dev_8876_0,acc_8876
dev_8877_0,acc_8877
dev_8878_0,acc_8878
dev_8879_0,acc_8879
dev_8880_0,acc_8880
dev_8881_0,acc_8881
dev_8882_0,acc_8882
dev_8883_0,acc_8883
dev_8884_0,acc_8884
dev_8885_0,acc_8885
dev_8886_0,acc_8886
dev_8887_0,acc_8887
dev_8888_0,acc_8888
dev_8889_0,acc_8889
dev_8890_0,acc_8890
dev_8891_0,acc_8891
dev_8892_0,acc_8892
dev_8893_0,acc_8893
dev_8894_0,acc_8894
dev_8895_0,acc_8895
dev_8896_0,acc_8896
dev_8897_0,acc_8897
dev_8898_0,acc_8898
dev_8899_0,acc_8899
dev_8900_0,acc_8900
dev_8901_0,acc_8901
dev_8902_0,acc_8902
dev_8903_0,acc_8903
dev_8904_0,acc_8904
dev_8905_0,acc_8905
dev_8906_0,acc_8906
dev_8907_0,acc_8907
dev_8908_0,acc_8908
dev_8909_0,acc_8909
dev_8910_0,acc_8910
dev_8911_0,acc_8911
dev_8912_0,acc_8912
dev_8913_0,acc_8913
dev_8914_0,acc_8914
dev_8915_0,acc_8915
dev_8916_0,acc_8916
dev_8917_0,acc_8917
dev_8918_0,acc_8918
dev_8919_0,acc_8919
dev_8920_0,acc_8920
dev_8921_0,acc_8921
dev_8922_0,acc_8922
dev_8923_0,acc_8923
dev_8924_0,acc_8924
dev_8925_0,acc_8925
dev_8925_1,acc_8925
dev_8926_0,acc_8926
dev_8927_0,acc_8927
dev_8927_1,acc_8927
dev_8928_0,acc_8928
dev_8929_0,acc_8929
dev_8930_0,acc_8930
dev_8931_0,acc_8931
dev_8932_0,acc_8932
dev_8933_0,acc_8933
dev_8934_0,acc_8934
dev_8935_0,acc_8935
dev_8935_1,acc_8935
dev_8936_0,acc_8936
dev_8937_0,acc_8937
dev_8938_0,acc_8938
dev_8939_0,acc_8939
dev_8940_0,acc_8940
dev_8941_0,acc_8941
dev_8942_0,acc_8942
dev_8943_0,acc_8943
dev_8944_0,acc_8944
dev_8945_0,acc_8945
dev_8946_0,acc_8946
dev_8947_0,acc_8947
dev_8948_0,acc_8948
dev_8949_0,acc_8949
dev_8950_0,acc_8950
dev_8951_0,acc_8951
dev_8952_0,acc_8952
dev_8953_0,acc_8953
dev_8954_0,acc_8954
dev_8955_0,acc_8955
dev_8956_0,acc_8956
dev_8957_0,acc_8957
dev_8958_0,acc_8958
dev_8959_0,acc_8959
dev_8960_0,acc_8960
dev_8961_0,acc_8961
dev_8962_0,acc_8962
dev_8963_0,acc_8963
dev_8964_0,acc_8964
dev_8965_0,acc_8965
dev_8966_0,acc_8966
dev_8967_0,acc_8967
dev_8968_0,acc_8968
dev_8969_0,acc_8969
dev_8970_0,acc_8970
dev_8971_0,acc_8971
dev_8972_0,acc_8972
dev_8973_0,acc_8973
dev_8974_0,acc_8974
dev_8975_0,acc_8975
dev_8976_0,acc_8976
dev_8977_0,acc_8977
dev_8978_0,acc_8978
dev_8979_0,acc_8979
dev_8979_1,acc_8979
dev_8980_0,acc_8980
dev_8981_0,acc_8981
dev_8982_0,acc_8982
dev_8983_0,acc_8983
dev_8984_0,acc_8984
dev_8985_0,acc_8985
dev_8986_0,acc_8986
dev_8987_0,acc_8987
dev_8988_0,acc_8988
dev_8989_0,acc_8989
dev_8990_0,acc_8990
dev_8991_0,acc_8991
dev_8992_0,acc_8992
dev_8993_0,acc_8993
dev_8994_0,acc_8994
dev_8995_0,acc_8995
dev_8996_0,acc_8996
dev_8997_0,acc_8997
dev_8998_0,acc_8998
dev_8999_0,acc_8999
dev_9000_0,acc_9000
dev_9001_0,acc_9001
dev_9002_0,acc_9002
dev_9003_0,acc_9003
dev_9004_0,acc_9004
dev_9005_0,acc_9005
dev_9005_1,acc_9005
dev_9006_0,acc_9006
dev_9007_0,acc_9007
dev_9008_0,acc_9008
dev_9009_0,acc_9009
dev_9010_0,acc_9010
dev_9011_0,acc_9011
dev_9011_1,acc_9011
dev_9012_0,acc_9012
dev_9013_0,acc_9013
dev_9014_0,acc_9014
dev_9015_0,acc_9015
dev_9016_0,acc_9016
dev_9017_0,acc_9017
dev_9017_1,acc_9017
dev_9018_0,acc_9018
dev_9019_0,acc_9019
dev_9020_0,acc_9020
dev_9021_0,acc_9021
dev_9022_0,acc_9022
dev_9023_0,acc_9023
dev_9024_0,acc_9024
dev_9025_0,acc_9025
dev_9026_0,acc_9026
dev_9027_0,acc_9027
dev_9028_0,acc_9028
dev_9029_0,acc_9029
dev_9030_0,acc_9030
dev_9031_0,acc_9031
dev_9031_1,acc_9031
dev_9032_0,acc_9032
dev_9033_0,acc_9033
dev_9034_0,acc_9034
dev_9035_0,acc_9035
dev_9036_0,acc_9036
dev_9037_0,acc_9037
dev_9038_0,acc_9038
dev_9039_0,acc_9039
dev_9040_0,acc_9040
dev_9041_0,acc_9041
dev_9042_0,acc_9042
dev_9043_0,acc_9043
dev_9044_0,acc_9044
dev_9045_0,acc_9045
dev_9046_0,acc_9046
dev_9047_0,acc_9047
dev_9048_0,acc_9048
dev_9048_1,acc_9048
dev_9049_0,acc_9049
dev_9050_0,acc_9050
dev_9051_0,acc_9051
dev_9052_0,acc_9052
dev_9053_0,acc_9053
dev_9054_0,acc_9054
dev_9055_0,acc_9055
dev_9056_0,acc_9056
dev_9057_0,acc_9057
dev_9058_0,acc_9058
dev_9059_0,acc_9059
dev_9060_0,acc_9060
dev_9060_1,acc_9060
dev_9061_0,acc_9061
dev_9062_0,acc_9062
dev_9063_0,acc_9063
dev_9063_1,acc_9063
dev_9064_0,acc_9064
dev_9065_0,acc_9065
dev_9066_0,acc_9066
dev_9067_0,acc_9067
dev_9068_0,acc_9068
dev_9069_0,acc_9069
dev_9070_0,acc_9070
dev_9071_0,acc_9071
dev_9072_0,acc_9072
dev_9073_0,acc_9073
dev_9074_0,acc_9074
dev_9075_0,acc_9075
dev_9076_0,acc_9076
dev_9077_0,acc_9077
dev_9078_0,acc_9078
dev_9079_0,acc_9079
dev_9080_0,acc_9080
dev_9081_0,acc_9081
dev_9082_0,acc_9082
dev_9083_0,acc_9083
dev_9084_0,acc_9084
dev_9085_0,acc_9085
dev_9086_0,acc_9086
dev_9087_0,acc_9087
dev_9088_0,acc_9088
dev_9089_0,acc_9089
dev_9090_0,acc_9090
dev_9091_0,acc_9091
dev_9092_0,acc_9092
dev_9093_0,acc_9093
dev_9094_0,acc_9094
dev_9095_0,acc_9095
dev_9096_0,acc_9096
dev_9097_0,acc_9097
dev_9098_0,acc_9098
dev_9099_0,acc_9099
dev_9100_0,acc_9100
dev_9101_0,acc_9101
dev_9102_0,acc_9102
dev_9103_0,acc_9103
dev_9104_0,acc_9104
dev_9105_0,acc_9105
dev_9106_0,acc_9106
dev_9107_0,acc_9107
dev_9108_0,acc_9108
dev_9109_0,acc_9109
dev_9110_0,acc_9110
dev_9111_0,acc_9111
dev_9112_0,acc_9112
dev_9113_0,acc_9113
dev_9114_0,acc_9114
dev_9115_0,acc_9115
dev_9116_0,acc_9116
dev_9117_0,acc_9117
dev_9118_0,acc_9118
dev_9119_0,acc_9119
dev_9120_0,acc_9120
dev_9121_0,acc_9121
dev_9122_0,acc_9122
dev_9123_0,acc_9123
dev_9124_0,acc_9124
dev_9125_0,acc_9125
dev_9126_0,acc_9126
dev_9127_0,acc_9127
dev_9128_0,acc_9128
dev_9129_0,acc_9129
dev_9130_0,acc_9130
dev_9131_0,acc_9131
dev_9132_0,acc_9132
dev_9133_0,acc_9133
dev_9134_0,acc_9134
dev_9135_0,acc_9135
dev_9136_0,acc_9136
dev_9137_0,acc_9137
dev_9138_0,acc_9138
dev_9139_0,acc_9139
dev_9140_0,acc_9140
dev_9141_0,acc_9141
dev_9142_0,acc_9142
dev_9143_0,acc_9143
dev_9143_1,acc_9143
dev_9144_0,acc_9144
dev_9145_0,acc_9145
dev_9146_0,acc_9146
dev_9147_0,acc_9147
dev_9148_0,acc_9148
dev_9148_1,acc_9148
dev_9149_0,acc_9149
dev_9150_0,acc_9150
dev_9151_0,acc_9151
dev_9152_0,acc_9152
dev_9153_0,acc_9153
dev_9154_0,acc_9154
dev_9155_0,acc_9155
dev_9156_0,acc_9156
dev_9157_0,acc_9157
dev_9158_0,acc_9158
dev_9158_1,acc_9158
dev_9159_0,acc_9159
dev_9160_0,acc_9160
dev_9161_0,acc_9161
dev_9162_0,acc_9162
dev_9163_0,acc_9163
dev_9164_0,acc_9164
dev_9165_0,acc_9165
dev_9166_0,acc_9166
dev_9167_0,acc_9167
dev_9167_1,acc_9167
dev_9168_0,acc_9168
dev_9169_0,acc_9169
dev_9170_0,acc_9170
dev_9171_0,acc_9171
dev_9172_0,acc_9172
dev_9173_0,acc_9173
dev_9174_0,acc_9174
dev_9175_0,acc_9175
dev_9176_0,acc_9176
dev_9177_0,acc_9177
dev_9178_0,acc_9178
dev_9179_0,acc_9179
dev_9180_0,acc_9180
dev_9181_0,acc_9181
dev_9182_0,acc_9182
dev_9183_0,acc_9183
dev_9184_0,acc_9184
dev_9185_0,acc_9185
dev_9186_0,acc_9186
dev_9187_0,acc_9187
dev_9187_1,acc_9187
dev_9188_0,acc_9188
dev_9189_0,acc_9189
dev_9190_0,acc_9190
dev_9191_0,acc_9191
dev_9192_0,acc_9192
dev_9193_0,acc_9193
dev_9194_0,acc_9194
dev_9195_0,acc_9195
dev_9195_1,acc_9195
dev_9196_0,acc_9196
dev_9197_0,acc_9197
dev_9198_0,acc_9198
dev_9199_0,acc_9199
dev_9200_0,acc_9200
dev_9201_0,acc_9201
dev_9202_0,acc_9202
dev_9203_0,acc_9203
dev_9204_0,acc_9204
dev_9205_0,acc_9205
dev_9205_1,acc_9205
dev_9206_0,acc_9206
dev_9206_1,acc_9206
dev_9207_0,acc_9207
dev_9208_0,acc_9208
dev_9209_0,acc_9209
dev_9209_1,acc_9209
dev_9210_0,acc_9210
dev_9211_0,acc_9211
dev_9212_0,acc_9212
dev_9213_0,acc_9213
dev_9214_0,acc_9214
dev_9215_0,acc_9215
dev_9216_0,acc_9216
dev_9217_0,acc_9217
dev_9218_0,acc_9218
dev_9219_0,acc_9219
dev_9220_0,acc_9220
dev_9221_0,acc_9221
dev_9222_0,acc_9222
dev_9223_0,acc_9223
dev_9224_0,acc_9224
dev_9225_0,acc_9225
dev_9226_0,acc_9226
dev_9227_0,acc_9227
dev_9228_0,acc_9228
dev_9229_0,acc_9229
dev_9230_0,acc_9230
dev_9231_0,acc_9231
dev_9232_0,acc_9232
dev_9233_0,acc_9233
dev_9234_0,acc_9234
dev_9235_0,acc_9235
dev_9236_0,acc_9236
dev_9237_0,acc_9237
dev_9238_0,acc_9238
dev_9239_0,acc_9239
dev_9240_0,acc_9240
dev_9240_1,acc_9240
dev_9241_0,acc_9241
dev_9242_0,acc_9242
dev_9243_0,acc_9243
dev_9244_0,acc_9244
dev_9245_0,acc_9245
dev_9246_0,acc_9246
dev_9247_0,acc_9247
dev_9248_0,acc_9248
dev_9249_0,acc_9249
dev_9250_0,acc_9250
dev_9251_0,acc_9251
dev_9252_0,acc_9252
dev_9253_0,acc_9253
dev_9254_0,acc_9254
dev_9255_0,acc_9255
dev_9256_0,acc_9256
dev_9257_0,acc_9257
dev_9258_0,acc_9258
dev_9259_0,acc_9259
dev_9260_0,acc_9260
dev_9261_0,acc_9261
dev_9261_1,acc_9261
dev_9262_0,acc_9262
dev_9263_0,acc_9263
dev_9264_0,acc_9264
dev_9265_0,acc_9265
dev_9266_0,acc_9266
dev_9267_0,acc_9267
dev_9268_0,acc_9268
dev_9269_0,acc_9269
dev_9270_0,acc_9270
dev_9270_1,acc_9270
dev_9271_0,acc_9271
dev_9272_0,acc_9272
dev_9273_0,acc_9273
dev_9274_0,acc_9274
dev_9275_0,acc_9275
dev_9276_0,acc_9276
dev_9277_0,acc_9277
dev_9277_1,acc_9277
dev_9278_0,acc_9278
dev_9279_0,acc_9279
dev_9280_0,acc_9280
dev_9281_0,acc_9281
dev_9282_0,acc_9282
dev_9283_0,acc_9283
dev_9284_0,acc_9284
dev_9285_0,acc_9285
dev_9286_0,acc_9286
dev_9287_0,acc_9287
dev_9288_0,acc_9288
dev_9289_0,acc_9289
dev_9290_0,acc_9290
dev_9291_0,acc_9291
dev_9292_0,acc_9292
dev_9293_0,acc_9293
dev_9294_0,acc_9294
dev_9295_0,acc_9295
dev_9296_0,acc_9296
dev_9297_0,acc_9297
dev_9298_0,acc_9298
dev_9299_0,acc_9299
dev_9300_0,acc_9300
dev_9301_0,acc_9301
dev_9302_0,acc_9302
dev_9303_0,acc_9303
dev_9304_0,acc_9304
dev_9305_0,acc_9305
dev_9306_0,acc_9306
dev_9307_0,acc_9307
dev_9308_0,acc_9308
dev_9309_0,acc_9309
dev_9310_0,acc_9310
dev_9311_0,acc_9311
dev_9312_0,acc_9312
dev_9313_0,acc_9313
dev_9314_0,acc_9314
dev_9315_0,acc_9315
dev_9316_0,acc_9316
dev_9317_0,acc_9317
dev_9318_0,acc_9318
dev_9319_0,acc_9319
dev_9320_0,acc_9320
dev_9321_0,acc_9321
dev_9322_0,acc_9322
dev_9323_0,acc_9323
dev_9324_0,acc_9324
dev_9325_0,acc_9325
dev_9326_0,acc_9326
dev_9327_0,acc_9327
dev_9328_0,acc_9328
dev_9329_0,acc_9329
dev_9329_1,acc_9329
dev_9330_0,acc_9330
dev_9331_0,acc_9331
dev_9332_0,acc_9332
dev_9333_0,acc_9333
dev_9333_1,acc_9333
dev_9334_0,acc_9334
dev_9334_1,acc_9334
dev_9335_0,acc_9335
dev_9335_1,acc_9335
dev_9336_0,acc_9336
dev_9337_0,acc_9337
dev_9338_0,acc_9338
dev_9339_0,acc_9339
dev_9340_0,acc_9340
dev_9341_0,acc_9341
dev_9342_0,acc_9342
dev_9343_0,acc_9343
dev_9344_0,acc_9344
dev_9345_0,acc_9345
dev_9346_0,acc_9346
dev_9347_0,acc_9347
dev_9348_0,acc_9348
dev_9349_0,acc_9349
dev_9350_0,acc_9350
dev_9351_0,acc_9351
dev_9352_0,acc_9352
dev_9353_0,acc_9353
dev_9354_0,acc_9354
dev_9355_0,acc_9355
dev_9356_0,acc_9356
dev_9357_0,acc_9357
dev_9358_0,acc_9358
dev_9359_0,acc_9359
dev_9360_0,acc_9360
dev_9361_0,acc_9361
dev_9362_0,acc_9362
dev_9363_0,acc_9363
dev_9364_0,acc_9364
dev_9365_0,acc_9365
dev_9366_0,acc_9366
dev_9367_0,acc_9367
dev_9368_0,acc_9368
dev_9369_0,acc_9369
dev_9370_0,acc_9370
dev_9371_0,acc_9371
dev_9371_1,acc_9371
dev_9372_0,acc_9372
dev_9373_0,acc_9373
dev_9374_0,acc_9374
dev_9375_0,acc_9375
dev_9376_0,acc_9376
dev_9377_0,acc_9377
dev_9378_0,acc_9378
dev_9379_0,acc_9379
dev_9380_0,acc_9380
dev_9381_0,acc_9381
dev_9382_0,acc_9382
dev_9383_0,acc_9383
dev_9384_0,acc_9384
dev_9385_0,acc_9385
dev_9386_0,acc_9386
dev_9387_0,acc_9387
dev_9388_0,acc_9388
dev_9389_0,acc_9389
dev_9390_0,acc_9390
dev_9391_0,acc_9391
dev_9392_0,acc_9392
dev_9393_0,acc_9393
dev_9394_0,acc_9394
dev_9395_0,acc_9395
dev_9396_0,acc_9396
dev_9396_1,acc_9396
dev_9397_0,acc_9397
dev_9398_0,acc_9398
dev_9399_0,acc_9399
dev_9399_1,acc_9399
dev_9400_0,acc_9400
dev_9401_0,acc_9401
dev_9402_0,acc_9402
dev_9403_0,acc_9403
dev_9404_0,acc_9404
dev_9405_0,acc_9405
dev_9405_1,acc_9405
dev_9406_0,acc_9406
dev_9407_0,acc_9407
dev_9408_0,acc_9408
dev_9409_0,acc_9409
dev_9410_0,acc_9410
dev_9411_0,acc_9411
dev_9412_0,acc_9412
dev_9413_0,acc_9413
dev_9414_0,acc_9414
dev_9415_0,acc_9415
dev_9416_0,acc_9416
dev_9417_0,acc_9417
dev_9418_0,acc_9418
dev_9419_0,acc_9419
dev_9420_0,acc_9420
dev_9420_1,acc_9420
dev_9421_0,acc_9421
dev_9422_0,acc_9422
dev_9423_0,acc_9423
dev_9424_0,acc_9424
dev_9425_0,acc_9425
dev_9426_0,acc_9426
dev_9427_0,acc_9427
dev_9428_0,acc_9428
dev_9428_1,acc_9428
dev_9429_0,acc_9429
dev_9430_0,acc_9430
dev_9431_0,acc_9431
dev_9432_0,acc_9432
dev_9433_0,acc_9433
dev_9434_0,acc_9434
dev_9435_0,acc_9435
dev_9436_0,acc_9436
dev_9437_0,acc_9437
dev_9438_0,acc_9438
dev_9438_1,acc_9438
dev_9439_0,acc_9439
dev_9440_0,acc_9440
dev_9441_0,acc_9441
dev_9442_0,acc_9442
dev_9443_0,acc_9443
dev_9444_0,acc_9444
dev_9445_0,acc_9445
dev_9446_0,acc_9446
dev_9447_0,acc_9447
dev_9448_0,acc_9448
dev_9449_0,acc_9449
dev_9450_0,acc_9450
dev_9451_0,acc_9451
dev_9452_0,acc_9452
dev_9453_0,acc_9453
dev_9454_0,acc_9454
dev_9455_0,acc_9455
dev_9456_0,acc_9456
dev_9457_0,acc_9457
dev_9458_0,acc_9458
dev_9459_0,acc_9459
dev_9459_1,acc_9459
dev_9460_0,acc_9460
dev_9461_0,acc_9461
dev_9462_0,acc_9462
dev_9463_0,acc_9463
dev_9464_0,acc_9464
dev_9465_0,acc_9465
dev_9466_0,acc_9466
dev_9467_0,acc_9467
dev_9468_0,acc_9468
dev_9469_0,acc_9469
dev_9470_0,acc_9470
dev_9471_0,acc_9471
dev_9472_0,acc_9472
dev_9472_1,acc_9472
dev_9473_0,acc_9473
dev_9474_0,acc_9474
dev_9475_0,acc_9475
dev_9476_0,acc_9476
dev_9477_0,acc_9477
dev_9478_0,acc_9478
dev_9479_0,acc_9479
dev_9480_0,acc_9480
dev_9481_0,acc_9481
dev_9482_0,acc_9482
dev_9483_0,acc_9483
dev_9484_0,acc_9484
dev_9485_0,acc_9485
dev_9486_0,acc_9486
dev_9487_0,acc_9487
dev_9488_0,acc_9488
dev_9489_0,acc_9489
dev_9490_0,acc_9490
dev_9491_0,acc_9491
dev_9492_0,acc_9492
dev_9493_0,acc_9493
dev_9494_0,acc_9494
dev_9495_0,acc_9495
dev_9496_0,acc_9496
dev_9497_0,acc_9497
dev_9498_0,acc_9498
dev_9499_0,acc_9499
dev_9500_0,acc_9500
dev_9501_0,acc_9501
dev_9502_0,acc_9502
dev_9503_0,acc_9503
dev_9504_0,acc_9504
dev_9505_0,acc_9505
dev_9506_0,acc_9506
dev_9507_0,acc_9507
dev_9508_0,acc_9508
dev_9509_0,acc_9509
dev_9510_0,acc_9510
dev_9511_0,acc_9511
dev_9512_0,acc_9512
dev_9513_0,acc_9513
dev_9514_0,acc_9514
dev_9515_0,acc_9515
dev_9516_0,acc_9516
dev_9517_0,acc_9517
dev_9518_0,acc_9518
dev_9519_0,acc_9519
dev_9520_0,acc_9520
dev_9521_0,acc_9521
dev_9522_0,acc_9522
dev_9523_0,acc_9523
dev_9524_0,acc_9524
dev_9525_0,acc_9525
dev_9526_0,acc_9526
dev_9527_0,acc_9527
dev_9527_1,acc_9527
dev_9528_0,acc_9528
dev_9529_0,acc_9529
dev_9530_0,acc_9530
dev_9531_0,acc_9531
dev_9532_0,acc_9532
dev_9533_0,acc_9533
dev_9534_0,acc_9534
dev_9535_0,acc_9535
dev_9536_0,acc_9536
dev_9537_0,acc_9537
dev_9538_0,acc_9538
dev_9539_0,acc_9539
dev_9540_0,acc_9540
dev_9541_0,acc_9541
dev_9542_0,acc_9542
dev_9543_0,acc_9543
dev_9544_0,acc_9544
dev_9545_0,acc_9545
dev_9546_0,acc_9546
dev_9547_0,acc_9547
dev_9548_0,acc_9548
dev_9549_0,acc_9549
dev_9550_0,acc_9550
dev_9551_0,acc_9551
dev_9552_0,acc_9552
dev_9553_0,acc_9553
dev_9554_0,acc_9554
dev_9555_0,acc_9555
dev_9556_0,acc_9556
dev_9557_0,acc_9557
dev_9558_0,acc_9558
dev_9559_0,acc_9559
dev_9560_0,acc_9560
dev_9561_0,acc_9561
dev_9561_1,acc_9561
dev_9562_0,acc_9562
dev_9563_0,acc_9563
dev_9564_0,acc_9564
dev_9565_0,acc_9565
dev_9566_0,acc_9566
dev_9567_0,acc_9567
dev_9568_0,acc_9568
dev_9569_0,acc_9569
dev_9570_0,acc_9570
dev_9571_0,acc_9571
dev_9572_0,acc_9572
dev_9573_0,acc_9573
dev_9574_0,acc_9574
dev_9575_0,acc_9575
dev_9576_0,acc_9576
dev_9577_0,acc_9577
dev_9578_0,acc_9578
dev_9579_0,acc_9579
dev_9580_0,acc_9580
dev_9581_0,acc_9581
dev_9582_0,acc_9582
dev_9583_0,acc_9583
dev_9584_0,acc_9584
dev_9585_0,acc_9585
dev_9586_0,acc_9586
dev_9587_0,acc_9587
dev_9588_0,acc_9588
dev_9589_0,acc_9589
dev_9590_0,acc_9590
dev_9591_0,acc_9591
dev_9591_1,acc_9591
dev_9592_0,acc_9592
dev_9593_0,acc_9593
dev_9594_0,acc_9594
dev_9595_0,acc_9595
dev_9595_1,acc_9595
dev_9596_0,acc_9596
dev_9597_0,acc_9597
dev_9597_1,acc_9597
dev_9598_0,acc_9598
dev_9599_0,acc_9599
dev_9600_0,acc_9600
dev_9601_0,acc_9601
dev_9602_0,acc_9602
dev_9603_0,acc_9603
dev_9603_1,acc_9603
dev_9604_0,acc_9604
dev_9604_1,acc_9604
dev_9605_0,acc_9605
dev_9606_0,acc_9606
dev_9607_0,acc_9607
dev_9608_0,acc_9608
dev_9609_0,acc_9609
dev_9610_0,acc_9610
dev_9610_1,acc_9610
dev_9611_0,acc_9611
dev_9611_1,acc_9611
dev_9612_0,acc_9612
dev_9613_0,acc_9613
dev_9614_0,acc_9614
dev_9615_0,acc_9615
dev_9616_0,acc_9616
dev_9617_0,acc_9617
dev_9618_0,acc_9618
dev_9619_0,acc_9619
dev_9620_0,acc_9620
dev_9621_0,acc_9621
dev_9622_0,acc_9622
dev_9622_1,acc_9622
dev_9623_0,acc_9623
dev_9624_0,acc_9624
dev_9625_0,acc_9625
dev_9626_0,acc_9626
dev_9627_0,acc_9627
dev_9628_0,acc_9628
dev_9629_0,acc_9629
dev_9630_0,acc_9630
dev_9630_1,acc_9630
dev_9631_0,acc_9631
dev_9632_0,acc_9632
dev_9633_0,acc_9633
dev_9634_0,acc_9634
dev_9635_0,acc_9635
dev_9635_1,acc_9635
dev_9636_0,acc_9636
dev_9637_0,acc_9637
dev_9638_0,acc_9638
dev_9639_0,acc_9639
dev_9640_0,acc_9640
dev_9640_1,acc_9640
dev_9641_0,acc_9641
dev_9642_0,acc_9642
dev_9643_0,acc_9643
dev_9644_0,acc_9644
dev_9645_0,acc_9645
dev_9645_1,acc_9645
dev_9646_0,acc_9646
dev_9647_0,acc_9647
dev_9648_0,acc_9648
dev_9649_0,acc_9649
dev_9650_0,acc_9650
dev_9651_0,acc_9651
dev_9652_0,acc_9652
dev_9653_0,acc_9653
dev_9654_0,acc_9654
dev_9655_0,acc_9655
dev_9656_0,acc_9656
dev_9657_0,acc_9657
dev_9657_1,acc_9657
dev_9658_0,acc_9658
dev_9658_1,acc_9658
dev_9659_0,acc_9659
dev_9659_1,acc_9659
dev_9660_0,acc_9660
dev_9660_1,acc_9660
dev_9661_0,acc_9661
dev_9662_0,acc_9662
dev_9663_0,acc_9663
dev_9664_0,acc_9664
dev_9665_0,acc_9665
dev_9666_0,acc_9666
dev_9667_0,acc_9667
dev_9667_1,acc_9667
dev_9668_0,acc_9668
dev_9669_0,acc_9669
dev_9670_0,acc_9670
dev_9671_0,acc_9671
dev_9672_0,acc_9672
dev_9673_0,acc_9673
dev_9674_0,acc_9674
dev_9674_1,acc_9674
dev_9675_0,acc_9675
dev_9676_0,acc_9676
dev_9677_0,acc_9677
dev_9678_0,acc_9678
dev_9679_0,acc_9679
dev_9680_0,acc_9680
dev_9681_0,acc_9681
dev_9682_0,acc_9682
dev_9683_0,acc_9683
dev_9684_0,acc_9684
dev_9685_0,acc_9685
dev_9686_0,acc_9686
dev_9687_0,acc_9687
dev_9688_0,acc_9688
dev_9689_0,acc_9689
dev_9690_0,acc_9690
dev_9691_0,acc_9691
dev_9692_0,acc_9692
dev_9693_0,acc_9693
dev_9694_0,acc_9694
dev_9695_0,acc_9695
dev_9696_0,acc_9696
dev_9697_0,acc_9697
dev_9698_0,acc_9698
dev_9699_0,acc_9699
dev_9700_0,acc_9700
dev_9701_0,acc_9701
dev_9702_0,acc_9702
dev_9703_0,acc_9703
dev_9704_0,acc_9704
dev_9705_0,acc_9705
dev_9706_0,acc_9706
dev_9707_0,acc_9707
dev_9708_0,acc_9708
dev_9709_0,acc_9709
dev_9710_0,acc_9710
dev_9711_0,acc_9711
dev_9712_0,acc_9712
dev_9713_0,acc_9713
dev_9714_0,acc_9714
dev_9715_0,acc_9715
dev_9716_0,acc_9716
dev_9717_0,acc_9717
dev_9718_0,acc_9718
dev_9719_0,acc_9719
dev_9720_0,acc_9720
dev_9721_0,acc_9721
dev_9722_0,acc_9722
dev_9723_0,acc_9723
dev_9724_0,acc_9724
dev_9725_0,acc_9725
dev_9726_0,acc_9726
dev_9727_0,acc_9727
dev_9728_0,acc_9728
dev_9729_0,acc_9729
dev_9730_0,acc_9730
dev_9731_0,acc_9731
dev_9732_0,acc_9732
dev_9733_0,acc_9733
dev_9734_0,acc_9734
dev_9735_0,acc_9735
dev_9735_1,acc_9735
dev_9736_0,acc_9736
dev_9737_0,acc_9737
dev_9738_0,acc_9738
dev_9739_0,acc_9739
dev_9740_0,acc_9740
dev_9741_0,acc_9741
dev_9741_1,acc_9741
dev_9742_0,acc_9742
dev_9743_0,acc_9743
dev_9744_0,acc_9744
dev_9745_0,acc_9745
dev_9745_1,acc_9745
dev_9746_0,acc_9746
dev_9747_0,acc_9747
dev_9748_0,acc_9748
dev_9749_0,acc_9749
dev_9750_0,acc_9750
dev_9751_0,acc_9751
dev_9752_0,acc_9752
dev_9753_0,acc_9753
dev_9754_0,acc_9754
dev_9755_0,acc_9755
dev_9756_0,acc_9756
dev_9757_0,acc_9757
dev_9758_0,acc_9758
dev_9759_0,acc_9759
dev_9760_0,acc_9760
dev_9761_0,acc_9761
dev_9762_0,acc_9762
dev_9763_0,acc_9763
dev_9764_0,acc_9764
dev_9765_0,acc_9765
dev_9766_0,acc_9766
dev_9767_0,acc_9767
dev_9768_0,acc_9768
dev_9769_0,acc_9769
dev_9770_0,acc_9770
dev_9771_0,acc_9771
dev_9772_0,acc_9772
dev_9773_0,acc_9773
dev_9774_0,acc_9774
dev_9775_0,acc_9775
dev_9776_0,acc_9776
dev_9777_0,acc_9777
dev_9778_0,acc_9778
dev_9779_0,acc_9779
dev_9780_0,acc_9780
dev_9781_0,acc_9781
dev_9782_0,acc_9782
dev_9783_0,acc_9783
dev_9784_0,acc_9784
dev_9785_0,acc_9785
dev_9785_1,acc_9785
dev_9786_0,acc_9786
dev_9787_0,acc_9787
dev_9788_0,acc_9788
dev_9789_0,acc_9789
dev_9790_0,acc_9790
dev_9791_0,acc_9791
dev_9792_0,acc_9792
dev_9793_0,acc_9793
dev_9794_0,acc_9794
dev_9795_0,acc_9795
dev_9796_0,acc_9796
dev_9797_0,acc_9797
dev_9798_0,acc_9798
dev_9799_0,acc_9799
dev_9800_0,acc_9800
dev_9801_0,acc_9801
dev_9802_0,acc_9802
dev_9803_0,acc_9803
dev_9804_0,acc_9804
dev_9805_0,acc_9805
dev_9806_0,acc_9806
dev_9807_0,acc_9807
dev_9808_0,acc_9808
dev_9809_0,acc_9809
dev_9810_0,acc_9810
dev_9811_0,acc_9811
dev_9812_0,acc_9812
dev_9813_0,acc_9813
dev_9814_0,acc_9814
dev_9815_0,acc_9815
dev_9816_0,acc_9816
dev_9817_0,acc_9817
dev_9818_0,acc_9818
dev_9819_0,acc_9819
dev_9820_0,acc_9820
dev_9821_0,acc_9821
dev_9822_0,acc_9822
dev_9822_1,acc_9822
dev_9823_0,acc_9823
dev_9824_0,acc_9824
dev_9825_0,acc_9825
dev_9826_0,acc_9826
dev_9827_0,acc_9827
dev_9828_0,acc_9828
dev_9829_0,acc_9829
dev_9830_0,acc_9830
dev_9831_0,acc_9831
dev_9832_0,acc_9832
dev_9833_0,acc_9833
dev_9834_0,acc_9834
dev_9835_0,acc_9835
dev_9836_0,acc_9836
dev_9837_0,acc_9837
dev_9838_0,acc_9838
dev_9839_0,acc_9839
dev_9839_1,acc_9839
dev_9840_0,acc_9840
dev_9841_0,acc_9841
dev_9842_0,acc_9842
dev_9843_0,acc_9843
dev_9844_0,acc_9844
dev_9845_0,acc_9845
dev_9846_0,acc_9846
dev_9847_0,acc_9847
dev_9848_0,acc_9848
dev_9849_0,acc_9849
dev_9850_0,acc_9850
dev_9851_0,acc_9851
dev_9852_0,acc_9852
dev_9853_0,acc_9853
dev_9854_0,acc_9854
dev_9855_0,acc_9855
dev_9856_0,acc_9856
dev_9857_0,acc_9857
dev_9858_0,acc_9858
dev_9859_0,acc_9859
dev_9860_0,acc_9860
dev_9861_0,acc_9861
dev_9862_0,acc_9862
dev_9863_0,acc_9863
dev_9864_0,acc_9864
dev_9865_0,acc_9865
dev_9866_0,acc_9866
dev_9867_0,acc_9867
dev_9868_0,acc_9868
dev_9869_0,acc_9869
dev_9870_0,acc_9870
dev_9871_0,acc_9871
dev_9872_0,acc_9872
dev_9873_0,acc_9873
dev_9874_0,acc_9874
dev_9875_0,acc_9875
dev_9876_0,acc_9876
dev_9877_0,acc_9877
dev_9878_0,acc_9878
dev_9879_0,acc_9879
dev_9880_0,acc_9880
dev_9880_1,acc_9880
dev_9881_0,acc_9881
dev_9882_0,acc_9882
dev_9883_0,acc_9883
dev_9884_0,acc_9884
dev_9885_0,acc_9885
dev_9886_0,acc_9886
dev_9886_1,acc_9886
dev_9887_0,acc_9887
dev_9888_0,acc_9888
dev_9889_0,acc_9889
dev_9890_0,acc_9890
dev_9891_0,acc_9891
dev_9892_0,acc_9892
dev_9893_0,acc_9893
dev_9894_0,acc_9894
dev_9895_0,acc_9895
dev_9896_0,acc_9896
dev_9897_0,acc_9897
dev_9898_0,acc_9898
dev_9899_0,acc_9899
dev_9900_0,acc_9900
dev_9901_0,acc_9901
dev_9902_0,acc_9902
dev_9903_0,acc_9903
dev_9904_0,acc_9904
dev_9905_0,acc_9905
dev_9905_1,acc_9905
dev_9906_0,acc_9906
dev_9907_0,acc_9907
dev_9908_0,acc_9908
dev_9909_0,acc_9909
dev_9910_0,acc_9910
dev_9911_0,acc_9911
dev_9912_0,acc_9912
dev_9913_0,acc_9913
dev_9914_0,acc_9914
dev_9915_0,acc_9915
dev_9916_0,acc_9916
dev_9916_1,acc_9916
dev_9917_0,acc_9917
dev_9918_0,acc_9918
dev_9919_0,acc_9919
dev_9920_0,acc_9920
dev_9921_0,acc_9921
dev_9922_0,acc_9922
dev_9923_0,acc_9923
dev_9924_0,acc_9924
dev_9925_0,acc_9925
dev_9926_0,acc_9926
dev_9927_0,acc_9927
dev_9928_0,acc_9928
dev_9929_0,acc_9929
dev_9930_0,acc_9930
dev_9931_0,acc_9931
dev_9931_1,acc_9931
dev_9932_0,acc_9932
dev_9933_0,acc_9933
dev_9934_0,acc_9934
dev_9935_0,acc_9935
dev_9936_0,acc_9936
dev_9937_0,acc_9937
dev_9938_0,acc_9938
dev_9939_0,acc_9939
dev_9940_0,acc_9940
dev_9941_0,acc_9941
dev_9942_0,acc_9942
dev_9943_0,acc_9943
dev_9944_0,acc_9944
dev_9945_0,acc_9945
dev_9946_0,acc_9946
dev_9947_0,acc_9947
dev_9948_0,acc_9948
dev_9949_0,acc_9949
dev_9950_0,acc_9950
dev_9951_0,acc_9951
dev_9952_0,acc_9952
dev_9953_0,acc_9953
dev_9954_0,acc_9954
dev_9955_0,acc_9955
dev_9956_0,acc_9956
dev_9957_0,acc_9957
dev_9958_0,acc_9958
dev_9959_0,acc_9959
dev_9960_0,acc_9960
dev_9961_0,acc_9961
dev_9962_0,acc_9962
dev_9963_0,acc_9963
dev_9964_0,acc_9964
dev_9964_1,acc_9964
dev_9965_0,acc_9965
dev_9966_0,acc_9966
dev_9967_0,acc_9967
dev_9968_0,acc_9968
dev_9969_0,acc_9969
dev_9970_0,acc_9970
dev_9971_0,acc_9971
dev_9972_0,acc_9972
dev_9973_0,acc_9973
dev_9974_0,acc_9974
dev_9975_0,acc_9975
dev_9975_1,acc_9975
dev_9976_0,acc_9976
dev_9977_0,acc_9977
dev_9977_1,acc_9977
dev_9978_0,acc_9978
dev_9979_0,acc_9979
dev_9980_0,acc_9980
dev_9981_0,acc_9981
dev_9982_0,acc_9982
dev_9983_0,acc_9983
dev_9984_0,acc_9984
dev_9985_0,acc_9985
dev_9986_0,acc_9986
dev_9987_0,acc_9987
dev_9988_0,acc_9988
dev_9989_0,acc_9989
dev_9990_0,acc_9990
dev_9991_0,acc_9991
dev_9992_0,acc_9992
dev_9993_0,acc_9993
dev_9994_0,acc_9994
dev_9995_0,acc_9995
dev_9996_0,acc_9996
dev_9997_0,acc_9997
dev_9998_0,acc_9998
dev_9999_0,acc_9999
dev_10000_0,acc_10000
dev_10001_0,acc_10001
dev_10002_0,acc_10002
dev_10003_0,acc_10003
dev_10004_0,acc_10004
dev_10005_0,acc_10005
dev_10006_0,acc_10006
dev_10007_0,acc_10007
dev_10008_0,acc_10008
dev_10008_1,acc_10008
dev_10009_0,acc_10009
dev_10010_0,acc_10010
dev_10011_0,acc_10011
dev_10012_0,acc_10012
dev_10013_0,acc_10013
dev_10014_0,acc_10014
dev_10015_0,acc_10015
dev_10016_0,acc_10016
dev_10017_0,acc_10017
dev_10018_0,acc_10018
dev_10019_0,acc_10019
dev_10020_0,acc_10020
dev_10021_0,acc_10021
dev_10022_0,acc_10022
dev_10023_0,acc_10023
dev_10024_0,acc_10024
dev_10025_0,acc_10025
dev_10026_0,acc_10026
dev_10027_0,acc_10027
dev_10027_1,acc_10027
dev_10028_0,acc_10028
dev_10029_0,acc_10029
dev_10030_0,acc_10030
dev_10031_0,acc_10031
dev_10032_0,acc_10032
dev_10033_0,acc_10033
dev_10034_0,acc_10034
dev_10035_0,acc_10035
dev_10036_0,acc_10036
dev_10037_0,acc_10037
dev_10038_0,acc_10038
dev_10039_0,acc_10039
dev_10040_0,acc_10040
dev_10041_0,acc_10041
dev_10042_0,acc_10042
dev_10043_0,acc_10043
dev_10044_0,acc_10044
dev_10045_0,acc_10045
dev_10046_0,acc_10046
dev_10047_0,acc_10047
dev_10048_0,acc_10048
dev_10049_0,acc_10049
dev_10050_0,acc_10050
dev_10051_0,acc_10051
dev_10052_0,acc_10052
dev_10053_0,acc_10053
dev_10054_0,acc_10054
dev_10055_0,acc_10055
dev_10056_0,acc_10056
dev_10057_0,acc_10057
dev_10058_0,acc_10058
dev_10059_0,acc_10059
dev_10060_0,acc_10060
dev_10060_1,acc_10060
dev_10061_0,acc_10061
dev_10062_0,acc_10062
dev_10063_0,acc_10063
dev_10064_0,acc_10064
dev_10065_0,acc_10065
dev_10066_0,acc_10066
dev_10067_0,acc_10067
dev_10068_0,acc_10068
dev_10069_0,acc_10069
dev_10070_0,acc_10070
dev_10071_0,acc_10071
dev_10072_0,acc_10072
dev_10073_0,acc_10073
dev_10074_0,acc_10074
dev_10075_0,acc_10075
dev_10076_0,acc_10076
dev_10077_0,acc_10077
dev_10078_0,acc_10078
dev_10079_0,acc_10079
dev_10080_0,acc_10080
dev_10081_0,acc_10081
dev_10082_0,acc_10082
dev_10083_0,acc_10083
dev_10084_0,acc_10084
dev_10085_0,acc_10085
dev_10086_0,acc_10086
dev_10087_0,acc_10087
dev_10088_0,acc_10088
dev_10089_0,acc_10089
dev_10090_0,acc_10090
dev_10091_0,acc_10091
dev_10091_1,acc_10091
dev_10092_0,acc_10092
dev_10093_0,acc_10093
dev_10094_0,acc_10094
dev_10095_0,acc_10095
dev_10096_0,acc_10096
dev_10097_0,acc_10097
dev_10098_0,acc_10098
dev_10099_0,acc_10099
dev_10099_1,acc_10099
dev_10100_0,acc_10100
dev_10101_0,acc_10101
dev_10102_0,acc_10102
dev_10103_0,acc_10103
dev_10104_0,acc_10104
dev_10105_0,acc_10105
dev_10106_0,acc_10106
dev_10107_0,acc_10107
dev_10108_0,acc_10108
dev_10109_0,acc_10109
dev_10109_1,acc_10109
dev_10110_0,acc_10110
dev_10111_0,acc_10111
dev_10112_0,acc_10112
dev_10113_0,acc_10113
dev_10114_0,acc_10114
dev_10114_1,acc_10114
dev_10115_0,acc_10115
dev_10116_0,acc_10116
dev_10117_0,acc_10117
dev_10118_0,acc_10118
dev_10119_0,acc_10119
dev_10120_0,acc_10120
dev_10121_0,acc_10121
dev_10122_0,acc_10122
dev_10123_0,acc_10123
dev_10124_0,acc_10124
dev_10125_0,acc_10125
dev_10126_0,acc_10126
dev_10127_0,acc_10127
dev_10128_0,acc_10128
dev_10129_0,acc_10129
dev_10130_0,acc_10130
dev_10131_0,acc_10131
dev_10132_0,acc_10132
dev_10133_0,acc_10133
dev_10134_0,acc_10134
dev_10135_0,acc_10135
dev_10136_0,acc_10136
dev_10136_1,acc_10136
dev_10137_0,acc_10137
dev_10138_0,acc_10138
dev_10139_0,acc_10139
dev_10140_0,acc_10140
dev_10141_0,acc_10141
dev_10142_0,acc_10142
dev_10143_0,acc_10143
dev_10144_0,acc_10144
dev_10145_0,acc_10145
dev_10146_0,acc_10146
dev_10147_0,acc_10147
dev_10148_0,acc_10148
dev_10149_0,acc_10149
dev_10150_0,acc_10150
dev_10151_0,acc_10151
dev_10152_0,acc_10152
dev_10153_0,acc_10153
dev_10154_0,acc_10154
dev_10155_0,acc_10155
dev_10156_0,acc_10156
dev_10157_0,acc_10157
dev_10158_0,acc_10158
dev_10159_0,acc_10159
dev_10159_1,acc_10159
dev_10160_0,acc_10160
dev_10161_0,acc_10161
dev_10162_0,acc_10162
dev_10163_0,acc_10163
dev_10164_0,acc_10164
dev_10165_0,acc_10165
dev_10166_0,acc_10166
dev_10167_0,acc_10167
dev_10168_0,acc_10168
dev_10169_0,acc_10169
dev_10169_1,acc_10169
dev_10170_0,acc_10170
dev_10171_0,acc_10171
dev_10172_0,acc_10172
dev_10173_0,acc_10173
dev_10174_0,acc_10174
dev_10175_0,acc_10175
dev_10176_0,acc_10176
dev_10177_0,acc_10177
dev_10178_0,acc_10178
dev_10179_0,acc_10179
dev_10180_0,acc_10180
dev_10181_0,acc_10181
dev_10181_1,acc_10181
dev_10182_0,acc_10182
dev_10183_0,acc_10183
dev_10184_0,acc_10184
dev_10185_0,acc_10185
dev_10186_0,acc_10186
dev_10187_0,acc_10187
dev_10188_0,acc_10188
dev_10189_0,acc_10189
dev_10190_0,acc_10190
dev_10191_0,acc_10191
dev_10192_0,acc_10192
dev_10193_0,acc_10193
dev_10194_0,acc_10194
dev_10195_0,acc_10195
dev_10196_0,acc_10196
dev_10197_0,acc_10197
dev_10198_0,acc_10198
dev_10199_0,acc_10199
dev_10200_0,acc_10200
dev_10201_0,acc_10201
dev_10202_0,acc_10202
dev_10203_0,acc_10203
dev_10204_0,acc_10204
dev_10205_0,acc_10205
dev_10206_0,acc_10206
dev_10207_0,acc_10207
dev_10208_0,acc_10208
dev_10209_0,acc_10209
dev_10210_0,acc_10210
dev_10211_0,acc_10211
dev_10212_0,acc_10212
dev_10213_0,acc_10213
dev_10214_0,acc_10214
dev_10215_0,acc_10215
dev_10216_0,acc_10216
dev_10217_0,acc_10217
dev_10218_0,acc_10218
dev_10219_0,acc_10219
dev_10220_0,acc_10220
dev_10221_0,acc_10221
dev_10222_0,acc_10222
dev_10223_0,acc_10223
dev_10224_0,acc_10224
dev_10225_0,acc_10225
dev_10225_1,acc_10225
dev_10226_0,acc_10226
dev_10227_0,acc_10227
dev_10228_0,acc_10228
dev_10229_0,acc_10229
dev_10230_0,acc_10230
dev_10231_0,acc_10231
dev_10232_0,acc_10232
dev_10233_0,acc_10233
dev_10234_0,acc_10234
dev_10235_0,acc_10235
dev_10236_0,acc_10236
dev_10237_0,acc_10237
dev_10238_0,acc_10238
dev_10239_0,acc_10239
dev_10240_0,acc_10240
dev_10241_0,acc_10241
dev_10242_0,acc_10242
dev_10243_0,acc_10243
dev_10244_0,acc_10244
dev_10245_0,acc_10245
dev_10246_0,acc_10246
dev_10247_0,acc_10247
dev_10247_1,acc_10247
dev_10248_0,acc_10248
dev_10249_0,acc_10249
dev_10250_0,acc_10250
dev_10251_0,acc_10251
dev_10252_0,acc_10252
dev_10253_0,acc_10253
dev_10254_0,acc_10254
dev_10255_0,acc_10255
dev_10256_0,acc_10256
dev_10257_0,acc_10257
dev_10258_0,acc_10258
dev_10259_0,acc_10259
dev_10260_0,acc_10260
dev_10261_0,acc_10261
dev_10262_0,acc_10262
dev_10263_0,acc_10263
dev_10263_1,acc_10263
dev_10264_0,acc_10264
dev_10265_0,acc_10265
dev_10266_0,acc_10266
dev_10267_0,acc_10267
dev_10268_0,acc_10268
dev_10269_0,acc_10269
dev_10270_0,acc_10270
dev_10271_0,acc_10271
dev_10272_0,acc_10272
dev_10273_0,acc_10273
dev_10274_0,acc_10274
dev_10275_0,acc_10275
dev_10276_0,acc_10276
dev_10277_0,acc_10277
dev_10278_0,acc_10278
dev_10279_0,acc_10279
dev_10280_0,acc_10280
dev_10281_0,acc_10281
dev_10282_0,acc_10282
dev_10283_0,acc_10283
dev_10284_0,acc_10284
dev_10285_0,acc_10285
dev_10286_0,acc_10286
dev_10287_0,acc_10287
dev_10288_0,acc_10288
dev_10289_0,acc_10289
dev_10290_0,acc_10290
dev_10291_0,acc_10291
dev_10292_0,acc_10292
dev_10293_0,acc_10293
dev_10294_0,acc_10294
dev_10295_0,acc_10295
dev_10296_0,acc_10296
dev_10297_0,acc_10297
dev_10298_0,acc_10298
dev_10299_0,acc_10299
dev_10299_1,acc_10299
dev_10300_0,acc_10300
dev_10301_0,acc_10301
dev_10302_0,acc_10302
dev_10303_0,acc_10303
dev_10304_0,acc_10304
dev_10305_0,acc_10305
dev_10306_0,acc_10306
dev_10307_0,acc_10307
dev_10308_0,acc_10308
dev_10308_1,acc_10308
dev_10309_0,acc_10309
dev_10310_0,acc_10310
dev_10311_0,acc_10311
dev_10312_0,acc_10312
dev_10313_0,acc_10313
dev_10314_0,acc_10314
dev_10315_0,acc_10315
dev_10316_0,acc_10316
dev_10317_0,acc_10317
dev_10318_0,acc_10318
dev_10319_0,acc_10319
dev_10320_0,acc_10320
dev_10321_0,acc_10321
dev_10322_0,acc_10322
dev_10323_0,acc_10323
dev_10324_0,acc_10324
dev_10325_0,acc_10325
dev_10326_0,acc_10326
dev_10327_0,acc_10327
dev_10328_0,acc_10328
dev_10329_0,acc_10329
dev_10330_0,acc_10330
dev_10331_0,acc_10331
dev_10332_0,acc_10332
dev_10333_0,acc_10333
dev_10334_0,acc_10334
dev_10335_0,acc_10335
dev_10336_0,acc_10336
dev_10337_0,acc_10337
dev_10338_0,acc_10338
dev_10339_0,acc_10339
dev_10340_0,acc_10340
dev_10341_0,acc_10341
dev_10342_0,acc_10342
dev_10343_0,acc_10343
dev_10344_0,acc_10344
dev_10345_0,acc_10345
dev_10346_0,acc_10346
dev_10346_1,acc_10346
dev_10347_0,acc_10347
dev_10348_0,acc_10348
dev_10349_0,acc_10349
dev_10350_0,acc_10350
dev_10351_0,acc_10351
dev_10352_0,acc_10352
dev_10352_1,acc_10352
dev_10353_0,acc_10353
dev_10354_0,acc_10354
dev_10355_0,acc_10355
dev_10356_0,acc_10356
dev_10357_0,acc_10357
dev_10358_0,acc_10358
dev_10359_0,acc_10359
dev_10360_0,acc_10360
dev_10361_0,acc_10361
dev_10362_0,acc_10362
dev_10363_0,acc_10363
dev_10364_0,acc_10364
dev_10365_0,acc_10365
dev_10366_0,acc_10366
dev_10367_0,acc_10367
dev_10368_0,acc_10368
dev_10369_0,acc_10369
dev_10370_0,acc_10370
dev_10371_0,acc_10371
dev_10371_1,acc_10371
dev_10372_0,acc_10372
dev_10372_1,acc_10372
dev_10373_0,acc_10373
dev_10374_0,acc_10374
dev_10375_0,acc_10375
dev_10376_0,acc_10376
dev_10377_0,acc_10377
dev_10378_0,acc_10378
dev_10379_0,acc_10379
dev_10380_0,acc_10380
dev_10381_0,acc_10381
dev_10382_0,acc_10382
dev_10383_0,acc_10383
dev_10384_0,acc_10384
dev_10385_0,acc_10385
dev_10386_0,acc_10386
dev_10387_0,acc_10387
dev_10387_1,acc_10387
dev_10388_0,acc_10388
dev_10389_0,acc_10389
dev_10390_0,acc_10390
dev_10391_0,acc_10391
dev_10392_0,acc_10392
dev_10393_0,acc_10393
dev_10394_0,acc_10394
dev_10395_0,acc_10395
dev_10396_0,acc_10396
dev_10397_0,acc_10397
dev_10398_0,acc_10398
dev_10399_0,acc_10399
dev_10400_0,acc_10400
dev_10401_0,acc_10401
dev_10402_0,acc_10402
dev_10403_0,acc_10403
dev_10404_0,acc_10404
dev_10405_0,acc_10405
dev_10406_0,acc_10406
dev_10407_0,acc_10407
dev_10408_0,acc_10408
dev_10409_0,acc_10409
dev_10410_0,acc_10410
dev_10411_0,acc_10411
dev_10412_0,acc_10412
dev_10413_0,acc_10413
dev_10414_0,acc_10414
dev_10414_1,acc_10414
dev_10415_0,acc_10415
dev_10416_0,acc_10416
dev_10417_0,acc_10417
dev_10418_0,acc_10418
dev_10419_0,acc_10419
dev_10420_0,acc_10420
dev_10421_0,acc_10421
dev_10421_1,acc_10421
dev_10422_0,acc_10422
dev_10423_0,acc_10423
dev_10424_0,acc_10424
dev_10425_0,acc_10425
dev_10426_0,acc_10426
dev_10426_1,acc_10426
dev_10427_0,acc_10427
dev_10428_0,acc_10428
dev_10429_0,acc_10429
dev_10430_0,acc_10430
dev_10431_0,acc_10431
dev_10431_1,acc_10431
dev_10432_0,acc_10432
dev_10433_0,acc_10433
dev_10434_0,acc_10434
dev_10435_0,acc_10435
dev_10436_0,acc_10436
dev_10437_0,acc_10437
dev_10438_0,acc_10438
dev_10439_0,acc_10439
dev_10440_0,acc_10440
dev_10441_0,acc_10441
dev_10442_0,acc_10442
dev_10443_0,acc_10443
dev_10444_0,acc_10444
dev_10445_0,acc_10445
dev_10446_0,acc_10446
dev_10447_0,acc_10447
dev_10448_0,acc_10448
dev_10449_0,acc_10449
dev_10450_0,acc_10450
dev_10451_0,acc_10451
dev_10452_0,acc_10452
dev_10453_0,acc_10453
dev_10454_0,acc_10454
dev_10455_0,acc_10455
dev_10455_1,acc_10455
dev_10456_0,acc_10456
dev_10457_0,acc_10457
dev_10458_0,acc_10458
dev_10459_0,acc_10459
dev_10460_0,acc_10460
dev_10461_0,acc_10461
dev_10462_0,acc_10462
dev_10463_0,acc_10463
dev_10464_0,acc_10464
dev_10465_0,acc_10465
dev_10466_0,acc_10466
dev_10467_0,acc_10467
dev_10468_0,acc_10468
dev_10469_0,acc_10469
dev_10470_0,acc_10470
dev_10471_0,acc_10471
dev_10472_0,acc_10472
dev_10473_0,acc_10473
dev_10474_0,acc_10474
dev_10475_0,acc_10475
dev_10475_1,acc_10475
dev_10476_0,acc_10476
dev_10477_0,acc_10477
dev_10477_1,acc_10477
dev_10478_0,acc_10478
dev_10479_0,acc_10479
dev_10480_0,acc_10480
dev_10481_0,acc_10481
dev_10482_0,acc_10482
dev_10483_0,acc_10483
dev_10484_0,acc_10484
dev_10485_0,acc_10485
dev_10486_0,acc_10486
dev_10487_0,acc_10487
dev_10488_0,acc_10488
dev_10489_0,acc_10489
dev_10490_0,acc_10490
dev_10491_0,acc_10491
dev_10492_0,acc_10492
dev_10493_0,acc_10493
dev_10494_0,acc_10494
dev_10495_0,acc_10495
dev_10496_0,acc_10496
dev_10497_0,acc_10497
dev_10498_0,acc_10498
dev_10499_0,acc_10499
dev_10500_0,acc_10500
dev_10501_0,acc_10501
dev_10502_0,acc_10502
dev_10503_0,acc_10503
dev_10504_0,acc_10504
dev_10505_0,acc_10505
dev_10506_0,acc_10506
dev_10507_0,acc_10507
dev_10508_0,acc_10508
dev_10509_0,acc_10509
dev_10510_0,acc_10510
dev_10511_0,acc_10511
dev_10512_0,acc_10512
dev_10513_0,acc_10513
dev_10514_0,acc_10514
dev_10515_0,acc_10515
dev_10516_0,acc_10516
dev_10517_0,acc_10517
dev_10518_0,acc_10518
dev_10519_0,acc_10519
dev_10520_0,acc_10520
dev_10521_0,acc_10521
dev_10521_1,acc_10521
dev_10522_0,acc_10522
dev_10523_0,acc_10523
dev_10524_0,acc_10524
dev_10525_0,acc_10525
dev_10526_0,acc_10526
dev_10527_0,acc_10527
dev_10528_0,acc_10528
dev_10529_0,acc_10529
dev_10530_0,acc_10530
dev_10531_0,acc_10531
dev_10532_0,acc_10532
dev_10533_0,acc_10533
dev_10534_0,acc_10534
dev_10535_0,acc_10535
dev_10536_0,acc_10536
dev_10537_0,acc_10537
dev_10538_0,acc_10538
dev_10539_0,acc_10539
dev_10540_0,acc_10540
dev_10541_0,acc_10541
dev_10542_0,acc_10542
dev_10543_0,acc_10543
dev_10544_0,acc_10544
dev_10545_0,acc_10545
dev_10546_0,acc_10546
dev_10547_0,acc_10547
dev_10548_0,acc_10548
dev_10549_0,acc_10549
dev_10550_0,acc_10550
dev_10551_0,acc_10551
dev_10552_0,acc_10552
dev_10553_0,acc_10553
dev_10554_0,acc_10554
dev_10555_0,acc_10555
dev_10556_0,acc_10556
dev_10557_0,acc_10557
dev_10558_0,acc_10558
dev_10559_0,acc_10559
dev_10560_0,acc_10560
dev_10561_0,acc_10561
dev_10562_0,acc_10562
dev_10563_0,acc_10563
dev_10564_0,acc_10564
dev_10565_0,acc_10565
dev_10566_0,acc_10566
dev_10567_0,acc_10567
dev_10568_0,acc_10568
dev_10569_0,acc_10569
dev_10570_0,acc_10570
dev_10571_0,acc_10571
dev_10572_0,acc_10572
dev_10573_0,acc_10573
dev_10574_0,acc_10574
dev_10575_0,acc_10575
dev_10576_0,acc_10576
dev_10577_0,acc_10577
dev_10578_0,acc_10578
dev_10579_0,acc_10579
dev_10580_0,acc_10580
dev_10581_0,acc_10581
dev_10582_0,acc_10582
dev_10583_0,acc_10583
dev_10584_0,acc_10584
dev_10585_0,acc_10585
dev_10586_0,acc_10586
dev_10587_0,acc_10587
dev_10588_0,acc_10588
dev_10589_0,acc_10589
dev_10590_0,acc_10590
dev_10591_0,acc_10591
dev_10592_0,acc_10592
dev_10593_0,acc_10593
dev_10594_0,acc_10594
dev_10595_0,acc_10595
dev_10596_0,acc_10596
dev_10597_0,acc_10597
dev_10598_0,acc_10598
dev_10599_0,acc_10599
dev_10600_0,acc_10600
dev_10601_0,acc_10601
dev_10602_0,acc_10602
dev_10603_0,acc_10603
dev_10604_0,acc_10604
dev_10605_0,acc_10605
dev_10606_0,acc_10606
dev_10607_0,acc_10607
dev_10608_0,acc_10608
dev_10608_1,acc_10608
dev_10609_0,acc_10609
dev_10610_0,acc_10610
dev_10611_0,acc_10611
dev_10612_0,acc_10612
dev_10612_1,acc_10612
dev_10613_0,acc_10613
dev_10614_0,acc_10614
dev_10615_0,acc_10615
dev_10616_0,acc_10616
dev_10617_0,acc_10617
dev_10618_0,acc_10618
dev_10619_0,acc_10619
dev_10620_0,acc_10620
dev_10621_0,acc_10621
dev_10622_0,acc_10622
dev_10623_0,acc_10623
dev_10624_0,acc_10624
dev_10625_0,acc_10625
dev_10626_0,acc_10626
dev_10627_0,acc_10627
dev_10628_0,acc_10628
dev_10629_0,acc_10629
dev_10629_1,acc_10629
dev_10630_0,acc_10630
dev_10631_0,acc_10631
dev_10632_0,acc_10632
dev_10633_0,acc_10633
dev_10634_0,acc_10634
dev_10635_0,acc_10635
dev_10636_0,acc_10636
dev_10637_0,acc_10637
dev_10638_0,acc_10638
dev_10639_0,acc_10639
dev_10640_0,acc_10640
dev_10641_0,acc_10641
dev_10642_0,acc_10642
dev_10643_0,acc_10643
dev_10644_0,acc_10644
dev_10645_0,acc_10645
dev_10646_0,acc_10646
dev_10647_0,acc_10647
dev_10648_0,acc_10648
dev_10649_0,acc_10649
dev_10650_0,acc_10650
dev_10651_0,acc_10651
dev_10652_0,acc_10652
dev_10653_0,acc_10653
dev_10654_0,acc_10654
dev_10655_0,acc_10655
dev_10656_0,acc_10656
dev_10657_0,acc_10657
dev_10658_0,acc_10658
dev_10659_0,acc_10659
dev_10660_0,acc_10660
dev_10661_0,acc_10661
dev_10661_1,acc_10661
dev_10662_0,acc_10662
dev_10663_0,acc_10663
dev_10664_0,acc_10664
dev_10665_0,acc_10665
dev_10666_0,acc_10666
dev_10667_0,acc_10667
dev_10668_0,acc_10668
dev_10669_0,acc_10669
dev_10670_0,acc_10670
dev_10671_0,acc_10671
dev_10672_0,acc_10672
dev_10673_0,acc_10673
dev_10673_1,acc_10673
dev_10674_0,acc_10674
dev_10675_0,acc_10675
dev_10676_0,acc_10676
dev_10677_0,acc_10677
dev_10678_0,acc_10678
dev_10679_0,acc_10679
dev_10680_0,acc_10680
dev_10681_0,acc_10681
dev_10682_0,acc_10682
dev_10683_0,acc_10683
dev_10684_0,acc_10684
dev_10685_0,acc_10685
dev_10686_0,acc_10686
dev_10687_0,acc_10687
dev_10688_0,acc_10688
dev_10689_0,acc_10689
dev_10690_0,acc_10690
dev_10691_0,acc_10691
dev_10692_0,acc_10692
dev_10693_0,acc_10693
dev_10694_0,acc_10694
dev_10695_0,acc_10695
dev_10696_0,acc_10696
dev_10697_0,acc_10697
dev_10698_0,acc_10698
dev_10699_0,acc_10699
dev_10700_0,acc_10700
dev_10701_0,acc_10701
dev_10702_0,acc_10702
dev_10702_1,acc_10702
dev_10703_0,acc_10703
dev_10704_0,acc_10704
dev_10705_0,acc_10705
dev_10706_0,acc_10706
dev_10707_0,acc_10707
dev_10708_0,acc_10708
dev_10708_1,acc_10708
dev_10709_0,acc_10709
dev_10710_0,acc_10710
dev_10711_0,acc_10711
dev_10712_0,acc_10712
dev_10713_0,acc_10713
dev_10714_0,acc_10714
dev_10715_0,acc_10715
dev_10716_0,acc_10716
dev_10717_0,acc_10717
dev_10718_0,acc_10718
dev_10719_0,acc_10719
dev_10720_0,acc_10720
dev_10721_0,acc_10721
dev_10722_0,acc_10722
dev_10723_0,acc_10723
dev_10724_0,acc_10724
dev_10725_0,acc_10725
dev_10726_0,acc_10726
dev_10727_0,acc_10727
dev_10728_0,acc_10728
dev_10729_0,acc_10729
dev_10730_0,acc_10730
dev_10731_0,acc_10731
dev_10732_0,acc_10732
dev_10733_0,acc_10733
dev_10734_0,acc_10734
dev_10735_0,acc_10735
dev_10736_0,acc_10736
dev_10736_1,acc_10736
dev_10737_0,acc_10737
dev_10738_0,acc_10738
dev_10739_0,acc_10739
dev_10740_0,acc_10740
dev_10741_0,acc_10741
dev_10742_0,acc_10742
dev_10743_0,acc_10743
dev_10744_0,acc_10744
dev_10745_0,acc_10745
dev_10746_0,acc_10746
dev_10746_1,acc_10746
dev_10747_0,acc_10747
dev_10748_0,acc_10748
dev_10749_0,acc_10749
dev_10750_0,acc_10750
dev_10751_0,acc_10751
dev_10752_0,acc_10752
dev_10753_0,acc_10753
dev_10754_0,acc_10754
dev_10755_0,acc_10755
dev_10756_0,acc_10756
dev_10757_0,acc_10757
dev_10758_0,acc_10758
dev_10759_0,acc_10759
dev_10760_0,acc_10760
dev_10760_1,acc_10760
dev_10761_0,acc_10761
dev_10762_0,acc_10762
dev_10763_0,acc_10763
dev_10764_0,acc_10764
dev_10765_0,acc_10765
dev_10766_0,acc_10766
dev_10767_0,acc_10767
dev_10768_0,acc_10768
dev_10769_0,acc_10769
dev_10770_0,acc_10770
dev_10771_0,acc_10771
dev_10772_0,acc_10772
dev_10773_0,acc_10773
dev_10774_0,acc_10774
dev_10775_0,acc_10775
dev_10776_0,acc_10776
dev_10777_0,acc_10777
dev_10778_0,acc_10778
dev_10779_0,acc_10779
dev_10780_0,acc_10780
dev_10781_0,acc_10781
dev_10782_0,acc_10782
dev_10783_0,acc_10783
dev_10784_0,acc_10784
dev_10785_0,acc_10785
dev_10786_0,acc_10786
dev_10787_0,acc_10787
dev_10788_0,acc_10788
dev_10789_0,acc_10789
dev_10790_0,acc_10790
dev_10791_0,acc_10791
dev_10792_0,acc_10792
dev_10793_0,acc_10793
dev_10794_0,acc_10794
dev_10795_0,acc_10795
dev_10796_0,acc_10796
dev_10797_0,acc_10797
dev_10798_0,acc_10798
dev_10798_1,acc_10798
dev_10799_0,acc_10799
dev_10800_0,acc_10800
dev_10801_0,acc_10801
dev_10802_0,acc_10802
dev_10803_0,acc_10803
dev_10804_0,acc_10804
dev_10805_0,acc_10805
dev_10806_0,acc_10806
dev_10807_0,acc_10807
dev_10808_0,acc_10808
dev_10809_0,acc_10809
dev_10810_0,acc_10810
dev_10811_0,acc_10811
dev_10812_0,acc_10812
dev_10813_0,acc_10813
dev_10814_0,acc_10814
dev_10815_0,acc_10815
dev_10816_0,acc_10816
dev_10817_0,acc_10817
dev_10818_0,acc_10818
dev_10819_0,acc_10819
dev_10820_0,acc_10820
dev_10821_0,acc_10821
dev_10822_0,acc_10822
dev_10822_1,acc_10822
dev_10823_0,acc_10823
dev_10824_0,acc_10824
dev_10825_0,acc_10825
dev_10826_0,acc_10826
dev_10827_0,acc_10827
dev_10828_0,acc_10828
dev_10829_0,acc_10829
dev_10830_0,acc_10830
dev_10831_0,acc_10831
dev_10832_0,acc_10832
dev_10833_0,acc_10833
dev_10834_0,acc_10834
dev_10835_0,acc_10835
dev_10836_0,acc_10836
dev_10837_0,acc_10837
dev_10838_0,acc_10838
dev_10839_0,acc_10839
dev_10840_0,acc_10840
dev_10841_0,acc_10841
dev_10842_0,acc_10842
dev_10843_0,acc_10843
dev_10843_1,acc_10843
dev_10844_0,acc_10844
dev_10845_0,acc_10845
dev_10846_0,acc_10846
dev_10847_0,acc_10847
dev_10847_1,acc_10847
dev_10848_0,acc_10848
dev_10849_0,acc_10849
dev_10850_0,acc_10850
dev_10850_1,acc_10850
dev_10851_0,acc_10851
dev_10852_0,acc_10852
dev_10853_0,acc_10853
dev_10854_0,acc_10854
dev_10855_0,acc_10855
dev_10856_0,acc_10856
dev_10857_0,acc_10857
dev_10858_0,acc_10858
dev_10859_0,acc_10859
dev_10860_0,acc_10860
dev_10861_0,acc_10861
dev_10862_0,acc_10862
dev_10863_0,acc_10863
dev_10864_0,acc_10864
dev_10865_0,acc_10865
dev_10865_1,acc_10865
dev_10866_0,acc_10866
dev_10866_1,acc_10866
dev_10867_0,acc_10867
dev_10868_0,acc_10868
dev_10869_0,acc_10869
dev_10870_0,acc_10870
dev_10871_0,acc_10871
dev_10872_0,acc_10872
dev_10872_1,acc_10872
dev_10873_0,acc_10873
dev_10874_0,acc_10874
dev_10875_0,acc_10875
dev_10876_0,acc_10876
dev_10877_0,acc_10877
dev_10878_0,acc_10878
dev_10879_0,acc_10879
dev_10880_0,acc_10880
dev_10881_0,acc_10881
dev_10882_0,acc_10882
dev_10882_1,acc_10882
dev_10883_0,acc_10883
dev_10884_0,acc_10884
dev_10885_0,acc_10885
dev_10885_1,acc_10885
dev_10886_0,acc_10886
dev_10887_0,acc_10887
dev_10888_0,acc_10888
dev_10889_0,acc_10889
dev_10890_0,acc_10890
dev_10891_0,acc_10891
dev_10892_0,acc_10892
dev_10893_0,acc_10893
dev_10894_0,acc_10894
dev_10895_0,acc_10895
dev_10896_0,acc_10896
dev_10897_0,acc_10897
dev_10898_0,acc_10898
dev_10899_0,acc_10899
dev_10900_0,acc_10900
dev_10901_0,acc_10901
dev_10902_0,acc_10902
dev_10903_0,acc_10903
dev_10904_0,acc_10904
dev_10905_0,acc_10905
dev_10906_0,acc_10906
dev_10907_0,acc_10907
dev_10908_0,acc_10908
dev_10909_0,acc_10909
dev_10910_0,acc_10910
dev_10911_0,acc_10911
dev_10912_0,acc_10912
dev_10913_0,acc_10913
dev_10914_0,acc_10914
dev_10915_0,acc_10915
dev_10916_0,acc_10916
dev_10916_1,acc_10916
dev_10917_0,acc_10917
dev_10917_1,acc_10917
dev_10918_0,acc_10918
dev_10919_0,acc_10919
dev_10920_0,acc_10920
dev_10921_0,acc_10921
dev_10922_0,acc_10922
dev_10923_0,acc_10923
dev_10924_0,acc_10924
dev_10925_0,acc_10925
dev_10926_0,acc_10926
dev_10927_0,acc_10927
dev_10928_0,acc_10928
dev_10929_0,acc_10929
dev_10930_0,acc_10930
dev_10931_0,acc_10931
dev_10932_0,acc_10932
dev_10932_1,acc_10932
dev_10933_0,acc_10933
dev_10934_0,acc_10934
dev_10935_0,acc_10935
dev_10936_0,acc_10936
dev_10937_0,acc_10937
dev_10938_0,acc_10938
dev_10939_0,acc_10939
dev_10940_0,acc_10940
dev_10941_0,acc_10941
dev_10942_0,acc_10942
dev_10943_0,acc_10943
dev_10944_0,acc_10944
dev_10945_0,acc_10945
dev_10946_0,acc_10946
dev_10947_0,acc_10947
dev_10948_0,acc_10948
dev_10949_0,acc_10949
dev_10950_0,acc_10950
dev_10951_0,acc_10951
dev_10952_0,acc_10952
dev_10953_0,acc_10953
dev_10954_0,acc_10954
dev_10955_0,acc_10955
dev_10956_0,acc_10956
dev_10957_0,acc_10957
dev_10958_0,acc_10958
dev_10959_0,acc_10959
dev_10960_0,acc_10960
dev_10961_0,acc_10961
dev_10962_0,acc_10962
dev_10963_0,acc_10963
dev_10964_0,acc_10964
dev_10965_0,acc_10965
dev_10966_0,acc_10966
dev_10967_0,acc_10967
dev_10968_0,acc_10968
dev_10969_0,acc_10969
dev_10970_0,acc_10970
dev_10971_0,acc_10971
dev_10972_0,acc_10972
dev_10973_0,acc_10973
dev_10974_0,acc_10974
dev_10975_0,acc_10975
dev_10976_0,acc_10976
dev_10977_0,acc_10977
dev_10978_0,acc_10978
dev_10979_0,acc_10979
dev_10979_1,acc_10979
dev_10980_0,acc_10980
dev_10981_0,acc_10981
dev_10982_0,acc_10982
dev_10982_1,acc_10982
dev_10983_0,acc_10983
dev_10984_0,acc_10984
dev_10985_0,acc_10985
dev_10986_0,acc_10986
dev_10986_1,acc_10986
dev_10987_0,acc_10987
dev_10988_0,acc_10988
dev_10989_0,acc_10989
dev_10990_0,acc_10990
dev_10991_0,acc_10991
dev_10992_0,acc_10992
dev_10993_0,acc_10993
dev_10994_0,acc_10994
dev_10995_0,acc_10995
dev_10996_0,acc_10996
dev_10997_0,acc_10997
dev_10998_0,acc_10998
dev_10999_0,acc_10999
dev_11000_0,acc_11000
dev_11001_0,acc_11001
dev_11002_0,acc_11002
dev_11003_0,acc_11003
dev_11004_0,acc_11004
dev_11005_0,acc_11005
dev_11006_0,acc_11006
dev_11007_0,acc_11007
dev_11008_0,acc_11008
dev_11009_0,acc_11009
dev_11010_0,acc_11010
dev_11011_0,acc_11011
dev_11012_0,acc_11012
dev_11013_0,acc_11013
dev_11014_0,acc_11014
dev_11014_1,acc_11014
dev_11015_0,acc_11015
dev_11016_0,acc_11016
dev_11016_1,acc_11016
dev_11017_0,acc_11017
dev_11018_0,acc_11018
dev_11019_0,acc_11019
dev_11020_0,acc_11020
dev_11021_0,acc_11021
dev_11022_0,acc_11022
dev_11023_0,acc_11023
dev_11024_0,acc_11024
dev_11025_0,acc_11025
dev_11026_0,acc_11026
dev_11027_0,acc_11027
dev_11028_0,acc_11028
dev_11029_0,acc_11029
dev_11030_0,acc_11030
dev_11031_0,acc_11031
dev_11032_0,acc_11032
dev_11033_0,acc_11033
dev_11034_0,acc_11034
dev_11035_0,acc_11035
dev_11036_0,acc_11036
dev_11037_0,acc_11037
dev_11038_0,acc_11038
dev_11039_0,acc_11039
dev_11040_0,acc_11040
dev_11041_0,acc_11041
dev_11042_0,acc_11042
dev_11043_0,acc_11043
dev_11044_0,acc_11044
dev_11045_0,acc_11045
dev_11046_0,acc_11046
dev_11047_0,acc_11047
dev_11048_0,acc_11048
dev_11049_0,acc_11049
dev_11050_0,acc_11050
dev_11051_0,acc_11051
dev_11052_0,acc_11052
dev_11053_0,acc_11053
dev_11054_0,acc_11054
dev_11055_0,acc_11055
dev_11056_0,acc_11056
dev_11057_0,acc_11057
dev_11057_1,acc_11057
dev_11058_0,acc_11058
dev_11059_0,acc_11059
dev_11060_0,acc_11060
dev_11061_0,acc_11061
dev_11062_0,acc_11062
dev_11063_0,acc_11063
dev_11063_1,acc_11063
dev_11064_0,acc_11064
dev_11065_0,acc_11065
dev_11066_0,acc_11066
dev_11067_0,acc_11067
dev_11068_0,acc_11068
dev_11069_0,acc_11069
dev_11070_0,acc_11070
dev_11071_0,acc_11071
dev_11072_0,acc_11072
dev_11073_0,acc_11073
dev_11074_0,acc_11074
dev_11075_0,acc_11075
dev_11076_0,acc_11076
dev_11077_0,acc_11077
dev_11078_0,acc_11078
dev_11079_0,acc_11079
dev_11080_0,acc_11080
dev_11081_0,acc_11081
dev_11082_0,acc_11082
dev_11083_0,acc_11083
dev_11084_0,acc_11084
dev_11085_0,acc_11085
dev_11086_0,acc_11086
dev_11087_0,acc_11087
dev_11088_0,acc_11088
dev_11089_0,acc_11089
dev_11090_0,acc_11090
dev_11091_0,acc_11091
dev_11092_0,acc_11092
dev_11093_0,acc_11093
dev_11094_0,acc_11094
dev_11095_0,acc_11095
dev_11096_0,acc_11096
dev_11097_0,acc_11097
dev_11098_0,acc_11098
dev_11099_0,acc_11099
dev_11100_0,acc_11100
dev_11101_0,acc_11101
dev_11102_0,acc_11102
dev_11103_0,acc_11103
dev_11104_0,acc_11104
dev_11105_0,acc_11105
dev_11106_0,acc_11106
dev_11107_0,acc_11107
dev_11108_0,acc_11108
dev_11109_0,acc_11109
dev_11110_0,acc_11110
dev_11111_0,acc_11111
dev_11112_0,acc_11112
dev_11113_0,acc_11113
dev_11114_0,acc_11114
dev_11115_0,acc_11115
dev_11116_0,acc_11116
dev_11117_0,acc_11117
dev_11118_0,acc_11118
dev_11119_0,acc_11119
dev_11120_0,acc_11120
dev_11121_0,acc_11121
dev_11122_0,acc_11122
dev_11123_0,acc_11123
dev_11124_0,acc_11124
dev_11125_0,acc_11125
dev_11126_0,acc_11126
dev_11127_0,acc_11127
dev_11128_0,acc_11128
dev_11129_0,acc_11129
dev_11130_0,acc_11130
dev_11131_0,acc_11131
dev_11132_0,acc_11132
dev_11133_0,acc_11133
dev_11134_0,acc_11134
dev_11135_0,acc_11135
dev_11136_0,acc_11136
dev_11137_0,acc_11137
dev_11138_0,acc_11138
dev_11138_1,acc_11138
dev_11139_0,acc_11139
dev_11140_0,acc_11140
dev_11141_0,acc_11141
dev_11142_0,acc_11142
dev_11143_0,acc_11143
dev_11144_0,acc_11144
dev_11145_0,acc_11145
dev_11146_0,acc_11146
dev_11147_0,acc_11147
dev_11148_0,acc_11148
dev_11149_0,acc_11149
dev_11150_0,acc_11150
dev_11151_0,acc_11151
dev_11152_0,acc_11152
dev_11153_0,acc_11153
dev_11154_0,acc_11154
dev_11155_0,acc_11155
dev_11156_0,acc_11156
dev_11157_0,acc_11157
dev_11158_0,acc_11158
dev_11159_0,acc_11159
dev_11160_0,acc_11160
dev_11160_1,acc_11160
dev_11161_0,acc_11161
dev_11162_0,acc_11162
dev_11163_0,acc_11163
dev_11164_0,acc_11164
dev_11165_0,acc_11165
dev_11166_0,acc_11166
dev_11167_0,acc_11167
dev_11167_1,acc_11167
dev_11168_0,acc_11168
dev_11169_0,acc_11169
dev_11170_0,acc_11170
dev_11171_0,acc_11171
dev_11172_0,acc_11172
dev_11173_0,acc_11173
dev_11174_0,acc_11174
dev_11175_0,acc_11175
dev_11176_0,acc_11176
dev_11177_0,acc_11177
dev_11178_0,acc_11178
dev_11179_0,acc_11179
dev_11180_0,acc_11180
dev_11181_0,acc_11181
dev_11182_0,acc_11182
dev_11183_0,acc_11183
dev_11184_0,acc_11184
dev_11185_0,acc_11185
dev_11186_0,acc_11186
dev_11187_0,acc_11187
dev_11188_0,acc_11188
dev_11189_0,acc_11189
dev_11190_0,acc_11190
dev_11191_0,acc_11191
dev_11191_1,acc_11191
dev_11192_0,acc_11192
dev_11193_0,acc_11193
dev_11194_0,acc_11194
dev_11195_0,acc_11195
dev_11196_0,acc_11196
dev_11197_0,acc_11197
dev_11198_0,acc_11198
dev_11199_0,acc_11199
dev_11200_0,acc_11200
dev_11201_0,acc_11201
dev_11202_0,acc_11202
dev_11203_0,acc_11203
dev_11204_0,acc_11204
dev_11205_0,acc_11205
dev_11206_0,acc_11206
dev_11207_0,acc_11207
dev_11208_0,acc_11208
dev_11209_0,acc_11209
dev_11210_0,acc_11210
dev_11211_0,acc_11211
dev_11212_0,acc_11212
dev_11213_0,acc_11213
dev_11214_0,acc_11214
dev_11215_0,acc_11215
dev_11216_0,acc_11216
dev_11217_0,acc_11217
dev_11218_0,acc_11218
dev_11218_1,acc_11218
dev_11219_0,acc_11219
dev_11220_0,acc_11220
dev_11221_0,acc_11221
dev_11222_0,acc_11222
dev_11223_0,acc_11223
dev_11224_0,acc_11224
dev_11225_0,acc_11225
dev_11226_0,acc_11226
dev_11227_0,acc_11227
dev_11228_0,acc_11228
dev_11229_0,acc_11229
dev_11229_1,acc_11229
dev_11230_0,acc_11230
dev_11231_0,acc_11231
dev_11232_0,acc_11232
dev_11233_0,acc_11233
dev_11233_1,acc_11233
dev_11234_0,acc_11234
dev_11235_0,acc_11235
dev_11236_0,acc_11236
dev_11237_0,acc_11237
dev_11238_0,acc_11238
dev_11239_0,acc_11239
dev_11240_0,acc_11240
dev_11241_0,acc_11241
dev_11242_0,acc_11242
dev_11243_0,acc_11243
dev_11244_0,acc_11244
dev_11245_0,acc_11245
dev_11246_0,acc_11246
dev_11247_0,acc_11247
dev_11248_0,acc_11248
dev_11248_1,acc_11248
dev_11249_0,acc_11249
dev_11250_0,acc_11250
dev_11251_0,acc_11251
dev_11252_0,acc_11252
dev_11253_0,acc_11253
dev_11254_0,acc_11254
dev_11255_0,acc_11255
dev_11256_0,acc_11256
dev_11257_0,acc_11257
dev_11258_0,acc_11258
dev_11259_0,acc_11259
dev_11260_0,acc_11260
dev_11261_0,acc_11261
dev_11262_0,acc_11262
dev_11263_0,acc_11263
dev_11264_0,acc_11264
dev_11265_0,acc_11265
dev_11266_0,acc_11266
dev_11267_0,acc_11267
dev_11268_0,acc_11268
dev_11269_0,acc_11269
dev_11270_0,acc_11270
dev_11271_0,acc_11271
dev_11272_0,acc_11272
dev_11273_0,acc_11273
dev_11274_0,acc_11274
dev_11275_0,acc_11275
dev_11276_0,acc_11276
dev_11277_0,acc_11277
dev_11278_0,acc_11278
dev_11279_0,acc_11279
dev_11280_0,acc_11280
dev_11281_0,acc_11281
dev_11282_0,acc_11282
dev_11283_0,acc_11283
dev_11284_0,acc_11284
dev_11285_0,acc_11285
dev_11285_1,acc_11285
dev_11286_0,acc_11286
dev_11287_0,acc_11287
dev_11288_0,acc_11288
dev_11289_0,acc_11289
dev_11290_0,acc_11290
dev_11291_0,acc_11291
dev_11292_0,acc_11292
dev_11293_0,acc_11293
dev_11294_0,acc_11294
dev_11294_1,acc_11294
dev_11295_0,acc_11295
dev_11295_1,acc_11295
dev_11296_0,acc_11296
dev_11297_0,acc_11297
dev_11298_0,acc_11298
dev_11299_0,acc_11299
dev_11300_0,acc_11300
dev_11300_1,acc_11300
dev_11301_0,acc_11301
dev_11302_0,acc_11302
dev_11302_1,acc_11302
dev_11303_0,acc_11303
dev_11303_1,acc_11303
dev_11304_0,acc_11304
dev_11305_0,acc_11305
dev_11306_0,acc_11306
dev_11307_0,acc_11307
dev_11308_0,acc_11308
dev_11309_0,acc_11309
dev_11310_0,acc_11310
dev_11311_0,acc_11311
dev_11312_0,acc_11312
dev_11313_0,acc_11313
dev_11314_0,acc_11314
dev_11315_0,acc_11315
dev_11316_0,acc_11316
dev_11317_0,acc_11317
dev_11318_0,acc_11318
dev_11319_0,acc_11319
dev_11320_0,acc_11320
dev_11321_0,acc_11321
dev_11322_0,acc_11322
dev_11323_0,acc_11323
dev_11324_0,acc_11324
dev_11325_0,acc_11325
dev_11326_0,acc_11326
dev_11327_0,acc_11327
dev_11328_0,acc_11328
dev_11329_0,acc_11329
dev_11330_0,acc_11330
dev_11331_0,acc_11331
dev_11332_0,acc_11332
dev_11333_0,acc_11333
dev_11334_0,acc_11334
dev_11335_0,acc_11335
dev_11336_0,acc_11336
dev_11337_0,acc_11337
dev_11338_0,acc_11338
dev_11339_0,acc_11339
dev_11340_0,acc_11340
dev_11341_0,acc_11341
dev_11342_0,acc_11342
dev_11343_0,acc_11343
dev_11344_0,acc_11344
dev_11345_0,acc_11345
dev_11345_1,acc_11345
dev_11346_0,acc_11346
dev_11347_0,acc_11347
dev_11348_0,acc_11348
dev_11349_0,acc_11349
dev_11350_0,acc_11350
dev_11351_0,acc_11351
dev_11351_1,acc_11351
dev_11352_0,acc_11352
dev_11353_0,acc_11353
dev_11354_0,acc_11354
dev_11355_0,acc_11355
dev_11356_0,acc_11356
dev_11357_0,acc_11357
dev_11358_0,acc_11358
dev_11359_0,acc_11359
dev_11360_0,acc_11360
dev_11361_0,acc_11361
dev_11362_0,acc_11362
dev_11363_0,acc_11363
dev_11364_0,acc_11364
dev_11365_0,acc_11365
dev_11366_0,acc_11366
dev_11367_0,acc_11367
dev_11368_0,acc_11368
dev_11369_0,acc_11369
dev_11370_0,acc_11370
dev_11371_0,acc_11371
dev_11372_0,acc_11372
dev_11373_0,acc_11373
dev_11374_0,acc_11374
dev_11375_0,acc_11375
dev_11376_0,acc_11376
dev_11377_0,acc_11377
dev_11378_0,acc_11378
dev_11378_1,acc_11378
dev_11379_0,acc_11379
dev_11380_0,acc_11380
dev_11381_0,acc_11381
dev_11382_0,acc_11382
dev_11383_0,acc_11383
dev_11384_0,acc_11384
dev_11385_0,acc_11385
dev_11386_0,acc_11386
dev_11387_0,acc_11387
dev_11388_0,acc_11388
dev_11389_0,acc_11389
dev_11390_0,acc_11390
dev_11391_0,acc_11391
dev_11392_0,acc_11392
dev_11393_0,acc_11393
dev_11393_1,acc_11393
dev_11394_0,acc_11394
dev_11395_0,acc_11395
dev_11396_0,acc_11396
dev_11397_0,acc_11397
dev_11398_0,acc_11398
dev_11399_0,acc_11399
dev_11400_0,acc_11400
dev_11401_0,acc_11401
dev_11402_0,acc_11402
dev_11403_0,acc_11403
dev_11404_0,acc_11404
dev_11405_0,acc_11405
dev_11406_0,acc_11406
dev_11407_0,acc_11407
dev_11408_0,acc_11408
dev_11409_0,acc_11409
dev_11410_0,acc_11410
dev_11411_0,acc_11411
dev_11412_0,acc_11412
dev_11413_0,acc_11413
dev_11414_0,acc_11414
dev_11415_0,acc_11415
dev_11416_0,acc_11416
dev_11417_0,acc_11417
dev_11418_0,acc_11418
dev_11419_0,acc_11419
dev_11420_0,acc_11420
dev_11421_0,acc_11421
dev_11422_0,acc_11422
dev_11423_0,acc_11423
dev_11424_0,acc_11424
dev_11425_0,acc_11425
dev_11426_0,acc_11426
dev_11427_0,acc_11427
dev_11428_0,acc_11428
dev_11429_0,acc_11429
dev_11430_0,acc_11430
dev_11431_0,acc_11431
dev_11432_0,acc_11432
dev_11433_0,acc_11433
dev_11434_0,acc_11434
dev_11435_0,acc_11435
dev_11436_0,acc_11436
dev_11437_0,acc_11437
dev_11438_0,acc_11438
dev_11439_0,acc_11439
dev_11439_1,acc_11439
dev_11440_0,acc_11440
dev_11441_0,acc_11441
dev_11442_0,acc_11442
dev_11443_0,acc_11443
dev_11444_0,acc_11444
dev_11445_0,acc_11445
dev_11446_0,acc_11446
dev_11447_0,acc_11447
dev_11448_0,acc_11448
dev_11449_0,acc_11449
dev_11450_0,acc_11450
dev_11451_0,acc_11451
dev_11451_1,acc_11451
dev_11452_0,acc_11452
dev_11453_0,acc_11453
dev_11454_0,acc_11454
dev_11455_0,acc_11455
dev_11456_0,acc_11456
dev_11457_0,acc_11457
dev_11458_0,acc_11458
dev_11459_0,acc_11459
dev_11460_0,acc_11460
dev_11461_0,acc_11461
dev_11462_0,acc_11462
dev_11463_0,acc_11463
dev_11464_0,acc_11464
dev_11465_0,acc_11465
dev_11466_0,acc_11466
dev_11467_0,acc_11467
dev_11468_0,acc_11468
dev_11469_0,acc_11469
dev_11470_0,acc_11470
dev_11471_0,acc_11471
dev_11472_0,acc_11472
dev_11473_0,acc_11473
dev_11474_0,acc_11474
dev_11475_0,acc_11475
dev_11476_0,acc_11476
dev_11477_0,acc_11477
dev_11478_0,acc_11478
dev_11479_0,acc_11479
dev_11480_0,acc_11480
dev_11480_1,acc_11480
dev_11481_0,acc_11481
dev_11482_0,acc_11482
dev_11483_0,acc_11483
dev_11484_0,acc_11484
dev_11485_0,acc_11485
dev_11486_0,acc_11486
dev_11487_0,acc_11487
dev_11487_1,acc_11487
dev_11488_0,acc_11488
dev_11489_0,acc_11489
dev_11490_0,acc_11490
dev_11491_0,acc_11491
dev_11492_0,acc_11492
dev_11493_0,acc_11493
dev_11494_0,acc_11494
dev_11495_0,acc_11495
dev_11496_0,acc_11496
dev_11497_0,acc_11497
dev_11498_0,acc_11498
dev_11499_0,acc_11499
dev_11500_0,acc_11500
dev_11501_0,acc_11501
dev_11502_0,acc_11502
dev_11503_0,acc_11503
dev_11504_0,acc_11504
dev_11505_0,acc_11505
dev_11506_0,acc_11506
dev_11507_0,acc_11507
dev_11508_0,acc_11508
dev_11509_0,acc_11509
dev_11510_0,acc_11510
dev_11511_0,acc_11511
dev_11512_0,acc_11512
dev_11513_0,acc_11513
dev_11514_0,acc_11514
dev_11515_0,acc_11515
dev_11516_0,acc_11516
dev_11517_0,acc_11517
dev_11518_0,acc_11518
dev_11519_0,acc_11519
dev_11520_0,acc_11520
dev_11521_0,acc_11521
dev_11522_0,acc_11522
dev_11523_0,acc_11523
dev_11524_0,acc_11524
dev_11525_0,acc_11525
dev_11526_0,acc_11526
dev_11527_0,acc_11527
dev_11528_0,acc_11528
dev_11529_0,acc_11529
dev_11530_0,acc_11530
dev_11531_0,acc_11531
dev_11532_0,acc_11532
dev_11533_0,acc_11533
dev_11534_0,acc_11534
dev_11535_0,acc_11535
dev_11536_0,acc_11536
dev_11537_0,acc_11537
dev_11538_0,acc_11538
dev_11539_0,acc_11539
dev_11540_0,acc_11540
dev_11541_0,acc_11541
dev_11542_0,acc_11542
dev_11543_0,acc_11543
dev_11544_0,acc_11544
dev_11545_0,acc_11545
dev_11546_0,acc_11546
dev_11547_0,acc_11547
dev_11548_0,acc_11548
dev_11549_0,acc_11549
dev_11550_0,acc_11550
dev_11551_0,acc_11551
dev_11552_0,acc_11552
dev_11553_0,acc_11553
dev_11554_0,acc_11554
dev_11555_0,acc_11555
dev_11556_0,acc_11556
dev_11557_0,acc_11557
dev_11558_0,acc_11558
dev_11559_0,acc_11559
dev_11560_0,acc_11560
dev_11561_0,acc_11561
dev_11562_0,acc_11562
dev_11563_0,acc_11563
dev_11564_0,acc_11564
dev_11565_0,acc_11565
dev_11566_0,acc_11566
dev_11567_0,acc_11567
dev_11568_0,acc_11568
dev_11569_0,acc_11569
dev_11570_0,acc_11570
dev_11571_0,acc_11571
dev_11572_0,acc_11572
dev_11573_0,acc_11573
dev_11574_0,acc_11574
dev_11575_0,acc_11575
dev_11576_0,acc_11576
dev_11577_0,acc_11577
dev_11578_0,acc_11578
dev_11579_0,acc_11579
dev_11580_0,acc_11580
dev_11581_0,acc_11581
dev_11582_0,acc_11582
dev_11583_0,acc_11583
dev_11584_0,acc_11584
dev_11585_0,acc_11585
dev_11586_0,acc_11586
dev_11587_0,acc_11587
dev_11588_0,acc_11588
dev_11589_0,acc_11589
dev_11590_0,acc_11590
dev_11591_0,acc_11591
dev_11592_0,acc_11592
dev_11593_0,acc_11593
dev_11594_0,acc_11594
dev_11595_0,acc_11595
dev_11596_0,acc_11596
dev_11597_0,acc_11597
dev_11598_0,acc_11598
dev_11599_0,acc_11599
dev_11600_0,acc_11600
dev_11601_0,acc_11601
dev_11602_0,acc_11602
dev_11603_0,acc_11603
dev_11604_0,acc_11604
dev_11605_0,acc_11605
dev_11606_0,acc_11606
dev_11607_0,acc_11607
dev_11608_0,acc_11608
dev_11609_0,acc_11609
dev_11610_0,acc_11610
dev_11611_0,acc_11611
dev_11612_0,acc_11612
dev_11613_0,acc_11613
dev_11614_0,acc_11614
dev_11615_0,acc_11615
dev_11616_0,acc_11616
dev_11617_0,acc_11617
dev_11618_0,acc_11618
dev_11619_0,acc_11619
dev_11620_0,acc_11620
dev_11621_0,acc_11621
dev_11621_1,acc_11621
dev_11622_0,acc_11622
dev_11623_0,acc_11623
dev_11624_0,acc_11624
dev_11625_0,acc_11625
dev_11626_0,acc_11626
dev_11627_0,acc_11627
dev_11628_0,acc_11628
dev_11629_0,acc_11629
dev_11630_0,acc_11630
dev_11631_0,acc_11631
dev_11632_0,acc_11632
dev_11633_0,acc_11633
dev_11634_0,acc_11634
dev_11635_0,acc_11635
dev_11636_0,acc_11636
dev_11637_0,acc_11637
dev_11638_0,acc_11638
dev_11639_0,acc_11639
dev_11640_0,acc_11640
dev_11641_0,acc_11641
dev_11642_0,acc_11642
dev_11643_0,acc_11643
dev_11644_0,acc_11644
dev_11645_0,acc_11645
dev_11646_0,acc_11646
dev_11647_0,acc_11647
dev_11648_0,acc_11648
dev_11649_0,acc_11649
dev_11650_0,acc_11650
dev_11651_0,acc_11651
dev_11651_1,acc_11651
dev_11652_0,acc_11652
dev_11653_0,acc_11653
dev_11654_0,acc_11654
dev_11655_0,acc_11655
dev_11656_0,acc_11656
dev_11657_0,acc_11657
dev_11658_0,acc_11658
dev_11659_0,acc_11659
dev_11660_0,acc_11660
dev_11661_0,acc_11661
dev_11662_0,acc_11662
dev_11663_0,acc_11663
dev_11664_0,acc_11664
dev_11665_0,acc_11665
dev_11666_0,acc_11666
dev_11667_0,acc_11667
dev_11667_1,acc_11667
dev_11668_0,acc_11668
dev_11669_0,acc_11669
dev_11670_0,acc_11670
dev_11671_0,acc_11671
dev_11672_0,acc_11672
dev_11673_0,acc_11673
dev_11674_0,acc_11674
dev_11675_0,acc_11675
dev_11676_0,acc_11676
dev_11677_0,acc_11677
dev_11678_0,acc_11678
dev_11679_0,acc_11679
dev_11679_1,acc_11679
dev_11680_0,acc_11680
dev_11681_0,acc_11681
dev_11681_1,acc_11681
dev_11682_0,acc_11682
dev_11683_0,acc_11683
dev_11684_0,acc_11684
dev_11685_0,acc_11685
dev_11685_1,acc_11685
dev_11686_0,acc_11686
dev_11687_0,acc_11687
dev_11688_0,acc_11688
dev_11689_0,acc_11689
dev_11690_0,acc_11690
dev_11691_0,acc_11691
dev_11692_0,acc_11692
dev_11693_0,acc_11693
dev_11693_1,acc_11693
dev_11694_0,acc_11694
dev_11695_0,acc_11695
dev_11696_0,acc_11696
dev_11697_0,acc_11697
dev_11698_0,acc_11698
dev_11699_0,acc_11699
dev_11700_0,acc_11700
dev_11701_0,acc_11701
dev_11702_0,acc_11702
dev_11703_0,acc_11703
dev_11704_0,acc_11704
dev_11705_0,acc_11705
dev_11706_0,acc_11706
dev_11707_0,acc_11707
dev_11708_0,acc_11708
dev_11708_1,acc_11708
dev_11709_0,acc_11709
dev_11710_0,acc_11710
dev_11711_0,acc_11711
dev_11712_0,acc_11712
dev_11713_0,acc_11713
dev_11714_0,acc_11714
dev_11715_0,acc_11715
dev_11716_0,acc_11716
dev_11717_0,acc_11717
dev_11718_0,acc_11718
dev_11719_0,acc_11719
dev_11720_0,acc_11720
dev_11721_0,acc_11721
dev_11722_0,acc_11722
dev_11723_0,acc_11723
dev_11724_0,acc_11724
dev_11725_0,acc_11725
dev_11726_0,acc_11726
dev_11726_1,acc_11726
dev_11727_0,acc_11727
dev_11728_0,acc_11728
dev_11729_0,acc_11729
dev_11730_0,acc_11730
dev_11731_0,acc_11731
dev_11732_0,acc_11732
dev_11733_0,acc_11733
dev_11734_0,acc_11734
dev_11735_0,acc_11735
dev_11736_0,acc_11736
dev_11737_0,acc_11737
dev_11738_0,acc_11738
dev_11739_0,acc_11739
dev_11740_0,acc_11740
dev_11741_0,acc_11741
dev_11742_0,acc_11742
dev_11743_0,acc_11743
dev_11744_0,acc_11744
dev_11745_0,acc_11745
dev_11746_0,acc_11746
dev_11747_0,acc_11747
dev_11748_0,acc_11748
dev_11749_0,acc_11749
dev_11750_0,acc_11750
dev_11751_0,acc_11751
dev_11752_0,acc_11752
dev_11753_0,acc_11753
dev_11754_0,acc_11754
dev_11755_0,acc_11755
dev_11756_0,acc_11756
dev_11757_0,acc_11757
dev_11758_0,acc_11758
dev_11759_0,acc_11759
dev_11760_0,acc_11760
dev_11761_0,acc_11761
dev_11762_0,acc_11762
dev_11763_0,acc_11763
dev_11764_0,acc_11764
dev_11765_0,acc_11765
dev_11765_1,acc_11765
dev_11766_0,acc_11766
dev_11767_0,acc_11767
dev_11768_0,acc_11768
dev_11768_1,acc_11768
dev_11769_0,acc_11769
dev_11770_0,acc_11770
dev_11771_0,acc_11771
dev_11771_1,acc_11771
dev_11772_0,acc_11772
dev_11773_0,acc_11773
dev_11773_1,acc_11773
dev_11774_0,acc_11774
dev_11775_0,acc_11775
dev_11776_0,acc_11776
dev_11777_0,acc_11777
dev_11778_0,acc_11778
dev_11779_0,acc_11779
dev_11780_0,acc_11780
dev_11781_0,acc_11781
dev_11782_0,acc_11782
dev_11783_0,acc_11783
dev_11784_0,acc_11784
dev_11785_0,acc_11785
dev_11786_0,acc_11786
dev_11787_0,acc_11787
dev_11788_0,acc_11788
dev_11789_0,acc_11789
dev_11790_0,acc_11790
dev_11790_1,acc_11790
dev_11791_0,acc_11791
dev_11792_0,acc_11792
dev_11793_0,acc_11793
dev_11794_0,acc_11794
dev_11795_0,acc_11795
dev_11796_0,acc_11796
dev_11797_0,acc_11797
dev_11798_0,acc_11798
dev_11799_0,acc_11799
dev_11800_0,acc_11800
dev_11801_0,acc_11801
dev_11802_0,acc_11802
dev_11803_0,acc_11803
dev_11804_0,acc_11804
dev_11805_0,acc_11805
dev_11806_0,acc_11806
dev_11807_0,acc_11807
dev_11808_0,acc_11808
dev_11809_0,acc_11809
dev_11810_0,acc_11810
dev_11811_0,acc_11811
dev_11812_0,acc_11812
dev_11813_0,acc_11813
dev_11813_1,acc_11813
dev_11814_0,acc_11814
dev_11815_0,acc_11815
dev_11816_0,acc_11816
dev_11817_0,acc_11817
dev_11818_0,acc_11818
dev_11819_0,acc_11819
dev_11820_0,acc_11820
dev_11821_0,acc_11821
dev_11822_0,acc_11822
dev_11823_0,acc_11823
dev_11824_0,acc_11824
dev_11825_0,acc_11825
dev_11826_0,acc_11826
dev_11827_0,acc_11827
dev_11828_0,acc_11828
dev_11829_0,acc_11829
dev_11830_0,acc_11830
dev_11831_0,acc_11831
dev_11831_1,acc_11831
dev_11832_0,acc_11832
dev_11833_0,acc_11833
dev_11834_0,acc_11834
dev_11835_0,acc_11835
dev_11836_0,acc_11836
dev_11836_1,acc_11836
dev_11837_0,acc_11837
dev_11838_0,acc_11838
dev_11839_0,acc_11839
dev_11840_0,acc_11840
dev_11840_1,acc_11840
dev_11841_0,acc_11841
dev_11842_0,acc_11842
dev_11843_0,acc_11843
dev_11844_0,acc_11844
dev_11845_0,acc_11845
dev_11846_0,acc_11846
dev_11846_1,acc_11846
dev_11847_0,acc_11847
dev_11848_0,acc_11848
dev_11849_0,acc_11849
dev_11850_0,acc_11850
dev_11851_0,acc_11851
dev_11852_0,acc_11852
dev_11852_1,acc_11852
dev_11853_0,acc_11853
dev_11853_1,acc_11853
dev_11854_0,acc_11854
dev_11855_0,acc_11855
dev_11855_1,acc_11855
dev_11856_0,acc_11856
dev_11857_0,acc_11857
dev_11857_1,acc_11857
dev_11858_0,acc_11858
dev_11859_0,acc_11859
dev_11860_0,acc_11860
dev_11861_0,acc_11861
dev_11862_0,acc_11862
dev_11863_0,acc_11863
dev_11864_0,acc_11864
dev_11865_0,acc_11865
dev_11866_0,acc_11866
dev_11867_0,acc_11867
dev_11868_0,acc_11868
dev_11869_0,acc_11869
dev_11870_0,acc_11870
dev_11871_0,acc_11871
dev_11872_0,acc_11872
dev_11873_0,acc_11873
dev_11874_0,acc_11874
dev_11875_0,acc_11875
dev_11876_0,acc_11876
dev_11877_0,acc_11877
dev_11878_0,acc_11878
dev_11879_0,acc_11879
dev_11880_0,acc_11880
dev_11881_0,acc_11881
dev_11882_0,acc_11882
dev_11883_0,acc_11883
dev_11884_0,acc_11884
dev_11885_0,acc_11885
dev_11886_0,acc_11886
dev_11887_0,acc_11887
dev_11888_0,acc_11888
dev_11889_0,acc_11889
dev_11890_0,acc_11890
dev_11891_0,acc_11891
dev_11892_0,acc_11892
dev_11892_1,acc_11892
dev_11893_0,acc_11893
dev_11894_0,acc_11894
dev_11895_0,acc_11895
dev_11896_0,acc_11896
dev_11897_0,acc_11897
dev_11898_0,acc_11898
dev_11899_0,acc_11899
dev_11900_0,acc_11900
dev_11901_0,acc_11901
dev_11902_0,acc_11902
dev_11903_0,acc_11903
dev_11904_0,acc_11904
dev_11905_0,acc_11905
dev_11906_0,acc_11906
dev_11907_0,acc_11907
dev_11908_0,acc_11908
dev_11909_0,acc_11909
dev_11910_0,acc_11910
dev_11911_0,acc_11911
dev_11912_0,acc_11912
dev_11913_0,acc_11913
dev_11914_0,acc_11914
dev_11914_1,acc_11914
dev_11915_0,acc_11915
dev_11916_0,acc_11916
dev_11917_0,acc_11917
dev_11918_0,acc_11918
dev_11919_0,acc_11919
dev_11920_0,acc_11920
dev_11921_0,acc_11921
dev_11922_0,acc_11922
dev_11923_0,acc_11923
dev_11924_0,acc_11924
dev_11925_0,acc_11925
dev_11926_0,acc_11926
dev_11926_1,acc_11926
dev_11927_0,acc_11927
dev_11928_0,acc_11928
dev_11928_1,acc_11928
dev_11929_0,acc_11929
dev_11930_0,acc_11930
dev_11931_0,acc_11931
dev_11932_0,acc_11932
dev_11933_0,acc_11933
dev_11934_0,acc_11934
dev_11935_0,acc_11935
dev_11936_0,acc_11936
dev_11937_0,acc_11937
dev_11938_0,acc_11938
dev_11939_0,acc_11939
dev_11940_0,acc_11940
dev_11941_0,acc_11941
dev_11942_0,acc_11942
dev_11943_0,acc_11943
dev_11944_0,acc_11944
dev_11945_0,acc_11945
dev_11946_0,acc_11946
dev_11947_0,acc_11947
dev_11948_0,acc_11948
dev_11949_0,acc_11949
dev_11949_1,acc_11949
dev_11950_0,acc_11950
dev_11951_0,acc_11951
dev_11952_0,acc_11952
dev_11953_0,acc_11953
dev_11954_0,acc_11954
dev_11955_0,acc_11955
dev_11956_0,acc_11956
dev_11957_0,acc_11957
dev_11958_0,acc_11958
dev_11959_0,acc_11959
dev_11960_0,acc_11960
dev_11961_0,acc_11961
dev_11962_0,acc_11962
dev_11963_0,acc_11963
dev_11964_0,acc_11964
dev_11965_0,acc_11965
dev_11966_0,acc_11966
dev_11967_0,acc_11967
dev_11968_0,acc_11968
dev_11969_0,acc_11969
dev_11970_0,acc_11970
dev_11970_1,acc_11970
dev_11971_0,acc_11971
dev_11972_0,acc_11972
dev_11973_0,acc_11973
dev_11974_0,acc_11974
dev_11975_0,acc_11975
dev_11976_0,acc_11976
dev_11977_0,acc_11977
dev_11978_0,acc_11978
dev_11979_0,acc_11979
dev_11980_0,acc_11980
dev_11981_0,acc_11981
dev_11982_0,acc_11982
dev_11983_0,acc_11983
dev_11984_0,acc_11984
dev_11985_0,acc_11985
dev_11986_0,acc_11986
dev_11987_0,acc_11987
dev_11988_0,acc_11988
dev_11988_1,acc_11988
dev_11989_0,acc_11989
dev_11990_0,acc_11990
dev_11991_0,acc_11991
dev_11992_0,acc_11992
dev_11993_0,acc_11993
dev_11994_0,acc_11994
dev_11995_0,acc_11995
dev_11996_0,acc_11996
dev_11996_1,acc_11996
dev_11997_0,acc_11997
dev_11998_0,acc_11998
dev_11999_0,acc_11999
dev_12000_0,acc_12000
dev_12001_0,acc_12001
dev_12002_0,acc_12002
dev_12003_0,acc_12003
dev_12004_0,acc_12004
dev_12005_0,acc_12005
dev_12006_0,acc_12006
dev_12007_0,acc_12007
dev_12008_0,acc_12008
dev_12009_0,acc_12009
dev_12010_0,acc_12010
dev_12011_0,acc_12011
dev_12012_0,acc_12012
dev_12013_0,acc_12013
dev_12014_0,acc_12014
dev_12014_1,acc_12014
dev_12015_0,acc_12015
dev_12016_0,acc_12016
dev_12017_0,acc_12017
dev_12018_0,acc_12018
dev_12019_0,acc_12019
dev_12019_1,acc_12019
dev_12020_0,acc_12020
dev_12021_0,acc_12021
dev_12022_0,acc_12022
dev_12023_0,acc_12023
dev_12024_0,acc_12024
dev_12025_0,acc_12025
dev_12026_0,acc_12026
dev_12027_0,acc_12027
dev_12028_0,acc_12028
dev_12029_0,acc_12029
dev_12030_0,acc_12030
dev_12031_0,acc_12031
dev_12032_0,acc_12032
dev_12033_0,acc_12033
dev_12034_0,acc_12034
dev_12035_0,acc_12035
dev_12036_0,acc_12036
dev_12037_0,acc_12037
dev_12038_0,acc_12038
dev_12039_0,acc_12039
dev_12040_0,acc_12040
dev_12041_0,acc_12041
dev_12042_0,acc_12042
dev_12043_0,acc_12043
dev_12044_0,acc_12044
dev_12045_0,acc_12045
dev_12046_0,acc_12046
dev_12047_0,acc_12047
dev_12048_0,acc_12048
dev_12049_0,acc_12049
dev_12050_0,acc_12050
dev_12051_0,acc_12051
dev_12052_0,acc_12052
dev_12053_0,acc_12053
dev_12054_0,acc_12054
dev_12055_0,acc_12055
dev_12056_0,acc_12056
dev_12056_1,acc_12056
dev_12057_0,acc_12057
dev_12058_0,acc_12058
dev_12059_0,acc_12059
dev_12060_0,acc_12060
dev_12061_0,acc_12061
dev_12062_0,acc_12062
dev_12063_0,acc_12063
dev_12064_0,acc_12064
dev_12064_1,acc_12064
dev_12065_0,acc_12065
dev_12065_1,acc_12065
dev_12066_0,acc_12066
dev_12067_0,acc_12067
dev_12068_0,acc_12068
dev_12069_0,acc_12069
dev_12070_0,acc_12070
dev_12071_0,acc_12071
dev_12072_0,acc_12072
dev_12073_0,acc_12073
dev_12074_0,acc_12074
dev_12075_0,acc_12075
dev_12076_0,acc_12076
dev_12077_0,acc_12077
dev_12078_0,acc_12078
dev_12079_0,acc_12079
dev_12080_0,acc_12080
dev_12080_1,acc_12080
dev_12081_0,acc_12081
dev_12082_0,acc_12082
dev_12083_0,acc_12083
dev_12084_0,acc_12084
dev_12085_0,acc_12085
dev_12086_0,acc_12086
dev_12087_0,acc_12087
dev_12088_0,acc_12088
dev_12089_0,acc_12089
dev_12090_0,acc_12090
dev_12091_0,acc_12091
dev_12092_0,acc_12092
dev_12092_1,acc_12092
dev_12093_0,acc_12093
dev_12094_0,acc_12094
dev_12095_0,acc_12095
dev_12096_0,acc_12096
dev_12097_0,acc_12097
dev_12098_0,acc_12098
dev_12099_0,acc_12099
dev_12099_1,acc_12099
dev_12100_0,acc_12100
dev_12101_0,acc_12101
dev_12102_0,acc_12102
dev_12103_0,acc_12103
dev_12104_0,acc_12104
dev_12105_0,acc_12105
dev_12106_0,acc_12106
dev_12107_0,acc_12107
dev_12108_0,acc_12108
dev_12109_0,acc_12109
dev_12110_0,acc_12110
dev_12111_0,acc_12111
dev_12112_0,acc_12112
dev_12113_0,acc_12113
dev_12114_0,acc_12114
dev_12115_0,acc_12115
dev_12116_0,acc_12116
dev_12117_0,acc_12117
dev_12117_1,acc_12117
dev_12118_0,acc_12118
dev_12119_0,acc_12119
dev_12120_0,acc_12120
dev_12121_0,acc_12121
dev_12122_0,acc_12122
dev_12123_0,acc_12123
dev_12124_0,acc_12124
dev_12125_0,acc_12125
dev_12125_1,acc_12125
dev_12126_0,acc_12126
dev_12127_0,acc_12127
dev_12128_0,acc_12128
dev_12129_0,acc_12129
dev_12130_0,acc_12130
dev_12131_0,acc_12131
dev_12132_0,acc_12132
dev_12133_0,acc_12133
dev_12134_0,acc_12134
dev_12135_0,acc_12135
dev_12136_0,acc_12136
dev_12137_0,acc_12137
dev_12138_0,acc_12138
dev_12139_0,acc_12139
dev_12140_0,acc_12140
dev_12141_0,acc_12141
dev_12142_0,acc_12142
dev_12143_0,acc_12143
dev_12144_0,acc_12144
dev_12145_0,acc_12145
dev_12146_0,acc_12146
dev_12147_0,acc_12147
dev_12148_0,acc_12148
dev_12149_0,acc_12149
dev_12150_0,acc_12150
dev_12151_0,acc_12151
dev_12152_0,acc_12152
dev_12153_0,acc_12153
dev_12154_0,acc_12154
dev_12155_0,acc_12155
dev_12156_0,acc_12156
dev_12157_0,acc_12157
dev_12158_0,acc_12158
dev_12159_0,acc_12159
dev_12160_0,acc_12160
dev_12161_0,acc_12161
dev_12162_0,acc_12162
dev_12163_0,acc_12163
dev_12164_0,acc_12164
dev_12165_0,acc_12165
dev_12166_0,acc_12166
dev_12167_0,acc_12167
dev_12168_0,acc_12168
dev_12169_0,acc_12169
dev_12170_0,acc_12170
dev_12171_0,acc_12171
dev_12172_0,acc_12172
dev_12173_0,acc_12173
dev_12174_0,acc_12174
dev_12175_0,acc_12175
dev_12176_0,acc_12176
dev_12177_0,acc_12177
dev_12177_1,acc_12177
dev_12178_0,acc_12178
dev_12179_0,acc_12179
dev_12180_0,acc_12180
dev_12181_0,acc_12181
dev_12182_0,acc_12182
dev_12183_0,acc_12183
dev_12184_0,acc_12184
dev_12185_0,acc_12185
dev_12186_0,acc_12186
dev_12187_0,acc_12187
dev_12188_0,acc_12188
dev_12189_0,acc_12189
dev_12190_0,acc_12190
dev_12191_0,acc_12191
dev_12192_0,acc_12192
dev_12193_0,acc_12193
dev_12194_0,acc_12194
dev_12195_0,acc_12195
dev_12196_0,acc_12196
dev_12197_0,acc_12197
dev_12198_0,acc_12198
dev_12199_0,acc_12199
dev_12200_0,acc_12200
dev_12201_0,acc_12201
dev_12202_0,acc_12202
dev_12203_0,acc_12203
dev_12203_1,acc_12203
dev_12204_0,acc_12204
dev_12205_0,acc_12205
dev_12206_0,acc_12206
dev_12207_0,acc_12207
dev_12208_0,acc_12208
dev_12209_0,acc_12209
dev_12210_0,acc_12210
dev_12211_0,acc_12211
dev_12212_0,acc_12212
dev_12213_0,acc_12213
dev_12214_0,acc_12214
dev_12215_0,acc_12215
dev_12216_0,acc_12216
dev_12217_0,acc_12217
dev_12218_0,acc_12218
dev_12219_0,acc_12219
dev_12220_0,acc_12220
dev_12221_0,acc_12221
dev_12222_0,acc_12222
dev_12223_0,acc_12223
dev_12224_0,acc_12224
dev_12225_0,acc_12225
dev_12226_0,acc_12226
dev_12227_0,acc_12227
dev_12228_0,acc_12228
dev_12229_0,acc_12229
dev_12230_0,acc_12230
dev_12231_0,acc_12231
dev_12232_0,acc_12232
dev_12233_0,acc_12233
dev_12234_0,acc_12234
dev_12235_0,acc_12235
dev_12236_0,acc_12236
dev_12237_0,acc_12237
dev_12238_0,acc_12238
dev_12239_0,acc_12239
dev_12240_0,acc_12240
dev_12241_0,acc_12241
dev_12242_0,acc_12242
dev_12243_0,acc_12243
dev_12244_0,acc_12244
dev_12244_1,acc_12244
dev_12245_0,acc_12245
dev_12246_0,acc_12246
dev_12247_0,acc_12247
dev_12248_0,acc_12248
dev_12248_1,acc_12248
dev_12249_0,acc_12249
dev_12250_0,acc_12250
dev_12251_0,acc_12251
dev_12252_0,acc_12252
dev_12253_0,acc_12253
dev_12254_0,acc_12254
dev_12255_0,acc_12255
dev_12256_0,acc_12256
dev_12257_0,acc_12257
dev_12258_0,acc_12258
dev_12258_1,acc_12258
dev_12259_0,acc_12259
dev_12260_0,acc_12260
dev_12261_0,acc_12261
dev_12262_0,acc_12262
dev_12263_0,acc_12263
dev_12264_0,acc_12264
dev_12264_1,acc_12264
dev_12265_0,acc_12265
dev_12266_0,acc_12266
dev_12267_0,acc_12267
dev_12268_0,acc_12268
dev_12269_0,acc_12269
dev_12270_0,acc_12270
dev_12271_0,acc_12271
dev_12272_0,acc_12272
dev_12273_0,acc_12273
dev_12274_0,acc_12274
dev_12275_0,acc_12275
dev_12276_0,acc_12276
dev_12277_0,acc_12277
dev_12278_0,acc_12278
dev_12279_0,acc_12279
dev_12280_0,acc_12280
dev_12281_0,acc_12281
dev_12282_0,acc_12282
dev_12283_0,acc_12283
dev_12283_1,acc_12283
dev_12284_0,acc_12284
dev_12285_0,acc_12285
dev_12286_0,acc_12286
dev_12287_0,acc_12287
dev_12288_0,acc_12288
dev_12289_0,acc_12289
dev_12290_0,acc_12290
dev_12291_0,acc_12291
dev_12292_0,acc_12292
dev_12293_0,acc_12293
dev_12294_0,acc_12294
dev_12295_0,acc_12295
dev_12296_0,acc_12296
dev_12297_0,acc_12297
dev_12298_0,acc_12298
dev_12299_0,acc_12299
dev_12300_0,acc_12300
dev_12301_0,acc_12301
dev_12302_0,acc_12302
dev_12303_0,acc_12303
dev_12304_0,acc_12304
dev_12304_1,acc_12304
dev_12305_0,acc_12305
dev_12306_0,acc_12306
dev_12307_0,acc_12307
dev_12308_0,acc_12308
dev_12309_0,acc_12309
dev_12310_0,acc_12310
dev_12311_0,acc_12311
dev_12312_0,acc_12312
dev_12313_0,acc_12313
dev_12314_0,acc_12314
dev_12315_0,acc_12315
dev_12316_0,acc_12316
dev_12317_0,acc_12317
dev_12318_0,acc_12318
dev_12319_0,acc_12319
dev_12320_0,acc_12320
dev_12321_0,acc_12321
dev_12322_0,acc_12322
dev_12323_0,acc_12323
dev_12324_0,acc_12324
dev_12325_0,acc_12325
dev_12326_0,acc_12326
dev_12327_0,acc_12327
dev_12328_0,acc_12328
dev_12329_0,acc_12329
dev_12330_0,acc_12330
dev_12330_1,acc_12330
dev_12331_0,acc_12331
dev_12332_0,acc_12332
dev_12333_0,acc_12333
dev_12334_0,acc_12334
dev_12335_0,acc_12335
dev_12336_0,acc_12336
dev_12337_0,acc_12337
dev_12338_0,acc_12338
dev_12339_0,acc_12339
dev_12340_0,acc_12340
dev_12340_1,acc_12340
dev_12341_0,acc_12341
dev_12342_0,acc_12342
dev_12343_0,acc_12343
dev_12344_0,acc_12344
dev_12345_0,acc_12345
dev_12346_0,acc_12346
dev_12347_0,acc_12347
dev_12348_0,acc_12348
dev_12349_0,acc_12349
dev_12350_0,acc_12350
dev_12350_1,acc_12350
dev_12351_0,acc_12351
dev_12352_0,acc_12352
dev_12353_0,acc_12353
dev_12354_0,acc_12354
dev_12355_0,acc_12355
dev_12356_0,acc_12356
dev_12357_0,acc_12357
dev_12358_0,acc_12358
dev_12359_0,acc_12359
dev_12360_0,acc_12360
dev_12361_0,acc_12361
dev_12362_0,acc_12362
dev_12363_0,acc_12363
dev_12364_0,acc_12364
dev_12365_0,acc_12365
dev_12366_0,acc_12366
dev_12367_0,acc_12367
dev_12368_0,acc_12368
dev_12369_0,acc_12369
dev_12370_0,acc_12370
dev_12371_0,acc_12371
dev_12372_0,acc_12372
dev_12373_0,acc_12373
dev_12374_0,acc_12374
dev_12374_1,acc_12374
dev_12375_0,acc_12375
dev_12376_0,acc_12376
dev_12377_0,acc_12377
dev_12378_0,acc_12378
dev_12379_0,acc_12379
dev_12380_0,acc_12380
dev_12381_0,acc_12381
dev_12382_0,acc_12382
dev_12383_0,acc_12383
dev_12384_0,acc_12384
dev_12384_1,acc_12384
dev_12385_0,acc_12385
dev_12386_0,acc_12386
dev_12387_0,acc_12387
dev_12388_0,acc_12388
dev_12389_0,acc_12389
dev_12390_0,acc_12390
dev_12391_0,acc_12391
dev_12392_0,acc_12392
dev_12393_0,acc_12393
dev_12394_0,acc_12394
dev_12395_0,acc_12395
dev_12396_0,acc_12396
dev_12397_0,acc_12397
dev_12398_0,acc_12398
dev_12398_1,acc_12398
dev_12399_0,acc_12399
dev_12400_0,acc_12400
dev_12401_0,acc_12401
dev_12401_1,acc_12401
dev_12402_0,acc_12402
dev_12403_0,acc_12403
dev_12404_0,acc_12404
dev_12405_0,acc_12405
dev_12406_0,acc_12406
dev_12407_0,acc_12407
dev_12408_0,acc_12408
dev_12409_0,acc_12409
dev_12410_0,acc_12410
dev_12411_0,acc_12411
dev_12412_0,acc_12412
dev_12413_0,acc_12413
dev_12414_0,acc_12414
dev_12415_0,acc_12415
dev_12416_0,acc_12416
dev_12417_0,acc_12417
dev_12418_0,acc_12418
dev_12419_0,acc_12419
dev_12420_0,acc_12420
dev_12421_0,acc_12421
dev_12422_0,acc_12422
dev_12423_0,acc_12423
dev_12424_0,acc_12424
dev_12425_0,acc_12425
dev_12426_0,acc_12426
dev_12427_0,acc_12427
dev_12428_0,acc_12428
dev_12429_0,acc_12429
dev_12430_0,acc_12430
dev_12431_0,acc_12431
dev_12432_0,acc_12432
dev_12433_0,acc_12433
dev_12433_1,acc_12433
dev_12434_0,acc_12434
dev_12434_1,acc_12434
dev_12435_0,acc_12435
dev_12436_0,acc_12436
dev_12437_0,acc_12437
dev_12438_0,acc_12438
dev_12439_0,acc_12439
dev_12440_0,acc_12440
dev_12441_0,acc_12441
dev_12442_0,acc_12442
dev_12443_0,acc_12443
dev_12444_0,acc_12444
dev_12445_0,acc_12445
dev_12446_0,acc_12446
dev_12447_0,acc_12447
dev_12448_0,acc_12448
dev_12449_0,acc_12449
dev_12450_0,acc_12450
dev_12451_0,acc_12451
dev_12452_0,acc_12452
dev_12453_0,acc_12453
dev_12454_0,acc_12454
dev_12455_0,acc_12455
dev_12456_0,acc_12456
dev_12457_0,acc_12457
dev_12458_0,acc_12458
dev_12459_0,acc_12459
dev_12460_0,acc_12460
dev_12461_0,acc_12461
dev_12461_1,acc_12461
dev_12462_0,acc_12462
dev_12463_0,acc_12463
dev_12464_0,acc_12464
dev_12465_0,acc_12465
dev_12466_0,acc_12466
dev_12467_0,acc_12467
dev_12468_0,acc_12468
dev_12469_0,acc_12469
dev_12470_0,acc_12470
dev_12471_0,acc_12471
dev_12471_1,acc_12471
dev_12472_0,acc_12472
dev_12472_1,acc_12472
dev_12473_0,acc_12473
dev_12474_0,acc_12474
dev_12475_0,acc_12475
dev_12476_0,acc_12476
dev_12477_0,acc_12477
dev_12478_0,acc_12478
dev_12478_1,acc_12478
dev_12479_0,acc_12479
dev_12480_0,acc_12480
dev_12481_0,acc_12481
dev_12482_0,acc_12482
dev_12483_0,acc_12483
dev_12484_0,acc_12484
dev_12485_0,acc_12485
dev_12486_0,acc_12486
dev_12487_0,acc_12487
dev_12488_0,acc_12488
dev_12489_0,acc_12489
dev_12490_0,acc_12490
dev_12491_0,acc_12491
dev_12492_0,acc_12492
dev_12493_0,acc_12493
dev_12494_0,acc_12494
dev_12495_0,acc_12495
dev_12496_0,acc_12496
dev_12497_0,acc_12497
dev_12498_0,acc_12498
dev_12499_0,acc_12499
dev_12499_1,acc_12499
dev_12500_0,acc_12500
dev_12501_0,acc_12501
dev_12501_1,acc_12501
dev_12502_0,acc_12502
dev_12503_0,acc_12503
dev_12504_0,acc_12504
dev_12505_0,acc_12505
dev_12506_0,acc_12506
dev_12507_0,acc_12507
dev_12508_0,acc_12508
dev_12509_0,acc_12509
dev_12510_0,acc_12510
dev_12511_0,acc_12511
dev_12512_0,acc_12512
dev_12513_0,acc_12513
dev_12514_0,acc_12514
dev_12515_0,acc_12515
dev_12516_0,acc_12516
dev_12517_0,acc_12517
dev_12518_0,acc_12518
dev_12519_0,acc_12519
dev_12520_0,acc_12520
dev_12521_0,acc_12521
dev_12522_0,acc_12522
dev_12523_0,acc_12523
dev_12524_0,acc_12524
dev_12525_0,acc_12525
dev_12526_0,acc_12526
dev_12527_0,acc_12527
dev_12528_0,acc_12528
dev_12529_0,acc_12529
dev_12530_0,acc_12530
dev_12531_0,acc_12531
dev_12532_0,acc_12532
dev_12533_0,acc_12533
dev_12534_0,acc_12534
dev_12535_0,acc_12535
dev_12536_0,acc_12536
dev_12537_0,acc_12537
dev_12538_0,acc_12538
dev_12539_0,acc_12539
dev_12540_0,acc_12540
dev_12540_1,acc_12540
dev_12541_0,acc_12541
dev_12542_0,acc_12542
dev_12543_0,acc_12543
dev_12544_0,acc_12544
dev_12545_0,acc_12545
dev_12546_0,acc_12546
dev_12547_0,acc_12547
dev_12548_0,acc_12548
dev_12549_0,acc_12549
dev_12550_0,acc_12550
dev_12551_0,acc_12551
dev_12552_0,acc_12552
dev_12552_1,acc_12552
dev_12553_0,acc_12553
dev_12554_0,acc_12554
dev_12555_0,acc_12555
dev_12556_0,acc_12556
dev_12557_0,acc_12557
dev_12558_0,acc_12558
dev_12559_0,acc_12559
dev_12560_0,acc_12560
dev_12561_0,acc_12561
dev_12562_0,acc_12562
dev_12563_0,acc_12563
dev_12564_0,acc_12564
dev_12565_0,acc_12565
dev_12566_0,acc_12566
dev_12567_0,acc_12567
dev_12568_0,acc_12568
dev_12568_1,acc_12568
dev_12569_0,acc_12569
dev_12570_0,acc_12570
dev_12571_0,acc_12571
dev_12572_0,acc_12572
dev_12573_0,acc_12573
dev_12574_0,acc_12574
dev_12575_0,acc_12575
dev_12576_0,acc_12576
dev_12577_0,acc_12577
dev_12578_0,acc_12578
dev_12579_0,acc_12579
dev_12580_0,acc_12580
dev_12581_0,acc_12581
dev_12582_0,acc_12582
dev_12583_0,acc_12583
dev_12584_0,acc_12584
dev_12585_0,acc_12585
dev_12586_0,acc_12586
dev_12587_0,acc_12587
dev_12588_0,acc_12588
dev_12589_0,acc_12589
dev_12590_0,acc_12590
dev_12591_0,acc_12591
dev_12592_0,acc_12592
dev_12593_0,acc_12593
dev_12594_0,acc_12594
dev_12595_0,acc_12595
dev_12595_1,acc_12595
dev_12596_0,acc_12596
dev_12597_0,acc_12597
dev_12598_0,acc_12598
dev_12599_0,acc_12599
dev_12600_0,acc_12600
dev_12601_0,acc_12601
dev_12602_0,acc_12602
dev_12603_0,acc_12603
dev_12604_0,acc_12604
dev_12605_0,acc_12605
dev_12606_0,acc_12606
dev_12607_0,acc_12607
dev_12608_0,acc_12608
dev_12609_0,acc_12609
dev_12610_0,acc_12610
dev_12611_0,acc_12611
dev_12612_0,acc_12612
dev_12612_1,acc_12612
dev_12613_0,acc_12613
dev_12614_0,acc_12614
dev_12615_0,acc_12615
dev_12616_0,acc_12616
dev_12617_0,acc_12617
dev_12618_0,acc_12618
dev_12619_0,acc_12619
dev_12620_0,acc_12620
dev_12620_1,acc_12620
dev_12621_0,acc_12621
dev_12622_0,acc_12622
dev_12623_0,acc_12623
dev_12624_0,acc_12624
dev_12625_0,acc_12625
dev_12625_1,acc_12625
dev_12626_0,acc_12626
dev_12627_0,acc_12627
dev_12628_0,acc_12628
dev_12629_0,acc_12629
dev_12630_0,acc_12630
dev_12631_0,acc_12631
dev_12632_0,acc_12632
dev_12633_0,acc_12633
dev_12634_0,acc_12634
dev_12635_0,acc_12635
dev_12636_0,acc_12636
dev_12637_0,acc_12637
dev_12637_1,acc_12637
dev_12638_0,acc_12638
dev_12639_0,acc_12639
dev_12640_0,acc_12640
dev_12641_0,acc_12641
dev_12642_0,acc_12642
dev_12643_0,acc_12643
dev_12644_0,acc_12644
dev_12645_0,acc_12645
dev_12646_0,acc_12646
dev_12647_0,acc_12647
dev_12648_0,acc_12648
dev_12649_0,acc_12649
dev_12650_0,acc_12650
dev_12651_0,acc_12651
dev_12652_0,acc_12652
dev_12653_0,acc_12653
dev_12654_0,acc_12654
dev_12655_0,acc_12655
dev_12656_0,acc_12656
dev_12657_0,acc_12657
dev_12658_0,acc_12658
dev_12659_0,acc_12659
dev_12660_0,acc_12660
dev_12661_0,acc_12661
dev_12662_0,acc_12662
dev_12663_0,acc_12663
dev_12664_0,acc_12664
dev_12665_0,acc_12665
dev_12666_0,acc_12666
dev_12667_0,acc_12667
dev_12668_0,acc_12668
dev_12669_0,acc_12669
dev_12670_0,acc_12670
dev_12671_0,acc_12671
dev_12672_0,acc_12672
dev_12673_0,acc_12673
dev_12674_0,acc_12674
dev_12675_0,acc_12675
dev_12676_0,acc_12676
dev_12677_0,acc_12677
dev_12678_0,acc_12678
dev_12679_0,acc_12679
dev_12680_0,acc_12680
dev_12681_0,acc_12681
dev_12682_0,acc_12682
dev_12683_0,acc_12683
dev_12684_0,acc_12684
dev_12685_0,acc_12685
dev_12686_0,acc_12686
dev_12687_0,acc_12687
dev_12687_1,acc_12687
dev_12688_0,acc_12688
dev_12689_0,acc_12689
dev_12690_0,acc_12690
dev_12691_0,acc_12691
dev_12692_0,acc_12692
dev_12693_0,acc_12693
dev_12694_0,acc_12694
dev_12695_0,acc_12695
dev_12696_0,acc_12696
dev_12696_1,acc_12696
dev_12697_0,acc_12697
dev_12698_0,acc_12698
dev_12699_0,acc_12699
dev_12700_0,acc_12700
dev_12701_0,acc_12701
dev_12702_0,acc_12702
dev_12703_0,acc_12703
dev_12704_0,acc_12704
dev_12705_0,acc_12705
dev_12706_0,acc_12706
dev_12707_0,acc_12707
dev_12708_0,acc_12708
dev_12709_0,acc_12709
dev_12710_0,acc_12710
dev_12711_0,acc_12711
dev_12712_0,acc_12712
dev_12713_0,acc_12713
dev_12714_0,acc_12714
dev_12715_0,acc_12715
dev_12716_0,acc_12716
dev_12717_0,acc_12717
dev_12718_0,acc_12718
dev_12719_0,acc_12719
dev_12720_0,acc_12720
dev_12721_0,acc_12721
dev_12722_0,acc_12722
dev_12723_0,acc_12723
dev_12724_0,acc_12724
dev_12724_1,acc_12724
dev_12725_0,acc_12725
dev_12726_0,acc_12726
dev_12727_0,acc_12727
dev_12728_0,acc_12728
dev_12729_0,acc_12729
dev_12730_0,acc_12730
dev_12731_0,acc_12731
dev_12732_0,acc_12732
dev_12733_0,acc_12733
dev_12734_0,acc_12734
dev_12735_0,acc_12735
dev_12736_0,acc_12736
dev_12737_0,acc_12737
dev_12738_0,acc_12738
dev_12739_0,acc_12739
dev_12740_0,acc_12740
dev_12741_0,acc_12741
dev_12742_0,acc_12742
dev_12743_0,acc_12743
dev_12744_0,acc_12744
dev_12745_0,acc_12745
dev_12746_0,acc_12746
dev_12747_0,acc_12747
dev_12748_0,acc_12748
dev_12749_0,acc_12749
dev_12750_0,acc_12750
dev_12751_0,acc_12751
dev_12752_0,acc_12752
dev_12753_0,acc_12753
dev_12754_0,acc_12754
dev_12755_0,acc_12755
dev_12756_0,acc_12756
dev_12757_0,acc_12757
dev_12758_0,acc_12758
dev_12759_0,acc_12759
dev_12760_0,acc_12760
dev_12761_0,acc_12761
dev_12762_0,acc_12762
dev_12763_0,acc_12763
dev_12764_0,acc_12764
dev_12765_0,acc_12765
dev_12766_0,acc_12766
dev_12767_0,acc_12767
dev_12768_0,acc_12768
dev_12769_0,acc_12769
dev_12770_0,acc_12770
dev_12771_0,acc_12771
dev_12772_0,acc_12772
dev_12773_0,acc_12773
dev_12774_0,acc_12774
dev_12775_0,acc_12775
dev_12776_0,acc_12776
dev_12777_0,acc_12777
dev_12778_0,acc_12778
dev_12779_0,acc_12779
dev_12780_0,acc_12780
dev_12781_0,acc_12781
dev_12782_0,acc_12782
dev_12783_0,acc_12783
dev_12784_0,acc_12784
dev_12785_0,acc_12785
dev_12786_0,acc_12786
dev_12787_0,acc_12787
dev_12788_0,acc_12788
dev_12789_0,acc_12789
dev_12789_1,acc_12789
dev_12790_0,acc_12790
dev_12791_0,acc_12791
dev_12792_0,acc_12792
dev_12793_0,acc_12793
dev_12794_0,acc_12794
dev_12795_0,acc_12795
dev_12796_0,acc_12796
dev_12797_0,acc_12797
dev_12798_0,acc_12798
dev_12799_0,acc_12799
dev_12800_0,acc_12800
dev_12801_0,acc_12801
dev_12802_0,acc_12802
dev_12803_0,acc_12803
dev_12804_0,acc_12804
dev_12805_0,acc_12805
dev_12806_0,acc_12806
dev_12807_0,acc_12807
dev_12808_0,acc_12808
dev_12809_0,acc_12809
dev_12810_0,acc_12810
dev_12811_0,acc_12811
dev_12812_0,acc_12812
dev_12813_0,acc_12813
dev_12814_0,acc_12814
dev_12815_0,acc_12815
dev_12816_0,acc_12816
dev_12817_0,acc_12817
dev_12817_1,acc_12817
dev_12818_0,acc_12818
dev_12819_0,acc_12819
dev_12820_0,acc_12820
dev_12821_0,acc_12821
dev_12822_0,acc_12822
dev_12823_0,acc_12823
dev_12824_0,acc_12824
dev_12825_0,acc_12825
dev_12826_0,acc_12826
dev_12827_0,acc_12827
dev_12828_0,acc_12828
dev_12829_0,acc_12829
dev_12830_0,acc_12830
dev_12831_0,acc_12831
dev_12832_0,acc_12832
dev_12833_0,acc_12833
dev_12834_0,acc_12834
dev_12835_0,acc_12835
dev_12836_0,acc_12836
dev_12837_0,acc_12837
dev_12838_0,acc_12838
dev_12839_0,acc_12839
dev_12839_1,acc_12839
dev_12840_0,acc_12840
dev_12841_0,acc_12841
dev_12842_0,acc_12842
dev_12843_0,acc_12843
dev_12844_0,acc_12844
dev_12845_0,acc_12845
dev_12846_0,acc_12846
dev_12847_0,acc_12847
dev_12848_0,acc_12848
dev_12849_0,acc_12849
dev_12850_0,acc_12850
dev_12851_0,acc_12851
dev_12852_0,acc_12852
dev_12853_0,acc_12853
dev_12854_0,acc_12854
dev_12855_0,acc_12855
dev_12856_0,acc_12856
dev_12857_0,acc_12857
dev_12858_0,acc_12858
dev_12859_0,acc_12859
dev_12860_0,acc_12860
dev_12861_0,acc_12861
dev_12861_1,acc_12861
dev_12862_0,acc_12862
dev_12863_0,acc_12863
dev_12864_0,acc_12864
dev_12865_0,acc_12865
dev_12866_0,acc_12866
dev_12867_0,acc_12867
dev_12868_0,acc_12868
dev_12869_0,acc_12869
dev_12870_0,acc_12870
dev_12871_0,acc_12871
dev_12872_0,acc_12872
dev_12873_0,acc_12873
dev_12874_0,acc_12874
dev_12875_0,acc_12875
dev_12876_0,acc_12876
dev_12877_0,acc_12877
dev_12878_0,acc_12878
dev_12879_0,acc_12879
dev_12880_0,acc_12880
dev_12881_0,acc_12881
dev_12882_0,acc_12882
dev_12883_0,acc_12883
dev_12884_0,acc_12884
dev_12885_0,acc_12885
dev_12886_0,acc_12886
dev_12887_0,acc_12887
dev_12888_0,acc_12888
dev_12889_0,acc_12889
dev_12890_0,acc_12890
dev_12891_0,acc_12891
dev_12892_0,acc_12892
dev_12893_0,acc_12893
dev_12894_0,acc_12894
dev_12895_0,acc_12895
dev_12896_0,acc_12896
dev_12897_0,acc_12897
dev_12898_0,acc_12898
dev_12899_0,acc_12899
dev_12900_0,acc_12900
dev_12901_0,acc_12901
dev_12902_0,acc_12902
dev_12903_0,acc_12903
dev_12904_0,acc_12904
dev_12905_0,acc_12905
dev_12906_0,acc_12906
dev_12907_0,acc_12907
dev_12908_0,acc_12908
dev_12909_0,acc_12909
dev_12910_0,acc_12910
dev_12911_0,acc_12911
dev_12912_0,acc_12912
dev_12913_0,acc_12913
dev_12914_0,acc_12914
dev_12915_0,acc_12915
dev_12916_0,acc_12916
dev_12917_0,acc_12917
dev_12918_0,acc_12918
dev_12919_0,acc_12919
dev_12920_0,acc_12920
dev_12921_0,acc_12921
dev_12922_0,acc_12922
dev_12923_0,acc_12923
dev_12924_0,acc_12924
dev_12925_0,acc_12925
dev_12926_0,acc_12926
dev_12927_0,acc_12927
dev_12928_0,acc_12928
dev_12929_0,acc_12929
dev_12930_0,acc_12930
dev_12931_0,acc_12931
dev_12932_0,acc_12932
dev_12933_0,acc_12933
dev_12934_0,acc_12934
dev_12934_1,acc_12934
dev_12935_0,acc_12935
dev_12936_0,acc_12936
dev_12937_0,acc_12937
dev_12938_0,acc_12938
dev_12939_0,acc_12939
dev_12940_0,acc_12940
dev_12941_0,acc_12941
dev_12942_0,acc_12942
dev_12943_0,acc_12943
dev_12944_0,acc_12944
dev_12945_0,acc_12945
dev_12946_0,acc_12946
dev_12947_0,acc_12947
dev_12948_0,acc_12948
dev_12949_0,acc_12949
dev_12950_0,acc_12950
dev_12951_0,acc_12951
dev_12952_0,acc_12952
dev_12953_0,acc_12953
dev_12954_0,acc_12954
dev_12955_0,acc_12955
dev_12956_0,acc_12956
dev_12957_0,acc_12957
dev_12958_0,acc_12958
dev_12959_0,acc_12959
dev_12960_0,acc_12960
dev_12961_0,acc_12961
dev_12962_0,acc_12962
dev_12963_0,acc_12963
dev_12964_0,acc_12964
dev_12964_1,acc_12964
dev_12965_0,acc_12965
dev_12966_0,acc_12966
dev_12967_0,acc_12967
dev_12968_0,acc_12968
dev_12969_0,acc_12969
dev_12970_0,acc_12970
dev_12971_0,acc_12971
dev_12972_0,acc_12972
dev_12973_0,acc_12973
dev_12974_0,acc_12974
dev_12975_0,acc_12975
dev_12976_0,acc_12976
dev_12977_0,acc_12977
dev_12978_0,acc_12978
dev_12979_0,acc_12979
dev_12980_0,acc_12980
dev_12981_0,acc_12981
dev_12982_0,acc_12982
dev_12983_0,acc_12983
dev_12984_0,acc_12984
dev_12985_0,acc_12985
dev_12986_0,acc_12986
dev_12987_0,acc_12987
dev_12987_1,acc_12987
dev_12988_0,acc_12988
dev_12989_0,acc_12989
dev_12990_0,acc_12990
dev_12991_0,acc_12991
dev_12991_1,acc_12991
dev_12992_0,acc_12992
dev_12993_0,acc_12993
dev_12994_0,acc_12994
dev_12995_0,acc_12995
dev_12996_0,acc_12996
dev_12997_0,acc_12997
dev_12998_0,acc_12998
dev_12999_0,acc_12999
dev_13000_0,acc_13000
dev_13001_0,acc_13001
dev_13002_0,acc_13002
dev_13003_0,acc_13003
dev_13004_0,acc_13004
dev_13005_0,acc_13005
dev_13006_0,acc_13006
dev_13007_0,acc_13007
dev_13008_0,acc_13008
dev_13009_0,acc_13009
dev_13010_0,acc_13010
dev_13011_0,acc_13011
dev_13012_0,acc_13012
dev_13013_0,acc_13013
dev_13014_0,acc_13014
dev_13015_0,acc_13015
dev_13016_0,acc_13016
dev_13017_0,acc_13017
dev_13018_0,acc_13018
dev_13019_0,acc_13019
dev_13020_0,acc_13020
dev_13021_0,acc_13021
dev_13022_0,acc_13022
dev_13023_0,acc_13023
dev_13024_0,acc_13024
dev_13025_0,acc_13025
dev_13026_0,acc_13026
dev_13027_0,acc_13027
dev_13028_0,acc_13028
dev_13029_0,acc_13029
dev_13030_0,acc_13030
dev_13031_0,acc_13031
dev_13032_0,acc_13032
dev_13033_0,acc_13033
dev_13034_0,acc_13034
dev_13035_0,acc_13035
dev_13035_1,acc_13035
dev_13036_0,acc_13036
dev_13037_0,acc_13037
dev_13038_0,acc_13038
dev_13039_0,acc_13039
dev_13040_0,acc_13040
dev_13041_0,acc_13041
dev_13042_0,acc_13042
dev_13043_0,acc_13043
dev_13044_0,acc_13044
dev_13045_0,acc_13045
dev_13046_0,acc_13046
dev_13046_1,acc_13046
dev_13047_0,acc_13047
dev_13048_0,acc_13048
dev_13049_0,acc_13049
dev_13050_0,acc_13050
dev_13051_0,acc_13051
dev_13052_0,acc_13052
dev_13053_0,acc_13053
dev_13054_0,acc_13054
dev_13055_0,acc_13055
dev_13056_0,acc_13056
dev_13057_0,acc_13057
dev_13058_0,acc_13058
dev_13059_0,acc_13059
dev_13060_0,acc_13060
dev_13061_0,acc_13061
dev_13062_0,acc_13062
dev_13063_0,acc_13063
dev_13064_0,acc_13064
dev_13065_0,acc_13065
dev_13066_0,acc_13066
dev_13067_0,acc_13067
dev_13068_0,acc_13068
dev_13069_0,acc_13069
dev_13070_0,acc_13070
dev_13071_0,acc_13071
dev_13072_0,acc_13072
dev_13073_0,acc_13073
dev_13074_0,acc_13074
dev_13075_0,acc_13075
dev_13076_0,acc_13076
dev_13077_0,acc_13077
dev_13078_0,acc_13078
dev_13079_0,acc_13079
dev_13080_0,acc_13080
dev_13081_0,acc_13081
dev_13082_0,acc_13082
dev_13083_0,acc_13083
dev_13084_0,acc_13084
dev_13085_0,acc_13085
dev_13086_0,acc_13086
dev_13087_0,acc_13087
dev_13088_0,acc_13088
dev_13089_0,acc_13089
dev_13090_0,acc_13090
dev_13091_0,acc_13091
dev_13092_0,acc_13092
dev_13093_0,acc_13093
dev_13094_0,acc_13094
dev_13095_0,acc_13095
dev_13096_0,acc_13096
dev_13097_0,acc_13097
dev_13098_0,acc_13098
dev_13099_0,acc_13099
dev_13100_0,acc_13100
dev_13101_0,acc_13101
dev_13102_0,acc_13102
dev_13103_0,acc_13103
dev_13104_0,acc_13104
dev_13105_0,acc_13105
dev_13106_0,acc_13106
dev_13107_0,acc_13107
dev_13108_0,acc_13108
dev_13109_0,acc_13109
dev_13110_0,acc_13110
dev_13111_0,acc_13111
dev_13112_0,acc_13112
dev_13113_0,acc_13113
dev_13114_0,acc_13114
dev_13115_0,acc_13115
dev_13116_0,acc_13116
dev_13116_1,acc_13116
dev_13117_0,acc_13117
dev_13118_0,acc_13118
dev_13119_0,acc_13119
dev_13120_0,acc_13120
dev_13121_0,acc_13121
dev_13122_0,acc_13122
dev_13123_0,acc_13123
dev_13124_0,acc_13124
dev_13125_0,acc_13125
dev_13126_0,acc_13126
dev_13127_0,acc_13127
dev_13128_0,acc_13128
dev_13129_0,acc_13129
dev_13130_0,acc_13130
dev_13131_0,acc_13131
dev_13132_0,acc_13132
dev_13133_0,acc_13133
dev_13134_0,acc_13134
dev_13135_0,acc_13135
dev_13136_0,acc_13136
dev_13137_0,acc_13137
dev_13138_0,acc_13138
dev_13138_1,acc_13138
dev_13139_0,acc_13139
dev_13140_0,acc_13140
dev_13141_0,acc_13141
dev_13142_0,acc_13142
dev_13143_0,acc_13143
dev_13144_0,acc_13144
dev_13145_0,acc_13145
dev_13146_0,acc_13146
dev_13147_0,acc_13147
dev_13148_0,acc_13148
dev_13149_0,acc_13149
dev_13150_0,acc_13150
dev_13151_0,acc_13151
dev_13152_0,acc_13152
dev_13153_0,acc_13153
dev_13153_1,acc_13153
dev_13154_0,acc_13154
dev_13155_0,acc_13155
dev_13156_0,acc_13156
dev_13157_0,acc_13157
dev_13157_1,acc_13157
dev_13158_0,acc_13158
dev_13159_0,acc_13159
dev_13160_0,acc_13160
dev_13161_0,acc_13161
dev_13162_0,acc_13162
dev_13163_0,acc_13163
dev_13164_0,acc_13164
dev_13165_0,acc_13165
dev_13166_0,acc_13166
dev_13167_0,acc_13167
dev_13168_0,acc_13168
dev_13169_0,acc_13169
dev_13170_0,acc_13170
dev_13171_0,acc_13171
dev_13172_0,acc_13172
dev_13173_0,acc_13173
dev_13174_0,acc_13174
dev_13175_0,acc_13175
dev_13176_0,acc_13176
dev_13177_0,acc_13177
dev_13178_0,acc_13178
dev_13179_0,acc_13179
dev_13180_0,acc_13180
dev_13181_0,acc_13181
dev_13182_0,acc_13182
dev_13183_0,acc_13183
dev_13184_0,acc_13184
dev_13185_0,acc_13185
dev_13186_0,acc_13186
dev_13187_0,acc_13187
dev_13188_0,acc_13188
dev_13189_0,acc_13189
dev_13190_0,acc_13190
dev_13191_0,acc_13191
dev_13192_0,acc_13192
dev_13193_0,acc_13193
dev_13194_0,acc_13194
dev_13195_0,acc_13195
dev_13196_0,acc_13196
dev_13197_0,acc_13197
dev_13198_0,acc_13198
dev_13199_0,acc_13199
dev_13200_0,acc_13200
dev_13201_0,acc_13201
dev_13202_0,acc_13202
dev_13203_0,acc_13203
dev_13204_0,acc_13204
dev_13205_0,acc_13205
dev_13206_0,acc_13206
dev_13207_0,acc_13207
dev_13208_0,acc_13208
dev_13209_0,acc_13209
dev_13210_0,acc_13210
dev_13211_0,acc_13211
dev_13212_0,acc_13212
dev_13213_0,acc_13213
dev_13213_1,acc_13213
dev_13214_0,acc_13214
dev_13215_0,acc_13215
dev_13216_0,acc_13216
dev_13217_0,acc_13217
dev_13218_0,acc_13218
dev_13219_0,acc_13219
dev_13220_0,acc_13220
dev_13221_0,acc_13221
dev_13222_0,acc_13222
dev_13222_1,acc_13222
dev_13223_0,acc_13223
dev_13224_0,acc_13224
dev_13225_0,acc_13225
dev_13226_0,acc_13226
dev_13227_0,acc_13227
dev_13228_0,acc_13228
dev_13229_0,acc_13229
dev_13230_0,acc_13230
dev_13231_0,acc_13231
dev_13232_0,acc_13232
dev_13233_0,acc_13233
dev_13233_1,acc_13233
dev_13234_0,acc_13234
dev_13235_0,acc_13235
dev_13236_0,acc_13236
dev_13237_0,acc_13237
dev_13238_0,acc_13238
dev_13239_0,acc_13239
dev_13240_0,acc_13240
dev_13241_0,acc_13241
dev_13242_0,acc_13242
dev_13243_0,acc_13243
dev_13244_0,acc_13244
dev_13245_0,acc_13245
dev_13246_0,acc_13246
dev_13247_0,acc_13247
dev_13248_0,acc_13248
dev_13249_0,acc_13249
dev_13250_0,acc_13250
dev_13251_0,acc_13251
dev_13252_0,acc_13252
dev_13253_0,acc_13253
dev_13254_0,acc_13254
dev_13255_0,acc_13255
dev_13256_0,acc_13256
dev_13257_0,acc_13257
dev_13258_0,acc_13258
dev_13258_1,acc_13258
dev_13259_0,acc_13259
dev_13260_0,acc_13260
dev_13261_0,acc_13261
dev_13262_0,acc_13262
dev_13263_0,acc_13263
dev_13264_0,acc_13264
dev_13265_0,acc_13265
dev_13266_0,acc_13266
dev_13267_0,acc_13267
dev_13268_0,acc_13268
dev_13269_0,acc_13269
dev_13270_0,acc_13270
dev_13271_0,acc_13271
dev_13272_0,acc_13272
dev_13273_0,acc_13273
dev_13274_0,acc_13274
dev_13275_0,acc_13275
dev_13276_0,acc_13276
dev_13277_0,acc_13277
dev_13278_0,acc_13278
dev_13279_0,acc_13279
dev_13280_0,acc_13280
dev_13281_0,acc_13281
dev_13282_0,acc_13282
dev_13283_0,acc_13283
dev_13284_0,acc_13284
dev_13285_0,acc_13285
dev_13286_0,acc_13286
dev_13287_0,acc_13287
dev_13288_0,acc_13288
dev_13289_0,acc_13289
dev_13290_0,acc_13290
dev_13291_0,acc_13291
dev_13292_0,acc_13292
dev_13293_0,acc_13293
dev_13294_0,acc_13294
dev_13295_0,acc_13295
dev_13296_0,acc_13296
dev_13297_0,acc_13297
dev_13298_0,acc_13298
dev_13299_0,acc_13299
dev_13300_0,acc_13300
dev_13301_0,acc_13301
dev_13302_0,acc_13302
dev_13303_0,acc_13303
dev_13304_0,acc_13304
dev_13305_0,acc_13305
dev_13306_0,acc_13306
dev_13307_0,acc_13307
dev_13308_0,acc_13308
dev_13309_0,acc_13309
dev_13310_0,acc_13310
dev_13311_0,acc_13311
dev_13312_0,acc_13312
dev_13313_0,acc_13313
dev_13314_0,acc_13314
dev_13315_0,acc_13315
dev_13316_0,acc_13316
dev_13317_0,acc_13317
dev_13317_1,acc_13317
dev_13318_0,acc_13318
dev_13319_0,acc_13319
dev_13320_0,acc_13320
dev_13321_0,acc_13321
dev_13322_0,acc_13322
dev_13323_0,acc_13323
dev_13324_0,acc_13324
dev_13325_0,acc_13325
dev_13326_0,acc_13326
dev_13327_0,acc_13327
dev_13328_0,acc_13328
dev_13329_0,acc_13329
dev_13330_0,acc_13330
dev_13331_0,acc_13331
dev_13332_0,acc_13332
dev_13333_0,acc_13333
dev_13334_0,acc_13334
dev_13335_0,acc_13335
dev_13336_0,acc_13336
dev_13337_0,acc_13337
dev_13338_0,acc_13338
dev_13339_0,acc_13339
dev_13340_0,acc_13340
dev_13341_0,acc_13341
dev_13342_0,acc_13342
dev_13343_0,acc_13343
dev_13344_0,acc_13344
dev_13345_0,acc_13345
dev_13346_0,acc_13346
dev_13347_0,acc_13347
dev_13348_0,acc_13348
dev_13349_0,acc_13349
dev_13350_0,acc_13350
dev_13351_0,acc_13351
dev_13352_0,acc_13352
dev_13353_0,acc_13353
dev_13354_0,acc_13354
dev_13355_0,acc_13355
dev_13356_0,acc_13356
dev_13357_0,acc_13357
dev_13358_0,acc_13358
dev_13359_0,acc_13359
dev_13360_0,acc_13360
dev_13361_0,acc_13361
dev_13362_0,acc_13362
dev_13363_0,acc_13363
dev_13364_0,acc_13364
dev_13364_1,acc_13364
dev_13365_0,acc_13365
dev_13366_0,acc_13366
dev_13367_0,acc_13367
dev_13368_0,acc_13368
dev_13369_0,acc_13369
dev_13370_0,acc_13370
dev_13371_0,acc_13371
dev_13372_0,acc_13372
dev_13373_0,acc_13373
dev_13373_1,acc_13373
dev_13374_0,acc_13374
dev_13375_0,acc_13375
dev_13376_0,acc_13376
dev_13377_0,acc_13377
dev_13378_0,acc_13378
dev_13379_0,acc_13379
dev_13380_0,acc_13380
dev_13381_0,acc_13381
dev_13382_0,acc_13382
dev_13383_0,acc_13383
dev_13384_0,acc_13384
dev_13385_0,acc_13385
dev_13386_0,acc_13386
dev_13387_0,acc_13387
dev_13388_0,acc_13388
dev_13389_0,acc_13389
dev_13390_0,acc_13390
dev_13391_0,acc_13391
dev_13392_0,acc_13392
dev_13393_0,acc_13393
dev_13394_0,acc_13394
dev_13395_0,acc_13395
dev_13396_0,acc_13396
dev_13397_0,acc_13397
dev_13398_0,acc_13398
dev_13399_0,acc_13399
dev_13400_0,acc_13400
dev_13401_0,acc_13401
dev_13402_0,acc_13402
dev_13402_1,acc_13402
dev_13403_0,acc_13403
dev_13404_0,acc_13404
dev_13405_0,acc_13405
dev_13406_0,acc_13406
dev_13407_0,acc_13407
dev_13408_0,acc_13408
dev_13409_0,acc_13409
dev_13410_0,acc_13410
dev_13411_0,acc_13411
dev_13412_0,acc_13412
dev_13413_0,acc_13413
dev_13414_0,acc_13414
dev_13415_0,acc_13415
dev_13415_1,acc_13415
dev_13416_0,acc_13416
dev_13417_0,acc_13417
dev_13418_0,acc_13418
dev_13419_0,acc_13419
dev_13420_0,acc_13420
dev_13421_0,acc_13421
dev_13422_0,acc_13422
dev_13423_0,acc_13423
dev_13424_0,acc_13424
dev_13425_0,acc_13425
dev_13426_0,acc_13426
dev_13427_0,acc_13427
dev_13428_0,acc_13428
dev_13429_0,acc_13429
dev_13430_0,acc_13430
dev_13431_0,acc_13431
dev_13432_0,acc_13432
dev_13433_0,acc_13433
dev_13434_0,acc_13434
dev_13435_0,acc_13435
dev_13436_0,acc_13436
dev_13437_0,acc_13437
dev_13438_0,acc_13438
dev_13439_0,acc_13439
dev_13440_0,acc_13440
dev_13441_0,acc_13441
dev_13442_0,acc_13442
dev_13443_0,acc_13443
dev_13444_0,acc_13444
dev_13445_0,acc_13445
dev_13446_0,acc_13446
dev_13447_0,acc_13447
dev_13448_0,acc_13448
dev_13449_0,acc_13449
dev_13450_0,acc_13450
dev_13451_0,acc_13451
dev_13452_0,acc_13452
dev_13453_0,acc_13453
dev_13454_0,acc_13454
dev_13455_0,acc_13455
dev_13456_0,acc_13456
dev_13457_0,acc_13457
dev_13458_0,acc_13458
dev_13459_0,acc_13459
dev_13460_0,acc_13460
dev_13461_0,acc_13461
dev_13462_0,acc_13462
dev_13463_0,acc_13463
dev_13464_0,acc_13464
dev_13465_0,acc_13465
dev_13466_0,acc_13466
dev_13467_0,acc_13467
dev_13468_0,acc_13468
dev_13469_0,acc_13469
dev_13470_0,acc_13470
dev_13471_0,acc_13471
dev_13472_0,acc_13472
dev_13473_0,acc_13473
dev_13474_0,acc_13474
dev_13475_0,acc_13475
dev_13476_0,acc_13476
dev_13477_0,acc_13477
dev_13478_0,acc_13478
dev_13479_0,acc_13479
dev_13480_0,acc_13480
dev_13481_0,acc_13481
dev_13482_0,acc_13482
dev_13483_0,acc_13483
dev_13484_0,acc_13484
dev_13485_0,acc_13485
dev_13486_0,acc_13486
dev_13487_0,acc_13487
dev_13488_0,acc_13488
dev_13488_1,acc_13488
dev_13489_0,acc_13489
dev_13490_0,acc_13490
dev_13491_0,acc_13491
dev_13492_0,acc_13492
dev_13493_0,acc_13493
dev_13494_0,acc_13494
dev_13495_0,acc_13495
dev_13496_0,acc_13496
dev_13497_0,acc_13497
dev_13498_0,acc_13498
dev_13499_0,acc_13499
dev_13500_0,acc_13500
dev_13501_0,acc_13501
dev_13502_0,acc_13502
dev_13503_0,acc_13503
dev_13504_0,acc_13504
dev_13505_0,acc_13505
dev_13506_0,acc_13506
dev_13507_0,acc_13507
dev_13508_0,acc_13508
dev_13508_1,acc_13508
dev_13509_0,acc_13509
dev_13510_0,acc_13510
dev_13511_0,acc_13511
dev_13512_0,acc_13512
dev_13512_1,acc_13512
dev_13513_0,acc_13513
dev_13514_0,acc_13514
dev_13515_0,acc_13515
dev_13516_0,acc_13516
dev_13517_0,acc_13517
dev_13518_0,acc_13518
dev_13519_0,acc_13519
dev_13519_1,acc_13519
dev_13520_0,acc_13520
dev_13521_0,acc_13521
dev_13522_0,acc_13522
dev_13523_0,acc_13523
dev_13524_0,acc_13524
dev_13525_0,acc_13525
dev_13526_0,acc_13526
dev_13527_0,acc_13527
dev_13528_0,acc_13528
dev_13529_0,acc_13529
dev_13530_0,acc_13530
dev_13531_0,acc_13531
dev_13532_0,acc_13532
dev_13533_0,acc_13533
dev_13534_0,acc_13534
dev_13535_0,acc_13535
dev_13536_0,acc_13536
dev_13537_0,acc_13537
dev_13538_0,acc_13538
dev_13539_0,acc_13539
dev_13540_0,acc_13540
dev_13541_0,acc_13541
dev_13542_0,acc_13542
dev_13543_0,acc_13543
dev_13544_0,acc_13544
dev_13545_0,acc_13545
dev_13546_0,acc_13546
dev_13547_0,acc_13547
dev_13548_0,acc_13548
dev_13549_0,acc_13549
dev_13550_0,acc_13550
dev_13551_0,acc_13551
dev_13552_0,acc_13552
dev_13553_0,acc_13553
dev_13554_0,acc_13554
dev_13555_0,acc_13555
dev_13555_1,acc_13555
dev_13556_0,acc_13556
dev_13557_0,acc_13557
dev_13558_0,acc_13558
dev_13559_0,acc_13559
dev_13560_0,acc_13560
dev_13561_0,acc_13561
dev_13562_0,acc_13562
dev_13563_0,acc_13563
dev_13564_0,acc_13564
dev_13565_0,acc_13565
dev_13566_0,acc_13566
dev_13567_0,acc_13567
dev_13568_0,acc_13568
dev_13569_0,acc_13569
dev_13570_0,acc_13570
dev_13571_0,acc_13571
dev_13572_0,acc_13572
dev_13573_0,acc_13573
dev_13574_0,acc_13574
dev_13575_0,acc_13575
dev_13576_0,acc_13576
dev_13577_0,acc_13577
dev_13578_0,acc_13578
dev_13579_0,acc_13579
dev_13580_0,acc_13580
dev_13581_0,acc_13581
dev_13582_0,acc_13582
dev_13582_1,acc_13582
dev_13583_0,acc_13583
dev_13584_0,acc_13584
dev_13585_0,acc_13585
dev_13586_0,acc_13586
dev_13587_0,acc_13587
dev_13588_0,acc_13588
dev_13589_0,acc_13589
dev_13590_0,acc_13590
dev_13591_0,acc_13591
dev_13592_0,acc_13592
dev_13593_0,acc_13593
dev_13594_0,acc_13594
dev_13595_0,acc_13595
dev_13596_0,acc_13596
dev_13597_0,acc_13597
dev_13598_0,acc_13598
dev_13599_0,acc_13599
dev_13600_0,acc_13600
dev_13601_0,acc_13601
dev_13602_0,acc_13602
dev_13603_0,acc_13603
dev_13604_0,acc_13604
dev_13605_0,acc_13605
dev_13606_0,acc_13606
dev_13607_0,acc_13607
dev_13608_0,acc_13608
dev_13609_0,acc_13609
dev_13609_1,acc_13609
dev_13610_0,acc_13610
dev_13611_0,acc_13611
dev_13612_0,acc_13612
dev_13613_0,acc_13613
dev_13614_0,acc_13614
dev_13614_1,acc_13614
dev_13615_0,acc_13615
dev_13616_0,acc_13616
dev_13617_0,acc_13617
dev_13618_0,acc_13618
dev_13619_0,acc_13619
dev_13620_0,acc_13620
dev_13621_0,acc_13621
dev_13621_1,acc_13621
dev_13622_0,acc_13622
dev_13623_0,acc_13623
dev_13624_0,acc_13624
dev_13625_0,acc_13625
dev_13626_0,acc_13626
dev_13627_0,acc_13627
dev_13628_0,acc_13628
dev_13629_0,acc_13629
dev_13630_0,acc_13630
dev_13631_0,acc_13631
dev_13632_0,acc_13632
dev_13633_0,acc_13633
dev_13634_0,acc_13634
dev_13635_0,acc_13635
dev_13636_0,acc_13636
dev_13637_0,acc_13637
dev_13638_0,acc_13638
dev_13639_0,acc_13639
dev_13640_0,acc_13640
dev_13641_0,acc_13641
dev_13642_0,acc_13642
dev_13643_0,acc_13643
dev_13644_0,acc_13644
dev_13645_0,acc_13645
dev_13646_0,acc_13646
dev_13647_0,acc_13647
dev_13648_0,acc_13648
dev_13649_0,acc_13649
dev_13650_0,acc_13650
dev_13651_0,acc_13651
dev_13652_0,acc_13652
dev_13653_0,acc_13653
dev_13654_0,acc_13654
dev_13655_0,acc_13655
dev_13656_0,acc_13656
dev_13657_0,acc_13657
dev_13658_0,acc_13658
dev_13659_0,acc_13659
dev_13660_0,acc_13660
dev_13661_0,acc_13661
dev_13662_0,acc_13662
dev_13663_0,acc_13663
dev_13664_0,acc_13664
dev_13664_1,acc_13664
dev_13665_0,acc_13665
dev_13666_0,acc_13666
dev_13667_0,acc_13667
dev_13668_0,acc_13668
dev_13669_0,acc_13669
dev_13670_0,acc_13670
dev_13671_0,acc_13671
dev_13672_0,acc_13672
dev_13673_0,acc_13673
dev_13674_0,acc_13674
dev_13675_0,acc_13675
dev_13676_0,acc_13676
dev_13677_0,acc_13677
dev_13678_0,acc_13678
dev_13679_0,acc_13679
dev_13680_0,acc_13680
dev_13681_0,acc_13681
dev_13682_0,acc_13682
dev_13683_0,acc_13683
dev_13684_0,acc_13684
dev_13685_0,acc_13685
dev_13686_0,acc_13686
dev_13687_0,acc_13687
dev_13688_0,acc_13688
dev_13689_0,acc_13689
dev_13690_0,acc_13690
dev_13691_0,acc_13691
dev_13692_0,acc_13692
dev_13693_0,acc_13693
dev_13694_0,acc_13694
dev_13695_0,acc_13695
dev_13696_0,acc_13696
dev_13697_0,acc_13697
dev_13698_0,acc_13698
dev_13699_0,acc_13699
dev_13700_0,acc_13700
dev_13701_0,acc_13701
dev_13702_0,acc_13702
dev_13703_0,acc_13703
dev_13704_0,acc_13704
dev_13705_0,acc_13705
dev_13706_0,acc_13706
dev_13707_0,acc_13707
dev_13708_0,acc_13708
dev_13709_0,acc_13709
dev_13709_1,acc_13709
dev_13710_0,acc_13710
dev_13711_0,acc_13711
dev_13712_0,acc_13712
dev_13713_0,acc_13713
dev_13714_0,acc_13714
dev_13715_0,acc_13715
dev_13716_0,acc_13716
dev_13717_0,acc_13717
dev_13718_0,acc_13718
dev_13719_0,acc_13719
dev_13720_0,acc_13720
dev_13721_0,acc_13721
dev_13722_0,acc_13722
dev_13723_0,acc_13723
dev_13724_0,acc_13724
dev_13725_0,acc_13725
dev_13726_0,acc_13726
dev_13727_0,acc_13727
dev_13728_0,acc_13728
dev_13729_0,acc_13729
dev_13730_0,acc_13730
dev_13731_0,acc_13731
dev_13732_0,acc_13732
dev_13733_0,acc_13733
dev_13734_0,acc_13734
dev_13735_0,acc_13735
dev_13735_1,acc_13735
dev_13736_0,acc_13736
dev_13737_0,acc_13737
dev_13738_0,acc_13738
dev_13739_0,acc_13739
dev_13740_0,acc_13740
dev_13741_0,acc_13741
dev_13742_0,acc_13742
dev_13743_0,acc_13743
dev_13744_0,acc_13744
dev_13745_0,acc_13745
dev_13746_0,acc_13746
dev_13747_0,acc_13747
dev_13748_0,acc_13748
dev_13749_0,acc_13749
dev_13750_0,acc_13750
dev_13751_0,acc_13751
dev_13752_0,acc_13752
dev_13753_0,acc_13753
dev_13754_0,acc_13754
dev_13755_0,acc_13755
dev_13756_0,acc_13756
dev_13757_0,acc_13757
dev_13758_0,acc_13758
dev_13759_0,acc_13759
dev_13760_0,acc_13760
dev_13761_0,acc_13761
dev_13762_0,acc_13762
dev_13762_1,acc_13762
dev_13763_0,acc_13763
dev_13764_0,acc_13764
dev_13765_0,acc_13765
dev_13766_0,acc_13766
dev_13767_0,acc_13767
dev_13768_0,acc_13768
dev_13769_0,acc_13769
dev_13770_0,acc_13770
dev_13771_0,acc_13771
dev_13772_0,acc_13772
dev_13773_0,acc_13773
dev_13774_0,acc_13774
dev_13775_0,acc_13775
dev_13776_0,acc_13776
dev_13777_0,acc_13777
dev_13778_0,acc_13778
dev_13779_0,acc_13779
dev_13780_0,acc_13780
dev_13781_0,acc_13781
dev_13782_0,acc_13782
dev_13783_0,acc_13783
dev_13784_0,acc_13784
dev_13785_0,acc_13785
dev_13786_0,acc_13786
dev_13787_0,acc_13787
dev_13788_0,acc_13788
dev_13789_0,acc_13789
dev_13790_0,acc_13790
dev_13791_0,acc_13791
dev_13792_0,acc_13792
dev_13793_0,acc_13793
dev_13794_0,acc_13794
dev_13795_0,acc_13795
dev_13796_0,acc_13796
dev_13797_0,acc_13797
dev_13798_0,acc_13798
dev_13799_0,acc_13799
dev_13800_0,acc_13800
dev_13801_0,acc_13801
dev_13802_0,acc_13802
dev_13803_0,acc_13803
dev_13804_0,acc_13804
dev_13805_0,acc_13805
dev_13806_0,acc_13806
dev_13807_0,acc_13807
dev_13808_0,acc_13808
dev_13809_0,acc_13809
dev_13810_0,acc_13810
dev_13811_0,acc_13811
dev_13812_0,acc_13812
dev_13813_0,acc_13813
dev_13814_0,acc_13814
dev_13815_0,acc_13815
dev_13816_0,acc_13816
dev_13817_0,acc_13817
dev_13818_0,acc_13818
dev_13819_0,acc_13819
dev_13820_0,acc_13820
dev_13821_0,acc_13821
dev_13822_0,acc_13822
dev_13823_0,acc_13823
dev_13824_0,acc_13824
dev_13825_0,acc_13825
dev_13826_0,acc_13826
dev_13827_0,acc_13827
dev_13828_0,acc_13828
dev_13829_0,acc_13829
dev_13830_0,acc_13830
dev_13831_0,acc_13831
dev_13832_0,acc_13832
dev_13833_0,acc_13833
dev_13834_0,acc_13834
dev_13835_0,acc_13835
dev_13836_0,acc_13836
dev_13837_0,acc_13837
dev_13838_0,acc_13838
dev_13839_0,acc_13839
dev_13840_0,acc_13840
dev_13841_0,acc_13841
dev_13842_0,acc_13842
dev_13843_0,acc_13843
dev_13844_0,acc_13844
dev_13845_0,acc_13845
dev_13846_0,acc_13846
dev_13847_0,acc_13847
dev_13848_0,acc_13848
dev_13849_0,acc_13849
dev_13850_0,acc_13850
dev_13850_1,acc_13850
dev_13851_0,acc_13851
dev_13852_0,acc_13852
dev_13853_0,acc_13853
dev_13854_0,acc_13854
dev_13855_0,acc_13855
dev_13856_0,acc_13856
dev_13857_0,acc_13857
dev_13858_0,acc_13858
dev_13859_0,acc_13859
dev_13860_0,acc_13860
dev_13861_0,acc_13861
dev_13862_0,acc_13862
dev_13863_0,acc_13863
dev_13864_0,acc_13864
dev_13865_0,acc_13865
dev_13866_0,acc_13866
dev_13867_0,acc_13867
dev_13868_0,acc_13868
dev_13869_0,acc_13869
dev_13870_0,acc_13870
dev_13871_0,acc_13871
dev_13872_0,acc_13872
dev_13873_0,acc_13873
dev_13874_0,acc_13874
dev_13875_0,acc_13875
dev_13876_0,acc_13876
dev_13877_0,acc_13877
dev_13878_0,acc_13878
dev_13879_0,acc_13879
dev_13880_0,acc_13880
dev_13881_0,acc_13881
dev_13882_0,acc_13882
dev_13883_0,acc_13883
dev_13884_0,acc_13884
dev_13885_0,acc_13885
dev_13886_0,acc_13886
dev_13887_0,acc_13887
dev_13888_0,acc_13888
dev_13889_0,acc_13889
dev_13890_0,acc_13890
dev_13891_0,acc_13891
dev_13892_0,acc_13892
dev_13893_0,acc_13893
dev_13894_0,acc_13894
dev_13895_0,acc_13895
dev_13896_0,acc_13896
dev_13897_0,acc_13897
dev_13898_0,acc_13898
dev_13899_0,acc_13899
dev_13900_0,acc_13900
dev_13901_0,acc_13901
dev_13902_0,acc_13902
dev_13903_0,acc_13903
dev_13904_0,acc_13904
dev_13905_0,acc_13905
dev_13906_0,acc_13906
dev_13907_0,acc_13907
dev_13908_0,acc_13908
dev_13909_0,acc_13909
dev_13910_0,acc_13910
dev_13911_0,acc_13911
dev_13912_0,acc_13912
dev_13913_0,acc_13913
dev_13914_0,acc_13914
dev_13915_0,acc_13915
dev_13916_0,acc_13916
dev_13917_0,acc_13917
dev_13918_0,acc_13918
dev_13919_0,acc_13919
dev_13920_0,acc_13920
dev_13921_0,acc_13921
dev_13922_0,acc_13922
dev_13923_0,acc_13923
dev_13924_0,acc_13924
dev_13925_0,acc_13925
dev_13926_0,acc_13926
dev_13927_0,acc_13927
dev_13928_0,acc_13928
dev_13929_0,acc_13929
dev_13930_0,acc_13930
dev_13931_0,acc_13931
dev_13932_0,acc_13932
dev_13933_0,acc_13933
dev_13934_0,acc_13934
dev_13935_0,acc_13935
dev_13936_0,acc_13936
dev_13936_1,acc_13936
dev_13937_0,acc_13937
dev_13938_0,acc_13938
dev_13939_0,acc_13939
dev_13940_0,acc_13940
dev_13941_0,acc_13941
dev_13942_0,acc_13942
dev_13943_0,acc_13943
dev_13944_0,acc_13944
dev_13945_0,acc_13945
dev_13946_0,acc_13946
dev_13947_0,acc_13947
dev_13948_0,acc_13948
dev_13949_0,acc_13949
dev_13950_0,acc_13950
dev_13951_0,acc_13951
dev_13952_0,acc_13952
dev_13953_0,acc_13953
dev_13954_0,acc_13954
dev_13954_1,acc_13954
dev_13955_0,acc_13955
dev_13956_0,acc_13956
dev_13957_0,acc_13957
dev_13958_0,acc_13958
dev_13959_0,acc_13959
dev_13960_0,acc_13960
dev_13961_0,acc_13961
dev_13962_0,acc_13962
dev_13963_0,acc_13963
dev_13964_0,acc_13964
dev_13965_0,acc_13965
dev_13966_0,acc_13966
dev_13967_0,acc_13967
dev_13968_0,acc_13968
dev_13969_0,acc_13969
dev_13970_0,acc_13970
dev_13971_0,acc_13971
dev_13972_0,acc_13972
dev_13973_0,acc_13973
dev_13974_0,acc_13974
dev_13975_0,acc_13975
dev_13976_0,acc_13976
dev_13977_0,acc_13977
dev_13978_0,acc_13978
dev_13979_0,acc_13979
dev_13980_0,acc_13980
dev_13981_0,acc_13981
dev_13982_0,acc_13982
dev_13983_0,acc_13983
dev_13984_0,acc_13984
dev_13984_1,acc_13984
dev_13985_0,acc_13985
dev_13986_0,acc_13986
dev_13987_0,acc_13987
dev_13988_0,acc_13988
dev_13989_0,acc_13989
dev_13989_1,acc_13989
dev_13990_0,acc_13990
dev_13991_0,acc_13991
dev_13992_0,acc_13992
dev_13993_0,acc_13993
dev_13994_0,acc_13994
dev_13995_0,acc_13995
dev_13996_0,acc_13996
dev_13997_0,acc_13997
dev_13998_0,acc_13998
dev_13999_0,acc_13999
dev_14000_0,acc_14000
dev_14001_0,acc_14001
dev_14002_0,acc_14002
dev_14003_0,acc_14003
dev_14004_0,acc_14004
dev_14005_0,acc_14005
dev_14006_0,acc_14006
dev_14007_0,acc_14007
dev_14008_0,acc_14008
dev_14009_0,acc_14009
dev_14010_0,acc_14010
dev_14011_0,acc_14011
dev_14012_0,acc_14012
dev_14013_0,acc_14013
dev_14014_0,acc_14014
dev_14015_0,acc_14015
dev_14016_0,acc_14016
dev_14017_0,acc_14017
dev_14018_0,acc_14018
dev_14019_0,acc_14019
dev_14020_0,acc_14020
dev_14021_0,acc_14021
dev_14022_0,acc_14022
dev_14023_0,acc_14023
dev_14024_0,acc_14024
dev_14025_0,acc_14025
dev_14026_0,acc_14026
dev_14027_0,acc_14027
dev_14028_0,acc_14028
dev_14029_0,acc_14029
dev_14030_0,acc_14030
dev_14031_0,acc_14031
dev_14032_0,acc_14032
dev_14033_0,acc_14033
dev_14034_0,acc_14034
dev_14035_0,acc_14035
dev_14036_0,acc_14036
dev_14037_0,acc_14037
dev_14038_0,acc_14038
dev_14039_0,acc_14039
dev_14039_1,acc_14039
dev_14040_0,acc_14040
dev_14041_0,acc_14041
dev_14042_0,acc_14042
dev_14043_0,acc_14043
dev_14044_0,acc_14044
dev_14045_0,acc_14045
dev_14046_0,acc_14046
dev_14047_0,acc_14047
dev_14048_0,acc_14048
dev_14049_0,acc_14049
dev_14050_0,acc_14050
dev_14051_0,acc_14051
dev_14052_0,acc_14052
dev_14053_0,acc_14053
dev_14054_0,acc_14054
dev_14055_0,acc_14055
dev_14056_0,acc_14056
dev_14057_0,acc_14057
dev_14058_0,acc_14058
dev_14059_0,acc_14059
dev_14060_0,acc_14060
dev_14061_0,acc_14061
dev_14062_0,acc_14062
dev_14063_0,acc_14063
dev_14064_0,acc_14064
dev_14065_0,acc_14065
dev_14066_0,acc_14066
dev_14066_1,acc_14066
dev_14067_0,acc_14067
dev_14068_0,acc_14068
dev_14069_0,acc_14069
dev_14070_0,acc_14070
dev_14071_0,acc_14071
dev_14072_0,acc_14072
dev_14073_0,acc_14073
dev_14074_0,acc_14074
dev_14074_1,acc_14074
dev_14075_0,acc_14075
dev_14076_0,acc_14076
dev_14077_0,acc_14077
dev_14078_0,acc_14078
dev_14079_0,acc_14079
dev_14080_0,acc_14080
dev_14081_0,acc_14081
dev_14082_0,acc_14082
dev_14083_0,acc_14083
dev_14083_1,acc_14083
dev_14084_0,acc_14084
dev_14085_0,acc_14085
dev_14086_0,acc_14086
dev_14086_1,acc_14086
dev_14087_0,acc_14087
dev_14088_0,acc_14088
dev_14089_0,acc_14089
dev_14090_0,acc_14090
dev_14091_0,acc_14091
dev_14092_0,acc_14092
dev_14093_0,acc_14093
dev_14094_0,acc_14094
dev_14095_0,acc_14095
dev_14096_0,acc_14096
dev_14097_0,acc_14097
dev_14098_0,acc_14098
dev_14099_0,acc_14099
dev_14100_0,acc_14100
dev_14101_0,acc_14101
dev_14102_0,acc_14102
dev_14103_0,acc_14103
dev_14104_0,acc_14104
dev_14104_1,acc_14104
dev_14105_0,acc_14105
dev_14106_0,acc_14106
dev_14107_0,acc_14107
dev_14108_0,acc_14108
dev_14109_0,acc_14109
dev_14110_0,acc_14110
dev_14111_0,acc_14111
dev_14112_0,acc_14112
dev_14113_0,acc_14113
dev_14114_0,acc_14114
dev_14115_0,acc_14115
dev_14116_0,acc_14116
dev_14117_0,acc_14117
dev_14118_0,acc_14118
dev_14119_0,acc_14119
dev_14120_0,acc_14120
dev_14121_0,acc_14121
dev_14122_0,acc_14122
dev_14122_1,acc_14122
dev_14123_0,acc_14123
dev_14124_0,acc_14124
dev_14125_0,acc_14125
dev_14125_1,acc_14125
dev_14126_0,acc_14126
dev_14127_0,acc_14127
dev_14128_0,acc_14128
dev_14129_0,acc_14129
dev_14130_0,acc_14130
dev_14131_0,acc_14131
dev_14132_0,acc_14132
dev_14133_0,acc_14133
dev_14134_0,acc_14134
dev_14135_0,acc_14135
dev_14136_0,acc_14136
dev_14137_0,acc_14137
dev_14138_0,acc_14138
dev_14139_0,acc_14139
dev_14140_0,acc_14140
dev_14141_0,acc_14141
dev_14142_0,acc_14142
dev_14142_1,acc_14142
dev_14143_0,acc_14143
dev_14144_0,acc_14144
dev_14145_0,acc_14145
dev_14146_0,acc_14146
dev_14147_0,acc_14147
dev_14148_0,acc_14148
dev_14149_0,acc_14149
dev_14150_0,acc_14150
dev_14151_0,acc_14151
dev_14152_0,acc_14152
dev_14153_0,acc_14153
dev_14154_0,acc_14154
dev_14155_0,acc_14155
dev_14156_0,acc_14156
dev_14157_0,acc_14157
dev_14158_0,acc_14158
dev_14159_0,acc_14159
dev_14160_0,acc_14160
dev_14160_1,acc_14160
dev_14161_0,acc_14161
dev_14162_0,acc_14162
dev_14163_0,acc_14163
dev_14164_0,acc_14164
dev_14165_0,acc_14165
dev_14166_0,acc_14166
dev_14167_0,acc_14167
dev_14168_0,acc_14168
dev_14169_0,acc_14169
dev_14170_0,acc_14170
dev_14171_0,acc_14171
dev_14172_0,acc_14172
dev_14173_0,acc_14173
dev_14174_0,acc_14174
dev_14175_0,acc_14175
dev_14176_0,acc_14176
dev_14177_0,acc_14177
dev_14178_0,acc_14178
dev_14179_0,acc_14179
dev_14179_1,acc_14179
dev_14180_0,acc_14180
dev_14181_0,acc_14181
dev_14182_0,acc_14182
dev_14183_0,acc_14183
dev_14184_0,acc_14184
dev_14185_0,acc_14185
dev_14186_0,acc_14186
dev_14187_0,acc_14187
dev_14188_0,acc_14188
dev_14189_0,acc_14189
dev_14189_1,acc_14189
dev_14190_0,acc_14190
dev_14191_0,acc_14191
dev_14191_1,acc_14191
dev_14192_0,acc_14192
dev_14193_0,acc_14193
dev_14194_0,acc_14194
dev_14195_0,acc_14195
dev_14196_0,acc_14196
dev_14197_0,acc_14197
dev_14198_0,acc_14198
dev_14198_1,acc_14198
dev_14199_0,acc_14199
dev_14200_0,acc_14200
dev_14201_0,acc_14201
dev_14202_0,acc_14202
dev_14203_0,acc_14203
dev_14204_0,acc_14204
dev_14205_0,acc_14205
dev_14206_0,acc_14206
dev_14207_0,acc_14207
dev_14208_0,acc_14208
dev_14209_0,acc_14209
dev_14210_0,acc_14210
dev_14211_0,acc_14211
dev_14212_0,acc_14212
dev_14213_0,acc_14213
dev_14214_0,acc_14214
dev_14215_0,acc_14215
dev_14216_0,acc_14216
dev_14217_0,acc_14217
dev_14217_1,acc_14217
dev_14218_0,acc_14218
dev_14219_0,acc_14219
dev_14220_0,acc_14220
dev_14221_0,acc_14221
dev_14222_0,acc_14222
dev_14223_0,acc_14223
dev_14224_0,acc_14224
dev_14225_0,acc_14225
dev_14226_0,acc_14226
dev_14227_0,acc_14227
dev_14228_0,acc_14228
dev_14229_0,acc_14229
dev_14230_0,acc_14230
dev_14231_0,acc_14231
dev_14232_0,acc_14232
dev_14233_0,acc_14233
dev_14233_1,acc_14233
dev_14234_0,acc_14234
dev_14235_0,acc_14235
dev_14236_0,acc_14236
dev_14237_0,acc_14237
dev_14238_0,acc_14238
dev_14239_0,acc_14239
dev_14240_0,acc_14240
dev_14240_1,acc_14240
dev_14241_0,acc_14241
dev_14242_0,acc_14242
dev_14243_0,acc_14243
dev_14244_0,acc_14244
dev_14245_0,acc_14245
dev_14246_0,acc_14246
dev_14247_0,acc_14247
dev_14248_0,acc_14248
dev_14249_0,acc_14249
dev_14250_0,acc_14250
dev_14251_0,acc_14251
dev_14252_0,acc_14252
dev_14253_0,acc_14253
dev_14254_0,acc_14254
dev_14255_0,acc_14255
dev_14256_0,acc_14256
dev_14257_0,acc_14257
dev_14258_0,acc_14258
dev_14259_0,acc_14259
dev_14260_0,acc_14260
dev_14261_0,acc_14261
dev_14262_0,acc_14262
dev_14263_0,acc_14263
dev_14264_0,acc_14264
dev_14265_0,acc_14265
dev_14266_0,acc_14266
dev_14267_0,acc_14267
dev_14268_0,acc_14268
dev_14269_0,acc_14269
dev_14270_0,acc_14270
dev_14271_0,acc_14271
dev_14272_0,acc_14272
dev_14273_0,acc_14273
dev_14274_0,acc_14274
dev_14275_0,acc_14275
dev_14276_0,acc_14276
dev_14277_0,acc_14277
dev_14278_0,acc_14278
dev_14279_0,acc_14279
dev_14280_0,acc_14280
dev_14281_0,acc_14281
dev_14282_0,acc_14282
dev_14282_1,acc_14282
dev_14283_0,acc_14283
dev_14284_0,acc_14284
dev_14285_0,acc_14285
dev_14286_0,acc_14286
dev_14287_0,acc_14287
dev_14288_0,acc_14288
dev_14289_0,acc_14289
dev_14290_0,acc_14290
dev_14291_0,acc_14291
dev_14292_0,acc_14292
dev_14293_0,acc_14293
dev_14294_0,acc_14294
dev_14295_0,acc_14295
dev_14296_0,acc_14296
dev_14297_0,acc_14297
dev_14298_0,acc_14298
dev_14299_0,acc_14299
dev_14300_0,acc_14300
dev_14301_0,acc_14301
dev_14302_0,acc_14302
dev_14302_1,acc_14302
dev_14303_0,acc_14303
dev_14304_0,acc_14304
dev_14305_0,acc_14305
dev_14306_0,acc_14306
dev_14307_0,acc_14307
dev_14308_0,acc_14308
dev_14309_0,acc_14309
dev_14310_0,acc_14310
dev_14311_0,acc_14311
dev_14312_0,acc_14312
dev_14313_0,acc_14313
dev_14314_0,acc_14314
dev_14315_0,acc_14315
dev_14316_0,acc_14316
dev_14317_0,acc_14317
dev_14318_0,acc_14318
dev_14319_0,acc_14319
dev_14320_0,acc_14320
dev_14321_0,acc_14321
dev_14322_0,acc_14322
dev_14323_0,acc_14323
dev_14324_0,acc_14324
dev_14325_0,acc_14325
dev_14326_0,acc_14326
dev_14327_0,acc_14327
dev_14328_0,acc_14328
dev_14329_0,acc_14329
dev_14330_0,acc_14330
dev_14331_0,acc_14331
dev_14332_0,acc_14332
dev_14333_0,acc_14333
dev_14333_1,acc_14333
dev_14334_0,acc_14334
dev_14335_0,acc_14335
dev_14336_0,acc_14336
dev_14337_0,acc_14337
dev_14338_0,acc_14338
dev_14339_0,acc_14339
dev_14340_0,acc_14340
dev_14341_0,acc_14341
dev_14342_0,acc_14342
dev_14343_0,acc_14343
dev_14344_0,acc_14344
dev_14345_0,acc_14345
dev_14346_0,acc_14346
dev_14347_0,acc_14347
dev_14348_0,acc_14348
dev_14348_1,acc_14348
dev_14349_0,acc_14349
dev_14350_0,acc_14350
dev_14351_0,acc_14351
dev_14352_0,acc_14352
dev_14353_0,acc_14353
dev_14354_0,acc_14354
dev_14355_0,acc_14355
dev_14356_0,acc_14356
dev_14357_0,acc_14357
dev_14358_0,acc_14358
dev_14358_1,acc_14358
dev_14359_0,acc_14359
dev_14360_0,acc_14360
dev_14361_0,acc_14361
dev_14362_0,acc_14362
dev_14363_0,acc_14363
dev_14364_0,acc_14364
dev_14365_0,acc_14365
dev_14366_0,acc_14366
dev_14367_0,acc_14367
dev_14368_0,acc_14368
dev_14369_0,acc_14369
dev_14370_0,acc_14370
dev_14371_0,acc_14371
dev_14372_0,acc_14372
dev_14373_0,acc_14373
dev_14374_0,acc_14374
dev_14375_0,acc_14375
dev_14376_0,acc_14376
dev_14377_0,acc_14377
dev_14378_0,acc_14378
dev_14379_0,acc_14379
dev_14380_0,acc_14380
dev_14381_0,acc_14381
dev_14382_0,acc_14382
dev_14383_0,acc_14383
dev_14384_0,acc_14384
dev_14385_0,acc_14385
dev_14386_0,acc_14386
dev_14387_0,acc_14387
dev_14388_0,acc_14388
dev_14389_0,acc_14389
dev_14390_0,acc_14390
dev_14391_0,acc_14391
dev_14392_0,acc_14392
dev_14393_0,acc_14393
dev_14394_0,acc_14394
dev_14395_0,acc_14395
dev_14396_0,acc_14396
dev_14397_0,acc_14397
dev_14398_0,acc_14398
dev_14398_1,acc_14398
dev_14399_0,acc_14399
dev_14400_0,acc_14400
dev_14401_0,acc_14401
dev_14402_0,acc_14402
dev_14403_0,acc_14403
dev_14404_0,acc_14404
dev_14404_1,acc_14404
dev_14405_0,acc_14405
dev_14406_0,acc_14406
dev_14407_0,acc_14407
dev_14408_0,acc_14408
dev_14409_0,acc_14409
dev_14410_0,acc_14410
dev_14411_0,acc_14411
dev_14412_0,acc_14412
dev_14413_0,acc_14413
dev_14414_0,acc_14414
dev_14415_0,acc_14415
dev_14416_0,acc_14416
dev_14417_0,acc_14417
dev_14418_0,acc_14418
dev_14419_0,acc_14419
dev_14420_0,acc_14420
dev_14421_0,acc_14421
dev_14422_0,acc_14422
dev_14423_0,acc_14423
dev_14424_0,acc_14424
dev_14425_0,acc_14425
dev_14426_0,acc_14426
dev_14427_0,acc_14427
dev_14428_0,acc_14428
dev_14429_0,acc_14429
dev_14430_0,acc_14430
dev_14431_0,acc_14431
dev_14432_0,acc_14432
dev_14433_0,acc_14433
dev_14434_0,acc_14434
dev_14434_1,acc_14434
dev_14435_0,acc_14435
dev_14436_0,acc_14436
dev_14437_0,acc_14437
dev_14438_0,acc_14438
dev_14439_0,acc_14439
dev_14440_0,acc_14440
dev_14441_0,acc_14441
dev_14442_0,acc_14442
dev_14443_0,acc_14443
dev_14444_0,acc_14444
dev_14445_0,acc_14445
dev_14446_0,acc_14446
dev_14447_0,acc_14447
dev_14448_0,acc_14448
dev_14449_0,acc_14449
dev_14450_0,acc_14450
dev_14451_0,acc_14451
dev_14452_0,acc_14452
dev_14453_0,acc_14453
dev_14454_0,acc_14454
dev_14455_0,acc_14455
dev_14456_0,acc_14456
dev_14457_0,acc_14457
dev_14458_0,acc_14458
dev_14459_0,acc_14459
dev_14460_0,acc_14460
dev_14461_0,acc_14461
dev_14462_0,acc_14462
dev_14463_0,acc_14463
dev_14464_0,acc_14464
dev_14465_0,acc_14465
dev_14466_0,acc_14466
dev_14467_0,acc_14467
dev_14468_0,acc_14468
dev_14469_0,acc_14469
dev_14470_0,acc_14470
dev_14471_0,acc_14471
dev_14472_0,acc_14472
dev_14473_0,acc_14473
dev_14474_0,acc_14474
dev_14475_0,acc_14475
dev_14476_0,acc_14476
dev_14477_0,acc_14477
dev_14478_0,acc_14478
dev_14479_0,acc_14479
dev_14480_0,acc_14480
dev_14481_0,acc_14481
dev_14482_0,acc_14482
dev_14483_0,acc_14483
dev_14483_1,acc_14483
dev_14484_0,acc_14484
dev_14484_1,acc_14484
dev_14485_0,acc_14485
dev_14486_0,acc_14486
dev_14487_0,acc_14487
dev_14488_0,acc_14488
dev_14489_0,acc_14489
dev_14490_0,acc_14490
dev_14491_0,acc_14491
dev_14492_0,acc_14492
dev_14493_0,acc_14493
dev_14494_0,acc_14494
dev_14495_0,acc_14495
dev_14495_1,acc_14495
dev_14496_0,acc_14496
dev_14497_0,acc_14497
dev_14498_0,acc_14498
dev_14499_0,acc_14499
dev_14500_0,acc_14500
dev_14501_0,acc_14501
dev_14502_0,acc_14502
dev_14503_0,acc_14503
dev_14504_0,acc_14504
dev_14505_0,acc_14505
dev_14506_0,acc_14506
dev_14507_0,acc_14507
dev_14508_0,acc_14508
dev_14509_0,acc_14509
dev_14510_0,acc_14510
dev_14511_0,acc_14511
dev_14512_0,acc_14512
dev_14513_0,acc_14513
dev_14514_0,acc_14514
dev_14515_0,acc_14515
dev_14516_0,acc_14516
dev_14517_0,acc_14517
dev_14518_0,acc_14518
dev_14519_0,acc_14519
dev_14520_0,acc_14520
dev_14521_0,acc_14521
dev_14521_1,acc_14521
dev_14522_0,acc_14522
dev_14523_0,acc_14523
dev_14524_0,acc_14524
dev_14525_0,acc_14525
dev_14526_0,acc_14526
dev_14527_0,acc_14527
dev_14528_0,acc_14528
dev_14529_0,acc_14529
dev_14530_0,acc_14530
dev_14531_0,acc_14531
dev_14532_0,acc_14532
dev_14533_0,acc_14533
dev_14534_0,acc_14534
dev_14535_0,acc_14535
dev_14536_0,acc_14536
dev_14537_0,acc_14537
dev_14538_0,acc_14538
dev_14539_0,acc_14539
dev_14539_1,acc_14539
dev_14540_0,acc_14540
dev_14541_0,acc_14541
dev_14542_0,acc_14542
dev_14543_0,acc_14543
dev_14544_0,acc_14544
dev_14545_0,acc_14545
dev_14546_0,acc_14546
dev_14547_0,acc_14547
dev_14548_0,acc_14548
dev_14549_0,acc_14549
dev_14550_0,acc_14550
dev_14551_0,acc_14551
dev_14552_0,acc_14552
dev_14553_0,acc_14553
dev_14554_0,acc_14554
dev_14555_0,acc_14555
dev_14556_0,acc_14556
dev_14557_0,acc_14557
dev_14558_0,acc_14558
dev_14559_0,acc_14559
dev_14560_0,acc_14560
dev_14561_0,acc_14561
dev_14562_0,acc_14562
dev_14563_0,acc_14563
dev_14564_0,acc_14564
dev_14565_0,acc_14565
dev_14565_1,acc_14565
dev_14566_0,acc_14566
dev_14567_0,acc_14567
dev_14568_0,acc_14568
dev_14569_0,acc_14569
dev_14570_0,acc_14570
dev_14571_0,acc_14571
dev_14572_0,acc_14572
dev_14572_1,acc_14572
dev_14573_0,acc_14573
dev_14574_0,acc_14574
dev_14575_0,acc_14575
dev_14576_0,acc_14576
dev_14577_0,acc_14577
dev_14578_0,acc_14578
dev_14579_0,acc_14579
dev_14580_0,acc_14580
dev_14581_0,acc_14581
dev_14582_0,acc_14582
dev_14583_0,acc_14583
dev_14584_0,acc_14584
dev_14585_0,acc_14585
dev_14586_0,acc_14586
dev_14587_0,acc_14587
dev_14588_0,acc_14588
dev_14589_0,acc_14589
dev_14590_0,acc_14590
dev_14591_0,acc_14591
dev_14592_0,acc_14592
dev_14593_0,acc_14593
dev_14594_0,acc_14594
dev_14595_0,acc_14595
dev_14596_0,acc_14596
dev_14597_0,acc_14597
dev_14598_0,acc_14598
dev_14599_0,acc_14599
dev_14600_0,acc_14600
dev_14601_0,acc_14601
dev_14602_0,acc_14602
dev_14603_0,acc_14603
dev_14604_0,acc_14604
dev_14605_0,acc_14605
dev_14605_1,acc_14605
dev_14606_0,acc_14606
dev_14606_1,acc_14606
dev_14607_0,acc_14607
dev_14608_0,acc_14608
dev_14609_0,acc_14609
dev_14610_0,acc_14610
dev_14611_0,acc_14611
dev_14612_0,acc_14612
dev_14613_0,acc_14613
dev_14614_0,acc_14614
dev_14615_0,acc_14615
dev_14616_0,acc_14616
dev_14616_1,acc_14616
dev_14617_0,acc_14617
dev_14618_0,acc_14618
dev_14619_0,acc_14619
dev_14620_0,acc_14620
dev_14621_0,acc_14621
dev_14622_0,acc_14622
dev_14623_0,acc_14623
dev_14624_0,acc_14624
dev_14625_0,acc_14625
dev_14626_0,acc_14626
dev_14627_0,acc_14627
dev_14627_1,acc_14627
dev_14628_0,acc_14628
dev_14629_0,acc_14629
dev_14630_0,acc_14630
dev_14631_0,acc_14631
dev_14632_0,acc_14632
dev_14633_0,acc_14633
dev_14634_0,acc_14634
dev_14635_0,acc_14635
dev_14636_0,acc_14636
dev_14637_0,acc_14637
dev_14638_0,acc_14638
dev_14639_0,acc_14639
dev_14640_0,acc_14640
dev_14641_0,acc_14641
dev_14642_0,acc_14642
dev_14643_0,acc_14643
dev_14644_0,acc_14644
dev_14645_0,acc_14645
dev_14646_0,acc_14646
dev_14646_1,acc_14646
dev_14647_0,acc_14647
dev_14648_0,acc_14648
dev_14649_0,acc_14649
dev_14650_0,acc_14650
dev_14651_0,acc_14651
dev_14652_0,acc_14652
dev_14653_0,acc_14653
dev_14654_0,acc_14654
dev_14655_0,acc_14655
dev_14656_0,acc_14656
dev_14657_0,acc_14657
dev_14658_0,acc_14658
dev_14659_0,acc_14659
dev_14660_0,acc_14660
dev_14661_0,acc_14661
dev_14661_1,acc_14661
dev_14662_0,acc_14662
dev_14663_0,acc_14663
dev_14664_0,acc_14664
dev_14665_0,acc_14665
dev_14666_0,acc_14666
dev_14667_0,acc_14667
dev_14668_0,acc_14668
dev_14669_0,acc_14669
dev_14670_0,acc_14670
dev_14671_0,acc_14671
dev_14672_0,acc_14672
dev_14673_0,acc_14673
dev_14674_0,acc_14674
dev_14675_0,acc_14675
dev_14676_0,acc_14676
dev_14677_0,acc_14677
dev_14678_0,acc_14678
dev_14679_0,acc_14679
dev_14680_0,acc_14680
dev_14681_0,acc_14681
dev_14681_1,acc_14681
dev_14682_0,acc_14682
dev_14683_0,acc_14683
dev_14684_0,acc_14684
dev_14685_0,acc_14685
dev_14686_0,acc_14686
dev_14687_0,acc_14687
dev_14688_0,acc_14688
dev_14689_0,acc_14689
dev_14690_0,acc_14690
dev_14691_0,acc_14691
dev_14692_0,acc_14692
dev_14693_0,acc_14693
dev_14694_0,acc_14694
dev_14695_0,acc_14695
dev_14696_0,acc_14696
dev_14697_0,acc_14697
dev_14698_0,acc_14698
dev_14699_0,acc_14699
dev_14700_0,acc_14700
dev_14701_0,acc_14701
dev_14701_1,acc_14701
dev_14702_0,acc_14702
dev_14703_0,acc_14703
dev_14703_1,acc_14703
dev_14704_0,acc_14704
dev_14705_0,acc_14705
dev_14706_0,acc_14706
dev_14707_0,acc_14707
dev_14708_0,acc_14708
dev_14709_0,acc_14709
dev_14710_0,acc_14710
dev_14711_0,acc_14711
dev_14712_0,acc_14712
dev_14713_0,acc_14713
dev_14714_0,acc_14714
dev_14715_0,acc_14715
dev_14715_1,acc_14715
dev_14716_0,acc_14716
dev_14717_0,acc_14717
dev_14718_0,acc_14718
dev_14719_0,acc_14719
dev_14720_0,acc_14720
dev_14721_0,acc_14721
dev_14722_0,acc_14722
dev_14723_0,acc_14723
dev_14724_0,acc_14724
dev_14725_0,acc_14725
dev_14726_0,acc_14726
dev_14727_0,acc_14727
dev_14728_0,acc_14728
dev_14729_0,acc_14729
dev_14730_0,acc_14730
dev_14731_0,acc_14731
dev_14732_0,acc_14732
dev_14733_0,acc_14733
dev_14734_0,acc_14734
dev_14735_0,acc_14735
dev_14736_0,acc_14736
dev_14737_0,acc_14737
dev_14738_0,acc_14738
dev_14739_0,acc_14739
dev_14740_0,acc_14740
dev_14741_0,acc_14741
dev_14742_0,acc_14742
dev_14743_0,acc_14743
dev_14744_0,acc_14744
dev_14745_0,acc_14745
dev_14746_0,acc_14746
dev_14747_0,acc_14747
dev_14748_0,acc_14748
dev_14749_0,acc_14749
dev_14750_0,acc_14750
dev_14751_0,acc_14751
dev_14752_0,acc_14752
dev_14753_0,acc_14753
dev_14754_0,acc_14754
dev_14755_0,acc_14755
dev_14756_0,acc_14756
dev_14756_1,acc_14756
dev_14757_0,acc_14757
dev_14758_0,acc_14758
dev_14759_0,acc_14759
dev_14760_0,acc_14760
dev_14761_0,acc_14761
dev_14762_0,acc_14762
dev_14763_0,acc_14763
dev_14764_0,acc_14764
dev_14765_0,acc_14765
dev_14766_0,acc_14766
dev_14767_0,acc_14767
dev_14768_0,acc_14768
dev_14769_0,acc_14769
dev_14770_0,acc_14770
dev_14771_0,acc_14771
dev_14772_0,acc_14772
dev_14773_0,acc_14773
dev_14774_0,acc_14774
dev_14775_0,acc_14775
dev_14776_0,acc_14776
dev_14776_1,acc_14776
dev_14777_0,acc_14777
dev_14778_0,acc_14778
dev_14779_0,acc_14779
dev_14780_0,acc_14780
dev_14781_0,acc_14781
dev_14781_1,acc_14781
dev_14782_0,acc_14782
dev_14783_0,acc_14783
dev_14784_0,acc_14784
dev_14785_0,acc_14785
dev_14785_1,acc_14785
dev_14786_0,acc_14786
dev_14787_0,acc_14787
dev_14788_0,acc_14788
dev_14789_0,acc_14789
dev_14790_0,acc_14790
dev_14791_0,acc_14791
dev_14792_0,acc_14792
dev_14793_0,acc_14793
dev_14794_0,acc_14794
dev_14794_1,acc_14794
dev_14795_0,acc_14795
dev_14796_0,acc_14796
dev_14797_0,acc_14797
dev_14798_0,acc_14798
dev_14799_0,acc_14799
dev_14800_0,acc_14800
dev_14801_0,acc_14801
dev_14802_0,acc_14802
dev_14803_0,acc_14803
dev_14804_0,acc_14804
dev_14805_0,acc_14805
dev_14806_0,acc_14806
dev_14807_0,acc_14807
dev_14808_0,acc_14808
dev_14809_0,acc_14809
dev_14810_0,acc_14810
dev_14811_0,acc_14811
dev_14812_0,acc_14812
dev_14813_0,acc_14813
dev_14814_0,acc_14814
dev_14815_0,acc_14815
dev_14816_0,acc_14816
dev_14817_0,acc_14817
dev_14817_1,acc_14817
dev_14818_0,acc_14818
dev_14819_0,acc_14819
dev_14820_0,acc_14820
dev_14821_0,acc_14821
dev_14822_0,acc_14822
dev_14823_0,acc_14823
dev_14824_0,acc_14824
dev_14825_0,acc_14825
dev_14826_0,acc_14826
dev_14827_0,acc_14827
dev_14828_0,acc_14828
dev_14829_0,acc_14829
dev_14830_0,acc_14830
dev_14831_0,acc_14831
dev_14832_0,acc_14832
dev_14833_0,acc_14833
dev_14833_1,acc_14833
dev_14834_0,acc_14834
dev_14835_0,acc_14835
dev_14836_0,acc_14836
dev_14837_0,acc_14837
dev_14838_0,acc_14838
dev_14839_0,acc_14839
dev_14840_0,acc_14840
dev_14841_0,acc_14841
dev_14842_0,acc_14842
dev_14843_0,acc_14843
dev_14844_0,acc_14844
dev_14845_0,acc_14845
dev_14846_0,acc_14846
dev_14847_0,acc_14847
dev_14848_0,acc_14848
dev_14849_0,acc_14849
dev_14850_0,acc_14850
dev_14851_0,acc_14851
dev_14852_0,acc_14852
dev_14853_0,acc_14853
dev_14854_0,acc_14854
dev_14855_0,acc_14855
dev_14856_0,acc_14856
dev_14857_0,acc_14857
dev_14858_0,acc_14858
dev_14859_0,acc_14859
dev_14860_0,acc_14860
dev_14861_0,acc_14861
dev_14862_0,acc_14862
dev_14863_0,acc_14863
dev_14864_0,acc_14864
dev_14865_0,acc_14865
dev_14866_0,acc_14866
dev_14867_0,acc_14867
dev_14868_0,acc_14868
dev_14869_0,acc_14869
dev_14870_0,acc_14870
dev_14871_0,acc_14871
dev_14872_0,acc_14872
dev_14873_0,acc_14873
dev_14874_0,acc_14874
dev_14875_0,acc_14875
dev_14876_0,acc_14876
dev_14877_0,acc_14877
dev_14878_0,acc_14878
dev_14879_0,acc_14879
dev_14880_0,acc_14880
dev_14881_0,acc_14881
dev_14882_0,acc_14882
dev_14883_0,acc_14883
dev_14884_0,acc_14884
dev_14885_0,acc_14885
dev_14886_0,acc_14886
dev_14887_0,acc_14887
dev_14887_1,acc_14887
dev_14888_0,acc_14888
dev_14889_0,acc_14889
dev_14890_0,acc_14890
dev_14890_1,acc_14890
dev_14891_0,acc_14891
dev_14892_0,acc_14892
dev_14893_0,acc_14893
dev_14894_0,acc_14894
dev_14895_0,acc_14895
dev_14896_0,acc_14896
dev_14897_0,acc_14897
dev_14898_0,acc_14898
dev_14899_0,acc_14899
dev_14900_0,acc_14900
dev_14901_0,acc_14901
dev_14902_0,acc_14902
dev_14903_0,acc_14903
dev_14904_0,acc_14904
dev_14905_0,acc_14905
dev_14906_0,acc_14906
dev_14907_0,acc_14907
dev_14908_0,acc_14908
dev_14909_0,acc_14909
dev_14910_0,acc_14910
dev_14911_0,acc_14911
dev_14912_0,acc_14912
dev_14913_0,acc_14913
dev_14914_0,acc_14914
dev_14915_0,acc_14915
dev_14916_0,acc_14916
dev_14917_0,acc_14917
dev_14918_0,acc_14918
dev_14919_0,acc_14919
dev_14920_0,acc_14920
dev_14921_0,acc_14921
dev_14922_0,acc_14922
dev_14923_0,acc_14923
dev_14924_0,acc_14924
dev_14925_0,acc_14925
dev_14926_0,acc_14926
dev_14927_0,acc_14927
dev_14928_0,acc_14928
dev_14929_0,acc_14929
dev_14930_0,acc_14930
dev_14931_0,acc_14931
dev_14932_0,acc_14932
dev_14933_0,acc_14933
dev_14934_0,acc_14934
dev_14935_0,acc_14935
dev_14936_0,acc_14936
dev_14937_0,acc_14937
dev_14937_1,acc_14937
dev_14938_0,acc_14938
dev_14939_0,acc_14939
dev_14940_0,acc_14940
dev_14940_1,acc_14940
dev_14941_0,acc_14941
dev_14941_1,acc_14941
dev_14942_0,acc_14942
dev_14943_0,acc_14943
dev_14944_0,acc_14944
dev_14945_0,acc_14945
dev_14946_0,acc_14946
dev_14947_0,acc_14947
dev_14948_0,acc_14948
dev_14949_0,acc_14949
dev_14950_0,acc_14950
dev_14951_0,acc_14951
dev_14952_0,acc_14952
dev_14953_0,acc_14953
dev_14954_0,acc_14954
dev_14955_0,acc_14955
dev_14956_0,acc_14956
dev_14957_0,acc_14957
dev_14958_0,acc_14958
dev_14959_0,acc_14959
dev_14960_0,acc_14960
dev_14961_0,acc_14961
dev_14962_0,acc_14962
dev_14963_0,acc_14963
dev_14964_0,acc_14964
dev_14965_0,acc_14965
dev_14965_1,acc_14965
dev_14966_0,acc_14966
dev_14967_0,acc_14967
dev_14968_0,acc_14968
dev_14969_0,acc_14969
dev_14970_0,acc_14970
dev_14971_0,acc_14971
dev_14972_0,acc_14972
dev_14973_0,acc_14973
dev_14974_0,acc_14974
dev_14975_0,acc_14975
dev_14976_0,acc_14976
dev_14977_0,acc_14977
dev_14978_0,acc_14978
dev_14979_0,acc_14979
dev_14980_0,acc_14980
dev_14981_0,acc_14981
dev_14982_0,acc_14982
dev_14983_0,acc_14983
dev_14984_0,acc_14984
dev_14985_0,acc_14985
dev_14986_0,acc_14986
dev_14986_1,acc_14986
dev_14987_0,acc_14987
dev_14988_0,acc_14988
dev_14989_0,acc_14989
dev_14990_0,acc_14990
dev_14991_0,acc_14991
dev_14992_0,acc_14992
dev_14993_0,acc_14993
dev_14994_0,acc_14994
dev_14995_0,acc_14995
dev_14996_0,acc_14996
dev_14997_0,acc_14997
dev_14997_1,acc_14997
dev_14998_0,acc_14998
dev_14999_0,acc_14999
dev_15000_0,acc_15000
dev_15001_0,acc_15001
dev_15002_0,acc_15002
dev_15003_0,acc_15003
dev_15004_0,acc_15004
dev_15005_0,acc_15005
dev_15006_0,acc_15006
dev_15007_0,acc_15007
dev_15008_0,acc_15008
dev_15009_0,acc_15009
dev_15010_0,acc_15010
dev_15011_0,acc_15011
dev_15012_0,acc_15012
dev_15013_0,acc_15013
dev_15014_0,acc_15014
dev_15015_0,acc_15015
dev_15016_0,acc_15016
dev_15017_0,acc_15017
dev_15018_0,acc_15018
dev_15019_0,acc_15019
dev_15020_0,acc_15020
dev_15021_0,acc_15021
dev_15022_0,acc_15022
dev_15023_0,acc_15023
dev_15024_0,acc_15024
dev_15025_0,acc_15025
dev_15025_1,acc_15025
dev_15026_0,acc_15026
dev_15026_1,acc_15026
dev_15027_0,acc_15027
dev_15028_0,acc_15028
dev_15029_0,acc_15029
dev_15030_0,acc_15030
dev_15031_0,acc_15031
dev_15032_0,acc_15032
dev_15033_0,acc_15033
dev_15034_0,acc_15034
dev_15034_1,acc_15034
dev_15035_0,acc_15035
dev_15036_0,acc_15036
dev_15037_0,acc_15037
dev_15038_0,acc_15038
dev_15039_0,acc_15039
dev_15040_0,acc_15040
dev_15041_0,acc_15041
dev_15042_0,acc_15042
dev_15043_0,acc_15043
dev_15044_0,acc_15044
dev_15045_0,acc_15045
dev_15046_0,acc_15046
dev_15047_0,acc_15047
dev_15048_0,acc_15048
dev_15049_0,acc_15049
dev_15050_0,acc_15050
dev_15051_0,acc_15051
dev_15052_0,acc_15052
dev_15053_0,acc_15053
dev_15054_0,acc_15054
dev_15055_0,acc_15055
dev_15056_0,acc_15056
dev_15057_0,acc_15057
dev_15058_0,acc_15058
dev_15059_0,acc_15059
dev_15060_0,acc_15060
dev_15061_0,acc_15061
dev_15062_0,acc_15062
dev_15063_0,acc_15063
dev_15064_0,acc_15064
dev_15065_0,acc_15065
dev_15066_0,acc_15066
dev_15067_0,acc_15067
dev_15068_0,acc_15068
dev_15069_0,acc_15069
dev_15070_0,acc_15070
dev_15070_1,acc_15070
dev_15071_0,acc_15071
dev_15072_0,acc_15072
dev_15073_0,acc_15073
dev_15074_0,acc_15074
dev_15075_0,acc_15075
dev_15076_0,acc_15076
dev_15077_0,acc_15077
dev_15078_0,acc_15078
dev_15079_0,acc_15079
dev_15080_0,acc_15080
dev_15081_0,acc_15081
dev_15082_0,acc_15082
dev_15082_1,acc_15082
dev_15083_0,acc_15083
dev_15084_0,acc_15084
dev_15085_0,acc_15085
dev_15086_0,acc_15086
dev_15087_0,acc_15087
dev_15088_0,acc_15088
dev_15089_0,acc_15089
dev_15090_0,acc_15090
dev_15091_0,acc_15091
dev_15092_0,acc_15092
dev_15093_0,acc_15093
dev_15094_0,acc_15094
dev_15095_0,acc_15095
dev_15096_0,acc_15096
dev_15097_0,acc_15097
dev_15098_0,acc_15098
dev_15099_0,acc_15099
dev_15100_0,acc_15100
dev_15101_0,acc_15101
dev_15102_0,acc_15102
dev_15103_0,acc_15103
dev_15104_0,acc_15104
dev_15105_0,acc_15105
dev_15106_0,acc_15106
dev_15107_0,acc_15107
dev_15108_0,acc_15108
dev_15109_0,acc_15109
dev_15110_0,acc_15110
dev_15111_0,acc_15111
dev_15112_0,acc_15112
dev_15113_0,acc_15113
dev_15114_0,acc_15114
dev_15115_0,acc_15115
dev_15116_0,acc_15116
dev_15117_0,acc_15117
dev_15118_0,acc_15118
dev_15119_0,acc_15119
dev_15120_0,acc_15120
dev_15121_0,acc_15121
dev_15121_1,acc_15121
dev_15122_0,acc_15122
dev_15123_0,acc_15123
dev_15124_0,acc_15124
dev_15125_0,acc_15125
dev_15126_0,acc_15126
dev_15127_0,acc_15127
dev_15128_0,acc_15128
dev_15129_0,acc_15129
dev_15129_1,acc_15129
dev_15130_0,acc_15130
dev_15131_0,acc_15131
dev_15132_0,acc_15132
dev_15133_0,acc_15133
dev_15134_0,acc_15134
dev_15135_0,acc_15135
dev_15136_0,acc_15136
dev_15137_0,acc_15137
dev_15137_1,acc_15137
dev_15138_0,acc_15138
dev_15139_0,acc_15139
dev_15140_0,acc_15140
dev_15141_0,acc_15141
dev_15142_0,acc_15142
dev_15143_0,acc_15143
dev_15144_0,acc_15144
dev_15145_0,acc_15145
dev_15146_0,acc_15146
dev_15147_0,acc_15147
dev_15147_1,acc_15147
dev_15148_0,acc_15148
dev_15149_0,acc_15149
dev_15150_0,acc_15150
dev_15151_0,acc_15151
dev_15152_0,acc_15152
dev_15153_0,acc_15153
dev_15153_1,acc_15153
dev_15154_0,acc_15154
dev_15155_0,acc_15155
dev_15156_0,acc_15156
dev_15157_0,acc_15157
dev_15158_0,acc_15158
dev_15159_0,acc_15159
dev_15160_0,acc_15160
dev_15161_0,acc_15161
dev_15162_0,acc_15162
dev_15163_0,acc_15163
dev_15163_1,acc_15163
dev_15164_0,acc_15164
dev_15165_0,acc_15165
dev_15166_0,acc_15166
dev_15167_0,acc_15167
dev_15168_0,acc_15168
dev_15169_0,acc_15169
dev_15170_0,acc_15170
dev_15171_0,acc_15171
dev_15172_0,acc_15172
dev_15173_0,acc_15173
dev_15174_0,acc_15174
dev_15175_0,acc_15175
dev_15176_0,acc_15176
dev_15177_0,acc_15177
dev_15177_1,acc_15177
dev_15178_0,acc_15178
dev_15179_0,acc_15179
dev_15180_0,acc_15180
dev_15181_0,acc_15181
dev_15182_0,acc_15182
dev_15183_0,acc_15183
dev_15184_0,acc_15184
dev_15185_0,acc_15185
dev_15186_0,acc_15186
dev_15187_0,acc_15187
dev_15188_0,acc_15188
dev_15189_0,acc_15189
dev_15190_0,acc_15190
dev_15191_0,acc_15191
dev_15191_1,acc_15191
dev_15192_0,acc_15192
dev_15193_0,acc_15193
dev_15194_0,acc_15194
dev_15195_0,acc_15195
dev_15196_0,acc_15196
dev_15197_0,acc_15197
dev_15198_0,acc_15198
dev_15199_0,acc_15199
dev_15200_0,acc_15200
dev_15201_0,acc_15201
dev_15202_0,acc_15202
dev_15203_0,acc_15203
dev_15204_0,acc_15204
dev_15205_0,acc_15205
dev_15206_0,acc_15206
dev_15207_0,acc_15207
dev_15208_0,acc_15208
dev_15209_0,acc_15209
dev_15210_0,acc_15210
dev_15211_0,acc_15211
dev_15212_0,acc_15212
dev_15213_0,acc_15213
dev_15214_0,acc_15214
dev_15215_0,acc_15215
dev_15216_0,acc_15216
dev_15217_0,acc_15217
dev_15218_0,acc_15218
dev_15219_0,acc_15219
dev_15220_0,acc_15220
dev_15221_0,acc_15221
dev_15222_0,acc_15222
dev_15222_1,acc_15222
dev_15223_0,acc_15223
dev_15224_0,acc_15224
dev_15225_0,acc_15225
dev_15226_0,acc_15226
dev_15226_1,acc_15226
dev_15227_0,acc_15227
dev_15228_0,acc_15228
dev_15229_0,acc_15229
dev_15230_0,acc_15230
dev_15231_0,acc_15231
dev_15232_0,acc_15232
dev_15233_0,acc_15233
dev_15234_0,acc_15234
dev_15235_0,acc_15235
dev_15236_0,acc_15236
dev_15237_0,acc_15237
dev_15238_0,acc_15238
dev_15239_0,acc_15239
dev_15240_0,acc_15240
dev_15241_0,acc_15241
dev_15242_0,acc_15242
dev_15243_0,acc_15243
dev_15244_0,acc_15244
dev_15245_0,acc_15245
dev_15246_0,acc_15246
dev_15247_0,acc_15247
dev_15248_0,acc_15248
dev_15249_0,acc_15249
dev_15250_0,acc_15250
dev_15251_0,acc_15251
dev_15251_1,acc_15251
dev_15252_0,acc_15252
dev_15253_0,acc_15253
dev_15254_0,acc_15254
dev_15255_0,acc_15255
dev_15256_0,acc_15256
dev_15257_0,acc_15257
dev_15258_0,acc_15258
dev_15259_0,acc_15259
dev_15260_0,acc_15260
dev_15261_0,acc_15261
dev_15262_0,acc_15262
dev_15263_0,acc_15263
dev_15264_0,acc_15264
dev_15265_0,acc_15265
dev_15266_0,acc_15266
dev_15267_0,acc_15267
dev_15268_0,acc_15268
dev_15269_0,acc_15269
dev_15270_0,acc_15270
dev_15271_0,acc_15271
dev_15272_0,acc_15272
dev_15273_0,acc_15273
dev_15274_0,acc_15274
dev_15275_0,acc_15275
dev_15275_1,acc_15275
dev_15276_0,acc_15276
dev_15277_0,acc_15277
dev_15278_0,acc_15278
dev_15279_0,acc_15279
dev_15280_0,acc_15280
dev_15281_0,acc_15281
dev_15282_0,acc_15282
dev_15283_0,acc_15283
dev_15284_0,acc_15284
dev_15285_0,acc_15285
dev_15286_0,acc_15286
dev_15287_0,acc_15287
dev_15288_0,acc_15288
dev_15289_0,acc_15289
dev_15290_0,acc_15290
dev_15291_0,acc_15291
dev_15291_1,acc_15291
dev_15292_0,acc_15292
dev_15293_0,acc_15293
dev_15294_0,acc_15294
dev_15295_0,acc_15295
dev_15296_0,acc_15296
dev_15297_0,acc_15297
dev_15298_0,acc_15298
dev_15299_0,acc_15299
dev_15300_0,acc_15300
dev_15301_0,acc_15301
dev_15302_0,acc_15302
dev_15303_0,acc_15303
dev_15304_0,acc_15304
dev_15305_0,acc_15305
dev_15306_0,acc_15306
dev_15307_0,acc_15307
dev_15308_0,acc_15308
dev_15309_0,acc_15309
dev_15310_0,acc_15310
dev_15311_0,acc_15311
dev_15312_0,acc_15312
dev_15313_0,acc_15313
dev_15314_0,acc_15314
dev_15315_0,acc_15315
dev_15316_0,acc_15316
dev_15317_0,acc_15317
dev_15318_0,acc_15318
dev_15319_0,acc_15319
dev_15320_0,acc_15320
dev_15321_0,acc_15321
dev_15322_0,acc_15322
dev_15323_0,acc_15323
dev_15324_0,acc_15324
dev_15325_0,acc_15325
dev_15326_0,acc_15326
dev_15327_0,acc_15327
dev_15328_0,acc_15328
dev_15329_0,acc_15329
dev_15330_0,acc_15330
dev_15331_0,acc_15331
dev_15332_0,acc_15332
dev_15333_0,acc_15333
dev_15334_0,acc_15334
dev_15335_0,acc_15335
dev_15336_0,acc_15336
dev_15337_0,acc_15337
dev_15338_0,acc_15338
dev_15339_0,acc_15339
dev_15340_0,acc_15340
dev_15341_0,acc_15341
dev_15342_0,acc_15342
dev_15342_1,acc_15342
dev_15343_0,acc_15343
dev_15344_0,acc_15344
dev_15345_0,acc_15345
dev_15346_0,acc_15346
dev_15347_0,acc_15347
dev_15348_0,acc_15348
dev_15349_0,acc_15349
dev_15350_0,acc_15350
dev_15350_1,acc_15350
dev_15351_0,acc_15351
dev_15352_0,acc_15352
dev_15353_0,acc_15353
dev_15354_0,acc_15354
dev_15355_0,acc_15355
dev_15356_0,acc_15356
dev_15357_0,acc_15357
dev_15358_0,acc_15358
dev_15359_0,acc_15359
dev_15360_0,acc_15360
dev_15361_0,acc_15361
dev_15362_0,acc_15362
dev_15363_0,acc_15363
dev_15364_0,acc_15364
dev_15365_0,acc_15365
dev_15366_0,acc_15366
dev_15367_0,acc_15367
dev_15368_0,acc_15368
dev_15369_0,acc_15369
dev_15370_0,acc_15370
dev_15371_0,acc_15371
dev_15372_0,acc_15372
dev_15373_0,acc_15373
dev_15374_0,acc_15374
dev_15375_0,acc_15375
dev_15376_0,acc_15376
dev_15377_0,acc_15377
dev_15378_0,acc_15378
dev_15378_1,acc_15378
dev_15379_0,acc_15379
dev_15380_0,acc_15380
dev_15381_0,acc_15381
dev_15382_0,acc_15382
dev_15383_0,acc_15383
dev_15384_0,acc_15384
dev_15385_0,acc_15385
dev_15386_0,acc_15386
dev_15387_0,acc_15387
dev_15388_0,acc_15388
dev_15389_0,acc_15389
dev_15390_0,acc_15390
dev_15391_0,acc_15391
dev_15392_0,acc_15392
dev_15393_0,acc_15393
dev_15393_1,acc_15393
dev_15394_0,acc_15394
dev_15395_0,acc_15395
dev_15396_0,acc_15396
dev_15397_0,acc_15397
dev_15398_0,acc_15398
dev_15399_0,acc_15399
dev_15400_0,acc_15400
dev_15401_0,acc_15401
dev_15402_0,acc_15402
dev_15403_0,acc_15403
dev_15404_0,acc_15404
dev_15405_0,acc_15405
dev_15406_0,acc_15406
dev_15407_0,acc_15407
dev_15408_0,acc_15408
dev_15409_0,acc_15409
dev_15410_0,acc_15410
dev_15411_0,acc_15411
dev_15412_0,acc_15412
dev_15413_0,acc_15413
dev_15414_0,acc_15414
dev_15415_0,acc_15415
dev_15416_0,acc_15416
dev_15417_0,acc_15417
dev_15418_0,acc_15418
dev_15419_0,acc_15419
dev_15420_0,acc_15420
dev_15421_0,acc_15421
dev_15422_0,acc_15422
dev_15423_0,acc_15423
dev_15424_0,acc_15424
dev_15425_0,acc_15425
dev_15426_0,acc_15426
dev_15427_0,acc_15427
dev_15428_0,acc_15428
dev_15429_0,acc_15429
dev_15430_0,acc_15430
dev_15431_0,acc_15431
dev_15432_0,acc_15432
dev_15433_0,acc_15433
dev_15434_0,acc_15434
dev_15435_0,acc_15435
dev_15436_0,acc_15436
dev_15437_0,acc_15437
dev_15438_0,acc_15438
dev_15439_0,acc_15439
dev_15440_0,acc_15440
dev_15440_1,acc_15440
dev_15441_0,acc_15441
dev_15442_0,acc_15442
dev_15443_0,acc_15443
dev_15444_0,acc_15444
dev_15445_0,acc_15445
dev_15446_0,acc_15446
dev_15447_0,acc_15447
dev_15448_0,acc_15448
dev_15449_0,acc_15449
dev_15450_0,acc_15450
dev_15451_0,acc_15451
dev_15452_0,acc_15452
dev_15453_0,acc_15453
dev_15454_0,acc_15454
dev_15455_0,acc_15455
dev_15456_0,acc_15456
dev_15457_0,acc_15457
dev_15458_0,acc_15458
dev_15459_0,acc_15459
dev_15459_1,acc_15459
dev_15460_0,acc_15460
dev_15461_0,acc_15461
dev_15462_0,acc_15462
dev_15463_0,acc_15463
dev_15464_0,acc_15464
dev_15465_0,acc_15465
dev_15466_0,acc_15466
dev_15467_0,acc_15467
dev_15468_0,acc_15468
dev_15469_0,acc_15469
dev_15470_0,acc_15470
dev_15471_0,acc_15471
dev_15472_0,acc_15472
dev_15473_0,acc_15473
dev_15474_0,acc_15474
dev_15475_0,acc_15475
dev_15476_0,acc_15476
dev_15477_0,acc_15477
dev_15478_0,acc_15478
dev_15479_0,acc_15479
dev_15480_0,acc_15480
dev_15481_0,acc_15481
dev_15482_0,acc_15482
dev_15483_0,acc_15483
dev_15484_0,acc_15484
dev_15485_0,acc_15485
dev_15486_0,acc_15486
dev_15487_0,acc_15487
dev_15488_0,acc_15488
dev_15489_0,acc_15489
dev_15490_0,acc_15490
dev_15490_1,acc_15490
dev_15491_0,acc_15491
dev_15492_0,acc_15492
dev_15493_0,acc_15493
dev_15494_0,acc_15494
dev_15495_0,acc_15495
dev_15495_1,acc_15495
dev_15496_0,acc_15496
dev_15497_0,acc_15497
dev_15498_0,acc_15498
dev_15499_0,acc_15499
dev_15500_0,acc_15500
dev_15501_0,acc_15501
dev_15502_0,acc_15502
dev_15503_0,acc_15503
dev_15504_0,acc_15504
dev_15505_0,acc_15505
dev_15506_0,acc_15506
dev_15507_0,acc_15507
dev_15508_0,acc_15508
dev_15509_0,acc_15509
dev_15510_0,acc_15510
dev_15511_0,acc_15511
dev_15512_0,acc_15512
dev_15513_0,acc_15513
dev_15514_0,acc_15514
dev_15515_0,acc_15515
dev_15516_0,acc_15516
dev_15517_0,acc_15517
dev_15518_0,acc_15518
dev_15519_0,acc_15519
dev_15520_0,acc_15520
dev_15521_0,acc_15521
dev_15522_0,acc_15522
dev_15523_0,acc_15523
dev_15524_0,acc_15524
dev_15525_0,acc_15525
dev_15526_0,acc_15526
dev_15527_0,acc_15527
dev_15527_1,acc_15527
dev_15528_0,acc_15528
dev_15529_0,acc_15529
dev_15530_0,acc_15530
dev_15530_1,acc_15530
dev_15531_0,acc_15531
dev_15532_0,acc_15532
dev_15532_1,acc_15532
dev_15533_0,acc_15533
dev_15534_0,acc_15534
dev_15535_0,acc_15535
dev_15536_0,acc_15536
dev_15537_0,acc_15537
dev_15538_0,acc_15538
dev_15538_1,acc_15538
dev_15539_0,acc_15539
dev_15540_0,acc_15540
dev_15541_0,acc_15541
dev_15542_0,acc_15542
dev_15543_0,acc_15543
dev_15544_0,acc_15544
dev_15545_0,acc_15545
dev_15546_0,acc_15546
dev_15547_0,acc_15547
dev_15548_0,acc_15548
dev_15549_0,acc_15549
dev_15550_0,acc_15550
dev_15551_0,acc_15551
dev_15552_0,acc_15552
dev_15553_0,acc_15553
dev_15554_0,acc_15554
dev_15555_0,acc_15555
dev_15556_0,acc_15556
dev_15557_0,acc_15557
dev_15558_0,acc_15558
dev_15559_0,acc_15559
dev_15560_0,acc_15560
dev_15561_0,acc_15561
dev_15562_0,acc_15562
dev_15563_0,acc_15563
dev_15564_0,acc_15564
dev_15565_0,acc_15565
dev_15565_1,acc_15565
dev_15566_0,acc_15566
dev_15566_1,acc_15566
dev_15567_0,acc_15567
dev_15568_0,acc_15568
dev_15569_0,acc_15569
dev_15570_0,acc_15570
dev_15571_0,acc_15571
dev_15572_0,acc_15572
dev_15573_0,acc_15573
dev_15573_1,acc_15573
dev_15574_0,acc_15574
dev_15575_0,acc_15575
dev_15576_0,acc_15576
dev_15577_0,acc_15577
dev_15578_0,acc_15578
dev_15579_0,acc_15579
dev_15580_0,acc_15580
dev_15581_0,acc_15581
dev_15582_0,acc_15582
dev_15583_0,acc_15583
dev_15584_0,acc_15584
dev_15585_0,acc_15585
dev_15585_1,acc_15585
dev_15586_0,acc_15586
dev_15587_0,acc_15587
dev_15588_0,acc_15588
dev_15589_0,acc_15589
dev_15590_0,acc_15590
dev_15591_0,acc_15591
dev_15592_0,acc_15592
dev_15593_0,acc_15593
dev_15593_1,acc_15593
dev_15594_0,acc_15594
dev_15595_0,acc_15595
dev_15596_0,acc_15596
dev_15597_0,acc_15597
dev_15598_0,acc_15598
dev_15599_0,acc_15599
dev_15600_0,acc_15600
dev_15601_0,acc_15601
dev_15601_1,acc_15601
dev_15602_0,acc_15602
dev_15603_0,acc_15603
dev_15604_0,acc_15604
dev_15605_0,acc_15605
dev_15606_0,acc_15606
dev_15607_0,acc_15607
dev_15608_0,acc_15608
dev_15609_0,acc_15609
dev_15610_0,acc_15610
dev_15611_0,acc_15611
dev_15612_0,acc_15612
dev_15613_0,acc_15613
dev_15614_0,acc_15614
dev_15615_0,acc_15615
dev_15616_0,acc_15616
dev_15617_0,acc_15617
dev_15618_0,acc_15618
dev_15619_0,acc_15619
dev_15620_0,acc_15620
dev_15621_0,acc_15621
dev_15621_1,acc_15621
dev_15622_0,acc_15622
dev_15623_0,acc_15623
dev_15624_0,acc_15624
dev_15625_0,acc_15625
dev_15626_0,acc_15626
dev_15627_0,acc_15627
dev_15628_0,acc_15628
dev_15629_0,acc_15629
dev_15630_0,acc_15630
dev_15631_0,acc_15631
dev_15632_0,acc_15632
dev_15632_1,acc_15632
dev_15633_0,acc_15633
dev_15634_0,acc_15634
dev_15635_0,acc_15635
dev_15636_0,acc_15636
dev_15637_0,acc_15637
dev_15637_1,acc_15637
dev_15638_0,acc_15638
dev_15639_0,acc_15639
dev_15639_1,acc_15639
dev_15640_0,acc_15640
dev_15641_0,acc_15641
dev_15642_0,acc_15642
dev_15643_0,acc_15643
dev_15644_0,acc_15644
dev_15645_0,acc_15645
dev_15646_0,acc_15646
dev_15647_0,acc_15647
dev_15648_0,acc_15648
dev_15649_0,acc_15649
dev_15650_0,acc_15650
dev_15651_0,acc_15651
dev_15652_0,acc_15652
dev_15653_0,acc_15653
dev_15654_0,acc_15654
dev_15655_0,acc_15655
dev_15656_0,acc_15656
dev_15657_0,acc_15657
dev_15658_0,acc_15658
dev_15659_0,acc_15659
dev_15660_0,acc_15660
dev_15661_0,acc_15661
dev_15662_0,acc_15662
dev_15663_0,acc_15663
dev_15664_0,acc_15664
dev_15665_0,acc_15665
dev_15666_0,acc_15666
dev_15667_0,acc_15667
dev_15668_0,acc_15668
dev_15669_0,acc_15669
dev_15670_0,acc_15670
dev_15671_0,acc_15671
dev_15672_0,acc_15672
dev_15673_0,acc_15673
dev_15674_0,acc_15674
dev_15675_0,acc_15675
dev_15675_1,acc_15675
dev_15676_0,acc_15676
dev_15677_0,acc_15677
dev_15678_0,acc_15678
dev_15679_0,acc_15679
dev_15680_0,acc_15680
dev_15681_0,acc_15681
dev_15682_0,acc_15682
dev_15682_1,acc_15682
dev_15683_0,acc_15683
dev_15684_0,acc_15684
dev_15685_0,acc_15685
dev_15686_0,acc_15686
dev_15687_0,acc_15687
dev_15688_0,acc_15688
dev_15689_0,acc_15689
dev_15690_0,acc_15690
dev_15691_0,acc_15691
dev_15692_0,acc_15692
dev_15692_1,acc_15692
dev_15693_0,acc_15693
dev_15694_0,acc_15694
dev_15694_1,acc_15694
dev_15695_0,acc_15695
dev_15696_0,acc_15696
dev_15696_1,acc_15696
dev_15697_0,acc_15697
dev_15698_0,acc_15698
dev_15699_0,acc_15699
dev_15699_1,acc_15699
dev_15700_0,acc_15700
dev_15701_0,acc_15701
dev_15702_0,acc_15702
dev_15703_0,acc_15703
dev_15704_0,acc_15704
dev_15705_0,acc_15705
dev_15706_0,acc_15706
dev_15707_0,acc_15707
dev_15708_0,acc_15708
dev_15709_0,acc_15709
dev_15710_0,acc_15710
dev_15711_0,acc_15711
dev_15712_0,acc_15712
dev_15713_0,acc_15713
dev_15714_0,acc_15714
dev_15715_0,acc_15715
dev_15716_0,acc_15716
dev_15717_0,acc_15717
dev_15718_0,acc_15718
dev_15719_0,acc_15719
dev_15720_0,acc_15720
dev_15721_0,acc_15721
dev_15722_0,acc_15722
dev_15723_0,acc_15723
dev_15724_0,acc_15724
dev_15725_0,acc_15725
dev_15726_0,acc_15726
dev_15727_0,acc_15727
dev_15728_0,acc_15728
dev_15729_0,acc_15729
dev_15730_0,acc_15730
dev_15731_0,acc_15731
dev_15732_0,acc_15732
dev_15733_0,acc_15733
dev_15734_0,acc_15734
dev_15735_0,acc_15735
dev_15736_0,acc_15736
dev_15737_0,acc_15737
dev_15738_0,acc_15738
dev_15739_0,acc_15739
dev_15739_1,acc_15739
dev_15740_0,acc_15740
dev_15741_0,acc_15741
dev_15742_0,acc_15742
dev_15743_0,acc_15743
dev_15744_0,acc_15744
dev_15745_0,acc_15745
dev_15746_0,acc_15746
dev_15747_0,acc_15747
dev_15748_0,acc_15748
dev_15749_0,acc_15749
dev_15750_0,acc_15750
dev_15750_1,acc_15750
dev_15751_0,acc_15751
dev_15752_0,acc_15752
dev_15753_0,acc_15753
dev_15754_0,acc_15754
dev_15755_0,acc_15755
dev_15756_0,acc_15756
dev_15757_0,acc_15757
dev_15758_0,acc_15758
dev_15759_0,acc_15759
dev_15760_0,acc_15760
dev_15761_0,acc_15761
dev_15762_0,acc_15762
dev_15763_0,acc_15763
dev_15764_0,acc_15764
dev_15765_0,acc_15765
dev_15766_0,acc_15766
dev_15766_1,acc_15766
dev_15767_0,acc_15767
dev_15768_0,acc_15768
dev_15769_0,acc_15769
dev_15770_0,acc_15770
dev_15771_0,acc_15771
dev_15771_1,acc_15771
dev_15772_0,acc_15772
dev_15773_0,acc_15773
dev_15774_0,acc_15774
dev_15775_0,acc_15775
dev_15776_0,acc_15776
dev_15777_0,acc_15777
dev_15778_0,acc_15778
dev_15779_0,acc_15779
dev_15780_0,acc_15780
dev_15781_0,acc_15781
dev_15782_0,acc_15782
dev_15783_0,acc_15783
dev_15784_0,acc_15784
dev_15785_0,acc_15785
dev_15786_0,acc_15786
dev_15787_0,acc_15787
dev_15788_0,acc_15788
dev_15789_0,acc_15789
dev_15790_0,acc_15790
dev_15791_0,acc_15791
dev_15792_0,acc_15792
dev_15793_0,acc_15793
dev_15794_0,acc_15794
dev_15795_0,acc_15795
dev_15796_0,acc_15796
dev_15796_1,acc_15796
dev_15797_0,acc_15797
dev_15798_0,acc_15798
dev_15799_0,acc_15799
dev_15800_0,acc_15800
dev_15801_0,acc_15801
dev_15802_0,acc_15802
dev_15803_0,acc_15803
dev_15804_0,acc_15804
dev_15805_0,acc_15805
dev_15806_0,acc_15806
dev_15807_0,acc_15807
dev_15808_0,acc_15808
dev_15809_0,acc_15809
dev_15810_0,acc_15810
dev_15810_1,acc_15810
dev_15811_0,acc_15811
dev_15812_0,acc_15812
dev_15813_0,acc_15813
dev_15814_0,acc_15814
dev_15815_0,acc_15815
dev_15816_0,acc_15816
dev_15817_0,acc_15817
dev_15817_1,acc_15817
dev_15818_0,acc_15818
dev_15819_0,acc_15819
dev_15820_0,acc_15820
dev_15821_0,acc_15821
dev_15822_0,acc_15822
dev_15823_0,acc_15823
dev_15824_0,acc_15824
dev_15825_0,acc_15825
dev_15826_0,acc_15826
dev_15827_0,acc_15827
dev_15828_0,acc_15828
dev_15829_0,acc_15829
dev_15830_0,acc_15830
dev_15831_0,acc_15831
dev_15832_0,acc_15832
dev_15833_0,acc_15833
dev_15833_1,acc_15833
dev_15834_0,acc_15834
dev_15834_1,acc_15834
dev_15835_0,acc_15835
dev_15836_0,acc_15836
dev_15837_0,acc_15837
dev_15837_1,acc_15837
dev_15838_0,acc_15838
dev_15838_1,acc_15838
dev_15839_0,acc_15839
dev_15840_0,acc_15840
dev_15841_0,acc_15841
dev_15842_0,acc_15842
dev_15843_0,acc_15843
dev_15844_0,acc_15844
dev_15845_0,acc_15845
dev_15846_0,acc_15846
dev_15847_0,acc_15847
dev_15848_0,acc_15848
dev_15849_0,acc_15849
dev_15850_0,acc_15850
dev_15851_0,acc_15851
dev_15852_0,acc_15852
dev_15852_1,acc_15852
dev_15853_0,acc_15853
dev_15854_0,acc_15854
dev_15855_0,acc_15855
dev_15856_0,acc_15856
dev_15857_0,acc_15857
dev_15858_0,acc_15858
dev_15859_0,acc_15859
dev_15860_0,acc_15860
dev_15861_0,acc_15861
dev_15862_0,acc_15862
dev_15863_0,acc_15863
dev_15864_0,acc_15864
dev_15865_0,acc_15865
dev_15866_0,acc_15866
dev_15866_1,acc_15866
dev_15867_0,acc_15867
dev_15868_0,acc_15868
dev_15869_0,acc_15869
dev_15870_0,acc_15870
dev_15871_0,acc_15871
dev_15872_0,acc_15872
dev_15873_0,acc_15873
dev_15874_0,acc_15874
dev_15874_1,acc_15874
dev_15875_0,acc_15875
dev_15876_0,acc_15876
dev_15877_0,acc_15877
dev_15878_0,acc_15878
dev_15879_0,acc_15879
dev_15880_0,acc_15880
dev_15881_0,acc_15881
dev_15882_0,acc_15882
dev_15883_0,acc_15883
dev_15884_0,acc_15884
dev_15885_0,acc_15885
dev_15886_0,acc_15886
dev_15887_0,acc_15887
dev_15888_0,acc_15888
dev_15889_0,acc_15889
dev_15890_0,acc_15890
dev_15891_0,acc_15891
dev_15892_0,acc_15892
dev_15892_1,acc_15892
dev_15893_0,acc_15893
dev_15894_0,acc_15894
dev_15895_0,acc_15895
dev_15896_0,acc_15896
dev_15897_0,acc_15897
dev_15898_0,acc_15898
dev_15899_0,acc_15899
dev_15900_0,acc_15900
dev_15901_0,acc_15901
dev_15902_0,acc_15902
dev_15903_0,acc_15903
dev_15904_0,acc_15904
dev_15905_0,acc_15905
dev_15906_0,acc_15906
dev_15907_0,acc_15907
dev_15908_0,acc_15908
dev_15908_1,acc_15908
dev_15909_0,acc_15909
dev_15910_0,acc_15910
dev_15911_0,acc_15911
dev_15912_0,acc_15912
dev_15913_0,acc_15913
dev_15914_0,acc_15914
dev_15915_0,acc_15915
dev_15916_0,acc_15916
dev_15917_0,acc_15917
dev_15918_0,acc_15918
dev_15919_0,acc_15919
dev_15920_0,acc_15920
dev_15921_0,acc_15921
dev_15922_0,acc_15922
dev_15923_0,acc_15923
dev_15924_0,acc_15924
dev_15925_0,acc_15925
dev_15925_1,acc_15925
dev_15926_0,acc_15926
dev_15927_0,acc_15927
dev_15928_0,acc_15928
dev_15929_0,acc_15929
dev_15930_0,acc_15930
dev_15931_0,acc_15931
dev_15932_0,acc_15932
dev_15933_0,acc_15933
dev_15934_0,acc_15934
dev_15935_0,acc_15935
dev_15936_0,acc_15936
dev_15937_0,acc_15937
dev_15938_0,acc_15938
dev_15939_0,acc_15939
dev_15940_0,acc_15940
dev_15941_0,acc_15941
dev_15941_1,acc_15941
dev_15942_0,acc_15942
dev_15943_0,acc_15943
dev_15944_0,acc_15944
dev_15945_0,acc_15945
dev_15946_0,acc_15946
dev_15947_0,acc_15947
dev_15948_0,acc_15948
dev_15949_0,acc_15949
dev_15950_0,acc_15950
dev_15951_0,acc_15951
dev_15952_0,acc_15952
dev_15953_0,acc_15953
dev_15954_0,acc_15954
dev_15955_0,acc_15955
dev_15956_0,acc_15956
dev_15957_0,acc_15957
dev_15958_0,acc_15958
dev_15959_0,acc_15959
dev_15959_1,acc_15959
dev_15960_0,acc_15960
dev_15961_0,acc_15961
dev_15962_0,acc_15962
dev_15963_0,acc_15963
dev_15963_1,acc_15963
dev_15964_0,acc_15964
dev_15965_0,acc_15965
dev_15966_0,acc_15966
dev_15967_0,acc_15967
dev_15968_0,acc_15968
dev_15969_0,acc_15969
dev_15970_0,acc_15970
dev_15970_1,acc_15970
dev_15971_0,acc_15971
dev_15972_0,acc_15972
dev_15973_0,acc_15973
dev_15974_0,acc_15974
dev_15975_0,acc_15975
dev_15976_0,acc_15976
dev_15977_0,acc_15977
dev_15978_0,acc_15978
dev_15979_0,acc_15979
dev_15980_0,acc_15980
dev_15981_0,acc_15981
dev_15982_0,acc_15982
dev_15983_0,acc_15983
dev_15984_0,acc_15984
dev_15985_0,acc_15985
dev_15986_0,acc_15986
dev_15987_0,acc_15987
dev_15988_0,acc_15988
dev_15989_0,acc_15989
dev_15990_0,acc_15990
dev_15991_0,acc_15991
dev_15992_0,acc_15992
dev_15993_0,acc_15993
dev_15994_0,acc_15994
dev_15995_0,acc_15995
dev_15996_0,acc_15996
dev_15997_0,acc_15997
dev_15998_0,acc_15998
dev_15999_0,acc_15999
dev_16000_0,acc_16000
dev_16001_0,acc_16001
dev_16002_0,acc_16002
dev_16003_0,acc_16003
dev_16004_0,acc_16004
dev_16005_0,acc_16005
dev_16006_0,acc_16006
dev_16007_0,acc_16007
dev_16008_0,acc_16008
dev_16009_0,acc_16009
dev_16010_0,acc_16010
dev_16011_0,acc_16011
dev_16012_0,acc_16012
dev_16013_0,acc_16013
dev_16014_0,acc_16014
dev_16014_1,acc_16014
dev_16015_0,acc_16015
dev_16015_1,acc_16015
dev_16016_0,acc_16016
dev_16017_0,acc_16017
dev_16018_0,acc_16018
dev_16019_0,acc_16019
dev_16020_0,acc_16020
dev_16021_0,acc_16021
dev_16022_0,acc_16022
dev_16023_0,acc_16023
dev_16024_0,acc_16024
dev_16025_0,acc_16025
dev_16026_0,acc_16026
dev_16027_0,acc_16027
dev_16028_0,acc_16028
dev_16029_0,acc_16029
dev_16030_0,acc_16030
dev_16031_0,acc_16031
dev_16032_0,acc_16032
dev_16033_0,acc_16033
dev_16034_0,acc_16034
dev_16035_0,acc_16035
dev_16036_0,acc_16036
dev_16036_1,acc_16036
dev_16037_0,acc_16037
dev_16038_0,acc_16038
dev_16039_0,acc_16039
dev_16040_0,acc_16040
dev_16040_1,acc_16040
dev_16041_0,acc_16041
dev_16042_0,acc_16042
dev_16043_0,acc_16043
dev_16044_0,acc_16044
dev_16045_0,acc_16045
dev_16046_0,acc_16046
dev_16047_0,acc_16047
dev_16048_0,acc_16048
dev_16049_0,acc_16049
dev_16050_0,acc_16050
dev_16051_0,acc_16051
dev_16052_0,acc_16052
dev_16053_0,acc_16053
dev_16053_1,acc_16053
dev_16054_0,acc_16054
dev_16055_0,acc_16055
dev_16056_0,acc_16056
dev_16057_0,acc_16057
dev_16058_0,acc_16058
dev_16059_0,acc_16059
dev_16060_0,acc_16060
dev_16061_0,acc_16061
dev_16062_0,acc_16062
dev_16063_0,acc_16063
dev_16064_0,acc_16064
dev_16065_0,acc_16065
dev_16066_0,acc_16066
dev_16067_0,acc_16067
dev_16068_0,acc_16068
dev_16069_0,acc_16069
dev_16070_0,acc_16070
dev_16071_0,acc_16071
dev_16072_0,acc_16072
dev_16073_0,acc_16073
dev_16074_0,acc_16074
dev_16075_0,acc_16075
dev_16076_0,acc_16076
dev_16076_1,acc_16076
dev_16077_0,acc_16077
dev_16077_1,acc_16077
dev_16078_0,acc_16078
dev_16079_0,acc_16079
dev_16080_0,acc_16080
dev_16081_0,acc_16081
dev_16082_0,acc_16082
dev_16083_0,acc_16083
dev_16084_0,acc_16084
dev_16085_0,acc_16085
dev_16086_0,acc_16086
dev_16087_0,acc_16087
dev_16088_0,acc_16088
dev_16089_0,acc_16089
dev_16090_0,acc_16090
dev_16091_0,acc_16091
dev_16092_0,acc_16092
dev_16093_0,acc_16093
dev_16094_0,acc_16094
dev_16095_0,acc_16095
dev_16096_0,acc_16096
dev_16097_0,acc_16097
dev_16098_0,acc_16098
dev_16099_0,acc_16099
dev_16100_0,acc_16100
dev_16101_0,acc_16101
dev_16102_0,acc_16102
dev_16103_0,acc_16103
dev_16104_0,acc_16104
dev_16105_0,acc_16105
dev_16106_0,acc_16106
dev_16107_0,acc_16107
dev_16108_0,acc_16108
dev_16109_0,acc_16109
dev_16110_0,acc_16110
dev_16111_0,acc_16111
dev_16112_0,acc_16112
dev_16113_0,acc_16113
dev_16114_0,acc_16114
dev_16115_0,acc_16115
dev_16116_0,acc_16116
dev_16117_0,acc_16117
dev_16118_0,acc_16118
dev_16119_0,acc_16119
dev_16120_0,acc_16120
dev_16121_0,acc_16121
dev_16121_1,acc_16121
dev_16122_0,acc_16122
dev_16123_0,acc_16123
dev_16124_0,acc_16124
dev_16125_0,acc_16125
dev_16126_0,acc_16126
dev_16127_0,acc_16127
dev_16128_0,acc_16128
dev_16129_0,acc_16129
dev_16130_0,acc_16130
dev_16131_0,acc_16131
dev_16132_0,acc_16132
dev_16133_0,acc_16133
dev_16134_0,acc_16134
dev_16135_0,acc_16135
dev_16136_0,acc_16136
dev_16137_0,acc_16137
dev_16138_0,acc_16138
dev_16139_0,acc_16139
dev_16140_0,acc_16140
dev_16141_0,acc_16141
dev_16142_0,acc_16142
dev_16143_0,acc_16143
dev_16144_0,acc_16144
dev_16144_1,acc_16144
dev_16145_0,acc_16145
dev_16146_0,acc_16146
dev_16147_0,acc_16147
dev_16148_0,acc_16148
dev_16149_0,acc_16149
dev_16150_0,acc_16150
dev_16151_0,acc_16151
dev_16152_0,acc_16152
dev_16153_0,acc_16153
dev_16153_1,acc_16153
dev_16154_0,acc_16154
dev_16155_0,acc_16155
dev_16156_0,acc_16156
dev_16157_0,acc_16157
dev_16158_0,acc_16158
dev_16159_0,acc_16159
dev_16160_0,acc_16160
dev_16161_0,acc_16161
dev_16162_0,acc_16162
dev_16163_0,acc_16163
dev_16164_0,acc_16164
dev_16165_0,acc_16165
dev_16166_0,acc_16166
dev_16167_0,acc_16167
dev_16167_1,acc_16167
dev_16168_0,acc_16168
dev_16169_0,acc_16169
dev_16170_0,acc_16170
dev_16171_0,acc_16171
dev_16172_0,acc_16172
dev_16173_0,acc_16173
dev_16174_0,acc_16174
dev_16175_0,acc_16175
dev_16176_0,acc_16176
dev_16177_0,acc_16177
dev_16178_0,acc_16178
dev_16179_0,acc_16179
dev_16180_0,acc_16180
dev_16181_0,acc_16181
dev_16182_0,acc_16182
dev_16183_0,acc_16183
dev_16184_0,acc_16184
dev_16185_0,acc_16185
dev_16186_0,acc_16186
dev_16187_0,acc_16187
dev_16188_0,acc_16188
dev_16189_0,acc_16189
dev_16190_0,acc_16190
dev_16191_0,acc_16191
dev_16192_0,acc_16192
dev_16193_0,acc_16193
dev_16194_0,acc_16194
dev_16195_0,acc_16195
dev_16196_0,acc_16196
dev_16197_0,acc_16197
dev_16198_0,acc_16198
dev_16199_0,acc_16199
dev_16200_0,acc_16200
dev_16201_0,acc_16201
dev_16202_0,acc_16202
dev_16202_1,acc_16202
dev_16203_0,acc_16203
dev_16204_0,acc_16204
dev_16205_0,acc_16205
dev_16206_0,acc_16206
dev_16207_0,acc_16207
dev_16208_0,acc_16208
dev_16209_0,acc_16209
dev_16210_0,acc_16210
dev_16211_0,acc_16211
dev_16211_1,acc_16211
dev_16212_0,acc_16212
dev_16213_0,acc_16213
dev_16214_0,acc_16214
dev_16215_0,acc_16215
dev_16216_0,acc_16216
dev_16217_0,acc_16217
dev_16218_0,acc_16218
dev_16218_1,acc_16218
dev_16219_0,acc_16219
dev_16220_0,acc_16220
dev_16221_0,acc_16221
dev_16222_0,acc_16222
dev_16223_0,acc_16223
dev_16224_0,acc_16224
dev_16225_0,acc_16225
dev_16226_0,acc_16226
dev_16227_0,acc_16227
dev_16228_0,acc_16228
dev_16229_0,acc_16229
dev_16230_0,acc_16230
dev_16231_0,acc_16231
dev_16232_0,acc_16232
dev_16233_0,acc_16233
dev_16234_0,acc_16234
dev_16235_0,acc_16235
dev_16236_0,acc_16236
dev_16237_0,acc_16237
dev_16238_0,acc_16238
dev_16239_0,acc_16239
dev_16240_0,acc_16240
dev_16241_0,acc_16241
dev_16242_0,acc_16242
dev_16243_0,acc_16243
dev_16244_0,acc_16244
dev_16245_0,acc_16245
dev_16246_0,acc_16246
dev_16247_0,acc_16247
dev_16248_0,acc_16248
dev_16249_0,acc_16249
dev_16250_0,acc_16250
dev_16251_0,acc_16251
dev_16252_0,acc_16252
dev_16253_0,acc_16253
dev_16254_0,acc_16254
dev_16255_0,acc_16255
dev_16256_0,acc_16256
dev_16257_0,acc_16257
dev_16258_0,acc_16258
dev_16259_0,acc_16259
dev_16260_0,acc_16260
dev_16261_0,acc_16261
dev_16262_0,acc_16262
dev_16263_0,acc_16263
dev_16264_0,acc_16264
dev_16265_0,acc_16265
dev_16266_0,acc_16266
dev_16266_1,acc_16266
dev_16267_0,acc_16267
dev_16268_0,acc_16268
dev_16269_0,acc_16269
dev_16270_0,acc_16270
dev_16271_0,acc_16271
dev_16272_0,acc_16272
dev_16273_0,acc_16273
dev_16274_0,acc_16274
dev_16275_0,acc_16275
dev_16276_0,acc_16276
dev_16277_0,acc_16277
dev_16277_1,acc_16277
dev_16278_0,acc_16278
dev_16279_0,acc_16279
dev_16280_0,acc_16280
dev_16280_1,acc_16280
dev_16281_0,acc_16281
dev_16282_0,acc_16282
dev_16283_0,acc_16283
dev_16284_0,acc_16284
dev_16284_1,acc_16284
dev_16285_0,acc_16285
dev_16286_0,acc_16286
dev_16287_0,acc_16287
dev_16288_0,acc_16288
dev_16289_0,acc_16289
dev_16290_0,acc_16290
dev_16291_0,acc_16291
dev_16292_0,acc_16292
dev_16293_0,acc_16293
dev_16294_0,acc_16294
dev_16295_0,acc_16295
dev_16296_0,acc_16296
dev_16297_0,acc_16297
dev_16298_0,acc_16298
dev_16299_0,acc_16299
dev_16300_0,acc_16300
dev_16301_0,acc_16301
dev_16302_0,acc_16302
dev_16303_0,acc_16303
dev_16304_0,acc_16304
dev_16304_1,acc_16304
dev_16305_0,acc_16305
dev_16306_0,acc_16306
dev_16307_0,acc_16307
dev_16308_0,acc_16308
dev_16309_0,acc_16309
dev_16310_0,acc_16310
dev_16311_0,acc_16311
dev_16312_0,acc_16312
dev_16313_0,acc_16313
dev_16314_0,acc_16314
dev_16315_0,acc_16315
dev_16316_0,acc_16316
dev_16317_0,acc_16317
dev_16318_0,acc_16318
dev_16319_0,acc_16319
dev_16320_0,acc_16320
dev_16321_0,acc_16321
dev_16322_0,acc_16322
dev_16323_0,acc_16323
dev_16324_0,acc_16324
dev_16325_0,acc_16325
dev_16326_0,acc_16326
dev_16327_0,acc_16327
dev_16327_1,acc_16327
dev_16328_0,acc_16328
dev_16329_0,acc_16329
dev_16330_0,acc_16330
dev_16331_0,acc_16331
dev_16332_0,acc_16332
dev_16333_0,acc_16333
dev_16334_0,acc_16334
dev_16335_0,acc_16335
dev_16336_0,acc_16336
dev_16337_0,acc_16337
dev_16338_0,acc_16338
dev_16339_0,acc_16339
dev_16340_0,acc_16340
dev_16341_0,acc_16341
dev_16342_0,acc_16342
dev_16343_0,acc_16343
dev_16344_0,acc_16344
dev_16345_0,acc_16345
dev_16346_0,acc_16346
dev_16347_0,acc_16347
dev_16348_0,acc_16348
dev_16349_0,acc_16349
dev_16350_0,acc_16350
dev_16351_0,acc_16351
dev_16352_0,acc_16352
dev_16353_0,acc_16353
dev_16354_0,acc_16354
dev_16355_0,acc_16355
dev_16356_0,acc_16356
dev_16357_0,acc_16357
dev_16358_0,acc_16358
dev_16359_0,acc_16359
dev_16360_0,acc_16360
dev_16361_0,acc_16361
dev_16362_0,acc_16362
dev_16363_0,acc_16363
dev_16364_0,acc_16364
dev_16365_0,acc_16365
dev_16366_0,acc_16366
dev_16367_0,acc_16367
dev_16368_0,acc_16368
dev_16369_0,acc_16369
dev_16370_0,acc_16370
dev_16371_0,acc_16371
dev_16372_0,acc_16372
dev_16373_0,acc_16373
dev_16374_0,acc_16374
dev_16375_0,acc_16375
dev_16376_0,acc_16376
dev_16377_0,acc_16377
dev_16378_0,acc_16378
dev_16379_0,acc_16379
dev_16380_0,acc_16380
dev_16381_0,acc_16381
dev_16382_0,acc_16382
dev_16383_0,acc_16383
dev_16384_0,acc_16384
dev_16385_0,acc_16385
dev_16386_0,acc_16386
dev_16387_0,acc_16387
dev_16388_0,acc_16388
dev_16389_0,acc_16389
dev_16389_1,acc_16389
dev_16390_0,acc_16390
dev_16391_0,acc_16391
dev_16392_0,acc_16392
dev_16393_0,acc_16393
dev_16394_0,acc_16394
dev_16395_0,acc_16395
dev_16396_0,acc_16396
dev_16397_0,acc_16397
dev_16397_1,acc_16397
dev_16398_0,acc_16398
dev_16399_0,acc_16399
dev_16400_0,acc_16400
dev_16401_0,acc_16401
dev_16402_0,acc_16402
dev_16403_0,acc_16403
dev_16404_0,acc_16404
dev_16405_0,acc_16405
dev_16406_0,acc_16406
dev_16407_0,acc_16407
dev_16408_0,acc_16408
dev_16409_0,acc_16409
dev_16410_0,acc_16410
dev_16411_0,acc_16411
dev_16412_0,acc_16412
dev_16413_0,acc_16413
dev_16414_0,acc_16414
dev_16415_0,acc_16415
dev_16416_0,acc_16416
dev_16417_0,acc_16417
dev_16418_0,acc_16418
dev_16419_0,acc_16419
dev_16420_0,acc_16420
dev_16421_0,acc_16421
dev_16422_0,acc_16422
dev_16423_0,acc_16423
dev_16424_0,acc_16424
dev_16425_0,acc_16425
dev_16426_0,acc_16426
dev_16427_0,acc_16427
dev_16428_0,acc_16428
dev_16429_0,acc_16429
dev_16430_0,acc_16430
dev_16431_0,acc_16431
dev_16432_0,acc_16432
dev_16433_0,acc_16433
dev_16434_0,acc_16434
dev_16434_1,acc_16434
dev_16435_0,acc_16435
dev_16436_0,acc_16436
dev_16437_0,acc_16437
dev_16438_0,acc_16438
dev_16439_0,acc_16439
dev_16440_0,acc_16440
dev_16441_0,acc_16441
dev_16442_0,acc_16442
dev_16443_0,acc_16443
dev_16444_0,acc_16444
dev_16445_0,acc_16445
dev_16446_0,acc_16446
dev_16447_0,acc_16447
dev_16448_0,acc_16448
dev_16448_1,acc_16448
dev_16449_0,acc_16449
dev_16450_0,acc_16450
dev_16451_0,acc_16451
dev_16452_0,acc_16452
dev_16453_0,acc_16453
dev_16454_0,acc_16454
dev_16455_0,acc_16455
dev_16456_0,acc_16456
dev_16457_0,acc_16457
dev_16458_0,acc_16458
dev_16459_0,acc_16459
dev_16460_0,acc_16460
dev_16461_0,acc_16461
dev_16462_0,acc_16462
dev_16463_0,acc_16463
dev_16464_0,acc_16464
dev_16464_1,acc_16464
dev_16465_0,acc_16465
dev_16466_0,acc_16466
dev_16467_0,acc_16467
dev_16468_0,acc_16468
dev_16469_0,acc_16469
dev_16470_0,acc_16470
dev_16471_0,acc_16471
dev_16472_0,acc_16472
dev_16473_0,acc_16473
dev_16474_0,acc_16474
dev_16475_0,acc_16475
dev_16476_0,acc_16476
dev_16477_0,acc_16477
dev_16478_0,acc_16478
dev_16479_0,acc_16479
dev_16480_0,acc_16480
dev_16481_0,acc_16481
dev_16482_0,acc_16482
dev_16483_0,acc_16483
dev_16484_0,acc_16484
dev_16485_0,acc_16485
dev_16486_0,acc_16486
dev_16487_0,acc_16487
dev_16488_0,acc_16488
dev_16489_0,acc_16489
dev_16490_0,acc_16490
dev_16491_0,acc_16491
dev_16492_0,acc_16492
dev_16493_0,acc_16493
dev_16494_0,acc_16494
dev_16495_0,acc_16495
dev_16496_0,acc_16496
dev_16497_0,acc_16497
dev_16498_0,acc_16498
dev_16499_0,acc_16499
dev_16500_0,acc_16500
dev_16501_0,acc_16501
dev_16502_0,acc_16502
dev_16502_1,acc_16502
dev_16503_0,acc_16503
dev_16504_0,acc_16504
dev_16505_0,acc_16505
dev_16506_0,acc_16506
dev_16507_0,acc_16507
dev_16508_0,acc_16508
dev_16509_0,acc_16509
dev_16510_0,acc_16510
dev_16511_0,acc_16511
dev_16512_0,acc_16512
dev_16513_0,acc_16513
dev_16514_0,acc_16514
dev_16515_0,acc_16515
dev_16516_0,acc_16516
dev_16517_0,acc_16517
dev_16518_0,acc_16518
dev_16519_0,acc_16519
dev_16520_0,acc_16520
dev_16521_0,acc_16521
dev_16522_0,acc_16522
dev_16523_0,acc_16523
dev_16524_0,acc_16524
dev_16525_0,acc_16525
dev_16526_0,acc_16526
dev_16527_0,acc_16527
dev_16528_0,acc_16528
dev_16529_0,acc_16529
dev_16530_0,acc_16530
dev_16531_0,acc_16531
dev_16532_0,acc_16532
dev_16533_0,acc_16533
dev_16534_0,acc_16534
dev_16535_0,acc_16535
dev_16536_0,acc_16536
dev_16537_0,acc_16537
dev_16538_0,acc_16538
dev_16539_0,acc_16539
dev_16540_0,acc_16540
dev_16541_0,acc_16541
dev_16542_0,acc_16542
dev_16543_0,acc_16543
dev_16544_0,acc_16544
dev_16545_0,acc_16545
dev_16546_0,acc_16546
dev_16547_0,acc_16547
dev_16548_0,acc_16548
dev_16549_0,acc_16549
dev_16550_0,acc_16550
dev_16551_0,acc_16551
dev_16551_1,acc_16551
dev_16552_0,acc_16552
dev_16553_0,acc_16553
dev_16554_0,acc_16554
dev_16555_0,acc_16555
dev_16556_0,acc_16556
dev_16556_1,acc_16556
dev_16557_0,acc_16557
dev_16558_0,acc_16558
dev_16559_0,acc_16559
dev_16560_0,acc_16560
dev_16561_0,acc_16561
dev_16562_0,acc_16562
dev_16563_0,acc_16563
dev_16564_0,acc_16564
dev_16565_0,acc_16565
dev_16566_0,acc_16566
dev_16567_0,acc_16567
dev_16568_0,acc_16568
dev_16569_0,acc_16569
dev_16570_0,acc_16570
dev_16571_0,acc_16571
dev_16572_0,acc_16572
dev_16573_0,acc_16573
dev_16574_0,acc_16574
dev_16575_0,acc_16575
dev_16576_0,acc_16576
dev_16577_0,acc_16577
dev_16578_0,acc_16578
dev_16579_0,acc_16579
dev_16580_0,acc_16580
dev_16581_0,acc_16581
dev_16582_0,acc_16582
dev_16583_0,acc_16583
dev_16584_0,acc_16584
dev_16585_0,acc_16585
dev_16586_0,acc_16586
dev_16587_0,acc_16587
dev_16588_0,acc_16588
dev_16589_0,acc_16589
dev_16590_0,acc_16590
dev_16591_0,acc_16591
dev_16592_0,acc_16592
dev_16592_1,acc_16592
dev_16593_0,acc_16593
dev_16594_0,acc_16594
dev_16595_0,acc_16595
dev_16596_0,acc_16596
dev_16597_0,acc_16597
dev_16597_1,acc_16597
dev_16598_0,acc_16598
dev_16599_0,acc_16599
dev_16599_1,acc_16599
dev_16600_0,acc_16600
dev_16601_0,acc_16601
dev_16602_0,acc_16602
dev_16603_0,acc_16603
dev_16604_0,acc_16604
dev_16604_1,acc_16604
dev_16605_0,acc_16605
dev_16606_0,acc_16606
dev_16607_0,acc_16607
dev_16608_0,acc_16608
dev_16609_0,acc_16609
dev_16610_0,acc_16610
dev_16611_0,acc_16611
dev_16612_0,acc_16612
dev_16613_0,acc_16613
dev_16614_0,acc_16614
dev_16615_0,acc_16615
dev_16616_0,acc_16616
dev_16617_0,acc_16617
dev_16618_0,acc_16618
dev_16619_0,acc_16619
dev_16620_0,acc_16620
dev_16621_0,acc_16621
dev_16622_0,acc_16622
dev_16623_0,acc_16623
dev_16624_0,acc_16624
dev_16625_0,acc_16625
dev_16626_0,acc_16626
dev_16627_0,acc_16627
dev_16628_0,acc_16628
dev_16629_0,acc_16629
dev_16630_0,acc_16630
dev_16631_0,acc_16631
dev_16632_0,acc_16632
dev_16633_0,acc_16633
dev_16634_0,acc_16634
dev_16635_0,acc_16635
dev_16636_0,acc_16636
dev_16637_0,acc_16637
dev_16638_0,acc_16638
dev_16639_0,acc_16639
dev_16640_0,acc_16640
dev_16640_1,acc_16640
dev_16641_0,acc_16641
dev_16642_0,acc_16642
dev_16643_0,acc_16643
dev_16644_0,acc_16644
dev_16645_0,acc_16645
dev_16646_0,acc_16646
dev_16647_0,acc_16647
dev_16648_0,acc_16648
dev_16649_0,acc_16649
dev_16650_0,acc_16650
dev_16651_0,acc_16651
dev_16652_0,acc_16652
dev_16653_0,acc_16653
dev_16654_0,acc_16654
dev_16655_0,acc_16655
dev_16656_0,acc_16656
dev_16657_0,acc_16657
dev_16658_0,acc_16658
dev_16659_0,acc_16659
dev_16659_1,acc_16659
dev_16660_0,acc_16660
dev_16661_0,acc_16661
dev_16662_0,acc_16662
dev_16662_1,acc_16662
dev_16663_0,acc_16663
dev_16664_0,acc_16664
dev_16665_0,acc_16665
dev_16666_0,acc_16666
dev_16667_0,acc_16667
dev_16668_0,acc_16668
dev_16669_0,acc_16669
dev_16670_0,acc_16670
dev_16671_0,acc_16671
dev_16672_0,acc_16672
dev_16673_0,acc_16673
dev_16674_0,acc_16674
dev_16675_0,acc_16675
dev_16676_0,acc_16676
dev_16677_0,acc_16677
dev_16678_0,acc_16678
dev_16679_0,acc_16679
dev_16680_0,acc_16680
dev_16680_1,acc_16680
dev_16681_0,acc_16681
dev_16682_0,acc_16682
dev_16683_0,acc_16683
dev_16684_0,acc_16684
dev_16685_0,acc_16685
dev_16686_0,acc_16686
dev_16687_0,acc_16687
dev_16687_1,acc_16687
dev_16688_0,acc_16688
dev_16689_0,acc_16689
dev_16690_0,acc_16690
dev_16691_0,acc_16691
dev_16692_0,acc_16692
dev_16693_0,acc_16693
dev_16694_0,acc_16694
dev_16695_0,acc_16695
dev_16696_0,acc_16696
dev_16697_0,acc_16697
dev_16698_0,acc_16698
dev_16699_0,acc_16699
dev_16700_0,acc_16700
dev_16701_0,acc_16701
dev_16702_0,acc_16702
dev_16703_0,acc_16703
dev_16703_1,acc_16703
dev_16704_0,acc_16704
dev_16705_0,acc_16705
dev_16706_0,acc_16706
dev_16707_0,acc_16707
dev_16708_0,acc_16708
dev_16708_1,acc_16708
dev_16709_0,acc_16709
dev_16710_0,acc_16710
dev_16711_0,acc_16711
dev_16712_0,acc_16712
dev_16713_0,acc_16713
dev_16714_0,acc_16714
dev_16715_0,acc_16715
dev_16716_0,acc_16716
dev_16717_0,acc_16717
dev_16718_0,acc_16718
dev_16718_1,acc_16718
dev_16719_0,acc_16719
dev_16720_0,acc_16720
dev_16721_0,acc_16721
dev_16722_0,acc_16722
dev_16723_0,acc_16723
dev_16724_0,acc_16724
dev_16724_1,acc_16724
dev_16725_0,acc_16725
dev_16726_0,acc_16726
dev_16727_0,acc_16727
dev_16728_0,acc_16728
dev_16729_0,acc_16729
dev_16730_0,acc_16730
dev_16731_0,acc_16731
dev_16732_0,acc_16732
dev_16733_0,acc_16733
dev_16734_0,acc_16734
dev_16735_0,acc_16735
dev_16736_0,acc_16736
dev_16737_0,acc_16737
dev_16738_0,acc_16738
dev_16739_0,acc_16739
dev_16740_0,acc_16740
dev_16741_0,acc_16741
dev_16742_0,acc_16742
dev_16743_0,acc_16743
dev_16744_0,acc_16744
dev_16745_0,acc_16745
dev_16745_1,acc_16745
dev_16746_0,acc_16746
dev_16747_0,acc_16747
dev_16748_0,acc_16748
dev_16749_0,acc_16749
dev_16750_0,acc_16750
dev_16751_0,acc_16751
dev_16752_0,acc_16752
dev_16753_0,acc_16753
dev_16754_0,acc_16754
dev_16755_0,acc_16755
dev_16756_0,acc_16756
dev_16757_0,acc_16757
dev_16758_0,acc_16758
dev_16759_0,acc_16759
dev_16760_0,acc_16760
dev_16761_0,acc_16761
dev_16762_0,acc_16762
dev_16763_0,acc_16763
dev_16764_0,acc_16764
dev_16765_0,acc_16765
dev_16766_0,acc_16766
dev_16767_0,acc_16767
dev_16768_0,acc_16768
dev_16769_0,acc_16769
dev_16770_0,acc_16770
dev_16771_0,acc_16771
dev_16772_0,acc_16772
dev_16773_0,acc_16773
dev_16774_0,acc_16774
dev_16775_0,acc_16775
dev_16776_0,acc_16776
dev_16777_0,acc_16777
dev_16778_0,acc_16778
dev_16779_0,acc_16779
dev_16780_0,acc_16780
dev_16781_0,acc_16781
dev_16782_0,acc_16782
dev_16783_0,acc_16783
dev_16784_0,acc_16784
dev_16785_0,acc_16785
dev_16786_0,acc_16786
dev_16787_0,acc_16787
dev_16788_0,acc_16788
dev_16789_0,acc_16789
dev_16790_0,acc_16790
dev_16791_0,acc_16791
dev_16792_0,acc_16792
dev_16793_0,acc_16793
dev_16793_1,acc_16793
dev_16794_0,acc_16794
dev_16795_0,acc_16795
dev_16796_0,acc_16796
dev_16797_0,acc_16797
dev_16798_0,acc_16798
dev_16799_0,acc_16799
dev_16799_1,acc_16799
dev_16800_0,acc_16800
dev_16801_0,acc_16801
dev_16802_0,acc_16802
dev_16803_0,acc_16803
dev_16804_0,acc_16804
dev_16805_0,acc_16805
dev_16806_0,acc_16806
dev_16807_0,acc_16807
dev_16808_0,acc_16808
dev_16809_0,acc_16809
dev_16810_0,acc_16810
dev_16811_0,acc_16811
dev_16812_0,acc_16812
dev_16813_0,acc_16813
dev_16814_0,acc_16814
dev_16815_0,acc_16815
dev_16816_0,acc_16816
dev_16817_0,acc_16817
dev_16818_0,acc_16818
dev_16819_0,acc_16819
dev_16820_0,acc_16820
dev_16821_0,acc_16821
dev_16822_0,acc_16822
dev_16823_0,acc_16823
dev_16824_0,acc_16824
dev_16825_0,acc_16825
dev_16826_0,acc_16826
dev_16827_0,acc_16827
dev_16828_0,acc_16828
dev_16829_0,acc_16829
dev_16830_0,acc_16830
dev_16831_0,acc_16831
dev_16832_0,acc_16832
dev_16833_0,acc_16833
dev_16834_0,acc_16834
dev_16835_0,acc_16835
dev_16836_0,acc_16836
dev_16837_0,acc_16837
dev_16838_0,acc_16838
dev_16839_0,acc_16839
dev_16840_0,acc_16840
dev_16841_0,acc_16841
dev_16842_0,acc_16842
dev_16843_0,acc_16843
dev_16844_0,acc_16844
dev_16845_0,acc_16845
dev_16845_1,acc_16845
dev_16846_0,acc_16846
dev_16847_0,acc_16847
dev_16848_0,acc_16848
dev_16849_0,acc_16849
dev_16850_0,acc_16850
dev_16851_0,acc_16851
dev_16852_0,acc_16852
dev_16853_0,acc_16853
dev_16854_0,acc_16854
dev_16855_0,acc_16855
dev_16856_0,acc_16856
dev_16857_0,acc_16857
dev_16858_0,acc_16858
dev_16859_0,acc_16859
dev_16860_0,acc_16860
dev_16861_0,acc_16861
dev_16862_0,acc_16862
dev_16862_1,acc_16862
dev_16863_0,acc_16863
dev_16864_0,acc_16864
dev_16865_0,acc_16865
dev_16866_0,acc_16866
dev_16867_0,acc_16867
dev_16868_0,acc_16868
dev_16869_0,acc_16869
dev_16870_0,acc_16870
dev_16870_1,acc_16870
dev_16871_0,acc_16871
dev_16872_0,acc_16872
dev_16873_0,acc_16873
dev_16874_0,acc_16874
dev_16875_0,acc_16875
dev_16876_0,acc_16876
dev_16876_1,acc_16876
dev_16877_0,acc_16877
dev_16878_0,acc_16878
dev_16879_0,acc_16879
dev_16880_0,acc_16880
dev_16881_0,acc_16881
dev_16882_0,acc_16882
dev_16883_0,acc_16883
dev_16884_0,acc_16884
dev_16885_0,acc_16885
dev_16886_0,acc_16886
dev_16887_0,acc_16887
dev_16888_0,acc_16888
dev_16889_0,acc_16889
dev_16890_0,acc_16890
dev_16891_0,acc_16891
dev_16892_0,acc_16892
dev_16893_0,acc_16893
dev_16894_0,acc_16894
dev_16895_0,acc_16895
dev_16896_0,acc_16896
dev_16897_0,acc_16897
dev_16898_0,acc_16898
dev_16899_0,acc_16899
dev_16900_0,acc_16900
dev_16901_0,acc_16901
dev_16902_0,acc_16902
dev_16903_0,acc_16903
dev_16904_0,acc_16904
dev_16905_0,acc_16905
dev_16906_0,acc_16906
dev_16907_0,acc_16907
dev_16908_0,acc_16908
dev_16909_0,acc_16909
dev_16910_0,acc_16910
dev_16911_0,acc_16911
dev_16912_0,acc_16912
dev_16913_0,acc_16913
dev_16914_0,acc_16914
dev_16915_0,acc_16915
dev_16916_0,acc_16916
dev_16917_0,acc_16917
dev_16918_0,acc_16918
dev_16919_0,acc_16919
dev_16920_0,acc_16920
dev_16921_0,acc_16921
dev_16922_0,acc_16922
dev_16923_0,acc_16923
dev_16924_0,acc_16924
dev_16924_1,acc_16924
dev_16925_0,acc_16925
dev_16925_1,acc_16925
dev_16926_0,acc_16926
dev_16927_0,acc_16927
dev_16928_0,acc_16928
dev_16929_0,acc_16929
dev_16930_0,acc_16930
dev_16931_0,acc_16931
dev_16932_0,acc_16932
dev_16933_0,acc_16933
dev_16934_0,acc_16934
dev_16935_0,acc_16935
dev_16936_0,acc_16936
dev_16937_0,acc_16937
dev_16938_0,acc_16938
dev_16939_0,acc_16939
dev_16940_0,acc_16940
dev_16941_0,acc_16941
dev_16942_0,acc_16942
dev_16943_0,acc_16943
dev_16944_0,acc_16944
dev_16945_0,acc_16945
dev_16946_0,acc_16946
dev_16947_0,acc_16947
dev_16948_0,acc_16948
dev_16949_0,acc_16949
dev_16950_0,acc_16950
dev_16951_0,acc_16951
dev_16952_0,acc_16952
dev_16953_0,acc_16953
dev_16954_0,acc_16954
dev_16955_0,acc_16955
dev_16956_0,acc_16956
dev_16957_0,acc_16957
dev_16958_0,acc_16958
dev_16959_0,acc_16959
dev_16960_0,acc_16960
dev_16961_0,acc_16961
dev_16962_0,acc_16962
dev_16963_0,acc_16963
dev_16964_0,acc_16964
dev_16965_0,acc_16965
dev_16966_0,acc_16966
dev_16967_0,acc_16967
dev_16968_0,acc_16968
dev_16969_0,acc_16969
dev_16970_0,acc_16970
dev_16971_0,acc_16971
dev_16972_0,acc_16972
dev_16973_0,acc_16973
dev_16974_0,acc_16974
dev_16975_0,acc_16975
dev_16976_0,acc_16976
dev_16976_1,acc_16976
dev_16977_0,acc_16977
dev_16978_0,acc_16978
dev_16979_0,acc_16979
dev_16980_0,acc_16980
dev_16981_0,acc_16981
dev_16982_0,acc_16982
dev_16983_0,acc_16983
dev_16984_0,acc_16984
dev_16985_0,acc_16985
dev_16986_0,acc_16986
dev_16987_0,acc_16987
dev_16988_0,acc_16988
dev_16989_0,acc_16989
dev_16990_0,acc_16990
dev_16991_0,acc_16991
dev_16992_0,acc_16992
dev_16993_0,acc_16993
dev_16993_1,acc_16993
dev_16994_0,acc_16994
dev_16995_0,acc_16995
dev_16996_0,acc_16996
dev_16997_0,acc_16997
dev_16998_0,acc_16998
dev_16999_0,acc_16999
dev_17000_0,acc_17000
dev_17001_0,acc_17001
dev_17002_0,acc_17002
dev_17003_0,acc_17003
dev_17004_0,acc_17004
dev_17005_0,acc_17005
dev_17006_0,acc_17006
dev_17007_0,acc_17007
dev_17008_0,acc_17008
dev_17009_0,acc_17009
dev_17010_0,acc_17010
dev_17011_0,acc_17011
dev_17012_0,acc_17012
dev_17013_0,acc_17013
dev_17014_0,acc_17014
dev_17015_0,acc_17015
dev_17016_0,acc_17016
dev_17017_0,acc_17017
dev_17018_0,acc_17018
dev_17019_0,acc_17019
dev_17020_0,acc_17020
dev_17021_0,acc_17021
dev_17022_0,acc_17022
dev_17023_0,acc_17023
dev_17024_0,acc_17024
dev_17025_0,acc_17025
dev_17026_0,acc_17026
dev_17026_1,acc_17026
dev_17027_0,acc_17027
dev_17027_1,acc_17027
dev_17028_0,acc_17028
dev_17029_0,acc_17029
dev_17030_0,acc_17030
dev_17031_0,acc_17031
dev_17032_0,acc_17032
dev_17033_0,acc_17033
dev_17034_0,acc_17034
dev_17035_0,acc_17035
dev_17036_0,acc_17036
dev_17037_0,acc_17037
dev_17038_0,acc_17038
dev_17039_0,acc_17039
dev_17040_0,acc_17040
dev_17041_0,acc_17041
dev_17042_0,acc_17042
dev_17043_0,acc_17043
dev_17044_0,acc_17044
dev_17045_0,acc_17045
dev_17046_0,acc_17046
dev_17047_0,acc_17047
dev_17048_0,acc_17048
dev_17049_0,acc_17049
dev_17050_0,acc_17050
dev_17051_0,acc_17051
dev_17052_0,acc_17052
dev_17053_0,acc_17053
dev_17054_0,acc_17054
dev_17055_0,acc_17055
dev_17056_0,acc_17056
dev_17057_0,acc_17057
dev_17058_0,acc_17058
dev_17059_0,acc_17059
dev_17060_0,acc_17060
dev_17061_0,acc_17061
dev_17062_0,acc_17062
dev_17063_0,acc_17063
dev_17064_0,acc_17064
dev_17065_0,acc_17065
dev_17066_0,acc_17066
dev_17067_0,acc_17067
dev_17068_0,acc_17068
dev_17069_0,acc_17069
dev_17070_0,acc_17070
dev_17071_0,acc_17071
dev_17072_0,acc_17072
dev_17073_0,acc_17073
dev_17074_0,acc_17074
dev_17075_0,acc_17075
dev_17076_0,acc_17076
dev_17077_0,acc_17077
dev_17078_0,acc_17078
dev_17079_0,acc_17079
dev_17080_0,acc_17080
dev_17081_0,acc_17081
dev_17082_0,acc_17082
dev_17083_0,acc_17083
dev_17084_0,acc_17084
dev_17085_0,acc_17085
dev_17086_0,acc_17086
dev_17087_0,acc_17087
dev_17088_0,acc_17088
dev_17089_0,acc_17089
dev_17090_0,acc_17090
dev_17091_0,acc_17091
dev_17092_0,acc_17092
dev_17093_0,acc_17093
dev_17093_1,acc_17093
dev_17094_0,acc_17094
dev_17095_0,acc_17095
dev_17096_0,acc_17096
dev_17097_0,acc_17097
dev_17098_0,acc_17098
dev_17099_0,acc_17099
dev_17100_0,acc_17100
dev_17101_0,acc_17101
dev_17102_0,acc_17102
dev_17103_0,acc_17103
dev_17104_0,acc_17104
dev_17105_0,acc_17105
dev_17106_0,acc_17106
dev_17106_1,acc_17106
dev_17107_0,acc_17107
dev_17108_0,acc_17108
dev_17109_0,acc_17109
dev_17110_0,acc_17110
dev_17111_0,acc_17111
dev_17112_0,acc_17112
dev_17113_0,acc_17113
dev_17114_0,acc_17114
dev_17115_0,acc_17115
dev_17116_0,acc_17116
dev_17117_0,acc_17117
dev_17118_0,acc_17118
dev_17119_0,acc_17119
dev_17120_0,acc_17120
dev_17121_0,acc_17121
dev_17122_0,acc_17122
dev_17123_0,acc_17123
dev_17124_0,acc_17124
dev_17125_0,acc_17125
dev_17126_0,acc_17126
dev_17127_0,acc_17127
dev_17128_0,acc_17128
dev_17129_0,acc_17129
dev_17130_0,acc_17130
dev_17131_0,acc_17131
dev_17132_0,acc_17132
dev_17133_0,acc_17133
dev_17134_0,acc_17134
dev_17135_0,acc_17135
dev_17136_0,acc_17136
dev_17137_0,acc_17137
dev_17138_0,acc_17138
dev_17139_0,acc_17139
dev_17140_0,acc_17140
dev_17141_0,acc_17141
dev_17142_0,acc_17142
dev_17143_0,acc_17143
dev_17144_0,acc_17144
dev_17145_0,acc_17145
dev_17146_0,acc_17146
dev_17147_0,acc_17147
dev_17148_0,acc_17148
dev_17149_0,acc_17149
dev_17150_0,acc_17150
dev_17151_0,acc_17151
dev_17152_0,acc_17152
dev_17153_0,acc_17153
dev_17154_0,acc_17154
dev_17155_0,acc_17155
dev_17156_0,acc_17156
dev_17157_0,acc_17157
dev_17158_0,acc_17158
dev_17159_0,acc_17159
dev_17160_0,acc_17160
dev_17161_0,acc_17161
dev_17162_0,acc_17162
dev_17163_0,acc_17163
dev_17164_0,acc_17164
dev_17165_0,acc_17165
dev_17166_0,acc_17166
dev_17167_0,acc_17167
dev_17168_0,acc_17168
dev_17169_0,acc_17169
dev_17170_0,acc_17170
dev_17171_0,acc_17171
dev_17172_0,acc_17172
dev_17173_0,acc_17173
dev_17174_0,acc_17174
dev_17175_0,acc_17175
dev_17176_0,acc_17176
dev_17177_0,acc_17177
dev_17178_0,acc_17178
dev_17179_0,acc_17179
dev_17180_0,acc_17180
dev_17181_0,acc_17181
dev_17182_0,acc_17182
dev_17183_0,acc_17183
dev_17184_0,acc_17184
dev_17185_0,acc_17185
dev_17186_0,acc_17186
dev_17187_0,acc_17187
dev_17188_0,acc_17188
dev_17189_0,acc_17189
dev_17190_0,acc_17190
dev_17191_0,acc_17191
dev_17192_0,acc_17192
dev_17193_0,acc_17193
dev_17194_0,acc_17194
dev_17195_0,acc_17195
dev_17196_0,acc_17196
dev_17197_0,acc_17197
dev_17198_0,acc_17198
dev_17199_0,acc_17199
dev_17200_0,acc_17200
dev_17201_0,acc_17201
dev_17202_0,acc_17202
dev_17203_0,acc_17203
dev_17204_0,acc_17204
dev_17205_0,acc_17205
dev_17206_0,acc_17206
dev_17207_0,acc_17207
dev_17208_0,acc_17208
dev_17209_0,acc_17209
dev_17210_0,acc_17210
dev_17211_0,acc_17211
dev_17212_0,acc_17212
dev_17213_0,acc_17213
dev_17214_0,acc_17214
dev_17215_0,acc_17215
dev_17216_0,acc_17216
dev_17217_0,acc_17217
dev_17218_0,acc_17218
dev_17219_0,acc_17219
dev_17220_0,acc_17220
dev_17221_0,acc_17221
dev_17222_0,acc_17222
dev_17223_0,acc_17223
dev_17224_0,acc_17224
dev_17225_0,acc_17225
dev_17226_0,acc_17226
dev_17227_0,acc_17227
dev_17228_0,acc_17228
dev_17229_0,acc_17229
dev_17230_0,acc_17230
dev_17231_0,acc_17231
dev_17232_0,acc_17232
dev_17233_0,acc_17233
dev_17234_0,acc_17234
dev_17235_0,acc_17235
dev_17236_0,acc_17236
dev_17237_0,acc_17237
dev_17238_0,acc_17238
dev_17239_0,acc_17239
dev_17240_0,acc_17240
dev_17241_0,acc_17241
dev_17242_0,acc_17242
dev_17243_0,acc_17243
dev_17244_0,acc_17244
dev_17245_0,acc_17245
dev_17246_0,acc_17246
dev_17247_0,acc_17247
dev_17247_1,acc_17247
dev_17248_0,acc_17248
dev_17249_0,acc_17249
dev_17250_0,acc_17250
dev_17251_0,acc_17251
dev_17252_0,acc_17252
dev_17253_0,acc_17253
dev_17254_0,acc_17254
dev_17255_0,acc_17255
dev_17256_0,acc_17256
dev_17257_0,acc_17257
dev_17257_1,acc_17257
dev_17258_0,acc_17258
dev_17259_0,acc_17259
dev_17260_0,acc_17260
dev_17261_0,acc_17261
dev_17262_0,acc_17262
dev_17263_0,acc_17263
dev_17264_0,acc_17264
dev_17265_0,acc_17265
dev_17266_0,acc_17266
dev_17267_0,acc_17267
dev_17268_0,acc_17268
dev_17269_0,acc_17269
dev_17270_0,acc_17270
dev_17271_0,acc_17271
dev_17272_0,acc_17272
dev_17272_1,acc_17272
dev_17273_0,acc_17273
dev_17274_0,acc_17274
dev_17275_0,acc_17275
dev_17275_1,acc_17275
dev_17276_0,acc_17276
dev_17277_0,acc_17277
dev_17278_0,acc_17278
dev_17279_0,acc_17279
dev_17280_0,acc_17280
dev_17281_0,acc_17281
dev_17282_0,acc_17282
dev_17283_0,acc_17283
dev_17284_0,acc_17284
dev_17285_0,acc_17285
dev_17286_0,acc_17286
dev_17287_0,acc_17287
dev_17288_0,acc_17288
dev_17289_0,acc_17289
dev_17290_0,acc_17290
dev_17291_0,acc_17291
dev_17292_0,acc_17292
dev_17293_0,acc_17293
dev_17294_0,acc_17294
dev_17295_0,acc_17295
dev_17296_0,acc_17296
dev_17297_0,acc_17297
dev_17297_1,acc_17297
dev_17298_0,acc_17298
dev_17298_1,acc_17298
dev_17299_0,acc_17299
dev_17300_0,acc_17300
dev_17301_0,acc_17301
dev_17302_0,acc_17302
dev_17303_0,acc_17303
dev_17304_0,acc_17304
dev_17305_0,acc_17305
dev_17306_0,acc_17306
dev_17307_0,acc_17307
dev_17308_0,acc_17308
dev_17309_0,acc_17309
dev_17309_1,acc_17309
dev_17310_0,acc_17310
dev_17311_0,acc_17311
dev_17312_0,acc_17312
dev_17313_0,acc_17313
dev_17314_0,acc_17314
dev_17315_0,acc_17315
dev_17316_0,acc_17316
dev_17317_0,acc_17317
dev_17318_0,acc_17318
dev_17319_0,acc_17319
dev_17320_0,acc_17320
dev_17321_0,acc_17321
dev_17322_0,acc_17322
dev_17323_0,acc_17323
dev_17324_0,acc_17324
dev_17325_0,acc_17325
dev_17326_0,acc_17326
dev_17327_0,acc_17327
dev_17328_0,acc_17328
dev_17329_0,acc_17329
dev_17330_0,acc_17330
dev_17331_0,acc_17331
dev_17332_0,acc_17332
dev_17333_0,acc_17333
dev_17334_0,acc_17334
dev_17335_0,acc_17335
dev_17336_0,acc_17336
dev_17337_0,acc_17337
dev_17338_0,acc_17338
dev_17339_0,acc_17339
dev_17340_0,acc_17340
dev_17341_0,acc_17341
dev_17342_0,acc_17342
dev_17343_0,acc_17343
dev_17344_0,acc_17344
dev_17345_0,acc_17345
dev_17346_0,acc_17346
dev_17347_0,acc_17347
dev_17348_0,acc_17348
dev_17349_0,acc_17349
dev_17349_1,acc_17349
dev_17350_0,acc_17350
dev_17351_0,acc_17351
dev_17352_0,acc_17352
dev_17353_0,acc_17353
dev_17354_0,acc_17354
dev_17355_0,acc_17355
dev_17356_0,acc_17356
dev_17357_0,acc_17357
dev_17358_0,acc_17358
dev_17359_0,acc_17359
dev_17360_0,acc_17360
dev_17361_0,acc_17361
dev_17362_0,acc_17362
dev_17363_0,acc_17363
dev_17364_0,acc_17364
dev_17365_0,acc_17365
dev_17366_0,acc_17366
dev_17367_0,acc_17367
dev_17368_0,acc_17368
dev_17369_0,acc_17369
dev_17370_0,acc_17370
dev_17371_0,acc_17371
dev_17372_0,acc_17372
dev_17373_0,acc_17373
dev_17374_0,acc_17374
dev_17375_0,acc_17375
dev_17376_0,acc_17376
dev_17377_0,acc_17377
dev_17378_0,acc_17378
dev_17379_0,acc_17379
dev_17380_0,acc_17380
dev_17381_0,acc_17381
dev_17382_0,acc_17382
dev_17383_0,acc_17383
dev_17384_0,acc_17384
dev_17385_0,acc_17385
dev_17386_0,acc_17386
dev_17387_0,acc_17387
dev_17387_1,acc_17387
dev_17388_0,acc_17388
dev_17389_0,acc_17389
dev_17390_0,acc_17390
dev_17391_0,acc_17391
dev_17392_0,acc_17392
dev_17393_0,acc_17393
dev_17394_0,acc_17394
dev_17395_0,acc_17395
dev_17396_0,acc_17396
dev_17397_0,acc_17397
dev_17398_0,acc_17398
dev_17399_0,acc_17399
dev_17400_0,acc_17400
dev_17401_0,acc_17401
dev_17402_0,acc_17402
dev_17402_1,acc_17402
dev_17403_0,acc_17403
dev_17404_0,acc_17404
dev_17405_0,acc_17405
dev_17406_0,acc_17406
dev_17406_1,acc_17406
dev_17407_0,acc_17407
dev_17408_0,acc_17408
dev_17409_0,acc_17409
dev_17410_0,acc_17410
dev_17411_0,acc_17411
dev_17412_0,acc_17412
dev_17412_1,acc_17412
dev_17413_0,acc_17413
dev_17414_0,acc_17414
dev_17415_0,acc_17415
dev_17416_0,acc_17416
dev_17417_0,acc_17417
dev_17418_0,acc_17418
dev_17419_0,acc_17419
dev_17420_0,acc_17420
dev_17421_0,acc_17421
dev_17422_0,acc_17422
dev_17423_0,acc_17423
dev_17424_0,acc_17424
dev_17425_0,acc_17425
dev_17426_0,acc_17426
dev_17427_0,acc_17427
dev_17428_0,acc_17428
dev_17429_0,acc_17429
dev_17430_0,acc_17430
dev_17431_0,acc_17431
dev_17432_0,acc_17432
dev_17433_0,acc_17433
dev_17434_0,acc_17434
dev_17435_0,acc_17435
dev_17436_0,acc_17436
dev_17437_0,acc_17437
dev_17438_0,acc_17438
dev_17439_0,acc_17439
dev_17440_0,acc_17440
dev_17440_1,acc_17440
dev_17441_0,acc_17441
dev_17442_0,acc_17442
dev_17443_0,acc_17443
dev_17444_0,acc_17444
dev_17445_0,acc_17445
dev_17446_0,acc_17446
dev_17447_0,acc_17447
dev_17448_0,acc_17448
dev_17449_0,acc_17449
dev_17450_0,acc_17450
dev_17451_0,acc_17451
dev_17452_0,acc_17452
dev_17453_0,acc_17453
dev_17454_0,acc_17454
dev_17455_0,acc_17455
dev_17456_0,acc_17456
dev_17457_0,acc_17457
dev_17458_0,acc_17458
dev_17459_0,acc_17459
dev_17459_1,acc_17459
dev_17460_0,acc_17460
dev_17461_0,acc_17461
dev_17462_0,acc_17462
dev_17463_0,acc_17463
dev_17464_0,acc_17464
dev_17465_0,acc_17465
dev_17466_0,acc_17466
dev_17467_0,acc_17467
dev_17468_0,acc_17468
dev_17469_0,acc_17469
dev_17470_0,acc_17470
dev_17471_0,acc_17471
dev_17472_0,acc_17472
dev_17473_0,acc_17473
dev_17474_0,acc_17474
dev_17475_0,acc_17475
dev_17476_0,acc_17476
dev_17477_0,acc_17477
dev_17478_0,acc_17478
dev_17479_0,acc_17479
dev_17480_0,acc_17480
dev_17481_0,acc_17481
dev_17481_1,acc_17481
dev_17482_0,acc_17482
dev_17482_1,acc_17482
dev_17483_0,acc_17483
dev_17484_0,acc_17484
dev_17485_0,acc_17485
dev_17486_0,acc_17486
dev_17487_0,acc_17487
dev_17488_0,acc_17488
dev_17489_0,acc_17489
dev_17489_1,acc_17489
dev_17490_0,acc_17490
dev_17491_0,acc_17491
dev_17492_0,acc_17492
dev_17493_0,acc_17493
dev_17494_0,acc_17494
dev_17495_0,acc_17495
dev_17496_0,acc_17496
dev_17497_0,acc_17497
dev_17498_0,acc_17498
dev_17499_0,acc_17499
dev_17500_0,acc_17500
dev_17501_0,acc_17501
dev_17502_0,acc_17502
dev_17503_0,acc_17503
dev_17504_0,acc_17504
dev_17505_0,acc_17505
dev_17506_0,acc_17506
dev_17507_0,acc_17507
dev_17508_0,acc_17508
dev_17509_0,acc_17509
dev_17510_0,acc_17510
dev_17511_0,acc_17511
dev_17512_0,acc_17512
dev_17512_1,acc_17512
dev_17513_0,acc_17513
dev_17514_0,acc_17514
dev_17514_1,acc_17514
dev_17515_0,acc_17515
dev_17516_0,acc_17516
dev_17517_0,acc_17517
dev_17518_0,acc_17518
dev_17519_0,acc_17519
dev_17520_0,acc_17520
dev_17521_0,acc_17521
dev_17522_0,acc_17522
dev_17523_0,acc_17523
dev_17524_0,acc_17524
dev_17525_0,acc_17525
dev_17526_0,acc_17526
dev_17527_0,acc_17527
dev_17528_0,acc_17528
dev_17529_0,acc_17529
dev_17530_0,acc_17530
dev_17531_0,acc_17531
dev_17532_0,acc_17532
dev_17533_0,acc_17533
dev_17534_0,acc_17534
dev_17535_0,acc_17535
dev_17536_0,acc_17536
dev_17537_0,acc_17537
dev_17538_0,acc_17538
dev_17539_0,acc_17539
dev_17540_0,acc_17540
dev_17541_0,acc_17541
dev_17542_0,acc_17542
dev_17543_0,acc_17543
dev_17544_0,acc_17544
dev_17545_0,acc_17545
dev_17546_0,acc_17546
dev_17547_0,acc_17547
dev_17548_0,acc_17548
dev_17549_0,acc_17549
dev_17550_0,acc_17550
dev_17551_0,acc_17551
dev_17552_0,acc_17552
dev_17553_0,acc_17553
dev_17554_0,acc_17554
dev_17555_0,acc_17555
dev_17556_0,acc_17556
dev_17557_0,acc_17557
dev_17558_0,acc_17558
dev_17559_0,acc_17559
dev_17560_0,acc_17560
dev_17561_0,acc_17561
dev_17562_0,acc_17562
dev_17563_0,acc_17563
dev_17564_0,acc_17564
dev_17565_0,acc_17565
dev_17566_0,acc_17566
dev_17567_0,acc_17567
dev_17568_0,acc_17568
dev_17569_0,acc_17569
dev_17570_0,acc_17570
dev_17571_0,acc_17571
dev_17572_0,acc_17572
dev_17573_0,acc_17573
dev_17574_0,acc_17574
dev_17575_0,acc_17575
dev_17576_0,acc_17576
dev_17577_0,acc_17577
dev_17578_0,acc_17578
dev_17579_0,acc_17579
dev_17580_0,acc_17580
dev_17581_0,acc_17581
dev_17582_0,acc_17582
dev_17583_0,acc_17583
dev_17584_0,acc_17584
dev_17585_0,acc_17585
dev_17586_0,acc_17586
dev_17587_0,acc_17587
dev_17588_0,acc_17588
dev_17589_0,acc_17589
dev_17590_0,acc_17590
dev_17591_0,acc_17591
dev_17592_0,acc_17592
dev_17593_0,acc_17593
dev_17594_0,acc_17594
dev_17595_0,acc_17595
dev_17596_0,acc_17596
dev_17597_0,acc_17597
dev_17598_0,acc_17598
dev_17599_0,acc_17599
dev_17600_0,acc_17600
dev_17601_0,acc_17601
dev_17602_0,acc_17602
dev_17603_0,acc_17603
dev_17604_0,acc_17604
dev_17605_0,acc_17605
dev_17606_0,acc_17606
dev_17607_0,acc_17607
dev_17607_1,acc_17607
dev_17608_0,acc_17608
dev_17609_0,acc_17609
dev_17610_0,acc_17610
dev_17611_0,acc_17611
dev_17612_0,acc_17612
dev_17613_0,acc_17613
dev_17614_0,acc_17614
dev_17615_0,acc_17615
dev_17616_0,acc_17616
dev_17617_0,acc_17617
dev_17618_0,acc_17618
dev_17619_0,acc_17619
dev_17620_0,acc_17620
dev_17621_0,acc_17621
dev_17622_0,acc_17622
dev_17623_0,acc_17623
dev_17624_0,acc_17624
dev_17625_0,acc_17625
dev_17626_0,acc_17626
dev_17627_0,acc_17627
dev_17628_0,acc_17628
dev_17629_0,acc_17629
dev_17630_0,acc_17630
dev_17631_0,acc_17631
dev_17632_0,acc_17632
dev_17633_0,acc_17633
dev_17634_0,acc_17634
dev_17635_0,acc_17635
dev_17636_0,acc_17636
dev_17637_0,acc_17637
dev_17638_0,acc_17638
dev_17639_0,acc_17639
dev_17640_0,acc_17640
dev_17641_0,acc_17641
dev_17641_1,acc_17641
dev_17642_0,acc_17642
dev_17643_0,acc_17643
dev_17644_0,acc_17644
dev_17645_0,acc_17645
dev_17646_0,acc_17646
dev_17647_0,acc_17647
dev_17648_0,acc_17648
dev_17649_0,acc_17649
dev_17650_0,acc_17650
dev_17651_0,acc_17651
dev_17652_0,acc_17652
dev_17653_0,acc_17653
dev_17654_0,acc_17654
dev_17655_0,acc_17655
dev_17656_0,acc_17656
dev_17657_0,acc_17657
dev_17658_0,acc_17658
dev_17659_0,acc_17659
dev_17660_0,acc_17660
dev_17661_0,acc_17661
dev_17661_1,acc_17661
dev_17662_0,acc_17662
dev_17663_0,acc_17663
dev_17664_0,acc_17664
dev_17665_0,acc_17665
dev_17666_0,acc_17666
dev_17667_0,acc_17667
dev_17668_0,acc_17668
dev_17669_0,acc_17669
dev_17670_0,acc_17670
dev_17670_1,acc_17670
dev_17671_0,acc_17671
dev_17672_0,acc_17672
dev_17673_0,acc_17673
dev_17674_0,acc_17674
dev_17675_0,acc_17675
dev_17676_0,acc_17676
dev_17677_0,acc_17677
dev_17678_0,acc_17678
dev_17679_0,acc_17679
dev_17680_0,acc_17680
dev_17681_0,acc_17681
dev_17682_0,acc_17682
dev_17683_0,acc_17683
dev_17684_0,acc_17684
dev_17685_0,acc_17685
dev_17686_0,acc_17686
dev_17687_0,acc_17687
dev_17688_0,acc_17688
dev_17689_0,acc_17689
dev_17690_0,acc_17690
dev_17691_0,acc_17691
dev_17692_0,acc_17692
dev_17693_0,acc_17693
dev_17694_0,acc_17694
dev_17695_0,acc_17695
dev_17696_0,acc_17696
dev_17697_0,acc_17697
dev_17698_0,acc_17698
dev_17699_0,acc_17699
dev_17700_0,acc_17700
dev_17701_0,acc_17701
dev_17702_0,acc_17702
dev_17703_0,acc_17703
dev_17704_0,acc_17704
dev_17705_0,acc_17705
dev_17706_0,acc_17706
dev_17707_0,acc_17707
dev_17708_0,acc_17708
dev_17709_0,acc_17709
dev_17710_0,acc_17710
dev_17711_0,acc_17711
dev_17712_0,acc_17712
dev_17713_0,acc_17713
dev_17714_0,acc_17714
dev_17715_0,acc_17715
dev_17716_0,acc_17716
dev_17717_0,acc_17717
dev_17717_1,acc_17717
dev_17718_0,acc_17718
dev_17719_0,acc_17719
dev_17720_0,acc_17720
dev_17721_0,acc_17721
dev_17722_0,acc_17722
dev_17722_1,acc_17722
dev_17723_0,acc_17723
dev_17724_0,acc_17724
dev_17725_0,acc_17725
dev_17726_0,acc_17726
dev_17727_0,acc_17727
dev_17728_0,acc_17728
dev_17729_0,acc_17729
dev_17730_0,acc_17730
dev_17731_0,acc_17731
dev_17732_0,acc_17732
dev_17733_0,acc_17733
dev_17734_0,acc_17734
dev_17735_0,acc_17735
dev_17736_0,acc_17736
dev_17737_0,acc_17737
dev_17738_0,acc_17738
dev_17739_0,acc_17739
dev_17740_0,acc_17740
dev_17741_0,acc_17741
dev_17742_0,acc_17742
dev_17743_0,acc_17743
dev_17744_0,acc_17744
dev_17745_0,acc_17745
dev_17746_0,acc_17746
dev_17747_0,acc_17747
dev_17748_0,acc_17748
dev_17749_0,acc_17749
dev_17750_0,acc_17750
dev_17751_0,acc_17751
dev_17752_0,acc_17752
dev_17753_0,acc_17753
dev_17754_0,acc_17754
dev_17755_0,acc_17755
dev_17756_0,acc_17756
dev_17757_0,acc_17757
dev_17758_0,acc_17758
dev_17759_0,acc_17759
dev_17760_0,acc_17760
dev_17761_0,acc_17761
dev_17762_0,acc_17762
dev_17763_0,acc_17763
dev_17764_0,acc_17764
dev_17765_0,acc_17765
dev_17766_0,acc_17766
dev_17767_0,acc_17767
dev_17768_0,acc_17768
dev_17769_0,acc_17769
dev_17770_0,acc_17770
dev_17771_0,acc_17771
dev_17772_0,acc_17772
dev_17773_0,acc_17773
dev_17774_0,acc_17774
dev_17775_0,acc_17775
dev_17776_0,acc_17776
dev_17777_0,acc_17777
dev_17778_0,acc_17778
dev_17779_0,acc_17779
dev_17780_0,acc_17780
dev_17781_0,acc_17781
dev_17781_1,acc_17781
dev_17782_0,acc_17782
dev_17783_0,acc_17783
dev_17784_0,acc_17784
dev_17785_0,acc_17785
dev_17786_0,acc_17786
dev_17787_0,acc_17787
dev_17788_0,acc_17788
dev_17789_0,acc_17789
dev_17790_0,acc_17790
dev_17791_0,acc_17791
dev_17792_0,acc_17792
dev_17793_0,acc_17793
dev_17794_0,acc_17794
dev_17795_0,acc_17795
dev_17796_0,acc_17796
dev_17797_0,acc_17797
dev_17798_0,acc_17798
dev_17799_0,acc_17799
dev_17800_0,acc_17800
dev_17801_0,acc_17801
dev_17801_1,acc_17801
dev_17802_0,acc_17802
dev_17803_0,acc_17803
dev_17804_0,acc_17804
dev_17805_0,acc_17805
dev_17806_0,acc_17806
dev_17807_0,acc_17807
dev_17808_0,acc_17808
dev_17809_0,acc_17809
dev_17810_0,acc_17810
dev_17811_0,acc_17811
dev_17812_0,acc_17812
dev_17813_0,acc_17813
dev_17814_0,acc_17814
dev_17815_0,acc_17815
dev_17816_0,acc_17816
dev_17817_0,acc_17817
dev_17818_0,acc_17818
dev_17819_0,acc_17819
dev_17820_0,acc_17820
dev_17821_0,acc_17821
dev_17822_0,acc_17822
dev_17823_0,acc_17823
dev_17824_0,acc_17824
dev_17825_0,acc_17825
dev_17826_0,acc_17826
dev_17827_0,acc_17827
dev_17828_0,acc_17828
dev_17829_0,acc_17829
dev_17830_0,acc_17830
dev_17831_0,acc_17831
dev_17832_0,acc_17832
dev_17833_0,acc_17833
dev_17834_0,acc_17834
dev_17835_0,acc_17835
dev_17836_0,acc_17836
dev_17837_0,acc_17837
dev_17838_0,acc_17838
dev_17839_0,acc_17839
dev_17840_0,acc_17840
dev_17841_0,acc_17841
dev_17842_0,acc_17842
dev_17843_0,acc_17843
dev_17844_0,acc_17844
dev_17845_0,acc_17845
dev_17846_0,acc_17846
dev_17847_0,acc_17847
dev_17848_0,acc_17848
dev_17849_0,acc_17849
dev_17849_1,acc_17849
dev_17850_0,acc_17850
dev_17851_0,acc_17851
dev_17852_0,acc_17852
dev_17853_0,acc_17853
dev_17854_0,acc_17854
dev_17855_0,acc_17855
dev_17856_0,acc_17856
dev_17857_0,acc_17857
dev_17858_0,acc_17858
dev_17859_0,acc_17859
dev_17860_0,acc_17860
dev_17861_0,acc_17861
dev_17862_0,acc_17862
dev_17863_0,acc_17863
dev_17864_0,acc_17864
dev_17865_0,acc_17865
dev_17866_0,acc_17866
dev_17867_0,acc_17867
dev_17868_0,acc_17868
dev_17869_0,acc_17869
dev_17870_0,acc_17870
dev_17871_0,acc_17871
dev_17872_0,acc_17872
dev_17873_0,acc_17873
dev_17874_0,acc_17874
dev_17875_0,acc_17875
dev_17876_0,acc_17876
dev_17877_0,acc_17877
dev_17878_0,acc_17878
dev_17879_0,acc_17879
dev_17880_0,acc_17880
dev_17881_0,acc_17881
dev_17882_0,acc_17882
dev_17882_1,acc_17882
dev_17883_0,acc_17883
dev_17884_0,acc_17884
dev_17885_0,acc_17885
dev_17885_1,acc_17885
dev_17886_0,acc_17886
dev_17887_0,acc_17887
dev_17888_0,acc_17888
dev_17889_0,acc_17889
dev_17890_0,acc_17890
dev_17891_0,acc_17891
dev_17892_0,acc_17892
dev_17893_0,acc_17893
dev_17894_0,acc_17894
dev_17895_0,acc_17895
dev_17896_0,acc_17896
dev_17897_0,acc_17897
dev_17898_0,acc_17898
dev_17899_0,acc_17899
dev_17900_0,acc_17900
dev_17901_0,acc_17901
dev_17902_0,acc_17902
dev_17903_0,acc_17903
dev_17904_0,acc_17904
dev_17905_0,acc_17905
dev_17906_0,acc_17906
dev_17907_0,acc_17907
dev_17908_0,acc_17908
dev_17909_0,acc_17909
dev_17910_0,acc_17910
dev_17911_0,acc_17911
dev_17912_0,acc_17912
dev_17913_0,acc_17913
dev_17914_0,acc_17914
dev_17915_0,acc_17915
dev_17916_0,acc_17916
dev_17917_0,acc_17917
dev_17918_0,acc_17918
dev_17919_0,acc_17919
dev_17920_0,acc_17920
dev_17921_0,acc_17921
dev_17922_0,acc_17922
dev_17923_0,acc_17923
dev_17923_1,acc_17923
dev_17924_0,acc_17924
dev_17925_0,acc_17925
dev_17926_0,acc_17926
dev_17926_1,acc_17926
dev_17927_0,acc_17927
dev_17928_0,acc_17928
dev_17929_0,acc_17929
dev_17930_0,acc_17930
dev_17931_0,acc_17931
dev_17932_0,acc_17932
dev_17933_0,acc_17933
dev_17934_0,acc_17934
dev_17935_0,acc_17935
dev_17936_0,acc_17936
dev_17937_0,acc_17937
dev_17938_0,acc_17938
dev_17938_1,acc_17938
dev_17939_0,acc_17939
dev_17940_0,acc_17940
dev_17941_0,acc_17941
dev_17942_0,acc_17942
dev_17943_0,acc_17943
dev_17944_0,acc_17944
dev_17945_0,acc_17945
dev_17946_0,acc_17946
dev_17947_0,acc_17947
dev_17948_0,acc_17948
dev_17949_0,acc_17949
dev_17950_0,acc_17950
dev_17951_0,acc_17951
dev_17952_0,acc_17952
dev_17953_0,acc_17953
dev_17954_0,acc_17954
dev_17955_0,acc_17955
dev_17956_0,acc_17956
dev_17957_0,acc_17957
dev_17958_0,acc_17958
dev_17959_0,acc_17959
dev_17960_0,acc_17960
dev_17961_0,acc_17961
dev_17962_0,acc_17962
dev_17963_0,acc_17963
dev_17964_0,acc_17964
dev_17965_0,acc_17965
dev_17966_0,acc_17966
dev_17967_0,acc_17967
dev_17968_0,acc_17968
dev_17969_0,acc_17969
dev_17970_0,acc_17970
dev_17971_0,acc_17971
dev_17972_0,acc_17972
dev_17973_0,acc_17973
dev_17974_0,acc_17974
dev_17975_0,acc_17975
dev_17976_0,acc_17976
dev_17977_0,acc_17977
dev_17978_0,acc_17978
dev_17979_0,acc_17979
dev_17980_0,acc_17980
dev_17981_0,acc_17981
dev_17982_0,acc_17982
dev_17983_0,acc_17983
dev_17984_0,acc_17984
dev_17985_0,acc_17985
dev_17985_1,acc_17985
dev_17986_0,acc_17986
dev_17987_0,acc_17987
dev_17988_0,acc_17988
dev_17989_0,acc_17989
dev_17990_0,acc_17990
dev_17991_0,acc_17991
dev_17992_0,acc_17992
dev_17993_0,acc_17993
dev_17993_1,acc_17993
dev_17994_0,acc_17994
dev_17995_0,acc_17995
dev_17996_0,acc_17996
dev_17997_0,acc_17997
dev_17998_0,acc_17998
dev_17999_0,acc_17999
dev_18000_0,acc_18000
dev_18000_1,acc_18000
dev_18001_0,acc_18001
dev_18002_0,acc_18002
dev_18003_0,acc_18003
dev_18004_0,acc_18004
dev_18005_0,acc_18005
dev_18006_0,acc_18006
dev_18007_0,acc_18007
dev_18008_0,acc_18008
dev_18009_0,acc_18009
dev_18010_0,acc_18010
dev_18011_0,acc_18011
dev_18012_0,acc_18012
dev_18013_0,acc_18013
dev_18014_0,acc_18014
dev_18015_0,acc_18015
dev_18016_0,acc_18016
dev_18017_0,acc_18017
dev_18018_0,acc_18018
dev_18019_0,acc_18019
dev_18020_0,acc_18020
dev_18021_0,acc_18021
dev_18022_0,acc_18022
dev_18023_0,acc_18023
dev_18024_0,acc_18024
dev_18025_0,acc_18025
dev_18026_0,acc_18026
dev_18027_0,acc_18027
dev_18028_0,acc_18028
dev_18029_0,acc_18029
dev_18030_0,acc_18030
dev_18031_0,acc_18031
dev_18032_0,acc_18032
dev_18032_1,acc_18032
dev_18033_0,acc_18033
dev_18034_0,acc_18034
dev_18035_0,acc_18035
dev_18036_0,acc_18036
dev_18037_0,acc_18037
dev_18038_0,acc_18038
dev_18039_0,acc_18039
dev_18040_0,acc_18040
dev_18041_0,acc_18041
dev_18042_0,acc_18042
dev_18043_0,acc_18043
dev_18044_0,acc_18044
dev_18044_1,acc_18044
dev_18045_0,acc_18045
dev_18046_0,acc_18046
dev_18047_0,acc_18047
dev_18047_1,acc_18047
dev_18048_0,acc_18048
dev_18049_0,acc_18049
dev_18050_0,acc_18050
dev_18051_0,acc_18051
dev_18052_0,acc_18052
dev_18053_0,acc_18053
dev_18054_0,acc_18054
dev_18055_0,acc_18055
dev_18056_0,acc_18056
dev_18057_0,acc_18057
dev_18058_0,acc_18058
dev_18059_0,acc_18059
dev_18060_0,acc_18060
dev_18061_0,acc_18061
dev_18062_0,acc_18062
dev_18063_0,acc_18063
dev_18064_0,acc_18064
dev_18065_0,acc_18065
dev_18066_0,acc_18066
dev_18067_0,acc_18067
dev_18068_0,acc_18068
dev_18069_0,acc_18069
dev_18070_0,acc_18070
dev_18071_0,acc_18071
dev_18072_0,acc_18072
dev_18073_0,acc_18073
dev_18074_0,acc_18074
dev_18075_0,acc_18075
dev_18076_0,acc_18076
dev_18077_0,acc_18077
dev_18078_0,acc_18078
dev_18079_0,acc_18079
dev_18080_0,acc_18080
dev_18081_0,acc_18081
dev_18082_0,acc_18082
dev_18083_0,acc_18083
dev_18084_0,acc_18084
dev_18085_0,acc_18085
dev_18086_0,acc_18086
dev_18087_0,acc_18087
dev_18088_0,acc_18088
dev_18089_0,acc_18089
dev_18090_0,acc_18090
dev_18091_0,acc_18091
dev_18092_0,acc_18092
dev_18093_0,acc_18093
dev_18094_0,acc_18094
dev_18095_0,acc_18095
dev_18096_0,acc_18096
dev_18097_0,acc_18097
dev_18098_0,acc_18098
dev_18099_0,acc_18099
dev_18100_0,acc_18100
dev_18101_0,acc_18101
dev_18101_1,acc_18101
dev_18102_0,acc_18102
dev_18103_0,acc_18103
dev_18104_0,acc_18104
dev_18105_0,acc_18105
dev_18106_0,acc_18106
dev_18107_0,acc_18107
dev_18107_1,acc_18107
dev_18108_0,acc_18108
dev_18109_0,acc_18109
dev_18110_0,acc_18110
dev_18111_0,acc_18111
dev_18112_0,acc_18112
dev_18113_0,acc_18113
dev_18114_0,acc_18114
dev_18115_0,acc_18115
dev_18116_0,acc_18116
dev_18117_0,acc_18117
dev_18118_0,acc_18118
dev_18119_0,acc_18119
dev_18120_0,acc_18120
dev_18121_0,acc_18121
dev_18122_0,acc_18122
dev_18123_0,acc_18123
dev_18124_0,acc_18124
dev_18125_0,acc_18125
dev_18126_0,acc_18126
dev_18127_0,acc_18127
dev_18128_0,acc_18128
dev_18129_0,acc_18129
dev_18130_0,acc_18130
dev_18131_0,acc_18131
dev_18132_0,acc_18132
dev_18133_0,acc_18133
dev_18134_0,acc_18134
dev_18135_0,acc_18135
dev_18136_0,acc_18136
dev_18137_0,acc_18137
dev_18138_0,acc_18138
dev_18139_0,acc_18139
dev_18140_0,acc_18140
dev_18141_0,acc_18141
dev_18142_0,acc_18142
dev_18143_0,acc_18143
dev_18144_0,acc_18144
dev_18145_0,acc_18145
dev_18146_0,acc_18146
dev_18147_0,acc_18147
dev_18148_0,acc_18148
dev_18149_0,acc_18149
dev_18150_0,acc_18150
dev_18151_0,acc_18151
dev_18152_0,acc_18152
dev_18153_0,acc_18153
dev_18154_0,acc_18154
dev_18155_0,acc_18155
dev_18156_0,acc_18156
dev_18157_0,acc_18157
dev_18158_0,acc_18158
dev_18159_0,acc_18159
dev_18160_0,acc_18160
dev_18160_1,acc_18160
dev_18161_0,acc_18161
dev_18162_0,acc_18162
dev_18163_0,acc_18163
dev_18163_1,acc_18163
dev_18164_0,acc_18164
dev_18164_1,acc_18164
dev_18165_0,acc_18165
dev_18166_0,acc_18166
dev_18166_1,acc_18166
dev_18167_0,acc_18167
dev_18168_0,acc_18168
dev_18169_0,acc_18169
dev_18170_0,acc_18170
dev_18171_0,acc_18171
dev_18172_0,acc_18172
dev_18173_0,acc_18173
dev_18174_0,acc_18174
dev_18175_0,acc_18175
dev_18176_0,acc_18176
dev_18177_0,acc_18177
dev_18178_0,acc_18178
dev_18179_0,acc_18179
dev_18180_0,acc_18180
dev_18181_0,acc_18181
dev_18182_0,acc_18182
dev_18183_0,acc_18183
dev_18184_0,acc_18184
dev_18185_0,acc_18185
dev_18186_0,acc_18186
dev_18187_0,acc_18187
dev_18188_0,acc_18188
dev_18189_0,acc_18189
dev_18190_0,acc_18190
dev_18191_0,acc_18191
dev_18192_0,acc_18192
dev_18193_0,acc_18193
dev_18194_0,acc_18194
dev_18195_0,acc_18195
dev_18196_0,acc_18196
dev_18197_0,acc_18197
dev_18198_0,acc_18198
dev_18199_0,acc_18199
dev_18200_0,acc_18200
dev_18201_0,acc_18201
dev_18202_0,acc_18202
dev_18203_0,acc_18203
dev_18204_0,acc_18204
dev_18205_0,acc_18205
dev_18206_0,acc_18206
dev_18207_0,acc_18207
dev_18208_0,acc_18208
dev_18209_0,acc_18209
dev_18210_0,acc_18210
dev_18211_0,acc_18211
dev_18212_0,acc_18212
dev_18213_0,acc_18213
dev_18214_0,acc_18214
dev_18215_0,acc_18215
dev_18216_0,acc_18216
dev_18217_0,acc_18217
dev_18218_0,acc_18218
dev_18219_0,acc_18219
dev_18220_0,acc_18220
dev_18221_0,acc_18221
dev_18222_0,acc_18222
dev_18223_0,acc_18223
dev_18224_0,acc_18224
dev_18225_0,acc_18225
dev_18226_0,acc_18226
dev_18227_0,acc_18227
dev_18228_0,acc_18228
dev_18229_0,acc_18229
dev_18230_0,acc_18230
dev_18231_0,acc_18231
dev_18232_0,acc_18232
dev_18233_0,acc_18233
dev_18234_0,acc_18234
dev_18235_0,acc_18235
dev_18236_0,acc_18236
dev_18237_0,acc_18237
dev_18238_0,acc_18238
dev_18239_0,acc_18239
dev_18240_0,acc_18240
dev_18241_0,acc_18241
dev_18242_0,acc_18242
dev_18243_0,acc_18243
dev_18244_0,acc_18244
dev_18245_0,acc_18245
dev_18246_0,acc_18246
dev_18247_0,acc_18247
dev_18248_0,acc_18248
dev_18249_0,acc_18249
dev_18249_1,acc_18249
dev_18250_0,acc_18250
dev_18251_0,acc_18251
dev_18252_0,acc_18252
dev_18253_0,acc_18253
dev_18254_0,acc_18254
dev_18255_0,acc_18255
dev_18256_0,acc_18256
dev_18257_0,acc_18257
dev_18258_0,acc_18258
dev_18259_0,acc_18259
dev_18260_0,acc_18260
dev_18261_0,acc_18261
dev_18262_0,acc_18262
dev_18263_0,acc_18263
dev_18264_0,acc_18264
dev_18265_0,acc_18265
dev_18266_0,acc_18266
dev_18267_0,acc_18267
dev_18268_0,acc_18268
dev_18269_0,acc_18269
dev_18270_0,acc_18270
dev_18271_0,acc_18271
dev_18272_0,acc_18272
dev_18273_0,acc_18273
dev_18274_0,acc_18274
dev_18275_0,acc_18275
dev_18276_0,acc_18276
dev_18277_0,acc_18277
dev_18277_1,acc_18277
dev_18278_0,acc_18278
dev_18279_0,acc_18279
dev_18280_0,acc_18280
dev_18281_0,acc_18281
dev_18282_0,acc_18282
dev_18283_0,acc_18283
dev_18284_0,acc_18284
dev_18285_0,acc_18285
dev_18286_0,acc_18286
dev_18287_0,acc_18287
dev_18288_0,acc_18288
dev_18289_0,acc_18289
dev_18289_1,acc_18289
dev_18290_0,acc_18290
dev_18291_0,acc_18291
dev_18292_0,acc_18292
dev_18293_0,acc_18293
dev_18294_0,acc_18294
dev_18295_0,acc_18295
dev_18296_0,acc_18296
dev_18297_0,acc_18297
dev_18298_0,acc_18298
dev_18299_0,acc_18299
dev_18300_0,acc_18300
dev_18301_0,acc_18301
dev_18302_0,acc_18302
dev_18303_0,acc_18303
dev_18304_0,acc_18304
dev_18305_0,acc_18305
dev_18306_0,acc_18306
dev_18307_0,acc_18307
dev_18308_0,acc_18308
dev_18309_0,acc_18309
dev_18310_0,acc_18310
dev_18311_0,acc_18311
dev_18312_0,acc_18312
dev_18313_0,acc_18313
dev_18314_0,acc_18314
dev_18315_0,acc_18315
dev_18316_0,acc_18316
dev_18317_0,acc_18317
dev_18318_0,acc_18318
dev_18319_0,acc_18319
dev_18320_0,acc_18320
dev_18320_1,acc_18320
dev_18321_0,acc_18321
dev_18322_0,acc_18322
dev_18323_0,acc_18323
dev_18324_0,acc_18324
dev_18325_0,acc_18325
dev_18326_0,acc_18326
dev_18327_0,acc_18327
dev_18328_0,acc_18328
dev_18329_0,acc_18329
dev_18330_0,acc_18330
dev_18331_0,acc_18331
dev_18332_0,acc_18332
dev_18333_0,acc_18333
dev_18333_1,acc_18333
dev_18334_0,acc_18334
dev_18335_0,acc_18335
dev_18336_0,acc_18336
dev_18337_0,acc_18337
dev_18338_0,acc_18338
dev_18339_0,acc_18339
dev_18340_0,acc_18340
dev_18341_0,acc_18341
dev_18342_0,acc_18342
dev_18343_0,acc_18343
dev_18344_0,acc_18344
dev_18345_0,acc_18345
dev_18346_0,acc_18346
dev_18347_0,acc_18347
dev_18348_0,acc_18348
dev_18349_0,acc_18349
dev_18350_0,acc_18350
dev_18351_0,acc_18351
dev_18352_0,acc_18352
dev_18353_0,acc_18353
dev_18354_0,acc_18354
dev_18355_0,acc_18355
dev_18356_0,acc_18356
dev_18357_0,acc_18357
dev_18358_0,acc_18358
dev_18358_1,acc_18358
dev_18359_0,acc_18359
dev_18360_0,acc_18360
dev_18361_0,acc_18361
dev_18362_0,acc_18362
dev_18363_0,acc_18363
dev_18364_0,acc_18364
dev_18365_0,acc_18365
dev_18366_0,acc_18366
dev_18367_0,acc_18367
dev_18368_0,acc_18368
dev_18369_0,acc_18369
dev_18370_0,acc_18370
dev_18371_0,acc_18371
dev_18372_0,acc_18372
dev_18373_0,acc_18373
dev_18374_0,acc_18374
dev_18374_1,acc_18374
dev_18375_0,acc_18375
dev_18376_0,acc_18376
dev_18377_0,acc_18377
dev_18378_0,acc_18378
dev_18379_0,acc_18379
dev_18380_0,acc_18380
dev_18381_0,acc_18381
dev_18382_0,acc_18382
dev_18383_0,acc_18383
dev_18384_0,acc_18384
dev_18385_0,acc_18385
dev_18386_0,acc_18386
dev_18387_0,acc_18387
dev_18388_0,acc_18388
dev_18389_0,acc_18389
dev_18390_0,acc_18390
dev_18391_0,acc_18391
dev_18392_0,acc_18392
dev_18393_0,acc_18393
dev_18394_0,acc_18394
dev_18395_0,acc_18395
dev_18396_0,acc_18396
dev_18397_0,acc_18397
dev_18398_0,acc_18398
dev_18399_0,acc_18399
dev_18400_0,acc_18400
dev_18401_0,acc_18401
dev_18402_0,acc_18402
dev_18403_0,acc_18403
dev_18404_0,acc_18404
dev_18405_0,acc_18405
dev_18406_0,acc_18406
dev_18407_0,acc_18407
dev_18408_0,acc_18408
dev_18409_0,acc_18409
dev_18410_0,acc_18410
dev_18411_0,acc_18411
dev_18412_0,acc_18412
dev_18413_0,acc_18413
dev_18414_0,acc_18414
dev_18415_0,acc_18415
dev_18416_0,acc_18416
dev_18417_0,acc_18417
dev_18418_0,acc_18418
dev_18419_0,acc_18419
dev_18420_0,acc_18420
dev_18421_0,acc_18421
dev_18422_0,acc_18422
dev_18423_0,acc_18423
dev_18424_0,acc_18424
dev_18425_0,acc_18425
dev_18425_1,acc_18425
dev_18426_0,acc_18426
dev_18427_0,acc_18427
dev_18428_0,acc_18428
dev_18429_0,acc_18429
dev_18430_0,acc_18430
dev_18431_0,acc_18431
dev_18432_0,acc_18432
dev_18433_0,acc_18433
dev_18434_0,acc_18434
dev_18435_0,acc_18435
dev_18436_0,acc_18436
dev_18437_0,acc_18437
dev_18438_0,acc_18438
dev_18439_0,acc_18439
dev_18440_0,acc_18440
dev_18441_0,acc_18441
dev_18442_0,acc_18442
dev_18443_0,acc_18443
dev_18444_0,acc_18444
dev_18445_0,acc_18445
dev_18446_0,acc_18446
dev_18447_0,acc_18447
dev_18448_0,acc_18448
dev_18449_0,acc_18449
dev_18450_0,acc_18450
dev_18451_0,acc_18451
dev_18452_0,acc_18452
dev_18453_0,acc_18453
dev_18454_0,acc_18454
dev_18455_0,acc_18455
dev_18456_0,acc_18456
dev_18457_0,acc_18457
dev_18458_0,acc_18458
dev_18459_0,acc_18459
dev_18459_1,acc_18459
dev_18460_0,acc_18460
dev_18461_0,acc_18461
dev_18462_0,acc_18462
dev_18463_0,acc_18463
dev_18464_0,acc_18464
dev_18465_0,acc_18465
dev_18466_0,acc_18466
dev_18467_0,acc_18467
dev_18468_0,acc_18468
dev_18469_0,acc_18469
dev_18470_0,acc_18470
dev_18470_1,acc_18470
dev_18471_0,acc_18471
dev_18472_0,acc_18472
dev_18473_0,acc_18473
dev_18474_0,acc_18474
dev_18475_0,acc_18475
dev_18475_1,acc_18475
dev_18476_0,acc_18476
dev_18477_0,acc_18477
dev_18478_0,acc_18478
dev_18479_0,acc_18479
dev_18480_0,acc_18480
dev_18481_0,acc_18481
dev_18482_0,acc_18482
dev_18483_0,acc_18483
dev_18484_0,acc_18484
dev_18485_0,acc_18485
dev_18486_0,acc_18486
dev_18487_0,acc_18487
dev_18487_1,acc_18487
dev_18488_0,acc_18488
dev_18489_0,acc_18489
dev_18490_0,acc_18490
dev_18490_1,acc_18490
dev_18491_0,acc_18491
dev_18492_0,acc_18492
dev_18493_0,acc_18493
dev_18494_0,acc_18494
dev_18495_0,acc_18495
dev_18496_0,acc_18496
dev_18497_0,acc_18497
dev_18498_0,acc_18498
dev_18499_0,acc_18499
dev_18500_0,acc_18500
dev_18501_0,acc_18501
dev_18502_0,acc_18502
dev_18503_0,acc_18503
dev_18504_0,acc_18504
dev_18505_0,acc_18505
dev_18506_0,acc_18506
dev_18507_0,acc_18507
dev_18508_0,acc_18508
dev_18509_0,acc_18509
dev_18510_0,acc_18510
dev_18511_0,acc_18511
dev_18512_0,acc_18512
dev_18513_0,acc_18513
dev_18514_0,acc_18514
dev_18515_0,acc_18515
dev_18516_0,acc_18516
dev_18517_0,acc_18517
dev_18518_0,acc_18518
dev_18519_0,acc_18519
dev_18520_0,acc_18520
dev_18521_0,acc_18521
dev_18522_0,acc_18522
dev_18523_0,acc_18523
dev_18524_0,acc_18524
dev_18525_0,acc_18525
dev_18526_0,acc_18526
dev_18527_0,acc_18527
dev_18528_0,acc_18528
dev_18529_0,acc_18529
dev_18530_0,acc_18530
dev_18531_0,acc_18531
dev_18532_0,acc_18532
dev_18533_0,acc_18533
dev_18534_0,acc_18534
dev_18535_0,acc_18535
dev_18536_0,acc_18536
dev_18537_0,acc_18537
dev_18538_0,acc_18538
dev_18539_0,acc_18539
dev_18540_0,acc_18540
dev_18541_0,acc_18541
dev_18542_0,acc_18542
dev_18543_0,acc_18543
dev_18544_0,acc_18544
dev_18545_0,acc_18545
dev_18546_0,acc_18546
dev_18547_0,acc_18547
dev_18548_0,acc_18548
dev_18549_0,acc_18549
dev_18550_0,acc_18550
dev_18551_0,acc_18551
dev_18552_0,acc_18552
dev_18553_0,acc_18553
dev_18554_0,acc_18554
dev_18555_0,acc_18555
dev_18556_0,acc_18556
dev_18556_1,acc_18556
dev_18557_0,acc_18557
dev_18558_0,acc_18558
dev_18559_0,acc_18559
dev_18560_0,acc_18560
dev_18561_0,acc_18561
dev_18562_0,acc_18562
dev_18563_0,acc_18563
dev_18564_0,acc_18564
dev_18564_1,acc_18564
dev_18565_0,acc_18565
dev_18566_0,acc_18566
dev_18567_0,acc_18567
dev_18568_0,acc_18568
dev_18569_0,acc_18569
dev_18570_0,acc_18570
dev_18571_0,acc_18571
dev_18572_0,acc_18572
dev_18573_0,acc_18573
dev_18573_1,acc_18573
dev_18574_0,acc_18574
dev_18575_0,acc_18575
dev_18576_0,acc_18576
dev_18577_0,acc_18577
dev_18578_0,acc_18578
dev_18579_0,acc_18579
dev_18580_0,acc_18580
dev_18581_0,acc_18581
dev_18582_0,acc_18582
dev_18583_0,acc_18583
dev_18584_0,acc_18584
dev_18585_0,acc_18585
dev_18586_0,acc_18586
dev_18587_0,acc_18587
dev_18588_0,acc_18588
dev_18589_0,acc_18589
dev_18590_0,acc_18590
dev_18591_0,acc_18591
dev_18592_0,acc_18592
dev_18593_0,acc_18593
dev_18594_0,acc_18594
dev_18595_0,acc_18595
dev_18596_0,acc_18596
dev_18597_0,acc_18597
dev_18598_0,acc_18598
dev_18599_0,acc_18599
dev_18600_0,acc_18600
dev_18601_0,acc_18601
dev_18602_0,acc_18602
dev_18603_0,acc_18603
dev_18604_0,acc_18604
dev_18605_0,acc_18605
dev_18606_0,acc_18606
dev_18607_0,acc_18607
dev_18608_0,acc_18608
dev_18609_0,acc_18609
dev_18610_0,acc_18610
dev_18611_0,acc_18611
dev_18612_0,acc_18612
dev_18613_0,acc_18613
dev_18614_0,acc_18614
dev_18615_0,acc_18615
dev_18616_0,acc_18616
dev_18616_1,acc_18616
dev_18617_0,acc_18617
dev_18618_0,acc_18618
dev_18619_0,acc_18619
dev_18620_0,acc_18620
dev_18621_0,acc_18621
dev_18622_0,acc_18622
dev_18623_0,acc_18623
dev_18624_0,acc_18624
dev_18625_0,acc_18625
dev_18626_0,acc_18626
dev_18627_0,acc_18627
dev_18628_0,acc_18628
dev_18629_0,acc_18629
dev_18630_0,acc_18630
dev_18631_0,acc_18631
dev_18632_0,acc_18632
dev_18633_0,acc_18633
dev_18634_0,acc_18634
dev_18635_0,acc_18635
dev_18636_0,acc_18636
dev_18637_0,acc_18637
dev_18638_0,acc_18638
dev_18639_0,acc_18639
dev_18640_0,acc_18640
dev_18640_1,acc_18640
dev_18641_0,acc_18641
dev_18642_0,acc_18642
dev_18642_1,acc_18642
dev_18643_0,acc_18643
dev_18644_0,acc_18644
dev_18645_0,acc_18645
dev_18646_0,acc_18646
dev_18647_0,acc_18647
dev_18648_0,acc_18648
dev_18649_0,acc_18649
dev_18650_0,acc_18650
dev_18651_0,acc_18651
dev_18652_0,acc_18652
dev_18653_0,acc_18653
dev_18654_0,acc_18654
dev_18655_0,acc_18655
dev_18656_0,acc_18656
dev_18657_0,acc_18657
dev_18658_0,acc_18658
dev_18659_0,acc_18659
dev_18660_0,acc_18660
dev_18661_0,acc_18661
dev_18662_0,acc_18662
dev_18663_0,acc_18663
dev_18664_0,acc_18664
dev_18665_0,acc_18665
dev_18666_0,acc_18666
dev_18667_0,acc_18667
dev_18668_0,acc_18668
dev_18669_0,acc_18669
dev_18670_0,acc_18670
dev_18670_1,acc_18670
dev_18671_0,acc_18671
dev_18672_0,acc_18672
dev_18673_0,acc_18673
dev_18673_1,acc_18673
dev_18674_0,acc_18674
dev_18675_0,acc_18675
dev_18676_0,acc_18676
dev_18677_0,acc_18677
dev_18678_0,acc_18678
dev_18679_0,acc_18679
dev_18680_0,acc_18680
dev_18681_0,acc_18681
dev_18682_0,acc_18682
dev_18683_0,acc_18683
dev_18684_0,acc_18684
dev_18685_0,acc_18685
dev_18686_0,acc_18686
dev_18686_1,acc_18686
dev_18687_0,acc_18687
dev_18688_0,acc_18688
dev_18689_0,acc_18689
dev_18690_0,acc_18690
dev_18691_0,acc_18691
dev_18692_0,acc_18692
dev_18693_0,acc_18693
dev_18694_0,acc_18694
dev_18695_0,acc_18695
dev_18696_0,acc_18696
dev_18697_0,acc_18697
dev_18698_0,acc_18698
dev_18699_0,acc_18699
dev_18700_0,acc_18700
dev_18701_0,acc_18701
dev_18702_0,acc_18702
dev_18703_0,acc_18703
dev_18704_0,acc_18704
dev_18705_0,acc_18705
dev_18706_0,acc_18706
dev_18706_1,acc_18706
dev_18707_0,acc_18707
dev_18708_0,acc_18708
dev_18709_0,acc_18709
dev_18710_0,acc_18710
dev_18711_0,acc_18711
dev_18712_0,acc_18712
dev_18713_0,acc_18713
dev_18714_0,acc_18714
dev_18715_0,acc_18715
dev_18716_0,acc_18716
dev_18717_0,acc_18717
dev_18718_0,acc_18718
dev_18719_0,acc_18719
dev_18720_0,acc_18720
dev_18721_0,acc_18721
dev_18722_0,acc_18722
dev_18723_0,acc_18723
dev_18724_0,acc_18724
dev_18725_0,acc_18725
dev_18726_0,acc_18726
dev_18727_0,acc_18727
dev_18728_0,acc_18728
dev_18729_0,acc_18729
dev_18730_0,acc_18730
dev_18731_0,acc_18731
dev_18732_0,acc_18732
dev_18733_0,acc_18733
dev_18734_0,acc_18734
dev_18735_0,acc_18735
dev_18735_1,acc_18735
dev_18736_0,acc_18736
dev_18736_1,acc_18736
dev_18737_0,acc_18737
dev_18738_0,acc_18738
dev_18739_0,acc_18739
dev_18740_0,acc_18740
dev_18741_0,acc_18741
dev_18742_0,acc_18742
dev_18743_0,acc_18743
dev_18744_0,acc_18744
dev_18744_1,acc_18744
dev_18745_0,acc_18745
dev_18746_0,acc_18746
dev_18747_0,acc_18747
dev_18748_0,acc_18748
dev_18749_0,acc_18749
dev_18750_0,acc_18750
dev_18751_0,acc_18751
dev_18752_0,acc_18752
dev_18753_0,acc_18753
dev_18754_0,acc_18754
dev_18755_0,acc_18755
dev_18756_0,acc_18756
dev_18757_0,acc_18757
dev_18758_0,acc_18758
dev_18759_0,acc_18759
dev_18760_0,acc_18760
dev_18761_0,acc_18761
dev_18762_0,acc_18762
dev_18763_0,acc_18763
dev_18764_0,acc_18764
dev_18765_0,acc_18765
dev_18766_0,acc_18766
dev_18767_0,acc_18767
dev_18768_0,acc_18768
dev_18769_0,acc_18769
dev_18770_0,acc_18770
dev_18771_0,acc_18771
dev_18772_0,acc_18772
dev_18772_1,acc_18772
dev_18773_0,acc_18773
dev_18774_0,acc_18774
dev_18775_0,acc_18775
dev_18776_0,acc_18776
dev_18777_0,acc_18777
dev_18778_0,acc_18778
dev_18779_0,acc_18779
dev_18780_0,acc_18780
dev_18781_0,acc_18781
dev_18782_0,acc_18782
dev_18783_0,acc_18783
dev_18784_0,acc_18784
dev_18785_0,acc_18785
dev_18786_0,acc_18786
dev_18787_0,acc_18787
dev_18788_0,acc_18788
dev_18789_0,acc_18789
dev_18790_0,acc_18790
dev_18791_0,acc_18791
dev_18792_0,acc_18792
dev_18793_0,acc_18793
dev_18794_0,acc_18794
dev_18795_0,acc_18795
dev_18796_0,acc_18796
dev_18796_1,acc_18796
dev_18797_0,acc_18797
dev_18798_0,acc_18798
dev_18799_0,acc_18799
dev_18800_0,acc_18800
dev_18801_0,acc_18801
dev_18801_1,acc_18801
dev_18802_0,acc_18802
dev_18803_0,acc_18803
dev_18804_0,acc_18804
dev_18805_0,acc_18805
dev_18806_0,acc_18806
dev_18807_0,acc_18807
dev_18808_0,acc_18808
dev_18809_0,acc_18809
dev_18810_0,acc_18810
dev_18811_0,acc_18811
dev_18812_0,acc_18812
dev_18812_1,acc_18812
dev_18813_0,acc_18813
dev_18814_0,acc_18814
dev_18815_0,acc_18815
dev_18816_0,acc_18816
dev_18817_0,acc_18817
dev_18818_0,acc_18818
dev_18819_0,acc_18819
dev_18820_0,acc_18820
dev_18821_0,acc_18821
dev_18822_0,acc_18822
dev_18823_0,acc_18823
dev_18824_0,acc_18824
dev_18825_0,acc_18825
dev_18826_0,acc_18826
dev_18827_0,acc_18827
dev_18827_1,acc_18827
dev_18828_0,acc_18828
dev_18829_0,acc_18829
dev_18830_0,acc_18830
dev_18831_0,acc_18831
dev_18832_0,acc_18832
dev_18833_0,acc_18833
dev_18834_0,acc_18834
dev_18835_0,acc_18835
dev_18836_0,acc_18836
dev_18837_0,acc_18837
dev_18838_0,acc_18838
dev_18839_0,acc_18839
dev_18840_0,acc_18840
dev_18841_0,acc_18841
dev_18842_0,acc_18842
dev_18843_0,acc_18843
dev_18844_0,acc_18844
dev_18845_0,acc_18845
dev_18846_0,acc_18846
dev_18847_0,acc_18847
dev_18848_0,acc_18848
dev_18848_1,acc_18848
dev_18849_0,acc_18849
dev_18849_1,acc_18849
dev_18850_0,acc_18850
dev_18851_0,acc_18851
dev_18852_0,acc_18852
dev_18853_0,acc_18853
dev_18854_0,acc_18854
dev_18855_0,acc_18855
dev_18856_0,acc_18856
dev_18857_0,acc_18857
dev_18858_0,acc_18858
dev_18859_0,acc_18859
dev_18860_0,acc_18860
dev_18861_0,acc_18861
dev_18862_0,acc_18862
dev_18863_0,acc_18863
dev_18864_0,acc_18864
dev_18864_1,acc_18864
dev_18865_0,acc_18865
dev_18866_0,acc_18866
dev_18867_0,acc_18867
dev_18868_0,acc_18868
dev_18869_0,acc_18869
dev_18869_1,acc_18869
dev_18870_0,acc_18870
dev_18871_0,acc_18871
dev_18872_0,acc_18872
dev_18873_0,acc_18873
dev_18874_0,acc_18874
dev_18875_0,acc_18875
dev_18876_0,acc_18876
dev_18877_0,acc_18877
dev_18878_0,acc_18878
dev_18879_0,acc_18879
dev_18880_0,acc_18880
dev_18881_0,acc_18881
dev_18882_0,acc_18882
dev_18883_0,acc_18883
dev_18884_0,acc_18884
dev_18885_0,acc_18885
dev_18886_0,acc_18886
dev_18887_0,acc_18887
dev_18888_0,acc_18888
dev_18889_0,acc_18889
dev_18890_0,acc_18890
dev_18891_0,acc_18891
dev_18892_0,acc_18892
dev_18893_0,acc_18893
dev_18894_0,acc_18894
dev_18895_0,acc_18895
dev_18896_0,acc_18896
dev_18897_0,acc_18897
dev_18898_0,acc_18898
dev_18899_0,acc_18899
dev_18900_0,acc_18900
dev_18901_0,acc_18901
dev_18902_0,acc_18902
dev_18903_0,acc_18903
dev_18904_0,acc_18904
dev_18904_1,acc_18904
dev_18905_0,acc_18905
dev_18906_0,acc_18906
dev_18907_0,acc_18907
dev_18908_0,acc_18908
dev_18909_0,acc_18909
dev_18910_0,acc_18910
dev_18911_0,acc_18911
dev_18912_0,acc_18912
dev_18913_0,acc_18913
dev_18914_0,acc_18914
dev_18915_0,acc_18915
dev_18916_0,acc_18916
dev_18917_0,acc_18917
dev_18918_0,acc_18918
dev_18919_0,acc_18919
dev_18920_0,acc_18920
dev_18920_1,acc_18920
dev_18921_0,acc_18921
dev_18922_0,acc_18922
dev_18923_0,acc_18923
dev_18924_0,acc_18924
dev_18925_0,acc_18925
dev_18926_0,acc_18926
dev_18927_0,acc_18927
dev_18928_0,acc_18928
dev_18929_0,acc_18929
dev_18930_0,acc_18930
dev_18931_0,acc_18931
dev_18932_0,acc_18932
dev_18933_0,acc_18933
dev_18934_0,acc_18934
dev_18935_0,acc_18935
dev_18936_0,acc_18936
dev_18937_0,acc_18937
dev_18938_0,acc_18938
dev_18939_0,acc_18939
dev_18940_0,acc_18940
dev_18941_0,acc_18941
dev_18942_0,acc_18942
dev_18943_0,acc_18943
dev_18944_0,acc_18944
dev_18945_0,acc_18945
dev_18946_0,acc_18946
dev_18947_0,acc_18947
dev_18948_0,acc_18948
dev_18949_0,acc_18949
dev_18950_0,acc_18950
dev_18951_0,acc_18951
dev_18952_0,acc_18952
dev_18953_0,acc_18953
dev_18954_0,acc_18954
dev_18955_0,acc_18955
dev_18956_0,acc_18956
dev_18957_0,acc_18957
dev_18958_0,acc_18958
dev_18959_0,acc_18959
dev_18960_0,acc_18960
dev_18961_0,acc_18961
dev_18962_0,acc_18962
dev_18963_0,acc_18963
dev_18964_0,acc_18964
dev_18965_0,acc_18965
dev_18966_0,acc_18966
dev_18967_0,acc_18967
dev_18968_0,acc_18968
dev_18969_0,acc_18969
dev_18970_0,acc_18970
dev_18971_0,acc_18971
dev_18972_0,acc_18972
dev_18973_0,acc_18973
dev_18974_0,acc_18974
dev_18975_0,acc_18975
dev_18976_0,acc_18976
dev_18977_0,acc_18977
dev_18978_0,acc_18978
dev_18979_0,acc_18979
dev_18980_0,acc_18980
dev_18981_0,acc_18981
dev_18982_0,acc_18982
dev_18983_0,acc_18983
dev_18984_0,acc_18984
dev_18984_1,acc_18984
dev_18985_0,acc_18985
dev_18986_0,acc_18986
dev_18987_0,acc_18987
dev_18988_0,acc_18988
dev_18989_0,acc_18989
dev_18990_0,acc_18990
dev_18991_0,acc_18991
dev_18992_0,acc_18992
dev_18993_0,acc_18993
dev_18994_0,acc_18994
dev_18995_0,acc_18995
dev_18996_0,acc_18996
dev_18997_0,acc_18997
dev_18998_0,acc_18998
dev_18999_0,acc_18999
dev_19000_0,acc_19000
dev_19001_0,acc_19001
dev_19002_0,acc_19002
dev_19003_0,acc_19003
dev_19004_0,acc_19004
dev_19005_0,acc_19005
dev_19006_0,acc_19006
dev_19007_0,acc_19007
dev_19008_0,acc_19008
dev_19009_0,acc_19009
dev_19010_0,acc_19010
dev_19011_0,acc_19011
dev_19012_0,acc_19012
dev_19013_0,acc_19013
dev_19014_0,acc_19014
dev_19015_0,acc_19015
dev_19016_0,acc_19016
dev_19017_0,acc_19017
dev_19018_0,acc_19018
dev_19019_0,acc_19019
dev_19020_0,acc_19020
dev_19021_0,acc_19021
dev_19022_0,acc_19022
dev_19023_0,acc_19023
dev_19024_0,acc_19024
dev_19025_0,acc_19025
dev_19026_0,acc_19026
dev_19027_0,acc_19027
dev_19028_0,acc_19028
dev_19029_0,acc_19029
dev_19030_0,acc_19030
dev_19030_1,acc_19030
dev_19031_0,acc_19031
dev_19032_0,acc_19032
dev_19033_0,acc_19033
dev_19034_0,acc_19034
dev_19035_0,acc_19035
dev_19036_0,acc_19036
dev_19037_0,acc_19037
dev_19038_0,acc_19038
dev_19039_0,acc_19039
dev_19040_0,acc_19040
dev_19041_0,acc_19041
dev_19042_0,acc_19042
dev_19043_0,acc_19043
dev_19044_0,acc_19044
dev_19045_0,acc_19045
dev_19046_0,acc_19046
dev_19047_0,acc_19047
dev_19048_0,acc_19048
dev_19048_1,acc_19048
dev_19049_0,acc_19049
dev_19050_0,acc_19050
dev_19051_0,acc_19051
dev_19052_0,acc_19052
dev_19053_0,acc_19053
dev_19054_0,acc_19054
dev_19055_0,acc_19055
dev_19056_0,acc_19056
dev_19057_0,acc_19057
dev_19058_0,acc_19058
dev_19059_0,acc_19059
dev_19060_0,acc_19060
dev_19061_0,acc_19061
dev_19062_0,acc_19062
dev_19063_0,acc_19063
dev_19064_0,acc_19064
dev_19065_0,acc_19065
dev_19066_0,acc_19066
dev_19067_0,acc_19067
dev_19068_0,acc_19068
dev_19069_0,acc_19069
dev_19070_0,acc_19070
dev_19071_0,acc_19071
dev_19072_0,acc_19072
dev_19072_1,acc_19072
dev_19073_0,acc_19073
dev_19074_0,acc_19074
dev_19075_0,acc_19075
dev_19076_0,acc_19076
dev_19077_0,acc_19077
dev_19078_0,acc_19078
dev_19079_0,acc_19079
dev_19080_0,acc_19080
dev_19081_0,acc_19081
dev_19082_0,acc_19082
dev_19083_0,acc_19083
dev_19084_0,acc_19084
dev_19085_0,acc_19085
dev_19086_0,acc_19086
dev_19087_0,acc_19087
dev_19088_0,acc_19088
dev_19089_0,acc_19089
dev_19090_0,acc_19090
dev_19091_0,acc_19091
dev_19092_0,acc_19092
dev_19093_0,acc_19093
dev_19094_0,acc_19094
dev_19095_0,acc_19095
dev_19096_0,acc_19096
dev_19096_1,acc_19096
dev_19097_0,acc_19097
dev_19098_0,acc_19098
dev_19099_0,acc_19099
dev_19100_0,acc_19100
dev_19101_0,acc_19101
dev_19102_0,acc_19102
dev_19103_0,acc_19103
dev_19104_0,acc_19104
dev_19105_0,acc_19105
dev_19106_0,acc_19106
dev_19107_0,acc_19107
dev_19108_0,acc_19108
dev_19109_0,acc_19109
dev_19110_0,acc_19110
dev_19111_0,acc_19111
dev_19112_0,acc_19112
dev_19113_0,acc_19113
dev_19114_0,acc_19114
dev_19115_0,acc_19115
dev_19116_0,acc_19116
dev_19116_1,acc_19116
dev_19117_0,acc_19117
dev_19118_0,acc_19118
dev_19119_0,acc_19119
dev_19120_0,acc_19120
dev_19121_0,acc_19121
dev_19122_0,acc_19122
dev_19123_0,acc_19123
dev_19123_1,acc_19123
dev_19124_0,acc_19124
dev_19125_0,acc_19125
dev_19126_0,acc_19126
dev_19127_0,acc_19127
dev_19127_1,acc_19127
dev_19128_0,acc_19128
dev_19129_0,acc_19129
dev_19129_1,acc_19129
dev_19130_0,acc_19130
dev_19131_0,acc_19131
dev_19132_0,acc_19132
dev_19133_0,acc_19133
dev_19134_0,acc_19134
dev_19135_0,acc_19135
dev_19135_1,acc_19135
dev_19136_0,acc_19136
dev_19137_0,acc_19137
dev_19138_0,acc_19138
dev_19139_0,acc_19139
dev_19140_0,acc_19140
dev_19141_0,acc_19141
dev_19142_0,acc_19142
dev_19143_0,acc_19143
dev_19144_0,acc_19144
dev_19144_1,acc_19144
dev_19145_0,acc_19145
dev_19146_0,acc_19146
dev_19147_0,acc_19147
dev_19148_0,acc_19148
dev_19149_0,acc_19149
dev_19150_0,acc_19150
dev_19151_0,acc_19151
dev_19152_0,acc_19152
dev_19153_0,acc_19153
dev_19154_0,acc_19154
dev_19155_0,acc_19155
dev_19156_0,acc_19156
dev_19157_0,acc_19157
dev_19158_0,acc_19158
dev_19159_0,acc_19159
dev_19160_0,acc_19160
dev_19161_0,acc_19161
dev_19162_0,acc_19162
dev_19163_0,acc_19163
dev_19164_0,acc_19164
dev_19165_0,acc_19165
dev_19166_0,acc_19166
dev_19167_0,acc_19167
dev_19168_0,acc_19168
dev_19169_0,acc_19169
dev_19170_0,acc_19170
dev_19170_1,acc_19170
dev_19171_0,acc_19171
dev_19172_0,acc_19172
dev_19172_1,acc_19172
dev_19173_0,acc_19173
dev_19174_0,acc_19174
dev_19175_0,acc_19175
dev_19176_0,acc_19176
dev_19177_0,acc_19177
dev_19178_0,acc_19178
dev_19179_0,acc_19179
dev_19180_0,acc_19180
dev_19181_0,acc_19181
dev_19182_0,acc_19182
dev_19183_0,acc_19183
dev_19184_0,acc_19184
dev_19185_0,acc_19185
dev_19186_0,acc_19186
dev_19187_0,acc_19187
dev_19188_0,acc_19188
dev_19189_0,acc_19189
dev_19190_0,acc_19190
dev_19191_0,acc_19191
dev_19192_0,acc_19192
dev_19193_0,acc_19193
dev_19193_1,acc_19193
dev_19194_0,acc_19194
dev_19195_0,acc_19195
dev_19196_0,acc_19196
dev_19197_0,acc_19197
dev_19198_0,acc_19198
dev_19199_0,acc_19199
dev_19200_0,acc_19200
dev_19201_0,acc_19201
dev_19202_0,acc_19202
dev_19203_0,acc_19203
dev_19204_0,acc_19204
dev_19205_0,acc_19205
dev_19206_0,acc_19206
dev_19207_0,acc_19207
dev_19208_0,acc_19208
dev_19209_0,acc_19209
dev_19209_1,acc_19209
dev_19210_0,acc_19210
dev_19211_0,acc_19211
dev_19212_0,acc_19212
dev_19213_0,acc_19213
dev_19213_1,acc_19213
dev_19214_0,acc_19214
dev_19215_0,acc_19215
dev_19216_0,acc_19216
dev_19217_0,acc_19217
dev_19218_0,acc_19218
dev_19219_0,acc_19219
dev_19220_0,acc_19220
dev_19221_0,acc_19221
dev_19222_0,acc_19222
dev_19222_1,acc_19222
dev_19223_0,acc_19223
dev_19224_0,acc_19224
dev_19225_0,acc_19225
dev_19226_0,acc_19226
dev_19227_0,acc_19227
dev_19228_0,acc_19228
dev_19229_0,acc_19229
dev_19230_0,acc_19230
dev_19231_0,acc_19231
dev_19232_0,acc_19232
dev_19233_0,acc_19233
dev_19234_0,acc_19234
dev_19235_0,acc_19235
dev_19236_0,acc_19236
dev_19237_0,acc_19237
dev_19238_0,acc_19238
dev_19239_0,acc_19239
dev_19240_0,acc_19240
dev_19241_0,acc_19241
dev_19242_0,acc_19242
dev_19243_0,acc_19243
dev_19244_0,acc_19244
dev_19244_1,acc_19244
dev_19245_0,acc_19245
dev_19246_0,acc_19246
dev_19247_0,acc_19247
dev_19248_0,acc_19248
dev_19249_0,acc_19249
dev_19250_0,acc_19250
dev_19251_0,acc_19251
dev_19252_0,acc_19252
dev_19253_0,acc_19253
dev_19253_1,acc_19253
dev_19254_0,acc_19254
dev_19255_0,acc_19255
dev_19256_0,acc_19256
dev_19257_0,acc_19257
dev_19258_0,acc_19258
dev_19259_0,acc_19259
dev_19260_0,acc_19260
dev_19261_0,acc_19261
dev_19262_0,acc_19262
dev_19263_0,acc_19263
dev_19264_0,acc_19264
dev_19265_0,acc_19265
dev_19266_0,acc_19266
dev_19267_0,acc_19267
dev_19268_0,acc_19268
dev_19269_0,acc_19269
dev_19270_0,acc_19270
dev_19271_0,acc_19271
dev_19272_0,acc_19272
dev_19273_0,acc_19273
dev_19274_0,acc_19274
dev_19275_0,acc_19275
dev_19276_0,acc_19276
dev_19277_0,acc_19277
dev_19278_0,acc_19278
dev_19279_0,acc_19279
dev_19280_0,acc_19280
dev_19281_0,acc_19281
dev_19282_0,acc_19282
dev_19283_0,acc_19283
dev_19284_0,acc_19284
dev_19285_0,acc_19285
dev_19286_0,acc_19286
dev_19287_0,acc_19287
dev_19288_0,acc_19288
dev_19289_0,acc_19289
dev_19290_0,acc_19290
dev_19291_0,acc_19291
dev_19292_0,acc_19292
dev_19292_1,acc_19292
dev_19293_0,acc_19293
dev_19294_0,acc_19294
dev_19295_0,acc_19295
dev_19296_0,acc_19296
dev_19297_0,acc_19297
dev_19298_0,acc_19298
dev_19299_0,acc_19299
dev_19300_0,acc_19300
dev_19301_0,acc_19301
dev_19302_0,acc_19302
dev_19303_0,acc_19303
dev_19304_0,acc_19304
dev_19305_0,acc_19305
dev_19306_0,acc_19306
dev_19307_0,acc_19307
dev_19308_0,acc_19308
dev_19309_0,acc_19309
dev_19310_0,acc_19310
dev_19311_0,acc_19311
dev_19312_0,acc_19312
dev_19313_0,acc_19313
dev_19314_0,acc_19314
dev_19315_0,acc_19315
dev_19316_0,acc_19316
dev_19317_0,acc_19317
dev_19318_0,acc_19318
dev_19319_0,acc_19319
dev_19320_0,acc_19320
dev_19321_0,acc_19321
dev_19322_0,acc_19322
dev_19323_0,acc_19323
dev_19324_0,acc_19324
dev_19325_0,acc_19325
dev_19325_1,acc_19325
dev_19326_0,acc_19326
dev_19326_1,acc_19326
dev_19327_0,acc_19327
dev_19328_0,acc_19328
dev_19329_0,acc_19329
dev_19330_0,acc_19330
dev_19331_0,acc_19331
dev_19332_0,acc_19332
dev_19333_0,acc_19333
dev_19334_0,acc_19334
dev_19335_0,acc_19335
dev_19336_0,acc_19336
dev_19337_0,acc_19337
dev_19338_0,acc_19338
dev_19339_0,acc_19339
dev_19340_0,acc_19340
dev_19340_1,acc_19340
dev_19341_0,acc_19341
dev_19342_0,acc_19342
dev_19343_0,acc_19343
dev_19344_0,acc_19344
dev_19345_0,acc_19345
dev_19346_0,acc_19346
dev_19347_0,acc_19347
dev_19348_0,acc_19348
dev_19349_0,acc_19349
dev_19350_0,acc_19350
dev_19351_0,acc_19351
dev_19352_0,acc_19352
dev_19353_0,acc_19353
dev_19354_0,acc_19354
dev_19355_0,acc_19355
dev_19356_0,acc_19356
dev_19357_0,acc_19357
dev_19358_0,acc_19358
dev_19359_0,acc_19359
dev_19360_0,acc_19360
dev_19361_0,acc_19361
dev_19362_0,acc_19362
dev_19363_0,acc_19363
dev_19364_0,acc_19364
dev_19365_0,acc_19365
dev_19366_0,acc_19366
dev_19367_0,acc_19367
dev_19368_0,acc_19368
dev_19369_0,acc_19369
dev_19370_0,acc_19370
dev_19371_0,acc_19371
dev_19372_0,acc_19372
dev_19373_0,acc_19373
dev_19373_1,acc_19373
dev_19374_0,acc_19374
dev_19375_0,acc_19375
dev_19375_1,acc_19375
dev_19376_0,acc_19376
dev_19377_0,acc_19377
dev_19378_0,acc_19378
dev_19379_0,acc_19379
dev_19380_0,acc_19380
dev_19381_0,acc_19381
dev_19382_0,acc_19382
dev_19383_0,acc_19383
dev_19384_0,acc_19384
dev_19385_0,acc_19385
dev_19386_0,acc_19386
dev_19387_0,acc_19387
dev_19388_0,acc_19388
dev_19389_0,acc_19389
dev_19390_0,acc_19390
dev_19391_0,acc_19391
dev_19392_0,acc_19392
dev_19393_0,acc_19393
dev_19393_1,acc_19393
dev_19394_0,acc_19394
dev_19395_0,acc_19395
dev_19396_0,acc_19396
dev_19397_0,acc_19397
dev_19398_0,acc_19398
dev_19399_0,acc_19399
dev_19400_0,acc_19400
dev_19401_0,acc_19401
dev_19402_0,acc_19402
dev_19403_0,acc_19403
dev_19404_0,acc_19404
dev_19405_0,acc_19405
dev_19406_0,acc_19406
dev_19407_0,acc_19407
dev_19408_0,acc_19408
dev_19409_0,acc_19409
dev_19410_0,acc_19410
dev_19411_0,acc_19411
dev_19412_0,acc_19412
dev_19413_0,acc_19413
dev_19414_0,acc_19414
dev_19415_0,acc_19415
dev_19416_0,acc_19416
dev_19417_0,acc_19417
dev_19418_0,acc_19418
dev_19419_0,acc_19419
dev_19420_0,acc_19420
dev_19421_0,acc_19421
dev_19422_0,acc_19422
dev_19423_0,acc_19423
dev_19424_0,acc_19424
dev_19425_0,acc_19425
dev_19426_0,acc_19426
dev_19427_0,acc_19427
dev_19428_0,acc_19428
dev_19429_0,acc_19429
dev_19430_0,acc_19430
dev_19431_0,acc_19431
dev_19432_0,acc_19432
dev_19433_0,acc_19433
dev_19434_0,acc_19434
dev_19435_0,acc_19435
dev_19436_0,acc_19436
dev_19437_0,acc_19437
dev_19438_0,acc_19438
dev_19439_0,acc_19439
dev_19440_0,acc_19440
dev_19441_0,acc_19441
dev_19442_0,acc_19442
dev_19443_0,acc_19443
dev_19444_0,acc_19444
dev_19445_0,acc_19445
dev_19446_0,acc_19446
dev_19447_0,acc_19447
dev_19448_0,acc_19448
dev_19449_0,acc_19449
dev_19450_0,acc_19450
dev_19451_0,acc_19451
dev_19452_0,acc_19452
dev_19453_0,acc_19453
dev_19454_0,acc_19454
dev_19455_0,acc_19455
dev_19456_0,acc_19456
dev_19457_0,acc_19457
dev_19458_0,acc_19458
dev_19459_0,acc_19459
dev_19460_0,acc_19460
dev_19461_0,acc_19461
dev_19462_0,acc_19462
dev_19463_0,acc_19463
dev_19464_0,acc_19464
dev_19465_0,acc_19465
dev_19466_0,acc_19466
dev_19467_0,acc_19467
dev_19468_0,acc_19468
dev_19469_0,acc_19469
dev_19470_0,acc_19470
dev_19471_0,acc_19471
dev_19472_0,acc_19472
dev_19473_0,acc_19473
dev_19474_0,acc_19474
dev_19475_0,acc_19475
dev_19475_1,acc_19475
dev_19476_0,acc_19476
dev_19477_0,acc_19477
dev_19478_0,acc_19478
dev_19479_0,acc_19479
dev_19480_0,acc_19480
dev_19481_0,acc_19481
dev_19482_0,acc_19482
dev_19483_0,acc_19483
dev_19484_0,acc_19484
dev_19485_0,acc_19485
dev_19486_0,acc_19486
dev_19487_0,acc_19487
dev_19488_0,acc_19488
dev_19489_0,acc_19489
dev_19489_1,acc_19489
dev_19490_0,acc_19490
dev_19491_0,acc_19491
dev_19492_0,acc_19492
dev_19492_1,acc_19492
dev_19493_0,acc_19493
dev_19494_0,acc_19494
dev_19495_0,acc_19495
dev_19496_0,acc_19496
dev_19497_0,acc_19497
dev_19498_0,acc_19498
dev_19499_0,acc_19499
dev_19500_0,acc_19500
dev_19501_0,acc_19501
dev_19502_0,acc_19502
dev_19503_0,acc_19503
dev_19504_0,acc_19504
dev_19505_0,acc_19505
dev_19506_0,acc_19506
dev_19507_0,acc_19507
dev_19508_0,acc_19508
dev_19509_0,acc_19509
dev_19510_0,acc_19510
dev_19511_0,acc_19511
dev_19512_0,acc_19512
dev_19513_0,acc_19513
dev_19514_0,acc_19514
dev_19515_0,acc_19515
dev_19516_0,acc_19516
dev_19517_0,acc_19517
dev_19518_0,acc_19518
dev_19519_0,acc_19519
dev_19520_0,acc_19520
dev_19520_1,acc_19520
dev_19521_0,acc_19521
dev_19522_0,acc_19522
dev_19523_0,acc_19523
dev_19524_0,acc_19524
dev_19524_1,acc_19524
dev_19525_0,acc_19525
dev_19526_0,acc_19526
dev_19527_0,acc_19527
dev_19528_0,acc_19528
dev_19529_0,acc_19529
dev_19530_0,acc_19530
dev_19531_0,acc_19531
dev_19532_0,acc_19532
dev_19533_0,acc_19533
dev_19533_1,acc_19533
dev_19534_0,acc_19534
dev_19535_0,acc_19535
dev_19536_0,acc_19536
dev_19537_0,acc_19537
dev_19538_0,acc_19538
dev_19539_0,acc_19539
dev_19540_0,acc_19540
dev_19541_0,acc_19541
dev_19542_0,acc_19542
dev_19543_0,acc_19543
dev_19544_0,acc_19544
dev_19545_0,acc_19545
dev_19546_0,acc_19546
dev_19547_0,acc_19547
dev_19548_0,acc_19548
dev_19549_0,acc_19549
dev_19550_0,acc_19550
dev_19551_0,acc_19551
dev_19552_0,acc_19552
dev_19553_0,acc_19553
dev_19554_0,acc_19554
dev_19555_0,acc_19555
dev_19556_0,acc_19556
dev_19557_0,acc_19557
dev_19558_0,acc_19558
dev_19559_0,acc_19559
dev_19560_0,acc_19560
dev_19561_0,acc_19561
dev_19562_0,acc_19562
dev_19563_0,acc_19563
dev_19564_0,acc_19564
dev_19565_0,acc_19565
dev_19566_0,acc_19566
dev_19567_0,acc_19567
dev_19568_0,acc_19568
dev_19569_0,acc_19569
dev_19570_0,acc_19570
dev_19571_0,acc_19571
dev_19572_0,acc_19572
dev_19573_0,acc_19573
dev_19574_0,acc_19574
dev_19575_0,acc_19575
dev_19576_0,acc_19576
dev_19577_0,acc_19577
dev_19578_0,acc_19578
dev_19579_0,acc_19579
dev_19580_0,acc_19580
dev_19581_0,acc_19581
dev_19582_0,acc_19582
dev_19583_0,acc_19583
dev_19584_0,acc_19584
dev_19585_0,acc_19585
dev_19586_0,acc_19586
dev_19586_1,acc_19586
dev_19587_0,acc_19587
dev_19588_0,acc_19588
dev_19589_0,acc_19589
dev_19589_1,acc_19589
dev_19590_0,acc_19590
dev_19591_0,acc_19591
dev_19592_0,acc_19592
dev_19593_0,acc_19593
dev_19594_0,acc_19594
dev_19595_0,acc_19595
dev_19596_0,acc_19596
dev_19597_0,acc_19597
dev_19598_0,acc_19598
dev_19599_0,acc_19599
dev_19599_1,acc_19599
dev_19600_0,acc_19600
dev_19601_0,acc_19601
dev_19602_0,acc_19602
dev_19603_0,acc_19603
dev_19604_0,acc_19604
dev_19605_0,acc_19605
dev_19606_0,acc_19606
dev_19607_0,acc_19607
dev_19608_0,acc_19608
dev_19609_0,acc_19609
dev_19610_0,acc_19610
dev_19611_0,acc_19611
dev_19612_0,acc_19612
dev_19613_0,acc_19613
dev_19614_0,acc_19614
dev_19615_0,acc_19615
dev_19616_0,acc_19616
dev_19617_0,acc_19617
dev_19618_0,acc_19618
dev_19619_0,acc_19619
dev_19620_0,acc_19620
dev_19621_0,acc_19621
dev_19622_0,acc_19622
dev_19623_0,acc_19623
dev_19624_0,acc_19624
dev_19625_0,acc_19625
dev_19626_0,acc_19626
dev_19627_0,acc_19627
dev_19628_0,acc_19628
dev_19629_0,acc_19629
dev_19630_0,acc_19630
dev_19631_0,acc_19631
dev_19632_0,acc_19632
dev_19633_0,acc_19633
dev_19634_0,acc_19634
dev_19635_0,acc_19635
dev_19636_0,acc_19636
dev_19637_0,acc_19637
dev_19638_0,acc_19638
dev_19639_0,acc_19639
dev_19640_0,acc_19640
dev_19641_0,acc_19641
dev_19641_1,acc_19641
dev_19642_0,acc_19642
dev_19643_0,acc_19643
dev_19644_0,acc_19644
dev_19645_0,acc_19645
dev_19646_0,acc_19646
dev_19647_0,acc_19647
dev_19648_0,acc_19648
dev_19649_0,acc_19649
dev_19650_0,acc_19650
dev_19651_0,acc_19651
dev_19652_0,acc_19652
dev_19653_0,acc_19653
dev_19654_0,acc_19654
dev_19655_0,acc_19655
dev_19656_0,acc_19656
dev_19656_1,acc_19656
dev_19657_0,acc_19657
dev_19658_0,acc_19658
dev_19659_0,acc_19659
dev_19660_0,acc_19660
dev_19661_0,acc_19661
dev_19662_0,acc_19662
dev_19663_0,acc_19663
dev_19664_0,acc_19664
dev_19665_0,acc_19665
dev_19666_0,acc_19666
dev_19667_0,acc_19667
dev_19668_0,acc_19668
dev_19669_0,acc_19669
dev_19670_0,acc_19670
dev_19671_0,acc_19671
dev_19672_0,acc_19672
dev_19673_0,acc_19673
dev_19674_0,acc_19674
dev_19675_0,acc_19675
dev_19676_0,acc_19676
dev_19677_0,acc_19677
dev_19678_0,acc_19678
dev_19679_0,acc_19679
dev_19680_0,acc_19680
dev_19680_1,acc_19680
dev_19681_0,acc_19681
dev_19682_0,acc_19682
dev_19683_0,acc_19683
dev_19684_0,acc_19684
dev_19685_0,acc_19685
dev_19686_0,acc_19686
dev_19687_0,acc_19687
dev_19688_0,acc_19688
dev_19689_0,acc_19689
dev_19690_0,acc_19690
dev_19691_0,acc_19691
dev_19691_1,acc_19691
dev_19692_0,acc_19692
dev_19693_0,acc_19693
dev_19694_0,acc_19694
dev_19695_0,acc_19695
dev_19696_0,acc_19696
dev_19697_0,acc_19697
dev_19698_0,acc_19698
dev_19699_0,acc_19699
dev_19700_0,acc_19700
dev_19701_0,acc_19701
dev_19702_0,acc_19702
dev_19703_0,acc_19703
dev_19704_0,acc_19704
dev_19705_0,acc_19705
dev_19706_0,acc_19706
dev_19707_0,acc_19707
dev_19708_0,acc_19708
dev_19709_0,acc_19709
dev_19710_0,acc_19710
dev_19711_0,acc_19711
dev_19712_0,acc_19712
dev_19713_0,acc_19713
dev_19714_0,acc_19714
dev_19715_0,acc_19715
dev_19716_0,acc_19716
dev_19717_0,acc_19717
dev_19718_0,acc_19718
dev_19719_0,acc_19719
dev_19720_0,acc_19720
dev_19721_0,acc_19721
dev_19722_0,acc_19722
dev_19723_0,acc_19723
dev_19724_0,acc_19724
dev_19725_0,acc_19725
dev_19726_0,acc_19726
dev_19727_0,acc_19727
dev_19728_0,acc_19728
dev_19729_0,acc_19729
dev_19730_0,acc_19730
dev_19731_0,acc_19731
dev_19732_0,acc_19732
dev_19732_1,acc_19732
dev_19733_0,acc_19733
dev_19734_0,acc_19734
dev_19735_0,acc_19735
dev_19736_0,acc_19736
dev_19737_0,acc_19737
dev_19738_0,acc_19738
dev_19739_0,acc_19739
dev_19739_1,acc_19739
dev_19740_0,acc_19740
dev_19741_0,acc_19741
dev_19742_0,acc_19742
dev_19742_1,acc_19742
dev_19743_0,acc_19743
dev_19744_0,acc_19744
dev_19745_0,acc_19745
dev_19746_0,acc_19746
dev_19747_0,acc_19747
dev_19748_0,acc_19748
dev_19749_0,acc_19749
dev_19750_0,acc_19750
dev_19751_0,acc_19751
dev_19752_0,acc_19752
dev_19753_0,acc_19753
dev_19754_0,acc_19754
dev_19755_0,acc_19755
dev_19756_0,acc_19756
dev_19757_0,acc_19757
dev_19758_0,acc_19758
dev_19759_0,acc_19759
dev_19760_0,acc_19760
dev_19761_0,acc_19761
dev_19762_0,acc_19762
dev_19763_0,acc_19763
dev_19764_0,acc_19764
dev_19765_0,acc_19765
dev_19766_0,acc_19766
dev_19767_0,acc_19767
dev_19768_0,acc_19768
dev_19769_0,acc_19769
dev_19770_0,acc_19770
dev_19771_0,acc_19771
dev_19772_0,acc_19772
dev_19773_0,acc_19773
dev_19774_0,acc_19774
dev_19775_0,acc_19775
dev_19776_0,acc_19776
dev_19777_0,acc_19777
dev_19778_0,acc_19778
dev_19779_0,acc_19779
dev_19780_0,acc_19780
dev_19781_0,acc_19781
dev_19782_0,acc_19782
dev_19783_0,acc_19783
dev_19784_0,acc_19784
dev_19785_0,acc_19785
dev_19786_0,acc_19786
dev_19787_0,acc_19787
dev_19788_0,acc_19788
dev_19789_0,acc_19789
dev_19790_0,acc_19790
dev_19791_0,acc_19791
dev_19792_0,acc_19792
dev_19793_0,acc_19793
dev_19794_0,acc_19794
dev_19795_0,acc_19795
dev_19796_0,acc_19796
dev_19797_0,acc_19797
dev_19798_0,acc_19798
dev_19799_0,acc_19799
dev_19800_0,acc_19800
dev_19801_0,acc_19801
dev_19802_0,acc_19802
dev_19803_0,acc_19803
dev_19804_0,acc_19804
dev_19805_0,acc_19805
dev_19806_0,acc_19806
dev_19807_0,acc_19807
dev_19808_0,acc_19808
dev_19809_0,acc_19809
dev_19810_0,acc_19810
dev_19811_0,acc_19811
dev_19812_0,acc_19812
dev_19813_0,acc_19813
dev_19814_0,acc_19814
dev_19815_0,acc_19815
dev_19816_0,acc_19816
dev_19817_0,acc_19817
dev_19818_0,acc_19818
dev_19819_0,acc_19819
dev_19820_0,acc_19820
dev_19821_0,acc_19821
dev_19822_0,acc_19822
dev_19823_0,acc_19823
dev_19824_0,acc_19824
dev_19825_0,acc_19825
dev_19825_1,acc_19825
dev_19826_0,acc_19826
dev_19827_0,acc_19827
dev_19828_0,acc_19828
dev_19829_0,acc_19829
dev_19830_0,acc_19830
dev_19831_0,acc_19831
dev_19832_0,acc_19832
dev_19833_0,acc_19833
dev_19833_1,acc_19833
dev_19834_0,acc_19834
dev_19835_0,acc_19835
dev_19836_0,acc_19836
dev_19837_0,acc_19837
dev_19838_0,acc_19838
dev_19839_0,acc_19839
dev_19839_1,acc_19839
dev_19840_0,acc_19840
dev_19841_0,acc_19841
dev_19842_0,acc_19842
dev_19843_0,acc_19843
dev_19844_0,acc_19844
dev_19845_0,acc_19845
dev_19846_0,acc_19846
dev_19847_0,acc_19847
dev_19848_0,acc_19848
dev_19849_0,acc_19849
dev_19850_0,acc_19850
dev_19851_0,acc_19851
dev_19852_0,acc_19852
dev_19853_0,acc_19853
dev_19854_0,acc_19854
dev_19855_0,acc_19855
dev_19856_0,acc_19856
dev_19857_0,acc_19857
dev_19858_0,acc_19858
dev_19859_0,acc_19859
dev_19860_0,acc_19860
dev_19861_0,acc_19861
dev_19862_0,acc_19862
dev_19862_1,acc_19862
dev_19863_0,acc_19863
dev_19864_0,acc_19864
dev_19865_0,acc_19865
dev_19866_0,acc_19866
dev_19867_0,acc_19867
dev_19868_0,acc_19868
dev_19869_0,acc_19869
dev_19870_0,acc_19870
dev_19871_0,acc_19871
dev_19871_1,acc_19871
dev_19872_0,acc_19872
dev_19873_0,acc_19873
dev_19874_0,acc_19874
dev_19875_0,acc_19875
dev_19876_0,acc_19876
dev_19877_0,acc_19877
dev_19878_0,acc_19878
dev_19879_0,acc_19879
dev_19880_0,acc_19880
dev_19881_0,acc_19881
dev_19882_0,acc_19882
dev_19883_0,acc_19883
dev_19884_0,acc_19884
dev_19885_0,acc_19885
dev_19886_0,acc_19886
dev_19887_0,acc_19887
dev_19888_0,acc_19888
dev_19889_0,acc_19889
dev_19890_0,acc_19890
dev_19891_0,acc_19891
dev_19892_0,acc_19892
dev_19893_0,acc_19893
dev_19894_0,acc_19894
dev_19895_0,acc_19895
dev_19896_0,acc_19896
dev_19897_0,acc_19897
dev_19898_0,acc_19898
dev_19899_0,acc_19899
dev_19900_0,acc_19900
dev_19901_0,acc_19901
dev_19902_0,acc_19902
dev_19903_0,acc_19903
dev_19904_0,acc_19904
dev_19905_0,acc_19905
dev_19905_1,acc_19905
dev_19906_0,acc_19906
dev_19907_0,acc_19907
dev_19908_0,acc_19908
dev_19909_0,acc_19909
dev_19910_0,acc_19910
dev_19911_0,acc_19911
dev_19912_0,acc_19912
dev_19913_0,acc_19913
dev_19914_0,acc_19914
dev_19915_0,acc_19915
dev_19916_0,acc_19916
dev_19917_0,acc_19917
dev_19918_0,acc_19918
dev_19919_0,acc_19919
dev_19920_0,acc_19920
dev_19921_0,acc_19921
dev_19922_0,acc_19922
dev_19923_0,acc_19923
dev_19924_0,acc_19924
dev_19925_0,acc_19925
dev_19926_0,acc_19926
dev_19927_0,acc_19927
dev_19928_0,acc_19928
dev_19929_0,acc_19929
dev_19930_0,acc_19930
dev_19931_0,acc_19931
dev_19932_0,acc_19932
dev_19933_0,acc_19933
dev_19934_0,acc_19934
dev_19935_0,acc_19935
dev_19936_0,acc_19936
dev_19937_0,acc_19937
dev_19937_1,acc_19937
dev_19938_0,acc_19938
dev_19939_0,acc_19939
dev_19940_0,acc_19940
dev_19941_0,acc_19941
dev_19942_0,acc_19942
dev_19943_0,acc_19943
dev_19944_0,acc_19944
dev_19945_0,acc_19945
dev_19946_0,acc_19946
dev_19947_0,acc_19947
dev_19948_0,acc_19948
dev_19949_0,acc_19949
dev_19950_0,acc_19950
dev_19951_0,acc_19951
dev_19952_0,acc_19952
dev_19953_0,acc_19953
dev_19954_0,acc_19954
dev_19955_0,acc_19955
dev_19956_0,acc_19956
dev_19957_0,acc_19957
dev_19958_0,acc_19958
dev_19959_0,acc_19959
dev_19960_0,acc_19960
dev_19961_0,acc_19961
dev_19962_0,acc_19962
dev_19963_0,acc_19963
dev_19964_0,acc_19964
dev_19965_0,acc_19965
dev_19965_1,acc_19965
dev_19966_0,acc_19966
dev_19967_0,acc_19967
dev_19968_0,acc_19968
dev_19969_0,acc_19969
dev_19970_0,acc_19970
dev_19971_0,acc_19971
dev_19972_0,acc_19972
dev_19973_0,acc_19973
dev_19974_0,acc_19974
dev_19975_0,acc_19975
dev_19976_0,acc_19976
dev_19977_0,acc_19977
dev_19978_0,acc_19978
dev_19979_0,acc_19979
dev_19980_0,acc_19980
dev_19981_0,acc_19981
dev_19982_0,acc_19982
dev_19983_0,acc_19983
dev_19984_0,acc_19984
dev_19985_0,acc_19985
dev_19986_0,acc_19986
dev_19987_0,acc_19987
dev_19988_0,acc_19988
dev_19989_0,acc_19989
dev_19990_0,acc_19990
dev_19991_0,acc_19991
dev_19992_0,acc_19992
dev_19993_0,acc_19993
dev_19994_0,acc_19994
dev_19994_1,acc_19994
dev_19995_0,acc_19995
dev_19996_0,acc_19996
dev_19997_0,acc_19997
dev_19998_0,acc_19998
dev_19999_0,acc_19999
dev_20000_0,acc_20000
dev_20001_0,acc_20001
dev_20002_0,acc_20002
dev_20003_0,acc_20003
dev_20004_0,acc_20004
dev_20005_0,acc_20005
dev_20006_0,acc_20006
dev_20007_0,acc_20007
dev_20008_0,acc_20008
dev_20009_0,acc_20009
dev_20010_0,acc_20010
dev_20010_1,acc_20010
dev_20011_0,acc_20011
dev_20012_0,acc_20012
dev_20013_0,acc_20013
dev_20014_0,acc_20014
dev_20015_0,acc_20015
dev_20016_0,acc_20016
dev_20017_0,acc_20017
dev_20018_0,acc_20018
dev_20019_0,acc_20019
dev_20020_0,acc_20020
dev_20021_0,acc_20021
dev_20022_0,acc_20022
dev_20023_0,acc_20023
dev_20024_0,acc_20024
dev_20025_0,acc_20025
dev_20026_0,acc_20026
dev_20027_0,acc_20027
dev_20028_0,acc_20028
dev_20029_0,acc_20029
dev_20030_0,acc_20030
dev_20031_0,acc_20031
dev_20032_0,acc_20032
dev_20033_0,acc_20033
dev_20034_0,acc_20034
dev_20034_1,acc_20034
dev_20035_0,acc_20035
dev_20036_0,acc_20036
dev_20037_0,acc_20037
dev_20038_0,acc_20038
dev_20039_0,acc_20039
dev_20039_1,acc_20039
dev_20040_0,acc_20040
dev_20041_0,acc_20041
dev_20042_0,acc_20042
dev_20043_0,acc_20043
dev_20044_0,acc_20044
dev_20045_0,acc_20045
dev_20046_0,acc_20046
dev_20047_0,acc_20047
dev_20048_0,acc_20048
dev_20049_0,acc_20049
dev_20050_0,acc_20050
dev_20051_0,acc_20051
dev_20052_0,acc_20052
dev_20053_0,acc_20053
dev_20054_0,acc_20054
dev_20054_1,acc_20054
dev_20055_0,acc_20055
dev_20056_0,acc_20056
dev_20057_0,acc_20057
dev_20058_0,acc_20058
dev_20058_1,acc_20058
dev_20059_0,acc_20059
dev_20059_1,acc_20059
dev_20060_0,acc_20060
dev_20061_0,acc_20061
dev_20062_0,acc_20062
dev_20063_0,acc_20063
dev_20064_0,acc_20064
dev_20064_1,acc_20064
dev_20065_0,acc_20065
dev_20066_0,acc_20066
dev_20067_0,acc_20067
dev_20068_0,acc_20068
dev_20069_0,acc_20069
dev_20070_0,acc_20070
dev_20070_1,acc_20070
dev_20071_0,acc_20071
dev_20072_0,acc_20072
dev_20073_0,acc_20073
dev_20074_0,acc_20074
dev_20075_0,acc_20075
dev_20076_0,acc_20076
dev_20077_0,acc_20077
dev_20078_0,acc_20078
dev_20079_0,acc_20079
dev_20080_0,acc_20080
dev_20081_0,acc_20081
dev_20082_0,acc_20082
dev_20082_1,acc_20082
dev_20083_0,acc_20083
dev_20084_0,acc_20084
dev_20085_0,acc_20085
dev_20086_0,acc_20086
dev_20087_0,acc_20087
dev_20088_0,acc_20088
dev_20089_0,acc_20089
dev_20090_0,acc_20090
dev_20091_0,acc_20091
dev_20092_0,acc_20092
dev_20092_1,acc_20092
dev_20093_0,acc_20093
dev_20094_0,acc_20094
dev_20095_0,acc_20095
dev_20096_0,acc_20096
dev_20097_0,acc_20097
dev_20098_0,acc_20098
dev_20099_0,acc_20099
dev_20100_0,acc_20100
dev_20101_0,acc_20101
dev_20102_0,acc_20102
dev_20103_0,acc_20103
dev_20104_0,acc_20104
dev_20105_0,acc_20105
dev_20106_0,acc_20106
dev_20107_0,acc_20107
dev_20108_0,acc_20108
dev_20109_0,acc_20109
dev_20110_0,acc_20110
dev_20111_0,acc_20111
dev_20112_0,acc_20112
dev_20113_0,acc_20113
dev_20114_0,acc_20114
dev_20115_0,acc_20115
dev_20116_0,acc_20116
dev_20116_1,acc_20116
dev_20117_0,acc_20117
dev_20118_0,acc_20118
dev_20119_0,acc_20119
dev_20120_0,acc_20120
dev_20121_0,acc_20121
dev_20122_0,acc_20122
dev_20123_0,acc_20123
dev_20124_0,acc_20124
dev_20125_0,acc_20125
dev_20126_0,acc_20126
dev_20127_0,acc_20127
dev_20128_0,acc_20128
dev_20129_0,acc_20129
dev_20130_0,acc_20130
dev_20131_0,acc_20131
dev_20132_0,acc_20132
dev_20133_0,acc_20133
dev_20134_0,acc_20134
dev_20135_0,acc_20135
dev_20136_0,acc_20136
dev_20137_0,acc_20137
dev_20138_0,acc_20138
dev_20139_0,acc_20139
dev_20140_0,acc_20140
dev_20141_0,acc_20141
dev_20142_0,acc_20142
dev_20143_0,acc_20143
dev_20144_0,acc_20144
dev_20145_0,acc_20145
dev_20146_0,acc_20146
dev_20147_0,acc_20147
dev_20148_0,acc_20148
dev_20149_0,acc_20149
dev_20150_0,acc_20150
dev_20151_0,acc_20151
dev_20152_0,acc_20152
dev_20153_0,acc_20153
dev_20154_0,acc_20154
dev_20154_1,acc_20154
dev_20155_0,acc_20155
dev_20156_0,acc_20156
dev_20157_0,acc_20157
dev_20158_0,acc_20158
dev_20159_0,acc_20159
dev_20160_0,acc_20160
dev_20161_0,acc_20161
dev_20162_0,acc_20162
dev_20163_0,acc_20163
dev_20164_0,acc_20164
dev_20165_0,acc_20165
dev_20165_1,acc_20165
dev_20166_0,acc_20166
dev_20167_0,acc_20167
dev_20168_0,acc_20168
dev_20169_0,acc_20169
dev_20170_0,acc_20170
dev_20171_0,acc_20171
dev_20172_0,acc_20172
dev_20173_0,acc_20173
dev_20174_0,acc_20174
dev_20175_0,acc_20175
dev_20176_0,acc_20176
dev_20177_0,acc_20177
dev_20178_0,acc_20178
dev_20179_0,acc_20179
dev_20180_0,acc_20180
dev_20181_0,acc_20181
dev_20181_1,acc_20181
dev_20182_0,acc_20182
dev_20183_0,acc_20183
dev_20184_0,acc_20184
dev_20185_0,acc_20185
dev_20186_0,acc_20186
dev_20187_0,acc_20187
dev_20188_0,acc_20188
dev_20189_0,acc_20189
dev_20190_0,acc_20190
dev_20191_0,acc_20191
dev_20192_0,acc_20192
dev_20193_0,acc_20193
dev_20194_0,acc_20194
dev_20195_0,acc_20195
dev_20196_0,acc_20196
dev_20197_0,acc_20197
dev_20198_0,acc_20198
dev_20199_0,acc_20199
dev_20200_0,acc_20200
dev_20201_0,acc_20201
dev_20202_0,acc_20202
dev_20203_0,acc_20203
dev_20203_1,acc_20203
dev_20204_0,acc_20204
dev_20205_0,acc_20205
dev_20206_0,acc_20206
dev_20207_0,acc_20207
dev_20208_0,acc_20208
dev_20209_0,acc_20209
dev_20210_0,acc_20210
dev_20211_0,acc_20211
dev_20212_0,acc_20212
dev_20213_0,acc_20213
dev_20214_0,acc_20214
dev_20215_0,acc_20215
dev_20216_0,acc_20216
dev_20217_0,acc_20217
dev_20218_0,acc_20218
dev_20219_0,acc_20219
dev_20220_0,acc_20220
dev_20221_0,acc_20221
dev_20222_0,acc_20222
dev_20223_0,acc_20223
dev_20224_0,acc_20224
dev_20225_0,acc_20225
dev_20226_0,acc_20226
dev_20227_0,acc_20227
dev_20228_0,acc_20228
dev_20229_0,acc_20229
dev_20230_0,acc_20230
dev_20231_0,acc_20231
dev_20232_0,acc_20232
dev_20233_0,acc_20233
dev_20234_0,acc_20234
dev_20235_0,acc_20235
dev_20236_0,acc_20236
dev_20237_0,acc_20237
dev_20238_0,acc_20238
dev_20239_0,acc_20239
dev_20240_0,acc_20240
dev_20241_0,acc_20241
dev_20241_1,acc_20241
dev_20242_0,acc_20242
dev_20243_0,acc_20243
dev_20244_0,acc_20244
dev_20245_0,acc_20245
dev_20246_0,acc_20246
dev_20247_0,acc_20247
dev_20248_0,acc_20248
dev_20248_1,acc_20248
dev_20249_0,acc_20249
dev_20250_0,acc_20250
dev_20251_0,acc_20251
dev_20252_0,acc_20252
dev_20253_0,acc_20253
dev_20254_0,acc_20254
dev_20255_0,acc_20255
dev_20256_0,acc_20256
dev_20257_0,acc_20257
dev_20258_0,acc_20258
dev_20259_0,acc_20259
dev_20260_0,acc_20260
dev_20261_0,acc_20261
dev_20262_0,acc_20262
dev_20262_1,acc_20262
dev_20263_0,acc_20263
dev_20264_0,acc_20264
dev_20265_0,acc_20265
dev_20266_0,acc_20266
dev_20267_0,acc_20267
dev_20268_0,acc_20268
dev_20269_0,acc_20269
dev_20270_0,acc_20270
dev_20271_0,acc_20271
dev_20272_0,acc_20272
dev_20273_0,acc_20273
dev_20273_1,acc_20273
dev_20274_0,acc_20274
dev_20275_0,acc_20275
dev_20276_0,acc_20276
dev_20277_0,acc_20277
dev_20278_0,acc_20278
dev_20279_0,acc_20279
dev_20280_0,acc_20280
dev_20281_0,acc_20281
dev_20282_0,acc_20282
dev_20283_0,acc_20283
dev_20284_0,acc_20284
dev_20285_0,acc_20285
dev_20286_0,acc_20286
dev_20287_0,acc_20287
dev_20288_0,acc_20288
dev_20289_0,acc_20289
dev_20290_0,acc_20290
dev_20291_0,acc_20291
dev_20292_0,acc_20292
dev_20293_0,acc_20293
dev_20294_0,acc_20294
dev_20295_0,acc_20295
dev_20296_0,acc_20296
dev_20297_0,acc_20297
dev_20298_0,acc_20298
dev_20299_0,acc_20299
dev_20300_0,acc_20300
dev_20301_0,acc_20301
dev_20302_0,acc_20302
dev_20303_0,acc_20303
dev_20304_0,acc_20304
dev_20305_0,acc_20305
dev_20306_0,acc_20306
dev_20307_0,acc_20307
dev_20308_0,acc_20308
dev_20309_0,acc_20309
dev_20310_0,acc_20310
dev_20311_0,acc_20311
dev_20312_0,acc_20312
dev_20313_0,acc_20313
dev_20314_0,acc_20314
dev_20315_0,acc_20315
dev_20316_0,acc_20316
dev_20317_0,acc_20317
dev_20318_0,acc_20318
dev_20319_0,acc_20319
dev_20320_0,acc_20320
dev_20321_0,acc_20321
dev_20322_0,acc_20322
dev_20323_0,acc_20323
dev_20324_0,acc_20324
dev_20325_0,acc_20325
dev_20326_0,acc_20326
dev_20327_0,acc_20327
dev_20328_0,acc_20328
dev_20329_0,acc_20329
dev_20330_0,acc_20330
dev_20331_0,acc_20331
dev_20332_0,acc_20332
dev_20333_0,acc_20333
dev_20334_0,acc_20334
dev_20335_0,acc_20335
dev_20336_0,acc_20336
dev_20337_0,acc_20337
dev_20338_0,acc_20338
dev_20339_0,acc_20339
dev_20340_0,acc_20340
dev_20341_0,acc_20341
dev_20342_0,acc_20342
dev_20343_0,acc_20343
dev_20343_1,acc_20343
dev_20344_0,acc_20344
dev_20345_0,acc_20345
dev_20346_0,acc_20346
dev_20347_0,acc_20347
dev_20348_0,acc_20348
dev_20349_0,acc_20349
dev_20350_0,acc_20350
dev_20351_0,acc_20351
dev_20352_0,acc_20352
dev_20353_0,acc_20353
dev_20353_1,acc_20353
dev_20354_0,acc_20354
dev_20355_0,acc_20355
dev_20356_0,acc_20356
dev_20357_0,acc_20357
dev_20358_0,acc_20358
dev_20359_0,acc_20359
dev_20360_0,acc_20360
dev_20361_0,acc_20361
dev_20362_0,acc_20362
dev_20363_0,acc_20363
dev_20364_0,acc_20364
dev_20365_0,acc_20365
dev_20366_0,acc_20366
dev_20367_0,acc_20367
dev_20368_0,acc_20368
dev_20369_0,acc_20369
dev_20370_0,acc_20370
dev_20371_0,acc_20371
dev_20372_0,acc_20372
dev_20372_1,acc_20372
dev_20373_0,acc_20373
dev_20374_0,acc_20374
dev_20375_0,acc_20375
dev_20376_0,acc_20376
dev_20377_0,acc_20377
dev_20378_0,acc_20378
dev_20379_0,acc_20379
dev_20380_0,acc_20380
dev_20381_0,acc_20381
dev_20382_0,acc_20382
dev_20383_0,acc_20383
dev_20384_0,acc_20384
dev_20385_0,acc_20385
dev_20386_0,acc_20386
dev_20387_0,acc_20387
dev_20388_0,acc_20388
dev_20389_0,acc_20389
dev_20390_0,acc_20390
dev_20391_0,acc_20391
dev_20392_0,acc_20392
dev_20393_0,acc_20393
dev_20394_0,acc_20394
dev_20395_0,acc_20395
dev_20396_0,acc_20396
dev_20397_0,acc_20397
dev_20398_0,acc_20398
dev_20399_0,acc_20399
dev_20400_0,acc_20400
dev_20401_0,acc_20401
dev_20402_0,acc_20402
dev_20403_0,acc_20403
dev_20404_0,acc_20404
dev_20405_0,acc_20405
dev_20406_0,acc_20406
dev_20407_0,acc_20407
dev_20408_0,acc_20408
dev_20409_0,acc_20409
dev_20410_0,acc_20410
dev_20411_0,acc_20411
dev_20412_0,acc_20412
dev_20413_0,acc_20413
dev_20414_0,acc_20414
dev_20415_0,acc_20415
dev_20416_0,acc_20416
dev_20417_0,acc_20417
dev_20418_0,acc_20418
dev_20419_0,acc_20419
dev_20420_0,acc_20420
dev_20421_0,acc_20421
dev_20422_0,acc_20422
dev_20423_0,acc_20423
dev_20424_0,acc_20424
dev_20425_0,acc_20425
dev_20426_0,acc_20426
dev_20427_0,acc_20427
dev_20428_0,acc_20428
dev_20429_0,acc_20429
dev_20430_0,acc_20430
dev_20431_0,acc_20431
dev_20432_0,acc_20432
dev_20433_0,acc_20433
dev_20434_0,acc_20434
dev_20435_0,acc_20435
dev_20436_0,acc_20436
dev_20437_0,acc_20437
dev_20438_0,acc_20438
dev_20439_0,acc_20439
dev_20440_0,acc_20440
dev_20441_0,acc_20441
dev_20442_0,acc_20442
dev_20443_0,acc_20443
dev_20444_0,acc_20444
dev_20445_0,acc_20445
dev_20445_1,acc_20445
dev_20446_0,acc_20446
dev_20447_0,acc_20447
dev_20448_0,acc_20448
dev_20448_1,acc_20448
dev_20449_0,acc_20449
dev_20450_0,acc_20450
dev_20451_0,acc_20451
dev_20452_0,acc_20452
dev_20453_0,acc_20453
dev_20454_0,acc_20454
dev_20455_0,acc_20455
dev_20456_0,acc_20456
dev_20457_0,acc_20457
dev_20458_0,acc_20458
dev_20459_0,acc_20459
dev_20460_0,acc_20460
dev_20461_0,acc_20461
dev_20462_0,acc_20462
dev_20463_0,acc_20463
dev_20464_0,acc_20464
dev_20465_0,acc_20465
dev_20466_0,acc_20466
dev_20467_0,acc_20467
dev_20467_1,acc_20467
dev_20468_0,acc_20468
dev_20469_0,acc_20469
dev_20470_0,acc_20470
dev_20471_0,acc_20471
dev_20472_0,acc_20472
dev_20473_0,acc_20473
dev_20474_0,acc_20474
dev_20475_0,acc_20475
dev_20475_1,acc_20475
dev_20476_0,acc_20476
dev_20477_0,acc_20477
dev_20478_0,acc_20478
dev_20479_0,acc_20479
dev_20480_0,acc_20480
dev_20481_0,acc_20481
dev_20482_0,acc_20482
dev_20483_0,acc_20483
dev_20484_0,acc_20484
dev_20485_0,acc_20485
dev_20486_0,acc_20486
dev_20487_0,acc_20487
dev_20488_0,acc_20488
dev_20489_0,acc_20489
dev_20490_0,acc_20490
dev_20491_0,acc_20491
dev_20492_0,acc_20492
dev_20493_0,acc_20493
dev_20494_0,acc_20494
dev_20495_0,acc_20495
dev_20496_0,acc_20496
dev_20497_0,acc_20497
dev_20498_0,acc_20498
dev_20499_0,acc_20499
dev_20500_0,acc_20500
dev_20501_0,acc_20501
dev_20502_0,acc_20502
dev_20503_0,acc_20503
dev_20504_0,acc_20504
dev_20505_0,acc_20505
dev_20506_0,acc_20506
dev_20506_1,acc_20506
dev_20507_0,acc_20507
dev_20508_0,acc_20508
dev_20509_0,acc_20509
dev_20510_0,acc_20510
dev_20511_0,acc_20511
dev_20512_0,acc_20512
dev_20513_0,acc_20513
dev_20514_0,acc_20514
dev_20515_0,acc_20515
dev_20516_0,acc_20516
dev_20517_0,acc_20517
dev_20518_0,acc_20518
dev_20519_0,acc_20519
dev_20520_0,acc_20520
dev_20520_1,acc_20520
dev_20521_0,acc_20521
dev_20522_0,acc_20522
dev_20523_0,acc_20523
dev_20524_0,acc_20524
dev_20525_0,acc_20525
dev_20526_0,acc_20526
dev_20527_0,acc_20527
dev_20528_0,acc_20528
dev_20529_0,acc_20529
dev_20530_0,acc_20530
dev_20531_0,acc_20531
dev_20532_0,acc_20532
dev_20533_0,acc_20533
dev_20534_0,acc_20534
dev_20534_1,acc_20534
dev_20535_0,acc_20535
dev_20536_0,acc_20536
dev_20537_0,acc_20537
dev_20538_0,acc_20538
dev_20539_0,acc_20539
dev_20540_0,acc_20540
dev_20541_0,acc_20541
dev_20542_0,acc_20542
dev_20543_0,acc_20543
dev_20544_0,acc_20544
dev_20545_0,acc_20545
dev_20546_0,acc_20546
dev_20547_0,acc_20547
dev_20548_0,acc_20548
dev_20549_0,acc_20549
dev_20550_0,acc_20550
dev_20551_0,acc_20551
dev_20552_0,acc_20552
dev_20553_0,acc_20553
dev_20554_0,acc_20554
dev_20555_0,acc_20555
dev_20556_0,acc_20556
dev_20557_0,acc_20557
dev_20558_0,acc_20558
dev_20559_0,acc_20559
dev_20560_0,acc_20560
dev_20561_0,acc_20561
dev_20562_0,acc_20562
dev_20563_0,acc_20563
dev_20564_0,acc_20564
dev_20565_0,acc_20565
dev_20566_0,acc_20566
dev_20567_0,acc_20567
dev_20568_0,acc_20568
dev_20569_0,acc_20569
dev_20570_0,acc_20570
dev_20571_0,acc_20571
dev_20572_0,acc_20572
dev_20573_0,acc_20573
dev_20574_0,acc_20574
dev_20575_0,acc_20575
dev_20576_0,acc_20576
dev_20577_0,acc_20577
dev_20578_0,acc_20578
dev_20579_0,acc_20579
dev_20580_0,acc_20580
dev_20581_0,acc_20581
dev_20582_0,acc_20582
dev_20583_0,acc_20583
dev_20584_0,acc_20584
dev_20585_0,acc_20585
dev_20586_0,acc_20586
dev_20587_0,acc_20587
dev_20587_1,acc_20587
dev_20588_0,acc_20588
dev_20589_0,acc_20589
dev_20590_0,acc_20590
dev_20591_0,acc_20591
dev_20592_0,acc_20592
dev_20593_0,acc_20593
dev_20594_0,acc_20594
dev_20595_0,acc_20595
dev_20596_0,acc_20596
dev_20596_1,acc_20596
dev_20597_0,acc_20597
dev_20598_0,acc_20598
dev_20599_0,acc_20599
dev_20600_0,acc_20600
dev_20601_0,acc_20601
dev_20602_0,acc_20602
dev_20603_0,acc_20603
dev_20604_0,acc_20604
dev_20605_0,acc_20605
dev_20606_0,acc_20606
dev_20607_0,acc_20607
dev_20608_0,acc_20608
dev_20609_0,acc_20609
dev_20609_1,acc_20609
dev_20610_0,acc_20610
dev_20611_0,acc_20611
dev_20612_0,acc_20612
dev_20613_0,acc_20613
dev_20614_0,acc_20614
dev_20615_0,acc_20615
dev_20616_0,acc_20616
dev_20617_0,acc_20617
dev_20618_0,acc_20618
dev_20619_0,acc_20619
dev_20620_0,acc_20620
dev_20621_0,acc_20621
dev_20621_1,acc_20621
dev_20622_0,acc_20622
dev_20623_0,acc_20623
dev_20624_0,acc_20624
dev_20625_0,acc_20625
dev_20626_0,acc_20626
dev_20627_0,acc_20627
dev_20628_0,acc_20628
dev_20629_0,acc_20629
dev_20630_0,acc_20630
dev_20631_0,acc_20631
dev_20632_0,acc_20632
dev_20633_0,acc_20633
dev_20634_0,acc_20634
dev_20635_0,acc_20635
dev_20636_0,acc_20636
dev_20637_0,acc_20637
dev_20638_0,acc_20638
dev_20639_0,acc_20639
dev_20640_0,acc_20640
dev_20641_0,acc_20641
dev_20642_0,acc_20642
dev_20643_0,acc_20643
dev_20644_0,acc_20644
dev_20645_0,acc_20645
dev_20646_0,acc_20646
dev_20647_0,acc_20647
dev_20648_0,acc_20648
dev_20649_0,acc_20649
dev_20650_0,acc_20650
dev_20651_0,acc_20651
dev_20652_0,acc_20652
dev_20653_0,acc_20653
dev_20654_0,acc_20654
dev_20655_0,acc_20655
dev_20656_0,acc_20656
dev_20657_0,acc_20657
dev_20658_0,acc_20658
dev_20659_0,acc_20659
dev_20660_0,acc_20660
dev_20661_0,acc_20661
dev_20662_0,acc_20662
dev_20662_1,acc_20662
dev_20663_0,acc_20663
dev_20664_0,acc_20664
dev_20665_0,acc_20665
dev_20666_0,acc_20666
dev_20667_0,acc_20667
dev_20668_0,acc_20668
dev_20669_0,acc_20669
dev_20670_0,acc_20670
dev_20671_0,acc_20671
dev_20672_0,acc_20672
dev_20673_0,acc_20673
dev_20674_0,acc_20674
dev_20675_0,acc_20675
dev_20676_0,acc_20676
dev_20677_0,acc_20677
dev_20677_1,acc_20677
dev_20678_0,acc_20678
dev_20679_0,acc_20679
dev_20680_0,acc_20680
dev_20680_1,acc_20680
dev_20681_0,acc_20681
dev_20682_0,acc_20682
dev_20683_0,acc_20683
dev_20684_0,acc_20684
dev_20685_0,acc_20685
dev_20686_0,acc_20686
dev_20687_0,acc_20687
dev_20688_0,acc_20688
dev_20689_0,acc_20689
dev_20690_0,acc_20690
dev_20691_0,acc_20691
dev_20692_0,acc_20692
dev_20693_0,acc_20693
dev_20694_0,acc_20694
dev_20695_0,acc_20695
dev_20696_0,acc_20696
dev_20697_0,acc_20697
dev_20698_0,acc_20698
dev_20699_0,acc_20699
dev_20700_0,acc_20700
dev_20701_0,acc_20701
dev_20702_0,acc_20702
dev_20702_1,acc_20702
dev_20703_0,acc_20703
dev_20704_0,acc_20704
dev_20705_0,acc_20705
dev_20706_0,acc_20706
dev_20707_0,acc_20707
dev_20708_0,acc_20708
dev_20709_0,acc_20709
dev_20710_0,acc_20710
dev_20711_0,acc_20711
dev_20712_0,acc_20712
dev_20713_0,acc_20713
dev_20714_0,acc_20714
dev_20715_0,acc_20715
dev_20716_0,acc_20716
dev_20717_0,acc_20717
dev_20718_0,acc_20718
dev_20719_0,acc_20719
dev_20720_0,acc_20720
dev_20721_0,acc_20721
dev_20722_0,acc_20722
dev_20723_0,acc_20723
dev_20724_0,acc_20724
dev_20725_0,acc_20725
dev_20726_0,acc_20726
dev_20726_1,acc_20726
dev_20727_0,acc_20727
dev_20728_0,acc_20728
dev_20729_0,acc_20729
dev_20730_0,acc_20730
dev_20731_0,acc_20731
dev_20732_0,acc_20732
dev_20733_0,acc_20733
dev_20734_0,acc_20734
dev_20735_0,acc_20735
dev_20736_0,acc_20736
dev_20737_0,acc_20737
dev_20738_0,acc_20738
dev_20739_0,acc_20739
dev_20740_0,acc_20740
dev_20741_0,acc_20741
dev_20741_1,acc_20741
dev_20742_0,acc_20742
dev_20743_0,acc_20743
dev_20744_0,acc_20744
dev_20745_0,acc_20745
dev_20746_0,acc_20746
dev_20747_0,acc_20747
dev_20748_0,acc_20748
dev_20749_0,acc_20749
dev_20750_0,acc_20750
dev_20751_0,acc_20751
dev_20752_0,acc_20752
dev_20753_0,acc_20753
dev_20754_0,acc_20754
dev_20755_0,acc_20755
dev_20756_0,acc_20756
dev_20757_0,acc_20757
dev_20758_0,acc_20758
dev_20759_0,acc_20759
dev_20760_0,acc_20760
dev_20761_0,acc_20761
dev_20762_0,acc_20762
dev_20763_0,acc_20763
dev_20764_0,acc_20764
dev_20765_0,acc_20765
dev_20766_0,acc_20766
dev_20767_0,acc_20767
dev_20768_0,acc_20768
dev_20769_0,acc_20769
dev_20770_0,acc_20770
dev_20771_0,acc_20771
dev_20772_0,acc_20772
dev_20773_0,acc_20773
dev_20774_0,acc_20774
dev_20775_0,acc_20775
dev_20776_0,acc_20776
dev_20777_0,acc_20777
dev_20778_0,acc_20778
dev_20779_0,acc_20779
dev_20780_0,acc_20780
dev_20781_0,acc_20781
dev_20782_0,acc_20782
dev_20783_0,acc_20783
dev_20784_0,acc_20784
dev_20785_0,acc_20785
dev_20786_0,acc_20786
dev_20787_0,acc_20787
dev_20788_0,acc_20788
dev_20789_0,acc_20789
dev_20790_0,acc_20790
dev_20791_0,acc_20791
dev_20792_0,acc_20792
dev_20793_0,acc_20793
dev_20794_0,acc_20794
dev_20795_0,acc_20795
dev_20796_0,acc_20796
dev_20797_0,acc_20797
dev_20798_0,acc_20798
dev_20798_1,acc_20798
dev_20799_0,acc_20799
dev_20800_0,acc_20800
dev_20801_0,acc_20801
dev_20801_1,acc_20801
dev_20802_0,acc_20802
dev_20803_0,acc_20803
dev_20804_0,acc_20804
dev_20805_0,acc_20805
dev_20806_0,acc_20806
dev_20807_0,acc_20807
dev_20808_0,acc_20808
dev_20809_0,acc_20809
dev_20810_0,acc_20810
dev_20811_0,acc_20811
dev_20812_0,acc_20812
dev_20813_0,acc_20813
dev_20814_0,acc_20814
dev_20815_0,acc_20815
dev_20816_0,acc_20816
dev_20817_0,acc_20817
dev_20818_0,acc_20818
dev_20819_0,acc_20819
dev_20820_0,acc_20820
dev_20821_0,acc_20821
dev_20822_0,acc_20822
dev_20823_0,acc_20823
dev_20824_0,acc_20824
dev_20825_0,acc_20825
dev_20826_0,acc_20826
dev_20827_0,acc_20827
dev_20828_0,acc_20828
dev_20829_0,acc_20829
dev_20830_0,acc_20830
dev_20831_0,acc_20831
dev_20832_0,acc_20832
dev_20833_0,acc_20833
dev_20834_0,acc_20834
dev_20835_0,acc_20835
dev_20836_0,acc_20836
dev_20837_0,acc_20837
dev_20838_0,acc_20838
dev_20839_0,acc_20839
dev_20840_0,acc_20840
dev_20841_0,acc_20841
dev_20842_0,acc_20842
dev_20843_0,acc_20843
dev_20844_0,acc_20844
dev_20845_0,acc_20845
dev_20846_0,acc_20846
dev_20847_0,acc_20847
dev_20848_0,acc_20848
dev_20849_0,acc_20849
dev_20850_0,acc_20850
dev_20850_1,acc_20850
dev_20851_0,acc_20851
dev_20852_0,acc_20852
dev_20853_0,acc_20853
dev_20854_0,acc_20854
dev_20855_0,acc_20855
dev_20856_0,acc_20856
dev_20857_0,acc_20857
dev_20858_0,acc_20858
dev_20859_0,acc_20859
dev_20860_0,acc_20860
dev_20861_0,acc_20861
dev_20862_0,acc_20862
dev_20863_0,acc_20863
dev_20864_0,acc_20864
dev_20865_0,acc_20865
dev_20866_0,acc_20866
dev_20867_0,acc_20867
dev_20868_0,acc_20868
dev_20869_0,acc_20869
dev_20870_0,acc_20870
dev_20871_0,acc_20871
dev_20872_0,acc_20872
dev_20873_0,acc_20873
dev_20874_0,acc_20874
dev_20875_0,acc_20875
dev_20876_0,acc_20876
dev_20877_0,acc_20877
dev_20878_0,acc_20878
dev_20879_0,acc_20879
dev_20880_0,acc_20880
dev_20881_0,acc_20881
dev_20882_0,acc_20882
dev_20883_0,acc_20883
dev_20884_0,acc_20884
dev_20885_0,acc_20885
dev_20886_0,acc_20886
dev_20887_0,acc_20887
dev_20888_0,acc_20888
dev_20889_0,acc_20889
dev_20890_0,acc_20890
dev_20890_1,acc_20890
dev_20891_0,acc_20891
dev_20892_0,acc_20892
dev_20893_0,acc_20893
dev_20894_0,acc_20894
dev_20895_0,acc_20895
dev_20896_0,acc_20896
dev_20897_0,acc_20897
dev_20898_0,acc_20898
dev_20899_0,acc_20899
dev_20900_0,acc_20900
dev_20901_0,acc_20901
dev_20902_0,acc_20902
dev_20903_0,acc_20903
dev_20904_0,acc_20904
dev_20905_0,acc_20905
dev_20906_0,acc_20906
dev_20907_0,acc_20907
dev_20908_0,acc_20908
dev_20909_0,acc_20909
dev_20910_0,acc_20910
dev_20911_0,acc_20911
dev_20912_0,acc_20912
dev_20913_0,acc_20913
dev_20914_0,acc_20914
dev_20915_0,acc_20915
dev_20915_1,acc_20915
dev_20916_0,acc_20916
dev_20917_0,acc_20917
dev_20918_0,acc_20918
dev_20919_0,acc_20919
dev_20920_0,acc_20920
dev_20921_0,acc_20921
dev_20922_0,acc_20922
dev_20923_0,acc_20923
dev_20924_0,acc_20924
dev_20925_0,acc_20925
dev_20926_0,acc_20926
dev_20927_0,acc_20927
dev_20928_0,acc_20928
dev_20929_0,acc_20929
dev_20930_0,acc_20930
dev_20931_0,acc_20931
dev_20932_0,acc_20932
dev_20933_0,acc_20933
dev_20934_0,acc_20934
dev_20935_0,acc_20935
dev_20936_0,acc_20936
dev_20937_0,acc_20937
dev_20938_0,acc_20938
dev_20939_0,acc_20939
dev_20940_0,acc_20940
dev_20941_0,acc_20941
dev_20942_0,acc_20942
dev_20943_0,acc_20943
dev_20944_0,acc_20944
dev_20945_0,acc_20945
dev_20946_0,acc_20946
dev_20947_0,acc_20947
dev_20948_0,acc_20948
dev_20949_0,acc_20949
dev_20950_0,acc_20950
dev_20951_0,acc_20951
dev_20952_0,acc_20952
dev_20953_0,acc_20953
dev_20954_0,acc_20954
dev_20955_0,acc_20955
dev_20956_0,acc_20956
dev_20957_0,acc_20957
dev_20958_0,acc_20958
dev_20959_0,acc_20959
dev_20960_0,acc_20960
dev_20961_0,acc_20961
dev_20962_0,acc_20962
dev_20963_0,acc_20963
dev_20964_0,acc_20964
dev_20965_0,acc_20965
dev_20966_0,acc_20966
dev_20967_0,acc_20967
dev_20968_0,acc_20968
dev_20969_0,acc_20969
dev_20970_0,acc_20970
dev_20971_0,acc_20971
dev_20971_1,acc_20971
dev_20972_0,acc_20972
dev_20973_0,acc_20973
dev_20974_0,acc_20974
dev_20975_0,acc_20975
dev_20976_0,acc_20976
dev_20977_0,acc_20977
dev_20978_0,acc_20978
dev_20979_0,acc_20979
dev_20980_0,acc_20980
dev_20981_0,acc_20981
dev_20982_0,acc_20982
dev_20983_0,acc_20983
dev_20984_0,acc_20984
dev_20985_0,acc_20985
dev_20986_0,acc_20986
dev_20987_0,acc_20987
dev_20988_0,acc_20988
dev_20988_1,acc_20988
dev_20989_0,acc_20989
dev_20990_0,acc_20990
dev_20991_0,acc_20991
dev_20992_0,acc_20992
dev_20993_0,acc_20993
dev_20994_0,acc_20994
dev_20995_0,acc_20995
dev_20996_0,acc_20996
dev_20997_0,acc_20997
dev_20998_0,acc_20998
dev_20999_0,acc_20999
dev_21000_0,acc_21000
dev_21001_0,acc_21001
dev_21002_0,acc_21002
dev_21003_0,acc_21003
dev_21004_0,acc_21004
dev_21005_0,acc_21005
dev_21006_0,acc_21006
dev_21007_0,acc_21007
dev_21008_0,acc_21008
dev_21009_0,acc_21009
dev_21010_0,acc_21010
dev_21011_0,acc_21011
dev_21012_0,acc_21012
dev_21013_0,acc_21013
dev_21014_0,acc_21014
dev_21015_0,acc_21015
dev_21016_0,acc_21016
dev_21017_0,acc_21017
dev_21017_1,acc_21017
dev_21018_0,acc_21018
dev_21019_0,acc_21019
dev_21020_0,acc_21020
dev_21021_0,acc_21021
dev_21022_0,acc_21022
dev_21023_0,acc_21023
dev_21024_0,acc_21024
dev_21024_1,acc_21024
dev_21025_0,acc_21025
dev_21026_0,acc_21026
dev_21027_0,acc_21027
dev_21028_0,acc_21028
dev_21029_0,acc_21029
dev_21030_0,acc_21030
dev_21031_0,acc_21031
dev_21032_0,acc_21032
dev_21033_0,acc_21033
dev_21034_0,acc_21034
dev_21035_0,acc_21035
dev_21036_0,acc_21036
dev_21037_0,acc_21037
dev_21038_0,acc_21038
dev_21039_0,acc_21039
dev_21040_0,acc_21040
dev_21041_0,acc_21041
dev_21042_0,acc_21042
dev_21043_0,acc_21043
dev_21044_0,acc_21044
dev_21044_1,acc_21044
dev_21045_0,acc_21045
dev_21045_1,acc_21045
dev_21046_0,acc_21046
dev_21047_0,acc_21047
dev_21048_0,acc_21048
dev_21049_0,acc_21049
dev_21050_0,acc_21050
dev_21051_0,acc_21051
dev_21052_0,acc_21052
dev_21053_0,acc_21053
dev_21054_0,acc_21054
dev_21055_0,acc_21055
dev_21056_0,acc_21056
dev_21057_0,acc_21057
dev_21058_0,acc_21058
dev_21059_0,acc_21059
dev_21060_0,acc_21060
dev_21061_0,acc_21061
dev_21062_0,acc_21062
dev_21063_0,acc_21063
dev_21064_0,acc_21064
dev_21065_0,acc_21065
dev_21066_0,acc_21066
dev_21067_0,acc_21067
dev_21068_0,acc_21068
dev_21069_0,acc_21069
dev_21070_0,acc_21070
dev_21071_0,acc_21071
dev_21072_0,acc_21072
dev_21073_0,acc_21073
dev_21073_1,acc_21073
dev_21074_0,acc_21074
dev_21075_0,acc_21075
dev_21076_0,acc_21076
dev_21077_0,acc_21077
dev_21078_0,acc_21078
dev_21079_0,acc_21079
dev_21080_0,acc_21080
dev_21081_0,acc_21081
dev_21082_0,acc_21082
dev_21083_0,acc_21083
dev_21084_0,acc_21084
dev_21085_0,acc_21085
dev_21086_0,acc_21086
dev_21087_0,acc_21087
dev_21088_0,acc_21088
dev_21089_0,acc_21089
dev_21090_0,acc_21090
dev_21091_0,acc_21091
dev_21092_0,acc_21092
dev_21093_0,acc_21093
dev_21094_0,acc_21094
dev_21095_0,acc_21095
dev_21096_0,acc_21096
dev_21097_0,acc_21097
dev_21098_0,acc_21098
dev_21099_0,acc_21099
dev_21100_0,acc_21100
dev_21101_0,acc_21101
dev_21102_0,acc_21102
dev_21103_0,acc_21103
dev_21104_0,acc_21104
dev_21105_0,acc_21105
dev_21106_0,acc_21106
dev_21106_1,acc_21106
dev_21107_0,acc_21107
dev_21108_0,acc_21108
dev_21109_0,acc_21109
dev_21109_1,acc_21109
dev_21110_0,acc_21110
dev_21111_0,acc_21111
dev_21112_0,acc_21112
dev_21113_0,acc_21113
dev_21114_0,acc_21114
dev_21115_0,acc_21115
dev_21116_0,acc_21116
dev_21117_0,acc_21117
dev_21118_0,acc_21118
dev_21119_0,acc_21119
dev_21120_0,acc_21120
dev_21121_0,acc_21121
dev_21122_0,acc_21122
dev_21123_0,acc_21123
dev_21124_0,acc_21124
dev_21125_0,acc_21125
dev_21126_0,acc_21126
dev_21127_0,acc_21127
dev_21128_0,acc_21128
dev_21129_0,acc_21129
dev_21130_0,acc_21130
dev_21131_0,acc_21131
dev_21131_1,acc_21131
dev_21132_0,acc_21132
dev_21133_0,acc_21133
dev_21134_0,acc_21134
dev_21135_0,acc_21135
dev_21136_0,acc_21136
dev_21137_0,acc_21137
dev_21138_0,acc_21138
dev_21139_0,acc_21139
dev_21140_0,acc_21140
dev_21141_0,acc_21141
dev_21142_0,acc_21142
dev_21143_0,acc_21143
dev_21144_0,acc_21144
dev_21145_0,acc_21145
dev_21146_0,acc_21146
dev_21147_0,acc_21147
dev_21148_0,acc_21148
dev_21149_0,acc_21149
dev_21150_0,acc_21150
dev_21151_0,acc_21151
dev_21152_0,acc_21152
dev_21153_0,acc_21153
dev_21154_0,acc_21154
dev_21154_1,acc_21154
dev_21155_0,acc_21155
dev_21156_0,acc_21156
dev_21157_0,acc_21157
dev_21158_0,acc_21158
dev_21159_0,acc_21159
dev_21160_0,acc_21160
dev_21161_0,acc_21161
dev_21162_0,acc_21162
dev_21163_0,acc_21163
dev_21164_0,acc_21164
dev_21165_0,acc_21165
dev_21166_0,acc_21166
dev_21167_0,acc_21167
dev_21168_0,acc_21168
dev_21169_0,acc_21169
dev_21170_0,acc_21170
dev_21171_0,acc_21171
dev_21172_0,acc_21172
dev_21173_0,acc_21173
dev_21174_0,acc_21174
dev_21175_0,acc_21175
dev_21176_0,acc_21176
dev_21177_0,acc_21177
dev_21178_0,acc_21178
dev_21179_0,acc_21179
dev_21180_0,acc_21180
dev_21181_0,acc_21181
dev_21182_0,acc_21182
dev_21183_0,acc_21183
dev_21184_0,acc_21184
dev_21185_0,acc_21185
dev_21186_0,acc_21186
dev_21187_0,acc_21187
dev_21188_0,acc_21188
dev_21189_0,acc_21189
dev_21190_0,acc_21190
dev_21191_0,acc_21191
dev_21192_0,acc_21192
dev_21193_0,acc_21193
dev_21194_0,acc_21194
dev_21195_0,acc_21195
dev_21196_0,acc_21196
dev_21197_0,acc_21197
dev_21198_0,acc_21198
dev_21199_0,acc_21199
dev_21200_0,acc_21200
dev_21201_0,acc_21201
dev_21202_0,acc_21202
dev_21203_0,acc_21203
dev_21203_1,acc_21203
dev_21204_0,acc_21204
dev_21205_0,acc_21205
dev_21206_0,acc_21206
dev_21207_0,acc_21207
dev_21208_0,acc_21208
dev_21209_0,acc_21209
dev_21210_0,acc_21210
dev_21211_0,acc_21211
dev_21212_0,acc_21212
dev_21213_0,acc_21213
dev_21214_0,acc_21214
dev_21214_1,acc_21214
dev_21215_0,acc_21215
dev_21216_0,acc_21216
dev_21217_0,acc_21217
dev_21218_0,acc_21218
dev_21219_0,acc_21219
dev_21220_0,acc_21220
dev_21221_0,acc_21221
dev_21222_0,acc_21222
dev_21223_0,acc_21223
dev_21224_0,acc_21224
dev_21225_0,acc_21225
dev_21225_1,acc_21225
dev_21226_0,acc_21226
dev_21227_0,acc_21227
dev_21228_0,acc_21228
dev_21229_0,acc_21229
dev_21230_0,acc_21230
dev_21231_0,acc_21231
dev_21232_0,acc_21232
dev_21233_0,acc_21233
dev_21234_0,acc_21234
dev_21235_0,acc_21235
dev_21236_0,acc_21236
dev_21237_0,acc_21237
dev_21238_0,acc_21238
dev_21239_0,acc_21239
dev_21240_0,acc_21240
dev_21241_0,acc_21241
dev_21242_0,acc_21242
dev_21243_0,acc_21243
dev_21244_0,acc_21244
dev_21245_0,acc_21245
dev_21246_0,acc_21246
dev_21247_0,acc_21247
dev_21248_0,acc_21248
dev_21249_0,acc_21249
dev_21250_0,acc_21250
dev_21251_0,acc_21251
dev_21252_0,acc_21252
dev_21253_0,acc_21253
dev_21254_0,acc_21254
dev_21255_0,acc_21255
dev_21256_0,acc_21256
dev_21257_0,acc_21257
dev_21258_0,acc_21258
dev_21259_0,acc_21259
dev_21260_0,acc_21260
dev_21261_0,acc_21261
dev_21262_0,acc_21262
dev_21263_0,acc_21263
dev_21264_0,acc_21264
dev_21265_0,acc_21265
dev_21265_1,acc_21265
dev_21266_0,acc_21266
dev_21267_0,acc_21267
dev_21268_0,acc_21268
dev_21269_0,acc_21269
dev_21270_0,acc_21270
dev_21271_0,acc_21271
dev_21272_0,acc_21272
dev_21273_0,acc_21273
dev_21274_0,acc_21274
dev_21275_0,acc_21275
dev_21276_0,acc_21276
dev_21277_0,acc_21277
dev_21278_0,acc_21278
dev_21279_0,acc_21279
dev_21280_0,acc_21280
dev_21281_0,acc_21281
dev_21282_0,acc_21282
dev_21283_0,acc_21283
dev_21283_1,acc_21283
dev_21284_0,acc_21284
dev_21285_0,acc_21285
dev_21286_0,acc_21286
dev_21287_0,acc_21287
dev_21288_0,acc_21288
dev_21288_1,acc_21288
dev_21289_0,acc_21289
dev_21290_0,acc_21290
dev_21291_0,acc_21291
dev_21292_0,acc_21292
dev_21293_0,acc_21293
dev_21294_0,acc_21294
dev_21295_0,acc_21295
dev_21296_0,acc_21296
dev_21297_0,acc_21297
dev_21298_0,acc_21298
dev_21299_0,acc_21299
dev_21300_0,acc_21300
dev_21301_0,acc_21301
dev_21302_0,acc_21302
dev_21303_0,acc_21303
dev_21304_0,acc_21304
dev_21305_0,acc_21305
dev_21306_0,acc_21306
dev_21307_0,acc_21307
dev_21308_0,acc_21308
dev_21309_0,acc_21309
dev_21310_0,acc_21310
dev_21311_0,acc_21311
dev_21312_0,acc_21312
dev_21312_1,acc_21312
dev_21313_0,acc_21313
dev_21314_0,acc_21314
dev_21314_1,acc_21314
dev_21315_0,acc_21315
dev_21316_0,acc_21316
dev_21317_0,acc_21317
dev_21318_0,acc_21318
dev_21319_0,acc_21319
dev_21320_0,acc_21320
dev_21321_0,acc_21321
dev_21322_0,acc_21322
dev_21323_0,acc_21323
dev_21324_0,acc_21324
dev_21325_0,acc_21325
dev_21326_0,acc_21326
dev_21327_0,acc_21327
dev_21328_0,acc_21328
dev_21329_0,acc_21329
dev_21330_0,acc_21330
dev_21331_0,acc_21331
dev_21332_0,acc_21332
dev_21333_0,acc_21333
dev_21333_1,acc_21333
dev_21334_0,acc_21334
dev_21335_0,acc_21335
dev_21336_0,acc_21336
dev_21337_0,acc_21337
dev_21338_0,acc_21338
dev_21339_0,acc_21339
dev_21340_0,acc_21340
dev_21341_0,acc_21341
dev_21341_1,acc_21341
dev_21342_0,acc_21342
dev_21343_0,acc_21343
dev_21344_0,acc_21344
dev_21345_0,acc_21345
dev_21346_0,acc_21346
dev_21347_0,acc_21347
dev_21348_0,acc_21348
dev_21349_0,acc_21349
dev_21350_0,acc_21350
dev_21351_0,acc_21351
dev_21352_0,acc_21352
dev_21353_0,acc_21353
dev_21354_0,acc_21354
dev_21355_0,acc_21355
dev_21355_1,acc_21355
dev_21356_0,acc_21356
dev_21357_0,acc_21357
dev_21358_0,acc_21358
dev_21359_0,acc_21359
dev_21360_0,acc_21360
dev_21361_0,acc_21361
dev_21362_0,acc_21362
dev_21363_0,acc_21363
dev_21364_0,acc_21364
dev_21365_0,acc_21365
dev_21366_0,acc_21366
dev_21367_0,acc_21367
dev_21368_0,acc_21368
dev_21369_0,acc_21369
dev_21370_0,acc_21370
dev_21371_0,acc_21371
dev_21372_0,acc_21372
dev_21373_0,acc_21373
dev_21374_0,acc_21374
dev_21375_0,acc_21375
dev_21376_0,acc_21376
dev_21377_0,acc_21377
dev_21377_1,acc_21377
dev_21378_0,acc_21378
dev_21379_0,acc_21379
dev_21380_0,acc_21380
dev_21381_0,acc_21381
dev_21382_0,acc_21382
dev_21383_0,acc_21383
dev_21384_0,acc_21384
dev_21385_0,acc_21385
dev_21386_0,acc_21386
dev_21387_0,acc_21387
dev_21388_0,acc_21388
dev_21389_0,acc_21389
dev_21390_0,acc_21390
dev_21391_0,acc_21391
dev_21392_0,acc_21392
dev_21393_0,acc_21393
dev_21394_0,acc_21394
dev_21395_0,acc_21395
dev_21396_0,acc_21396
dev_21397_0,acc_21397
dev_21397_1,acc_21397
dev_21398_0,acc_21398
dev_21399_0,acc_21399
dev_21400_0,acc_21400
dev_21401_0,acc_21401
dev_21402_0,acc_21402
dev_21403_0,acc_21403
dev_21404_0,acc_21404
dev_21405_0,acc_21405
dev_21406_0,acc_21406
dev_21407_0,acc_21407
dev_21408_0,acc_21408
dev_21409_0,acc_21409
dev_21410_0,acc_21410
dev_21411_0,acc_21411
dev_21412_0,acc_21412
dev_21413_0,acc_21413
dev_21414_0,acc_21414
dev_21415_0,acc_21415
dev_21416_0,acc_21416
dev_21417_0,acc_21417
dev_21418_0,acc_21418
dev_21419_0,acc_21419
dev_21420_0,acc_21420
dev_21421_0,acc_21421
dev_21422_0,acc_21422
dev_21422_1,acc_21422
dev_21423_0,acc_21423
dev_21424_0,acc_21424
dev_21425_0,acc_21425
dev_21426_0,acc_21426
dev_21427_0,acc_21427
dev_21428_0,acc_21428
dev_21429_0,acc_21429
dev_21430_0,acc_21430
dev_21431_0,acc_21431
dev_21432_0,acc_21432
dev_21433_0,acc_21433
dev_21434_0,acc_21434
dev_21435_0,acc_21435
dev_21436_0,acc_21436
dev_21436_1,acc_21436
dev_21437_0,acc_21437
dev_21438_0,acc_21438
dev_21439_0,acc_21439
dev_21440_0,acc_21440
dev_21441_0,acc_21441
dev_21442_0,acc_21442
dev_21443_0,acc_21443
dev_21444_0,acc_21444
dev_21445_0,acc_21445
dev_21446_0,acc_21446
dev_21447_0,acc_21447
dev_21448_0,acc_21448
dev_21449_0,acc_21449
dev_21450_0,acc_21450
dev_21451_0,acc_21451
dev_21452_0,acc_21452
dev_21453_0,acc_21453
dev_21454_0,acc_21454
dev_21455_0,acc_21455
dev_21456_0,acc_21456
dev_21457_0,acc_21457
dev_21458_0,acc_21458
dev_21459_0,acc_21459
dev_21460_0,acc_21460
dev_21461_0,acc_21461
dev_21462_0,acc_21462
dev_21463_0,acc_21463
dev_21464_0,acc_21464
dev_21465_0,acc_21465
dev_21466_0,acc_21466
dev_21467_0,acc_21467
dev_21468_0,acc_21468
dev_21469_0,acc_21469
dev_21470_0,acc_21470
dev_21471_0,acc_21471
dev_21471_1,acc_21471
dev_21472_0,acc_21472
dev_21472_1,acc_21472
dev_21473_0,acc_21473
dev_21474_0,acc_21474
dev_21475_0,acc_21475
dev_21476_0,acc_21476
dev_21477_0,acc_21477
dev_21478_0,acc_21478
dev_21479_0,acc_21479
dev_21480_0,acc_21480
dev_21481_0,acc_21481
dev_21482_0,acc_21482
dev_21483_0,acc_21483
dev_21484_0,acc_21484
dev_21485_0,acc_21485
dev_21486_0,acc_21486
dev_21487_0,acc_21487
dev_21488_0,acc_21488
dev_21489_0,acc_21489
dev_21490_0,acc_21490
dev_21491_0,acc_21491
dev_21492_0,acc_21492
dev_21493_0,acc_21493
dev_21494_0,acc_21494
dev_21495_0,acc_21495
dev_21496_0,acc_21496
dev_21497_0,acc_21497
dev_21498_0,acc_21498
dev_21499_0,acc_21499
dev_21500_0,acc_21500
dev_21501_0,acc_21501
dev_21502_0,acc_21502
dev_21502_1,acc_21502
dev_21503_0,acc_21503
dev_21504_0,acc_21504
dev_21505_0,acc_21505
dev_21506_0,acc_21506
dev_21507_0,acc_21507
dev_21507_1,acc_21507
dev_21508_0,acc_21508
dev_21509_0,acc_21509
dev_21510_0,acc_21510
dev_21511_0,acc_21511
dev_21512_0,acc_21512
dev_21513_0,acc_21513
dev_21514_0,acc_21514
dev_21515_0,acc_21515
dev_21516_0,acc_21516
dev_21517_0,acc_21517
dev_21518_0,acc_21518
dev_21519_0,acc_21519
dev_21520_0,acc_21520
dev_21521_0,acc_21521
dev_21522_0,acc_21522
dev_21523_0,acc_21523
dev_21524_0,acc_21524
dev_21525_0,acc_21525
dev_21526_0,acc_21526
dev_21527_0,acc_21527
dev_21528_0,acc_21528
dev_21529_0,acc_21529
dev_21530_0,acc_21530
dev_21531_0,acc_21531
dev_21532_0,acc_21532
dev_21533_0,acc_21533
dev_21534_0,acc_21534
dev_21535_0,acc_21535
dev_21536_0,acc_21536
dev_21537_0,acc_21537
dev_21538_0,acc_21538
dev_21539_0,acc_21539
dev_21540_0,acc_21540
dev_21541_0,acc_21541
dev_21542_0,acc_21542
dev_21543_0,acc_21543
dev_21544_0,acc_21544
dev_21545_0,acc_21545
dev_21546_0,acc_21546
dev_21547_0,acc_21547
dev_21548_0,acc_21548
dev_21549_0,acc_21549
dev_21550_0,acc_21550
dev_21551_0,acc_21551
dev_21552_0,acc_21552
dev_21553_0,acc_21553
dev_21554_0,acc_21554
dev_21555_0,acc_21555
dev_21556_0,acc_21556
dev_21557_0,acc_21557
dev_21558_0,acc_21558
dev_21559_0,acc_21559
dev_21560_0,acc_21560
dev_21561_0,acc_21561
dev_21562_0,acc_21562
dev_21563_0,acc_21563
dev_21564_0,acc_21564
dev_21565_0,acc_21565
dev_21566_0,acc_21566
dev_21567_0,acc_21567
dev_21568_0,acc_21568
dev_21569_0,acc_21569
dev_21570_0,acc_21570
dev_21571_0,acc_21571
dev_21572_0,acc_21572
dev_21573_0,acc_21573
dev_21574_0,acc_21574
dev_21575_0,acc_21575
dev_21576_0,acc_21576
dev_21577_0,acc_21577
dev_21577_1,acc_21577
dev_21578_0,acc_21578
dev_21579_0,acc_21579
dev_21580_0,acc_21580
dev_21581_0,acc_21581
dev_21582_0,acc_21582
dev_21583_0,acc_21583
dev_21584_0,acc_21584
dev_21585_0,acc_21585
dev_21586_0,acc_21586
dev_21586_1,acc_21586
dev_21587_0,acc_21587
dev_21588_0,acc_21588
dev_21589_0,acc_21589
dev_21590_0,acc_21590
dev_21591_0,acc_21591
dev_21592_0,acc_21592
dev_21593_0,acc_21593
dev_21594_0,acc_21594
dev_21595_0,acc_21595
dev_21596_0,acc_21596
dev_21597_0,acc_21597
dev_21598_0,acc_21598
dev_21599_0,acc_21599
dev_21600_0,acc_21600
dev_21601_0,acc_21601
dev_21601_1,acc_21601
dev_21602_0,acc_21602
dev_21603_0,acc_21603
dev_21604_0,acc_21604
dev_21605_0,acc_21605
dev_21606_0,acc_21606
dev_21607_0,acc_21607
dev_21607_1,acc_21607
dev_21608_0,acc_21608
dev_21609_0,acc_21609
dev_21610_0,acc_21610
dev_21611_0,acc_21611
dev_21612_0,acc_21612
dev_21613_0,acc_21613
dev_21614_0,acc_21614
dev_21615_0,acc_21615
dev_21616_0,acc_21616
dev_21617_0,acc_21617
dev_21618_0,acc_21618
dev_21619_0,acc_21619
dev_21620_0,acc_21620
dev_21621_0,acc_21621
dev_21622_0,acc_21622
dev_21623_0,acc_21623
dev_21624_0,acc_21624
dev_21625_0,acc_21625
dev_21625_1,acc_21625
dev_21626_0,acc_21626
dev_21626_1,acc_21626
dev_21627_0,acc_21627
dev_21628_0,acc_21628
dev_21629_0,acc_21629
dev_21630_0,acc_21630
dev_21631_0,acc_21631
dev_21632_0,acc_21632
dev_21633_0,acc_21633
dev_21634_0,acc_21634
dev_21635_0,acc_21635
dev_21636_0,acc_21636
dev_21637_0,acc_21637
dev_21638_0,acc_21638
dev_21639_0,acc_21639
dev_21640_0,acc_21640
dev_21641_0,acc_21641
dev_21642_0,acc_21642
dev_21643_0,acc_21643
dev_21644_0,acc_21644
dev_21645_0,acc_21645
dev_21646_0,acc_21646
dev_21647_0,acc_21647
dev_21648_0,acc_21648
dev_21649_0,acc_21649
dev_21650_0,acc_21650
dev_21651_0,acc_21651
dev_21652_0,acc_21652
dev_21653_0,acc_21653
dev_21654_0,acc_21654
dev_21655_0,acc_21655
dev_21656_0,acc_21656
dev_21657_0,acc_21657
dev_21658_0,acc_21658
dev_21659_0,acc_21659
dev_21660_0,acc_21660
dev_21661_0,acc_21661
dev_21662_0,acc_21662
dev_21663_0,acc_21663
dev_21664_0,acc_21664
dev_21665_0,acc_21665
dev_21666_0,acc_21666
dev_21667_0,acc_21667
dev_21668_0,acc_21668
dev_21669_0,acc_21669
dev_21670_0,acc_21670
dev_21671_0,acc_21671
dev_21672_0,acc_21672
dev_21673_0,acc_21673
dev_21674_0,acc_21674
dev_21675_0,acc_21675
dev_21676_0,acc_21676
dev_21677_0,acc_21677
dev_21678_0,acc_21678
dev_21679_0,acc_21679
dev_21680_0,acc_21680
dev_21681_0,acc_21681
dev_21682_0,acc_21682
dev_21683_0,acc_21683
dev_21684_0,acc_21684
dev_21685_0,acc_21685
dev_21686_0,acc_21686
dev_21687_0,acc_21687
dev_21688_0,acc_21688
dev_21689_0,acc_21689
dev_21690_0,acc_21690
dev_21691_0,acc_21691
dev_21692_0,acc_21692
dev_21693_0,acc_21693
dev_21694_0,acc_21694
dev_21695_0,acc_21695
dev_21696_0,acc_21696
dev_21697_0,acc_21697
dev_21698_0,acc_21698
dev_21699_0,acc_21699
dev_21700_0,acc_21700
dev_21701_0,acc_21701
dev_21702_0,acc_21702
dev_21703_0,acc_21703
dev_21704_0,acc_21704
dev_21705_0,acc_21705
dev_21705_1,acc_21705
dev_21706_0,acc_21706
dev_21707_0,acc_21707
dev_21708_0,acc_21708
dev_21709_0,acc_21709
dev_21710_0,acc_21710
dev_21711_0,acc_21711
dev_21712_0,acc_21712
dev_21713_0,acc_21713
dev_21714_0,acc_21714
dev_21715_0,acc_21715
dev_21716_0,acc_21716
dev_21717_0,acc_21717
dev_21718_0,acc_21718
dev_21719_0,acc_21719
dev_21720_0,acc_21720
dev_21721_0,acc_21721
dev_21722_0,acc_21722
dev_21722_1,acc_21722
dev_21723_0,acc_21723
dev_21724_0,acc_21724
dev_21725_0,acc_21725
dev_21726_0,acc_21726
dev_21726_1,acc_21726
dev_21727_0,acc_21727
dev_21728_0,acc_21728
dev_21729_0,acc_21729
dev_21730_0,acc_21730
dev_21731_0,acc_21731
dev_21732_0,acc_21732
dev_21733_0,acc_21733
dev_21734_0,acc_21734
dev_21735_0,acc_21735
dev_21736_0,acc_21736
dev_21737_0,acc_21737
dev_21738_0,acc_21738
dev_21739_0,acc_21739
dev_21740_0,acc_21740
dev_21741_0,acc_21741
dev_21742_0,acc_21742
dev_21743_0,acc_21743
dev_21744_0,acc_21744
dev_21744_1,acc_21744
dev_21745_0,acc_21745
dev_21746_0,acc_21746
dev_21747_0,acc_21747
dev_21748_0,acc_21748
dev_21749_0,acc_21749
dev_21750_0,acc_21750
dev_21751_0,acc_21751
dev_21752_0,acc_21752
dev_21753_0,acc_21753
dev_21754_0,acc_21754
dev_21755_0,acc_21755
dev_21756_0,acc_21756
dev_21757_0,acc_21757
dev_21758_0,acc_21758
dev_21759_0,acc_21759
dev_21760_0,acc_21760
dev_21761_0,acc_21761
dev_21762_0,acc_21762
dev_21763_0,acc_21763
dev_21764_0,acc_21764
dev_21765_0,acc_21765
dev_21766_0,acc_21766
dev_21767_0,acc_21767
dev_21768_0,acc_21768
dev_21769_0,acc_21769
dev_21769_1,acc_21769
dev_21770_0,acc_21770
dev_21771_0,acc_21771
dev_21772_0,acc_21772
dev_21773_0,acc_21773
dev_21774_0,acc_21774
dev_21775_0,acc_21775
dev_21776_0,acc_21776
dev_21777_0,acc_21777
dev_21778_0,acc_21778
dev_21779_0,acc_21779
dev_21780_0,acc_21780
dev_21781_0,acc_21781
dev_21781_1,acc_21781
dev_21782_0,acc_21782
dev_21783_0,acc_21783
dev_21784_0,acc_21784
dev_21784_1,acc_21784
dev_21785_0,acc_21785
dev_21786_0,acc_21786
dev_21787_0,acc_21787
dev_21788_0,acc_21788
dev_21789_0,acc_21789
dev_21790_0,acc_21790
dev_21791_0,acc_21791
dev_21792_0,acc_21792
dev_21793_0,acc_21793
dev_21794_0,acc_21794
dev_21795_0,acc_21795
dev_21796_0,acc_21796
dev_21797_0,acc_21797
dev_21798_0,acc_21798
dev_21799_0,acc_21799
dev_21800_0,acc_21800
dev_21801_0,acc_21801
dev_21802_0,acc_21802
dev_21803_0,acc_21803
dev_21804_0,acc_21804
dev_21805_0,acc_21805
dev_21806_0,acc_21806
dev_21807_0,acc_21807
dev_21808_0,acc_21808
dev_21809_0,acc_21809
dev_21810_0,acc_21810
dev_21811_0,acc_21811
dev_21812_0,acc_21812
dev_21813_0,acc_21813
dev_21814_0,acc_21814
dev_21815_0,acc_21815
dev_21815_1,acc_21815
dev_21816_0,acc_21816
dev_21817_0,acc_21817
dev_21818_0,acc_21818
dev_21819_0,acc_21819
dev_21820_0,acc_21820
dev_21821_0,acc_21821
dev_21822_0,acc_21822
dev_21823_0,acc_21823
dev_21824_0,acc_21824
dev_21825_0,acc_21825
dev_21826_0,acc_21826
dev_21826_1,acc_21826
dev_21827_0,acc_21827
dev_21828_0,acc_21828
dev_21829_0,acc_21829
dev_21830_0,acc_21830
dev_21831_0,acc_21831
dev_21832_0,acc_21832
dev_21833_0,acc_21833
dev_21834_0,acc_21834
dev_21835_0,acc_21835
dev_21836_0,acc_21836
dev_21837_0,acc_21837
dev_21837_1,acc_21837
dev_21838_0,acc_21838
dev_21839_0,acc_21839
dev_21840_0,acc_21840
dev_21840_1,acc_21840
dev_21841_0,acc_21841
dev_21842_0,acc_21842
dev_21843_0,acc_21843
dev_21844_0,acc_21844
dev_21845_0,acc_21845
dev_21846_0,acc_21846
dev_21847_0,acc_21847
dev_21848_0,acc_21848
dev_21849_0,acc_21849
dev_21849_1,acc_21849
dev_21850_0,acc_21850
dev_21851_0,acc_21851
dev_21852_0,acc_21852
dev_21853_0,acc_21853
dev_21854_0,acc_21854
dev_21854_1,acc_21854
dev_21855_0,acc_21855
dev_21856_0,acc_21856
dev_21857_0,acc_21857
dev_21858_0,acc_21858
dev_21859_0,acc_21859
dev_21860_0,acc_21860
dev_21861_0,acc_21861
dev_21862_0,acc_21862
dev_21862_1,acc_21862
dev_21863_0,acc_21863
dev_21864_0,acc_21864
dev_21865_0,acc_21865
dev_21866_0,acc_21866
dev_21867_0,acc_21867
dev_21868_0,acc_21868
dev_21869_0,acc_21869
dev_21870_0,acc_21870
dev_21871_0,acc_21871
dev_21872_0,acc_21872
dev_21873_0,acc_21873
dev_21874_0,acc_21874
dev_21875_0,acc_21875
dev_21876_0,acc_21876
dev_21877_0,acc_21877
dev_21878_0,acc_21878
dev_21879_0,acc_21879
dev_21880_0,acc_21880
dev_21881_0,acc_21881
dev_21882_0,acc_21882
dev_21882_1,acc_21882
dev_21883_0,acc_21883
dev_21884_0,acc_21884
dev_21885_0,acc_21885
dev_21886_0,acc_21886
dev_21887_0,acc_21887
dev_21888_0,acc_21888
dev_21889_0,acc_21889
dev_21890_0,acc_21890
dev_21890_1,acc_21890
dev_21891_0,acc_21891
dev_21892_0,acc_21892
dev_21893_0,acc_21893
dev_21894_0,acc_21894
dev_21895_0,acc_21895
dev_21896_0,acc_21896
dev_21897_0,acc_21897
dev_21898_0,acc_21898
dev_21899_0,acc_21899
dev_21900_0,acc_21900
dev_21901_0,acc_21901
dev_21902_0,acc_21902
dev_21903_0,acc_21903
dev_21904_0,acc_21904
dev_21905_0,acc_21905
dev_21906_0,acc_21906
dev_21907_0,acc_21907
dev_21907_1,acc_21907
dev_21908_0,acc_21908
dev_21909_0,acc_21909
dev_21910_0,acc_21910
dev_21911_0,acc_21911
dev_21912_0,acc_21912
dev_21912_1,acc_21912
dev_21913_0,acc_21913
dev_21914_0,acc_21914
dev_21915_0,acc_21915
dev_21916_0,acc_21916
dev_21917_0,acc_21917
dev_21918_0,acc_21918
dev_21919_0,acc_21919
dev_21920_0,acc_21920
dev_21921_0,acc_21921
dev_21922_0,acc_21922
dev_21923_0,acc_21923
dev_21924_0,acc_21924
dev_21925_0,acc_21925
dev_21926_0,acc_21926
dev_21927_0,acc_21927
dev_21927_1,acc_21927
dev_21928_0,acc_21928
dev_21929_0,acc_21929
dev_21930_0,acc_21930
dev_21931_0,acc_21931
dev_21932_0,acc_21932
dev_21933_0,acc_21933
dev_21934_0,acc_21934
dev_21935_0,acc_21935
dev_21936_0,acc_21936
dev_21937_0,acc_21937
dev_21938_0,acc_21938
dev_21939_0,acc_21939
dev_21940_0,acc_21940
dev_21941_0,acc_21941
dev_21942_0,acc_21942
dev_21942_1,acc_21942
dev_21943_0,acc_21943
dev_21943_1,acc_21943
dev_21944_0,acc_21944
dev_21945_0,acc_21945
dev_21946_0,acc_21946
dev_21946_1,acc_21946
dev_21947_0,acc_21947
dev_21948_0,acc_21948
dev_21949_0,acc_21949
dev_21950_0,acc_21950
dev_21951_0,acc_21951
dev_21952_0,acc_21952
dev_21953_0,acc_21953
dev_21954_0,acc_21954
dev_21955_0,acc_21955
dev_21956_0,acc_21956
dev_21957_0,acc_21957
dev_21958_0,acc_21958
dev_21959_0,acc_21959
dev_21960_0,acc_21960
dev_21961_0,acc_21961
dev_21962_0,acc_21962
dev_21963_0,acc_21963
dev_21964_0,acc_21964
dev_21965_0,acc_21965
dev_21966_0,acc_21966
dev_21967_0,acc_21967
dev_21968_0,acc_21968
dev_21969_0,acc_21969
dev_21970_0,acc_21970
dev_21971_0,acc_21971
dev_21972_0,acc_21972
dev_21973_0,acc_21973
dev_21974_0,acc_21974
dev_21975_0,acc_21975
dev_21976_0,acc_21976
dev_21977_0,acc_21977
dev_21978_0,acc_21978
dev_21979_0,acc_21979
dev_21979_1,acc_21979
dev_21980_0,acc_21980
dev_21981_0,acc_21981
dev_21982_0,acc_21982
dev_21983_0,acc_21983
dev_21984_0,acc_21984
dev_21985_0,acc_21985
dev_21986_0,acc_21986
dev_21987_0,acc_21987
dev_21988_0,acc_21988
dev_21989_0,acc_21989
dev_21990_0,acc_21990
dev_21991_0,acc_21991
dev_21992_0,acc_21992
dev_21993_0,acc_21993
dev_21994_0,acc_21994
dev_21995_0,acc_21995
dev_21996_0,acc_21996
dev_21997_0,acc_21997
dev_21998_0,acc_21998
dev_21999_0,acc_21999
dev_22000_0,acc_22000
dev_22001_0,acc_22001
dev_22002_0,acc_22002
dev_22003_0,acc_22003
dev_22004_0,acc_22004
dev_22005_0,acc_22005
dev_22006_0,acc_22006
dev_22007_0,acc_22007
dev_22008_0,acc_22008
dev_22009_0,acc_22009
dev_22010_0,acc_22010
dev_22011_0,acc_22011
dev_22011_1,acc_22011
dev_22012_0,acc_22012
dev_22012_1,acc_22012
dev_22013_0,acc_22013
dev_22014_0,acc_22014
dev_22014_1,acc_22014
dev_22015_0,acc_22015
dev_22016_0,acc_22016
dev_22017_0,acc_22017
dev_22018_0,acc_22018
dev_22019_0,acc_22019
dev_22020_0,acc_22020
dev_22021_0,acc_22021
dev_22022_0,acc_22022
dev_22023_0,acc_22023
dev_22024_0,acc_22024
dev_22025_0,acc_22025
dev_22026_0,acc_22026
dev_22027_0,acc_22027
dev_22028_0,acc_22028
dev_22029_0,acc_22029
dev_22030_0,acc_22030
dev_22031_0,acc_22031
dev_22032_0,acc_22032
dev_22033_0,acc_22033
dev_22034_0,acc_22034
dev_22035_0,acc_22035
dev_22036_0,acc_22036
dev_22037_0,acc_22037
dev_22038_0,acc_22038
dev_22039_0,acc_22039
dev_22040_0,acc_22040
dev_22041_0,acc_22041
dev_22042_0,acc_22042
dev_22043_0,acc_22043
dev_22043_1,acc_22043
dev_22044_0,acc_22044
dev_22045_0,acc_22045
dev_22046_0,acc_22046
dev_22047_0,acc_22047
dev_22048_0,acc_22048
dev_22049_0,acc_22049
dev_22049_1,acc_22049
dev_22050_0,acc_22050
dev_22051_0,acc_22051
dev_22052_0,acc_22052
dev_22053_0,acc_22053
dev_22054_0,acc_22054
dev_22055_0,acc_22055
dev_22056_0,acc_22056
dev_22057_0,acc_22057
dev_22058_0,acc_22058
dev_22059_0,acc_22059
dev_22060_0,acc_22060
dev_22061_0,acc_22061
dev_22062_0,acc_22062
dev_22062_1,acc_22062
dev_22063_0,acc_22063
dev_22064_0,acc_22064
dev_22065_0,acc_22065
dev_22066_0,acc_22066
dev_22067_0,acc_22067
dev_22068_0,acc_22068
dev_22069_0,acc_22069
dev_22070_0,acc_22070
dev_22071_0,acc_22071
dev_22072_0,acc_22072
dev_22073_0,acc_22073
dev_22074_0,acc_22074
dev_22075_0,acc_22075
dev_22076_0,acc_22076
dev_22077_0,acc_22077
dev_22078_0,acc_22078
dev_22079_0,acc_22079
dev_22080_0,acc_22080
dev_22081_0,acc_22081
dev_22082_0,acc_22082
dev_22083_0,acc_22083
dev_22084_0,acc_22084
dev_22085_0,acc_22085
dev_22086_0,acc_22086
dev_22087_0,acc_22087
dev_22088_0,acc_22088
dev_22089_0,acc_22089
dev_22090_0,acc_22090
dev_22091_0,acc_22091
dev_22092_0,acc_22092
dev_22093_0,acc_22093
dev_22094_0,acc_22094
dev_22095_0,acc_22095
dev_22096_0,acc_22096
dev_22097_0,acc_22097
dev_22098_0,acc_22098
dev_22099_0,acc_22099
dev_22100_0,acc_22100
dev_22101_0,acc_22101
dev_22102_0,acc_22102
dev_22103_0,acc_22103
dev_22104_0,acc_22104
dev_22104_1,acc_22104
dev_22105_0,acc_22105
dev_22106_0,acc_22106
dev_22107_0,acc_22107
dev_22108_0,acc_22108
dev_22109_0,acc_22109
dev_22110_0,acc_22110
dev_22111_0,acc_22111
dev_22112_0,acc_22112
dev_22112_1,acc_22112
dev_22113_0,acc_22113
dev_22114_0,acc_22114
dev_22115_0,acc_22115
dev_22116_0,acc_22116
dev_22117_0,acc_22117
dev_22118_0,acc_22118
dev_22119_0,acc_22119
dev_22120_0,acc_22120
dev_22121_0,acc_22121
dev_22122_0,acc_22122
dev_22123_0,acc_22123
dev_22124_0,acc_22124
dev_22125_0,acc_22125
dev_22126_0,acc_22126
dev_22127_0,acc_22127
dev_22128_0,acc_22128
dev_22129_0,acc_22129
dev_22130_0,acc_22130
dev_22131_0,acc_22131
dev_22132_0,acc_22132
dev_22133_0,acc_22133
dev_22134_0,acc_22134
dev_22135_0,acc_22135
dev_22135_1,acc_22135
dev_22136_0,acc_22136
dev_22137_0,acc_22137
dev_22138_0,acc_22138
dev_22139_0,acc_22139
dev_22140_0,acc_22140
dev_22141_0,acc_22141
dev_22142_0,acc_22142
dev_22143_0,acc_22143
dev_22144_0,acc_22144
dev_22145_0,acc_22145
dev_22146_0,acc_22146
dev_22147_0,acc_22147
dev_22148_0,acc_22148
dev_22149_0,acc_22149
dev_22150_0,acc_22150
dev_22151_0,acc_22151
dev_22152_0,acc_22152
dev_22153_0,acc_22153
dev_22154_0,acc_22154
dev_22155_0,acc_22155
dev_22156_0,acc_22156
dev_22157_0,acc_22157
dev_22158_0,acc_22158
dev_22159_0,acc_22159
dev_22160_0,acc_22160
dev_22161_0,acc_22161
dev_22162_0,acc_22162
dev_22163_0,acc_22163
dev_22164_0,acc_22164
dev_22165_0,acc_22165
dev_22166_0,acc_22166
dev_22167_0,acc_22167
dev_22168_0,acc_22168
dev_22169_0,acc_22169
dev_22170_0,acc_22170
dev_22171_0,acc_22171
dev_22172_0,acc_22172
dev_22173_0,acc_22173
dev_22174_0,acc_22174
dev_22175_0,acc_22175
dev_22176_0,acc_22176
dev_22177_0,acc_22177
dev_22178_0,acc_22178
dev_22179_0,acc_22179
dev_22179_1,acc_22179
dev_22180_0,acc_22180
dev_22181_0,acc_22181
dev_22182_0,acc_22182
dev_22183_0,acc_22183
dev_22184_0,acc_22184
dev_22185_0,acc_22185
dev_22186_0,acc_22186
dev_22187_0,acc_22187
dev_22188_0,acc_22188
dev_22189_0,acc_22189
dev_22190_0,acc_22190
dev_22191_0,acc_22191
dev_22192_0,acc_22192
dev_22193_0,acc_22193
dev_22194_0,acc_22194
dev_22195_0,acc_22195
dev_22196_0,acc_22196
dev_22197_0,acc_22197
dev_22198_0,acc_22198
dev_22199_0,acc_22199
dev_22200_0,acc_22200
dev_22201_0,acc_22201
dev_22202_0,acc_22202
dev_22203_0,acc_22203
dev_22204_0,acc_22204
dev_22204_1,acc_22204
dev_22205_0,acc_22205
dev_22206_0,acc_22206
dev_22207_0,acc_22207
dev_22208_0,acc_22208
dev_22209_0,acc_22209
dev_22209_1,acc_22209
dev_22210_0,acc_22210
dev_22211_0,acc_22211
dev_22212_0,acc_22212
dev_22213_0,acc_22213
dev_22214_0,acc_22214
dev_22215_0,acc_22215
dev_22216_0,acc_22216
dev_22217_0,acc_22217
dev_22218_0,acc_22218
dev_22219_0,acc_22219
dev_22220_0,acc_22220
dev_22221_0,acc_22221
dev_22222_0,acc_22222
dev_22223_0,acc_22223
dev_22224_0,acc_22224
dev_22225_0,acc_22225
dev_22226_0,acc_22226
dev_22227_0,acc_22227
dev_22228_0,acc_22228
dev_22229_0,acc_22229
dev_22230_0,acc_22230
dev_22231_0,acc_22231
dev_22232_0,acc_22232
dev_22233_0,acc_22233
dev_22234_0,acc_22234
dev_22235_0,acc_22235
dev_22236_0,acc_22236
dev_22237_0,acc_22237
dev_22238_0,acc_22238
dev_22239_0,acc_22239
dev_22240_0,acc_22240
dev_22241_0,acc_22241
dev_22242_0,acc_22242
dev_22243_0,acc_22243
dev_22244_0,acc_22244
dev_22245_0,acc_22245
dev_22246_0,acc_22246
dev_22247_0,acc_22247
dev_22248_0,acc_22248
dev_22249_0,acc_22249
dev_22250_0,acc_22250
dev_22251_0,acc_22251
dev_22252_0,acc_22252
dev_22253_0,acc_22253
dev_22254_0,acc_22254
dev_22255_0,acc_22255
dev_22256_0,acc_22256
dev_22257_0,acc_22257
dev_22258_0,acc_22258
dev_22259_0,acc_22259
dev_22260_0,acc_22260
dev_22261_0,acc_22261
dev_22261_1,acc_22261
dev_22262_0,acc_22262
dev_22263_0,acc_22263
dev_22264_0,acc_22264
dev_22265_0,acc_22265
dev_22266_0,acc_22266
dev_22267_0,acc_22267
dev_22268_0,acc_22268
dev_22269_0,acc_22269
dev_22270_0,acc_22270
dev_22271_0,acc_22271
dev_22272_0,acc_22272
dev_22273_0,acc_22273
dev_22274_0,acc_22274
dev_22275_0,acc_22275
dev_22276_0,acc_22276
dev_22277_0,acc_22277
dev_22278_0,acc_22278
dev_22279_0,acc_22279
dev_22280_0,acc_22280
dev_22281_0,acc_22281
dev_22282_0,acc_22282
dev_22283_0,acc_22283
dev_22284_0,acc_22284
dev_22285_0,acc_22285
dev_22286_0,acc_22286
dev_22287_0,acc_22287
dev_22288_0,acc_22288
dev_22289_0,acc_22289
dev_22290_0,acc_22290
dev_22291_0,acc_22291
dev_22292_0,acc_22292
dev_22293_0,acc_22293
dev_22294_0,acc_22294
dev_22295_0,acc_22295
dev_22296_0,acc_22296
dev_22297_0,acc_22297
dev_22298_0,acc_22298
dev_22299_0,acc_22299
dev_22300_0,acc_22300
dev_22301_0,acc_22301
dev_22302_0,acc_22302
dev_22303_0,acc_22303
dev_22304_0,acc_22304
dev_22305_0,acc_22305
dev_22306_0,acc_22306
dev_22307_0,acc_22307
dev_22308_0,acc_22308
dev_22309_0,acc_22309
dev_22310_0,acc_22310
dev_22311_0,acc_22311
dev_22312_0,acc_22312
dev_22313_0,acc_22313
dev_22314_0,acc_22314
dev_22315_0,acc_22315
dev_22316_0,acc_22316
dev_22317_0,acc_22317
dev_22318_0,acc_22318
dev_22319_0,acc_22319
dev_22319_1,acc_22319
dev_22320_0,acc_22320
dev_22321_0,acc_22321
dev_22321_1,acc_22321
dev_22322_0,acc_22322
dev_22323_0,acc_22323
dev_22324_0,acc_22324
dev_22325_0,acc_22325
dev_22326_0,acc_22326
dev_22327_0,acc_22327
dev_22328_0,acc_22328
dev_22329_0,acc_22329
dev_22330_0,acc_22330
dev_22331_0,acc_22331
dev_22332_0,acc_22332
dev_22333_0,acc_22333
dev_22334_0,acc_22334
dev_22335_0,acc_22335
dev_22336_0,acc_22336
dev_22337_0,acc_22337
dev_22338_0,acc_22338
dev_22339_0,acc_22339
dev_22340_0,acc_22340
dev_22341_0,acc_22341
dev_22342_0,acc_22342
dev_22343_0,acc_22343
dev_22344_0,acc_22344
dev_22345_0,acc_22345
dev_22346_0,acc_22346
dev_22347_0,acc_22347
dev_22348_0,acc_22348
dev_22348_1,acc_22348
dev_22349_0,acc_22349
dev_22350_0,acc_22350
dev_22351_0,acc_22351
dev_22352_0,acc_22352
dev_22353_0,acc_22353
dev_22354_0,acc_22354
dev_22355_0,acc_22355
dev_22356_0,acc_22356
dev_22357_0,acc_22357
dev_22358_0,acc_22358
dev_22359_0,acc_22359
dev_22360_0,acc_22360
dev_22361_0,acc_22361
dev_22362_0,acc_22362
dev_22363_0,acc_22363
dev_22364_0,acc_22364
dev_22365_0,acc_22365
dev_22366_0,acc_22366
dev_22367_0,acc_22367
dev_22368_0,acc_22368
dev_22369_0,acc_22369
dev_22370_0,acc_22370
dev_22371_0,acc_22371
dev_22372_0,acc_22372
dev_22373_0,acc_22373
dev_22374_0,acc_22374
dev_22375_0,acc_22375
dev_22376_0,acc_22376
dev_22377_0,acc_22377
dev_22378_0,acc_22378
dev_22379_0,acc_22379
dev_22380_0,acc_22380
dev_22381_0,acc_22381
dev_22382_0,acc_22382
dev_22383_0,acc_22383
dev_22384_0,acc_22384
dev_22385_0,acc_22385
dev_22386_0,acc_22386
dev_22387_0,acc_22387
dev_22388_0,acc_22388
dev_22389_0,acc_22389
dev_22390_0,acc_22390
dev_22391_0,acc_22391
dev_22391_1,acc_22391
dev_22392_0,acc_22392
dev_22393_0,acc_22393
dev_22394_0,acc_22394
dev_22395_0,acc_22395
dev_22396_0,acc_22396
dev_22397_0,acc_22397
dev_22398_0,acc_22398
dev_22399_0,acc_22399
dev_22400_0,acc_22400
dev_22401_0,acc_22401
dev_22402_0,acc_22402
dev_22403_0,acc_22403
dev_22404_0,acc_22404
dev_22405_0,acc_22405
dev_22406_0,acc_22406
dev_22407_0,acc_22407
dev_22408_0,acc_22408
dev_22409_0,acc_22409
dev_22410_0,acc_22410
dev_22411_0,acc_22411
dev_22412_0,acc_22412
dev_22413_0,acc_22413
dev_22414_0,acc_22414
dev_22415_0,acc_22415
dev_22416_0,acc_22416
dev_22417_0,acc_22417
dev_22418_0,acc_22418
dev_22419_0,acc_22419
dev_22420_0,acc_22420
dev_22421_0,acc_22421
dev_22422_0,acc_22422
dev_22422_1,acc_22422
dev_22423_0,acc_22423
dev_22424_0,acc_22424
dev_22425_0,acc_22425
dev_22426_0,acc_22426
dev_22427_0,acc_22427
dev_22427_1,acc_22427
dev_22428_0,acc_22428
dev_22429_0,acc_22429
dev_22430_0,acc_22430
dev_22430_1,acc_22430
dev_22431_0,acc_22431
dev_22432_0,acc_22432
dev_22432_1,acc_22432
dev_22433_0,acc_22433
dev_22434_0,acc_22434
dev_22435_0,acc_22435
dev_22436_0,acc_22436
dev_22437_0,acc_22437
dev_22438_0,acc_22438
dev_22439_0,acc_22439
dev_22440_0,acc_22440
dev_22441_0,acc_22441
dev_22442_0,acc_22442
dev_22443_0,acc_22443
dev_22444_0,acc_22444
dev_22445_0,acc_22445
dev_22446_0,acc_22446
dev_22447_0,acc_22447
dev_22448_0,acc_22448
dev_22449_0,acc_22449
dev_22449_1,acc_22449
dev_22450_0,acc_22450
dev_22451_0,acc_22451
dev_22452_0,acc_22452
dev_22453_0,acc_22453
dev_22454_0,acc_22454
dev_22455_0,acc_22455
dev_22456_0,acc_22456
dev_22457_0,acc_22457
dev_22458_0,acc_22458
dev_22459_0,acc_22459
dev_22460_0,acc_22460
dev_22461_0,acc_22461
dev_22462_0,acc_22462
dev_22463_0,acc_22463
dev_22463_1,acc_22463
dev_22464_0,acc_22464
dev_22465_0,acc_22465
dev_22466_0,acc_22466
dev_22466_1,acc_22466
dev_22467_0,acc_22467
dev_22468_0,acc_22468
dev_22469_0,acc_22469
dev_22470_0,acc_22470
dev_22471_0,acc_22471
dev_22472_0,acc_22472
dev_22473_0,acc_22473
dev_22474_0,acc_22474
dev_22475_0,acc_22475
dev_22476_0,acc_22476
dev_22477_0,acc_22477
dev_22478_0,acc_22478
dev_22479_0,acc_22479
dev_22480_0,acc_22480
dev_22481_0,acc_22481
dev_22482_0,acc_22482
dev_22483_0,acc_22483
dev_22484_0,acc_22484
dev_22485_0,acc_22485
dev_22485_1,acc_22485
dev_22486_0,acc_22486
dev_22487_0,acc_22487
dev_22488_0,acc_22488
dev_22489_0,acc_22489
dev_22490_0,acc_22490
dev_22491_0,acc_22491
dev_22492_0,acc_22492
dev_22493_0,acc_22493
dev_22494_0,acc_22494
dev_22495_0,acc_22495
dev_22495_1,acc_22495
dev_22496_0,acc_22496
dev_22497_0,acc_22497
dev_22498_0,acc_22498
dev_22499_0,acc_22499
dev_22500_0,acc_22500
dev_22501_0,acc_22501
dev_22502_0,acc_22502
dev_22503_0,acc_22503
dev_22504_0,acc_22504
dev_22505_0,acc_22505
dev_22506_0,acc_22506
dev_22507_0,acc_22507
dev_22508_0,acc_22508
dev_22509_0,acc_22509
dev_22510_0,acc_22510
dev_22511_0,acc_22511
dev_22512_0,acc_22512
dev_22513_0,acc_22513
dev_22514_0,acc_22514
dev_22514_1,acc_22514
dev_22515_0,acc_22515
dev_22516_0,acc_22516
dev_22517_0,acc_22517
dev_22518_0,acc_22518
dev_22519_0,acc_22519
dev_22520_0,acc_22520
dev_22521_0,acc_22521
dev_22522_0,acc_22522
dev_22523_0,acc_22523
dev_22524_0,acc_22524
dev_22524_1,acc_22524
dev_22525_0,acc_22525
dev_22526_0,acc_22526
dev_22527_0,acc_22527
dev_22528_0,acc_22528
dev_22529_0,acc_22529
dev_22530_0,acc_22530
dev_22531_0,acc_22531
dev_22532_0,acc_22532
dev_22533_0,acc_22533
dev_22534_0,acc_22534
dev_22535_0,acc_22535
dev_22536_0,acc_22536
dev_22537_0,acc_22537
dev_22538_0,acc_22538
dev_22539_0,acc_22539
dev_22540_0,acc_22540
dev_22541_0,acc_22541
dev_22542_0,acc_22542
dev_22543_0,acc_22543
dev_22544_0,acc_22544
dev_22545_0,acc_22545
dev_22546_0,acc_22546
dev_22547_0,acc_22547
dev_22548_0,acc_22548
dev_22549_0,acc_22549
dev_22550_0,acc_22550
dev_22550_1,acc_22550
dev_22551_0,acc_22551
dev_22552_0,acc_22552
dev_22553_0,acc_22553
dev_22554_0,acc_22554
dev_22555_0,acc_22555
dev_22556_0,acc_22556
dev_22557_0,acc_22557
dev_22557_1,acc_22557
dev_22558_0,acc_22558
dev_22559_0,acc_22559
dev_22560_0,acc_22560
dev_22561_0,acc_22561
dev_22562_0,acc_22562
dev_22563_0,acc_22563
dev_22564_0,acc_22564
dev_22565_0,acc_22565
dev_22566_0,acc_22566
dev_22566_1,acc_22566
dev_22567_0,acc_22567
dev_22568_0,acc_22568
dev_22569_0,acc_22569
dev_22570_0,acc_22570
dev_22571_0,acc_22571
dev_22571_1,acc_22571
dev_22572_0,acc_22572
dev_22573_0,acc_22573
dev_22574_0,acc_22574
dev_22574_1,acc_22574
dev_22575_0,acc_22575
dev_22576_0,acc_22576
dev_22577_0,acc_22577
dev_22578_0,acc_22578
dev_22579_0,acc_22579
dev_22580_0,acc_22580
dev_22581_0,acc_22581
dev_22582_0,acc_22582
dev_22583_0,acc_22583
dev_22584_0,acc_22584
dev_22585_0,acc_22585
dev_22586_0,acc_22586
dev_22587_0,acc_22587
dev_22588_0,acc_22588
dev_22589_0,acc_22589
dev_22590_0,acc_22590
dev_22590_1,acc_22590
dev_22591_0,acc_22591
dev_22592_0,acc_22592
dev_22593_0,acc_22593
dev_22594_0,acc_22594
dev_22595_0,acc_22595
dev_22596_0,acc_22596
dev_22597_0,acc_22597
dev_22598_0,acc_22598
dev_22599_0,acc_22599
dev_22600_0,acc_22600
dev_22601_0,acc_22601
dev_22602_0,acc_22602
dev_22603_0,acc_22603
dev_22604_0,acc_22604
dev_22604_1,acc_22604
dev_22605_0,acc_22605
dev_22606_0,acc_22606
dev_22607_0,acc_22607
dev_22608_0,acc_22608
dev_22609_0,acc_22609
dev_22610_0,acc_22610
dev_22610_1,acc_22610
dev_22611_0,acc_22611
dev_22612_0,acc_22612
dev_22613_0,acc_22613
dev_22614_0,acc_22614
dev_22615_0,acc_22615
dev_22616_0,acc_22616
dev_22617_0,acc_22617
dev_22618_0,acc_22618
dev_22619_0,acc_22619
dev_22619_1,acc_22619
dev_22620_0,acc_22620
dev_22621_0,acc_22621
dev_22621_1,acc_22621
dev_22622_0,acc_22622
dev_22623_0,acc_22623
dev_22624_0,acc_22624
dev_22625_0,acc_22625
dev_22626_0,acc_22626
dev_22627_0,acc_22627
dev_22628_0,acc_22628
dev_22629_0,acc_22629
dev_22630_0,acc_22630
dev_22631_0,acc_22631
dev_22632_0,acc_22632
dev_22633_0,acc_22633
dev_22634_0,acc_22634
dev_22635_0,acc_22635
dev_22636_0,acc_22636
dev_22637_0,acc_22637
dev_22638_0,acc_22638
dev_22639_0,acc_22639
dev_22640_0,acc_22640
dev_22641_0,acc_22641
dev_22642_0,acc_22642
dev_22643_0,acc_22643
dev_22644_0,acc_22644
dev_22645_0,acc_22645
dev_22646_0,acc_22646
dev_22647_0,acc_22647
dev_22648_0,acc_22648
dev_22649_0,acc_22649
dev_22650_0,acc_22650
dev_22651_0,acc_22651
dev_22652_0,acc_22652
dev_22653_0,acc_22653
dev_22654_0,acc_22654
dev_22655_0,acc_22655
dev_22656_0,acc_22656
dev_22657_0,acc_22657
dev_22658_0,acc_22658
dev_22659_0,acc_22659
dev_22660_0,acc_22660
dev_22661_0,acc_22661
dev_22662_0,acc_22662
dev_22663_0,acc_22663
dev_22664_0,acc_22664
dev_22665_0,acc_22665
dev_22666_0,acc_22666
dev_22666_1,acc_22666
dev_22667_0,acc_22667
dev_22668_0,acc_22668
dev_22669_0,acc_22669
dev_22670_0,acc_22670
dev_22671_0,acc_22671
dev_22672_0,acc_22672
dev_22673_0,acc_22673
dev_22674_0,acc_22674
dev_22675_0,acc_22675
dev_22676_0,acc_22676
dev_22677_0,acc_22677
dev_22678_0,acc_22678
dev_22679_0,acc_22679
dev_22680_0,acc_22680
dev_22681_0,acc_22681
dev_22682_0,acc_22682
dev_22683_0,acc_22683
dev_22684_0,acc_22684
dev_22685_0,acc_22685
dev_22686_0,acc_22686
dev_22687_0,acc_22687
dev_22688_0,acc_22688
dev_22689_0,acc_22689
dev_22690_0,acc_22690
dev_22691_0,acc_22691
dev_22692_0,acc_22692
dev_22693_0,acc_22693
dev_22694_0,acc_22694
dev_22695_0,acc_22695
dev_22696_0,acc_22696
dev_22697_0,acc_22697
dev_22698_0,acc_22698
dev_22699_0,acc_22699
dev_22700_0,acc_22700
dev_22701_0,acc_22701
dev_22702_0,acc_22702
dev_22703_0,acc_22703
dev_22704_0,acc_22704
dev_22705_0,acc_22705
dev_22706_0,acc_22706
dev_22707_0,acc_22707
dev_22708_0,acc_22708
dev_22709_0,acc_22709
dev_22710_0,acc_22710
dev_22710_1,acc_22710
dev_22711_0,acc_22711
dev_22712_0,acc_22712
dev_22713_0,acc_22713
dev_22714_0,acc_22714
dev_22715_0,acc_22715
dev_22716_0,acc_22716
dev_22717_0,acc_22717
dev_22718_0,acc_22718
dev_22719_0,acc_22719
dev_22720_0,acc_22720
dev_22721_0,acc_22721
dev_22721_1,acc_22721
dev_22722_0,acc_22722
dev_22722_1,acc_22722
dev_22723_0,acc_22723
dev_22724_0,acc_22724
dev_22725_0,acc_22725
dev_22726_0,acc_22726
dev_22727_0,acc_22727
dev_22728_0,acc_22728
dev_22729_0,acc_22729
dev_22730_0,acc_22730
dev_22731_0,acc_22731
dev_22732_0,acc_22732
dev_22733_0,acc_22733
dev_22734_0,acc_22734
dev_22735_0,acc_22735
dev_22736_0,acc_22736
dev_22736_1,acc_22736
dev_22737_0,acc_22737
dev_22738_0,acc_22738
dev_22739_0,acc_22739
dev_22740_0,acc_22740
dev_22741_0,acc_22741
dev_22742_0,acc_22742
dev_22743_0,acc_22743
dev_22744_0,acc_22744
dev_22745_0,acc_22745
dev_22746_0,acc_22746
dev_22746_1,acc_22746
dev_22747_0,acc_22747
dev_22748_0,acc_22748
dev_22749_0,acc_22749
dev_22750_0,acc_22750
dev_22751_0,acc_22751
dev_22752_0,acc_22752
dev_22753_0,acc_22753
dev_22754_0,acc_22754
dev_22755_0,acc_22755
dev_22756_0,acc_22756
dev_22757_0,acc_22757
dev_22758_0,acc_22758
dev_22759_0,acc_22759
dev_22760_0,acc_22760
dev_22761_0,acc_22761
dev_22762_0,acc_22762
dev_22763_0,acc_22763
dev_22764_0,acc_22764
dev_22765_0,acc_22765
dev_22766_0,acc_22766
dev_22767_0,acc_22767
dev_22768_0,acc_22768
dev_22769_0,acc_22769
dev_22770_0,acc_22770
dev_22771_0,acc_22771
dev_22772_0,acc_22772
dev_22773_0,acc_22773
dev_22773_1,acc_22773
dev_22774_0,acc_22774
dev_22775_0,acc_22775
dev_22776_0,acc_22776
dev_22777_0,acc_22777
dev_22777_1,acc_22777
dev_22778_0,acc_22778
dev_22779_0,acc_22779
dev_22780_0,acc_22780
dev_22781_0,acc_22781
dev_22782_0,acc_22782
dev_22783_0,acc_22783
dev_22784_0,acc_22784
dev_22785_0,acc_22785
dev_22786_0,acc_22786
dev_22786_1,acc_22786
dev_22787_0,acc_22787
dev_22788_0,acc_22788
dev_22789_0,acc_22789
dev_22790_0,acc_22790
dev_22791_0,acc_22791
dev_22792_0,acc_22792
dev_22793_0,acc_22793
dev_22793_1,acc_22793
dev_22794_0,acc_22794
dev_22795_0,acc_22795
dev_22796_0,acc_22796
dev_22797_0,acc_22797
dev_22798_0,acc_22798
dev_22799_0,acc_22799
dev_22800_0,acc_22800
dev_22801_0,acc_22801
dev_22802_0,acc_22802
dev_22803_0,acc_22803
dev_22804_0,acc_22804
dev_22805_0,acc_22805
dev_22806_0,acc_22806
dev_22807_0,acc_22807
dev_22808_0,acc_22808
dev_22809_0,acc_22809
dev_22810_0,acc_22810
dev_22811_0,acc_22811
dev_22812_0,acc_22812
dev_22813_0,acc_22813
dev_22814_0,acc_22814
dev_22815_0,acc_22815
dev_22816_0,acc_22816
dev_22817_0,acc_22817
dev_22818_0,acc_22818
dev_22819_0,acc_22819
dev_22820_0,acc_22820
dev_22821_0,acc_22821
dev_22821_1,acc_22821
dev_22822_0,acc_22822
dev_22823_0,acc_22823
dev_22824_0,acc_22824
dev_22825_0,acc_22825
dev_22826_0,acc_22826
dev_22827_0,acc_22827
dev_22828_0,acc_22828
dev_22829_0,acc_22829
dev_22830_0,acc_22830
dev_22831_0,acc_22831
dev_22832_0,acc_22832
dev_22833_0,acc_22833
dev_22834_0,acc_22834
dev_22835_0,acc_22835
dev_22836_0,acc_22836
dev_22837_0,acc_22837
dev_22838_0,acc_22838
dev_22839_0,acc_22839
dev_22840_0,acc_22840
dev_22841_0,acc_22841
dev_22842_0,acc_22842
dev_22843_0,acc_22843
dev_22844_0,acc_22844
dev_22845_0,acc_22845
dev_22846_0,acc_22846
dev_22847_0,acc_22847
dev_22848_0,acc_22848
dev_22849_0,acc_22849
dev_22850_0,acc_22850
dev_22851_0,acc_22851
dev_22852_0,acc_22852
dev_22853_0,acc_22853
dev_22854_0,acc_22854
dev_22855_0,acc_22855
dev_22856_0,acc_22856
dev_22857_0,acc_22857
dev_22857_1,acc_22857
dev_22858_0,acc_22858
dev_22859_0,acc_22859
dev_22860_0,acc_22860
dev_22861_0,acc_22861
dev_22862_0,acc_22862
dev_22863_0,acc_22863
dev_22864_0,acc_22864
dev_22865_0,acc_22865
dev_22866_0,acc_22866
dev_22867_0,acc_22867
dev_22868_0,acc_22868
dev_22869_0,acc_22869
dev_22870_0,acc_22870
dev_22871_0,acc_22871
dev_22872_0,acc_22872
dev_22873_0,acc_22873
dev_22874_0,acc_22874
dev_22875_0,acc_22875
dev_22876_0,acc_22876
dev_22877_0,acc_22877
dev_22878_0,acc_22878
dev_22879_0,acc_22879
dev_22880_0,acc_22880
dev_22881_0,acc_22881
dev_22882_0,acc_22882
dev_22883_0,acc_22883
dev_22884_0,acc_22884
dev_22885_0,acc_22885
dev_22886_0,acc_22886
dev_22887_0,acc_22887
dev_22888_0,acc_22888
dev_22889_0,acc_22889
dev_22890_0,acc_22890
dev_22891_0,acc_22891
dev_22892_0,acc_22892
dev_22893_0,acc_22893
dev_22894_0,acc_22894
dev_22895_0,acc_22895
dev_22896_0,acc_22896
dev_22897_0,acc_22897
dev_22898_0,acc_22898
dev_22899_0,acc_22899
dev_22900_0,acc_22900
dev_22901_0,acc_22901
dev_22902_0,acc_22902
dev_22903_0,acc_22903
dev_22904_0,acc_22904
dev_22905_0,acc_22905
dev_22906_0,acc_22906
dev_22907_0,acc_22907
dev_22908_0,acc_22908
dev_22909_0,acc_22909
dev_22910_0,acc_22910
dev_22911_0,acc_22911
dev_22912_0,acc_22912
dev_22913_0,acc_22913
dev_22914_0,acc_22914
dev_22915_0,acc_22915
dev_22916_0,acc_22916
dev_22917_0,acc_22917
dev_22918_0,acc_22918
dev_22919_0,acc_22919
dev_22920_0,acc_22920
dev_22921_0,acc_22921
dev_22922_0,acc_22922
dev_22923_0,acc_22923
dev_22924_0,acc_22924
dev_22925_0,acc_22925
dev_22926_0,acc_22926
dev_22927_0,acc_22927
dev_22928_0,acc_22928
dev_22929_0,acc_22929
dev_22930_0,acc_22930
dev_22931_0,acc_22931
dev_22932_0,acc_22932
dev_22933_0,acc_22933
dev_22934_0,acc_22934
dev_22935_0,acc_22935
dev_22936_0,acc_22936
dev_22937_0,acc_22937
dev_22938_0,acc_22938
dev_22939_0,acc_22939
dev_22940_0,acc_22940
dev_22941_0,acc_22941
dev_22942_0,acc_22942
dev_22943_0,acc_22943
dev_22944_0,acc_22944
dev_22945_0,acc_22945
dev_22946_0,acc_22946
dev_22947_0,acc_22947
dev_22948_0,acc_22948
dev_22949_0,acc_22949
dev_22950_0,acc_22950
dev_22951_0,acc_22951
dev_22952_0,acc_22952
dev_22953_0,acc_22953
dev_22954_0,acc_22954
dev_22955_0,acc_22955
dev_22956_0,acc_22956
dev_22957_0,acc_22957
dev_22958_0,acc_22958
dev_22959_0,acc_22959
dev_22960_0,acc_22960
dev_22961_0,acc_22961
dev_22962_0,acc_22962
dev_22963_0,acc_22963
dev_22964_0,acc_22964
dev_22965_0,acc_22965
dev_22966_0,acc_22966
dev_22967_0,acc_22967
dev_22968_0,acc_22968
dev_22969_0,acc_22969
dev_22970_0,acc_22970
dev_22971_0,acc_22971
dev_22972_0,acc_22972
dev_22973_0,acc_22973
dev_22974_0,acc_22974
dev_22975_0,acc_22975
dev_22976_0,acc_22976
dev_22977_0,acc_22977
dev_22978_0,acc_22978
dev_22979_0,acc_22979
dev_22980_0,acc_22980
dev_22981_0,acc_22981
dev_22982_0,acc_22982
dev_22983_0,acc_22983
dev_22984_0,acc_22984
dev_22985_0,acc_22985
dev_22986_0,acc_22986
dev_22987_0,acc_22987
dev_22988_0,acc_22988
dev_22989_0,acc_22989
dev_22990_0,acc_22990
dev_22991_0,acc_22991
dev_22992_0,acc_22992
dev_22993_0,acc_22993
dev_22994_0,acc_22994
dev_22995_0,acc_22995
dev_22996_0,acc_22996
dev_22997_0,acc_22997
dev_22998_0,acc_22998
dev_22999_0,acc_22999
dev_23000_0,acc_23000
dev_23001_0,acc_23001
dev_23002_0,acc_23002
dev_23003_0,acc_23003
dev_23004_0,acc_23004
dev_23005_0,acc_23005
dev_23006_0,acc_23006
dev_23007_0,acc_23007
dev_23008_0,acc_23008
dev_23009_0,acc_23009
dev_23010_0,acc_23010
dev_23011_0,acc_23011
dev_23012_0,acc_23012
dev_23013_0,acc_23013
dev_23014_0,acc_23014
dev_23015_0,acc_23015
dev_23016_0,acc_23016
dev_23017_0,acc_23017
dev_23018_0,acc_23018
dev_23019_0,acc_23019
dev_23020_0,acc_23020
dev_23021_0,acc_23021
dev_23022_0,acc_23022
dev_23023_0,acc_23023
dev_23024_0,acc_23024
dev_23025_0,acc_23025
dev_23025_1,acc_23025
dev_23026_0,acc_23026
dev_23027_0,acc_23027
dev_23028_0,acc_23028
dev_23029_0,acc_23029
dev_23030_0,acc_23030
dev_23031_0,acc_23031
dev_23032_0,acc_23032
dev_23033_0,acc_23033
dev_23034_0,acc_23034
dev_23035_0,acc_23035
dev_23036_0,acc_23036
dev_23037_0,acc_23037
dev_23038_0,acc_23038
dev_23039_0,acc_23039
dev_23040_0,acc_23040
dev_23040_1,acc_23040
dev_23041_0,acc_23041
dev_23042_0,acc_23042
dev_23043_0,acc_23043
dev_23044_0,acc_23044
dev_23045_0,acc_23045
dev_23046_0,acc_23046
dev_23047_0,acc_23047
dev_23048_0,acc_23048
dev_23049_0,acc_23049
dev_23050_0,acc_23050
dev_23051_0,acc_23051
dev_23052_0,acc_23052
dev_23053_0,acc_23053
dev_23054_0,acc_23054
dev_23055_0,acc_23055
dev_23056_0,acc_23056
dev_23057_0,acc_23057
dev_23058_0,acc_23058
dev_23059_0,acc_23059
dev_23060_0,acc_23060
dev_23061_0,acc_23061
dev_23062_0,acc_23062
dev_23063_0,acc_23063
dev_23063_1,acc_23063
dev_23064_0,acc_23064
dev_23065_0,acc_23065
dev_23066_0,acc_23066
dev_23067_0,acc_23067
dev_23068_0,acc_23068
dev_23069_0,acc_23069
dev_23070_0,acc_23070
dev_23071_0,acc_23071
dev_23072_0,acc_23072
dev_23073_0,acc_23073
dev_23074_0,acc_23074
dev_23075_0,acc_23075
dev_23076_0,acc_23076
dev_23077_0,acc_23077
dev_23078_0,acc_23078
dev_23079_0,acc_23079
dev_23079_1,acc_23079
dev_23080_0,acc_23080
dev_23081_0,acc_23081
dev_23082_0,acc_23082
dev_23083_0,acc_23083
dev_23084_0,acc_23084
dev_23085_0,acc_23085
dev_23086_0,acc_23086
dev_23087_0,acc_23087
dev_23087_1,acc_23087
dev_23088_0,acc_23088
dev_23089_0,acc_23089
dev_23089_1,acc_23089
dev_23090_0,acc_23090
dev_23091_0,acc_23091
dev_23092_0,acc_23092
dev_23093_0,acc_23093
dev_23094_0,acc_23094
dev_23095_0,acc_23095
dev_23096_0,acc_23096
dev_23097_0,acc_23097
dev_23098_0,acc_23098
dev_23099_0,acc_23099
dev_23100_0,acc_23100
dev_23101_0,acc_23101
dev_23102_0,acc_23102
dev_23103_0,acc_23103
dev_23104_0,acc_23104
dev_23105_0,acc_23105
dev_23106_0,acc_23106
dev_23107_0,acc_23107
dev_23108_0,acc_23108
dev_23109_0,acc_23109
dev_23110_0,acc_23110
dev_23111_0,acc_23111
dev_23112_0,acc_23112
dev_23113_0,acc_23113
dev_23114_0,acc_23114
dev_23115_0,acc_23115
dev_23116_0,acc_23116
dev_23117_0,acc_23117
dev_23118_0,acc_23118
dev_23119_0,acc_23119
dev_23120_0,acc_23120
dev_23121_0,acc_23121
dev_23122_0,acc_23122
dev_23123_0,acc_23123
dev_23124_0,acc_23124
dev_23125_0,acc_23125
dev_23126_0,acc_23126
dev_23127_0,acc_23127
dev_23128_0,acc_23128
dev_23129_0,acc_23129
dev_23130_0,acc_23130
dev_23131_0,acc_23131
dev_23132_0,acc_23132
dev_23133_0,acc_23133
dev_23134_0,acc_23134
dev_23135_0,acc_23135
dev_23135_1,acc_23135
dev_23136_0,acc_23136
dev_23137_0,acc_23137
dev_23138_0,acc_23138
dev_23139_0,acc_23139
dev_23140_0,acc_23140
dev_23141_0,acc_23141
dev_23141_1,acc_23141
dev_23142_0,acc_23142
dev_23143_0,acc_23143
dev_23144_0,acc_23144
dev_23145_0,acc_23145
dev_23146_0,acc_23146
dev_23147_0,acc_23147
dev_23148_0,acc_23148
dev_23149_0,acc_23149
dev_23150_0,acc_23150
dev_23151_0,acc_23151
dev_23152_0,acc_23152
dev_23153_0,acc_23153
dev_23154_0,acc_23154
dev_23155_0,acc_23155
dev_23156_0,acc_23156
dev_23157_0,acc_23157
dev_23158_0,acc_23158
dev_23159_0,acc_23159
dev_23160_0,acc_23160
dev_23161_0,acc_23161
dev_23162_0,acc_23162
dev_23163_0,acc_23163
dev_23164_0,acc_23164
dev_23165_0,acc_23165
dev_23166_0,acc_23166
dev_23167_0,acc_23167
dev_23168_0,acc_23168
dev_23169_0,acc_23169
dev_23170_0,acc_23170
dev_23171_0,acc_23171
dev_23172_0,acc_23172
dev_23173_0,acc_23173
dev_23174_0,acc_23174
dev_23175_0,acc_23175
dev_23176_0,acc_23176
dev_23176_1,acc_23176
dev_23177_0,acc_23177
dev_23178_0,acc_23178
dev_23179_0,acc_23179
dev_23180_0,acc_23180
dev_23181_0,acc_23181
dev_23182_0,acc_23182
dev_23183_0,acc_23183
dev_23184_0,acc_23184
dev_23185_0,acc_23185
dev_23186_0,acc_23186
dev_23187_0,acc_23187
dev_23188_0,acc_23188
dev_23189_0,acc_23189
dev_23190_0,acc_23190
dev_23191_0,acc_23191
dev_23192_0,acc_23192
dev_23193_0,acc_23193
dev_23194_0,acc_23194
dev_23195_0,acc_23195
dev_23196_0,acc_23196
dev_23197_0,acc_23197
dev_23198_0,acc_23198
dev_23199_0,acc_23199
dev_23200_0,acc_23200
dev_23201_0,acc_23201
dev_23202_0,acc_23202
dev_23203_0,acc_23203
dev_23204_0,acc_23204
dev_23205_0,acc_23205
dev_23206_0,acc_23206
dev_23207_0,acc_23207
dev_23208_0,acc_23208
dev_23209_0,acc_23209
dev_23209_1,acc_23209
dev_23210_0,acc_23210
dev_23211_0,acc_23211
dev_23212_0,acc_23212
dev_23213_0,acc_23213
dev_23214_0,acc_23214
dev_23215_0,acc_23215
dev_23216_0,acc_23216
dev_23217_0,acc_23217
dev_23218_0,acc_23218
dev_23219_0,acc_23219
dev_23220_0,acc_23220
dev_23221_0,acc_23221
dev_23222_0,acc_23222
dev_23223_0,acc_23223
dev_23224_0,acc_23224
dev_23225_0,acc_23225
dev_23226_0,acc_23226
dev_23227_0,acc_23227
dev_23228_0,acc_23228
dev_23229_0,acc_23229
dev_23230_0,acc_23230
dev_23231_0,acc_23231
dev_23232_0,acc_23232
dev_23233_0,acc_23233
dev_23234_0,acc_23234
dev_23235_0,acc_23235
dev_23236_0,acc_23236
dev_23237_0,acc_23237
dev_23238_0,acc_23238
dev_23239_0,acc_23239
dev_23240_0,acc_23240
dev_23241_0,acc_23241
dev_23242_0,acc_23242
dev_23243_0,acc_23243
dev_23244_0,acc_23244
dev_23245_0,acc_23245
dev_23246_0,acc_23246
dev_23247_0,acc_23247
dev_23248_0,acc_23248
dev_23249_0,acc_23249
dev_23250_0,acc_23250
dev_23251_0,acc_23251
dev_23252_0,acc_23252
dev_23253_0,acc_23253
dev_23254_0,acc_23254
dev_23255_0,acc_23255
dev_23256_0,acc_23256
dev_23257_0,acc_23257
dev_23258_0,acc_23258
dev_23258_1,acc_23258
dev_23259_0,acc_23259
dev_23260_0,acc_23260
dev_23261_0,acc_23261
dev_23262_0,acc_23262
dev_23263_0,acc_23263
dev_23264_0,acc_23264
dev_23265_0,acc_23265
dev_23266_0,acc_23266
dev_23267_0,acc_23267
dev_23268_0,acc_23268
dev_23269_0,acc_23269
dev_23270_0,acc_23270
dev_23271_0,acc_23271
dev_23272_0,acc_23272
dev_23273_0,acc_23273
dev_23274_0,acc_23274
dev_23275_0,acc_23275
dev_23276_0,acc_23276
dev_23277_0,acc_23277
dev_23278_0,acc_23278
dev_23279_0,acc_23279
dev_23280_0,acc_23280
dev_23281_0,acc_23281
dev_23282_0,acc_23282
dev_23283_0,acc_23283
dev_23284_0,acc_23284
dev_23285_0,acc_23285
dev_23286_0,acc_23286
dev_23287_0,acc_23287
dev_23288_0,acc_23288
dev_23289_0,acc_23289
dev_23290_0,acc_23290
dev_23291_0,acc_23291
dev_23292_0,acc_23292
dev_23293_0,acc_23293
dev_23294_0,acc_23294
dev_23294_1,acc_23294
dev_23295_0,acc_23295
dev_23296_0,acc_23296
dev_23297_0,acc_23297
dev_23298_0,acc_23298
dev_23299_0,acc_23299
dev_23300_0,acc_23300
dev_23301_0,acc_23301
dev_23302_0,acc_23302
dev_23303_0,acc_23303
dev_23304_0,acc_23304
dev_23305_0,acc_23305
dev_23306_0,acc_23306
dev_23307_0,acc_23307
dev_23308_0,acc_23308
dev_23309_0,acc_23309
dev_23310_0,acc_23310
dev_23311_0,acc_23311
dev_23312_0,acc_23312
dev_23313_0,acc_23313
dev_23314_0,acc_23314
dev_23315_0,acc_23315
dev_23316_0,acc_23316
dev_23317_0,acc_23317
dev_23318_0,acc_23318
dev_23319_0,acc_23319
dev_23320_0,acc_23320
dev_23321_0,acc_23321
dev_23322_0,acc_23322
dev_23323_0,acc_23323
dev_23324_0,acc_23324
dev_23325_0,acc_23325
dev_23326_0,acc_23326
dev_23327_0,acc_23327
dev_23328_0,acc_23328
dev_23329_0,acc_23329
dev_23330_0,acc_23330
dev_23331_0,acc_23331
dev_23332_0,acc_23332
dev_23333_0,acc_23333
dev_23334_0,acc_23334
dev_23335_0,acc_23335
dev_23336_0,acc_23336
dev_23337_0,acc_23337
dev_23338_0,acc_23338
dev_23339_0,acc_23339
dev_23340_0,acc_23340
dev_23341_0,acc_23341
dev_23342_0,acc_23342
dev_23343_0,acc_23343
dev_23344_0,acc_23344
dev_23345_0,acc_23345
dev_23346_0,acc_23346
dev_23347_0,acc_23347
dev_23348_0,acc_23348
dev_23349_0,acc_23349
dev_23350_0,acc_23350
dev_23351_0,acc_23351
dev_23352_0,acc_23352
dev_23353_0,acc_23353
dev_23354_0,acc_23354
dev_23355_0,acc_23355
dev_23356_0,acc_23356
dev_23357_0,acc_23357
dev_23358_0,acc_23358
dev_23358_1,acc_23358
dev_23359_0,acc_23359
dev_23360_0,acc_23360
dev_23361_0,acc_23361
dev_23362_0,acc_23362
dev_23363_0,acc_23363
dev_23364_0,acc_23364
dev_23364_1,acc_23364
dev_23365_0,acc_23365
dev_23366_0,acc_23366
dev_23367_0,acc_23367
dev_23368_0,acc_23368
dev_23369_0,acc_23369
dev_23370_0,acc_23370
dev_23371_0,acc_23371
dev_23372_0,acc_23372
dev_23373_0,acc_23373
dev_23374_0,acc_23374
dev_23375_0,acc_23375
dev_23376_0,acc_23376
dev_23377_0,acc_23377
dev_23378_0,acc_23378
dev_23379_0,acc_23379
dev_23380_0,acc_23380
dev_23381_0,acc_23381
dev_23382_0,acc_23382
dev_23383_0,acc_23383
dev_23384_0,acc_23384
dev_23385_0,acc_23385
dev_23386_0,acc_23386
dev_23387_0,acc_23387
dev_23388_0,acc_23388
dev_23389_0,acc_23389
dev_23390_0,acc_23390
dev_23391_0,acc_23391
dev_23392_0,acc_23392
dev_23393_0,acc_23393
dev_23394_0,acc_23394
dev_23395_0,acc_23395
dev_23396_0,acc_23396
dev_23397_0,acc_23397
dev_23398_0,acc_23398
dev_23399_0,acc_23399
dev_23400_0,acc_23400
dev_23401_0,acc_23401
dev_23402_0,acc_23402
dev_23403_0,acc_23403
dev_23404_0,acc_23404
dev_23405_0,acc_23405
dev_23406_0,acc_23406
dev_23407_0,acc_23407
dev_23408_0,acc_23408
dev_23409_0,acc_23409
dev_23410_0,acc_23410
dev_23411_0,acc_23411
dev_23412_0,acc_23412
dev_23413_0,acc_23413
dev_23414_0,acc_23414
dev_23415_0,acc_23415
dev_23416_0,acc_23416
dev_23417_0,acc_23417
dev_23418_0,acc_23418
dev_23419_0,acc_23419
dev_23420_0,acc_23420
dev_23421_0,acc_23421
dev_23422_0,acc_23422
dev_23423_0,acc_23423
dev_23424_0,acc_23424
dev_23425_0,acc_23425
dev_23426_0,acc_23426
dev_23427_0,acc_23427
dev_23428_0,acc_23428
dev_23429_0,acc_23429
dev_23430_0,acc_23430
dev_23431_0,acc_23431
dev_23432_0,acc_23432
dev_23433_0,acc_23433
dev_23434_0,acc_23434
dev_23435_0,acc_23435
dev_23436_0,acc_23436
dev_23437_0,acc_23437
dev_23438_0,acc_23438
dev_23439_0,acc_23439
dev_23440_0,acc_23440
dev_23441_0,acc_23441
dev_23442_0,acc_23442
dev_23443_0,acc_23443
dev_23444_0,acc_23444
dev_23445_0,acc_23445
dev_23446_0,acc_23446
dev_23447_0,acc_23447
dev_23448_0,acc_23448
dev_23449_0,acc_23449
dev_23450_0,acc_23450
dev_23450_1,acc_23450
dev_23451_0,acc_23451
dev_23452_0,acc_23452
dev_23453_0,acc_23453
dev_23454_0,acc_23454
dev_23455_0,acc_23455
dev_23456_0,acc_23456
dev_23457_0,acc_23457
dev_23458_0,acc_23458
dev_23459_0,acc_23459
dev_23460_0,acc_23460
dev_23460_1,acc_23460
dev_23461_0,acc_23461
dev_23462_0,acc_23462
dev_23463_0,acc_23463
dev_23464_0,acc_23464
dev_23465_0,acc_23465
dev_23466_0,acc_23466
dev_23467_0,acc_23467
dev_23468_0,acc_23468
dev_23469_0,acc_23469
dev_23470_0,acc_23470
dev_23471_0,acc_23471
dev_23472_0,acc_23472
dev_23473_0,acc_23473
dev_23474_0,acc_23474
dev_23475_0,acc_23475
dev_23476_0,acc_23476
dev_23477_0,acc_23477
dev_23478_0,acc_23478
dev_23479_0,acc_23479
dev_23480_0,acc_23480
dev_23481_0,acc_23481
dev_23482_0,acc_23482
dev_23483_0,acc_23483
dev_23484_0,acc_23484
dev_23485_0,acc_23485
dev_23486_0,acc_23486
dev_23487_0,acc_23487
dev_23488_0,acc_23488
dev_23489_0,acc_23489
dev_23490_0,acc_23490
dev_23491_0,acc_23491
dev_23491_1,acc_23491
dev_23492_0,acc_23492
dev_23493_0,acc_23493
dev_23494_0,acc_23494
dev_23495_0,acc_23495
dev_23496_0,acc_23496
dev_23497_0,acc_23497
dev_23498_0,acc_23498
dev_23499_0,acc_23499
dev_23500_0,acc_23500
dev_23501_0,acc_23501
dev_23502_0,acc_23502
dev_23503_0,acc_23503
dev_23504_0,acc_23504
dev_23505_0,acc_23505
dev_23506_0,acc_23506
dev_23507_0,acc_23507
dev_23508_0,acc_23508
dev_23509_0,acc_23509
dev_23510_0,acc_23510
dev_23511_0,acc_23511
dev_23512_0,acc_23512
dev_23513_0,acc_23513
dev_23514_0,acc_23514
dev_23515_0,acc_23515
dev_23516_0,acc_23516
dev_23517_0,acc_23517
dev_23518_0,acc_23518
dev_23519_0,acc_23519
dev_23520_0,acc_23520
dev_23521_0,acc_23521
dev_23522_0,acc_23522
dev_23523_0,acc_23523
dev_23524_0,acc_23524
dev_23525_0,acc_23525
dev_23526_0,acc_23526
dev_23527_0,acc_23527
dev_23528_0,acc_23528
dev_23529_0,acc_23529
dev_23530_0,acc_23530
dev_23531_0,acc_23531
dev_23532_0,acc_23532
dev_23533_0,acc_23533
dev_23534_0,acc_23534
dev_23535_0,acc_23535
dev_23536_0,acc_23536
dev_23537_0,acc_23537
dev_23538_0,acc_23538
dev_23538_1,acc_23538
dev_23539_0,acc_23539
dev_23540_0,acc_23540
dev_23541_0,acc_23541
dev_23541_1,acc_23541
dev_23542_0,acc_23542
dev_23543_0,acc_23543
dev_23544_0,acc_23544
dev_23545_0,acc_23545
dev_23546_0,acc_23546
dev_23547_0,acc_23547
dev_23548_0,acc_23548
dev_23549_0,acc_23549
dev_23550_0,acc_23550
dev_23551_0,acc_23551
dev_23552_0,acc_23552
dev_23553_0,acc_23553
dev_23554_0,acc_23554
dev_23555_0,acc_23555
dev_23556_0,acc_23556
dev_23557_0,acc_23557
dev_23558_0,acc_23558
dev_23559_0,acc_23559
dev_23560_0,acc_23560
dev_23561_0,acc_23561
dev_23562_0,acc_23562
dev_23563_0,acc_23563
dev_23564_0,acc_23564
dev_23565_0,acc_23565
dev_23566_0,acc_23566
dev_23567_0,acc_23567
dev_23568_0,acc_23568
dev_23569_0,acc_23569
dev_23570_0,acc_23570
dev_23571_0,acc_23571
dev_23572_0,acc_23572
dev_23573_0,acc_23573
dev_23574_0,acc_23574
dev_23575_0,acc_23575
dev_23576_0,acc_23576
dev_23577_0,acc_23577
dev_23578_0,acc_23578
dev_23579_0,acc_23579
dev_23580_0,acc_23580
dev_23581_0,acc_23581
dev_23581_1,acc_23581
dev_23582_0,acc_23582
dev_23583_0,acc_23583
dev_23584_0,acc_23584
dev_23585_0,acc_23585
dev_23586_0,acc_23586
dev_23587_0,acc_23587
dev_23588_0,acc_23588
dev_23589_0,acc_23589
dev_23590_0,acc_23590
dev_23591_0,acc_23591
dev_23592_0,acc_23592
dev_23593_0,acc_23593
dev_23593_1,acc_23593
dev_23594_0,acc_23594
dev_23595_0,acc_23595
dev_23596_0,acc_23596
dev_23597_0,acc_23597
dev_23598_0,acc_23598
dev_23599_0,acc_23599
dev_23600_0,acc_23600
dev_23601_0,acc_23601
dev_23602_0,acc_23602
dev_23603_0,acc_23603
dev_23604_0,acc_23604
dev_23605_0,acc_23605
dev_23606_0,acc_23606
dev_23607_0,acc_23607
dev_23608_0,acc_23608
dev_23609_0,acc_23609
dev_23610_0,acc_23610
dev_23611_0,acc_23611
dev_23612_0,acc_23612
dev_23613_0,acc_23613
dev_23614_0,acc_23614
dev_23615_0,acc_23615
dev_23616_0,acc_23616
dev_23617_0,acc_23617
dev_23618_0,acc_23618
dev_23619_0,acc_23619
dev_23620_0,acc_23620
dev_23621_0,acc_23621
dev_23622_0,acc_23622
dev_23623_0,acc_23623
dev_23624_0,acc_23624
dev_23624_1,acc_23624
dev_23625_0,acc_23625
dev_23626_0,acc_23626
dev_23627_0,acc_23627
dev_23628_0,acc_23628
dev_23628_1,acc_23628
dev_23629_0,acc_23629
dev_23630_0,acc_23630
dev_23631_0,acc_23631
dev_23632_0,acc_23632
dev_23633_0,acc_23633
dev_23634_0,acc_23634
dev_23635_0,acc_23635
dev_23636_0,acc_23636
dev_23636_1,acc_23636
dev_23637_0,acc_23637
dev_23638_0,acc_23638
dev_23639_0,acc_23639
dev_23640_0,acc_23640
dev_23641_0,acc_23641
dev_23642_0,acc_23642
dev_23643_0,acc_23643
dev_23644_0,acc_23644
dev_23645_0,acc_23645
dev_23645_1,acc_23645
dev_23646_0,acc_23646
dev_23647_0,acc_23647
dev_23647_1,acc_23647
dev_23648_0,acc_23648
dev_23649_0,acc_23649
dev_23649_1,acc_23649
dev_23650_0,acc_23650
dev_23651_0,acc_23651
dev_23651_1,acc_23651
dev_23652_0,acc_23652
dev_23653_0,acc_23653
dev_23654_0,acc_23654
dev_23655_0,acc_23655
dev_23656_0,acc_23656
dev_23657_0,acc_23657
dev_23658_0,acc_23658
dev_23658_1,acc_23658
dev_23659_0,acc_23659
dev_23660_0,acc_23660
dev_23661_0,acc_23661
dev_23662_0,acc_23662
dev_23663_0,acc_23663
dev_23664_0,acc_23664
dev_23665_0,acc_23665
dev_23666_0,acc_23666
dev_23667_0,acc_23667
dev_23668_0,acc_23668
dev_23669_0,acc_23669
dev_23670_0,acc_23670
dev_23671_0,acc_23671
dev_23672_0,acc_23672
dev_23673_0,acc_23673
dev_23674_0,acc_23674
dev_23674_1,acc_23674
dev_23675_0,acc_23675
dev_23676_0,acc_23676
dev_23677_0,acc_23677
dev_23678_0,acc_23678
dev_23678_1,acc_23678
dev_23679_0,acc_23679
dev_23680_0,acc_23680
dev_23681_0,acc_23681
dev_23682_0,acc_23682
dev_23683_0,acc_23683
dev_23683_1,acc_23683
dev_23684_0,acc_23684
dev_23685_0,acc_23685
dev_23686_0,acc_23686
dev_23687_0,acc_23687
dev_23688_0,acc_23688
dev_23689_0,acc_23689
dev_23690_0,acc_23690
dev_23691_0,acc_23691
dev_23692_0,acc_23692
dev_23693_0,acc_23693
dev_23694_0,acc_23694
dev_23695_0,acc_23695
dev_23696_0,acc_23696
dev_23697_0,acc_23697
dev_23698_0,acc_23698
dev_23699_0,acc_23699
dev_23700_0,acc_23700
dev_23701_0,acc_23701
dev_23702_0,acc_23702
dev_23703_0,acc_23703
dev_23704_0,acc_23704
dev_23705_0,acc_23705
dev_23706_0,acc_23706
dev_23707_0,acc_23707
dev_23708_0,acc_23708
dev_23709_0,acc_23709
dev_23710_0,acc_23710
dev_23711_0,acc_23711
dev_23712_0,acc_23712
dev_23713_0,acc_23713
dev_23714_0,acc_23714
dev_23715_0,acc_23715
dev_23716_0,acc_23716
dev_23717_0,acc_23717
dev_23718_0,acc_23718
dev_23719_0,acc_23719
dev_23719_1,acc_23719
dev_23720_0,acc_23720
dev_23721_0,acc_23721
dev_23722_0,acc_23722
dev_23723_0,acc_23723
dev_23724_0,acc_23724
dev_23725_0,acc_23725
dev_23726_0,acc_23726
dev_23727_0,acc_23727
dev_23728_0,acc_23728
dev_23729_0,acc_23729
dev_23730_0,acc_23730
dev_23731_0,acc_23731
dev_23732_0,acc_23732
dev_23733_0,acc_23733
dev_23734_0,acc_23734
dev_23735_0,acc_23735
dev_23736_0,acc_23736
dev_23737_0,acc_23737
dev_23738_0,acc_23738
dev_23739_0,acc_23739
dev_23740_0,acc_23740
dev_23741_0,acc_23741
dev_23742_0,acc_23742
dev_23743_0,acc_23743
dev_23744_0,acc_23744
dev_23745_0,acc_23745
dev_23746_0,acc_23746
dev_23747_0,acc_23747
dev_23748_0,acc_23748
dev_23749_0,acc_23749
dev_23750_0,acc_23750
dev_23751_0,acc_23751
dev_23752_0,acc_23752
dev_23753_0,acc_23753
dev_23754_0,acc_23754
dev_23755_0,acc_23755
dev_23756_0,acc_23756
dev_23757_0,acc_23757
dev_23758_0,acc_23758
dev_23759_0,acc_23759
dev_23760_0,acc_23760
dev_23761_0,acc_23761
dev_23762_0,acc_23762
dev_23763_0,acc_23763
dev_23764_0,acc_23764
dev_23765_0,acc_23765
dev_23766_0,acc_23766
dev_23767_0,acc_23767
dev_23768_0,acc_23768
dev_23769_0,acc_23769
dev_23770_0,acc_23770
dev_23771_0,acc_23771
dev_23772_0,acc_23772
dev_23773_0,acc_23773
dev_23773_1,acc_23773
dev_23774_0,acc_23774
dev_23775_0,acc_23775
dev_23775_1,acc_23775
dev_23776_0,acc_23776
dev_23777_0,acc_23777
dev_23778_0,acc_23778
dev_23779_0,acc_23779
dev_23780_0,acc_23780
dev_23781_0,acc_23781
dev_23782_0,acc_23782
dev_23783_0,acc_23783
dev_23784_0,acc_23784
dev_23785_0,acc_23785
dev_23786_0,acc_23786
dev_23787_0,acc_23787
dev_23788_0,acc_23788
dev_23789_0,acc_23789
dev_23790_0,acc_23790
dev_23791_0,acc_23791
dev_23792_0,acc_23792
dev_23793_0,acc_23793
dev_23794_0,acc_23794
dev_23795_0,acc_23795
dev_23796_0,acc_23796
dev_23797_0,acc_23797
dev_23798_0,acc_23798
dev_23799_0,acc_23799
dev_23800_0,acc_23800
dev_23801_0,acc_23801
dev_23802_0,acc_23802
dev_23803_0,acc_23803
dev_23804_0,acc_23804
dev_23805_0,acc_23805
dev_23805_1,acc_23805
dev_23806_0,acc_23806
dev_23807_0,acc_23807
dev_23808_0,acc_23808
dev_23809_0,acc_23809
dev_23810_0,acc_23810
dev_23811_0,acc_23811
dev_23812_0,acc_23812
dev_23813_0,acc_23813
dev_23814_0,acc_23814
dev_23815_0,acc_23815
dev_23816_0,acc_23816
dev_23817_0,acc_23817
dev_23818_0,acc_23818
dev_23819_0,acc_23819
dev_23820_0,acc_23820
dev_23821_0,acc_23821
dev_23821_1,acc_23821
dev_23822_0,acc_23822
dev_23823_0,acc_23823
dev_23824_0,acc_23824
dev_23825_0,acc_23825
dev_23826_0,acc_23826
dev_23827_0,acc_23827
dev_23828_0,acc_23828
dev_23829_0,acc_23829
dev_23830_0,acc_23830
dev_23831_0,acc_23831
dev_23832_0,acc_23832
dev_23833_0,acc_23833
dev_23834_0,acc_23834
dev_23835_0,acc_23835
dev_23836_0,acc_23836
dev_23837_0,acc_23837
dev_23838_0,acc_23838
dev_23839_0,acc_23839
dev_23840_0,acc_23840
dev_23841_0,acc_23841
dev_23842_0,acc_23842
dev_23843_0,acc_23843
dev_23844_0,acc_23844
dev_23845_0,acc_23845
dev_23846_0,acc_23846
dev_23846_1,acc_23846
dev_23847_0,acc_23847
dev_23848_0,acc_23848
dev_23849_0,acc_23849
dev_23850_0,acc_23850
dev_23851_0,acc_23851
dev_23852_0,acc_23852
dev_23853_0,acc_23853
dev_23854_0,acc_23854
dev_23855_0,acc_23855
dev_23856_0,acc_23856
dev_23857_0,acc_23857
dev_23858_0,acc_23858
dev_23859_0,acc_23859
dev_23859_1,acc_23859
dev_23860_0,acc_23860
dev_23861_0,acc_23861
dev_23862_0,acc_23862
dev_23862_1,acc_23862
dev_23863_0,acc_23863
dev_23864_0,acc_23864
dev_23865_0,acc_23865
dev_23866_0,acc_23866
dev_23867_0,acc_23867
dev_23868_0,acc_23868
dev_23869_0,acc_23869
dev_23870_0,acc_23870
dev_23871_0,acc_23871
dev_23872_0,acc_23872
dev_23873_0,acc_23873
dev_23874_0,acc_23874
dev_23875_0,acc_23875
dev_23876_0,acc_23876
dev_23877_0,acc_23877
dev_23878_0,acc_23878
dev_23879_0,acc_23879
dev_23880_0,acc_23880
dev_23881_0,acc_23881
dev_23882_0,acc_23882
dev_23883_0,acc_23883
dev_23884_0,acc_23884
dev_23885_0,acc_23885
dev_23886_0,acc_23886
dev_23887_0,acc_23887
dev_23888_0,acc_23888
dev_23888_1,acc_23888
dev_23889_0,acc_23889
dev_23890_0,acc_23890
dev_23891_0,acc_23891
dev_23892_0,acc_23892
dev_23893_0,acc_23893
dev_23894_0,acc_23894
dev_23895_0,acc_23895
dev_23896_0,acc_23896
dev_23897_0,acc_23897
dev_23898_0,acc_23898
dev_23899_0,acc_23899
dev_23900_0,acc_23900
dev_23901_0,acc_23901
dev_23902_0,acc_23902
dev_23903_0,acc_23903
dev_23904_0,acc_23904
dev_23905_0,acc_23905
dev_23906_0,acc_23906
dev_23906_1,acc_23906
dev_23907_0,acc_23907
dev_23908_0,acc_23908
dev_23909_0,acc_23909
dev_23910_0,acc_23910
dev_23910_1,acc_23910
dev_23911_0,acc_23911
dev_23912_0,acc_23912
dev_23913_0,acc_23913
dev_23914_0,acc_23914
dev_23915_0,acc_23915
dev_23916_0,acc_23916
dev_23917_0,acc_23917
dev_23917_1,acc_23917
dev_23918_0,acc_23918
dev_23919_0,acc_23919
dev_23920_0,acc_23920
dev_23921_0,acc_23921
dev_23922_0,acc_23922
dev_23923_0,acc_23923
dev_23924_0,acc_23924
dev_23925_0,acc_23925
dev_23926_0,acc_23926
dev_23927_0,acc_23927
dev_23928_0,acc_23928
dev_23929_0,acc_23929
dev_23930_0,acc_23930
dev_23931_0,acc_23931
dev_23931_1,acc_23931
dev_23932_0,acc_23932
dev_23933_0,acc_23933
dev_23934_0,acc_23934
dev_23935_0,acc_23935
dev_23936_0,acc_23936
dev_23937_0,acc_23937
dev_23938_0,acc_23938
dev_23939_0,acc_23939
dev_23940_0,acc_23940
dev_23941_0,acc_23941
dev_23942_0,acc_23942
dev_23942_1,acc_23942
dev_23943_0,acc_23943
dev_23943_1,acc_23943
dev_23944_0,acc_23944
dev_23945_0,acc_23945
dev_23946_0,acc_23946
dev_23947_0,acc_23947
dev_23948_0,acc_23948
dev_23949_0,acc_23949
dev_23950_0,acc_23950
dev_23951_0,acc_23951
dev_23952_0,acc_23952
dev_23953_0,acc_23953
dev_23954_0,acc_23954
dev_23955_0,acc_23955
dev_23956_0,acc_23956
dev_23957_0,acc_23957
dev_23958_0,acc_23958
dev_23958_1,acc_23958
dev_23959_0,acc_23959
dev_23960_0,acc_23960
dev_23961_0,acc_23961
dev_23962_0,acc_23962
dev_23963_0,acc_23963
dev_23964_0,acc_23964
dev_23965_0,acc_23965
dev_23966_0,acc_23966
dev_23967_0,acc_23967
dev_23968_0,acc_23968
dev_23969_0,acc_23969
dev_23970_0,acc_23970
dev_23971_0,acc_23971
dev_23972_0,acc_23972
dev_23973_0,acc_23973
dev_23974_0,acc_23974
dev_23974_1,acc_23974
dev_23975_0,acc_23975
dev_23975_1,acc_23975
dev_23976_0,acc_23976
dev_23977_0,acc_23977
dev_23978_0,acc_23978
dev_23979_0,acc_23979
dev_23980_0,acc_23980
dev_23981_0,acc_23981
dev_23982_0,acc_23982
dev_23983_0,acc_23983
dev_23984_0,acc_23984
dev_23985_0,acc_23985
dev_23986_0,acc_23986
dev_23987_0,acc_23987
dev_23988_0,acc_23988
dev_23988_1,acc_23988
dev_23989_0,acc_23989
dev_23990_0,acc_23990
dev_23991_0,acc_23991
dev_23992_0,acc_23992
dev_23993_0,acc_23993
dev_23994_0,acc_23994
dev_23995_0,acc_23995
dev_23996_0,acc_23996
dev_23997_0,acc_23997
dev_23998_0,acc_23998
dev_23999_0,acc_23999
dev_24000_0,acc_24000
dev_24001_0,acc_24001
dev_24002_0,acc_24002
dev_24003_0,acc_24003
dev_24004_0,acc_24004
dev_24005_0,acc_24005
dev_24006_0,acc_24006
dev_24007_0,acc_24007
dev_24008_0,acc_24008
dev_24009_0,acc_24009
dev_24010_0,acc_24010
dev_24010_1,acc_24010
dev_24011_0,acc_24011
dev_24012_0,acc_24012
dev_24013_0,acc_24013
dev_24014_0,acc_24014
dev_24015_0,acc_24015
dev_24016_0,acc_24016
dev_24017_0,acc_24017
dev_24018_0,acc_24018
dev_24019_0,acc_24019
dev_24020_0,acc_24020
dev_24021_0,acc_24021
dev_24022_0,acc_24022
dev_24023_0,acc_24023
dev_24024_0,acc_24024
dev_24025_0,acc_24025
dev_24026_0,acc_24026
dev_24027_0,acc_24027
dev_24028_0,acc_24028
dev_24029_0,acc_24029
dev_24030_0,acc_24030
dev_24031_0,acc_24031
dev_24032_0,acc_24032
dev_24033_0,acc_24033
dev_24034_0,acc_24034
dev_24035_0,acc_24035
dev_24036_0,acc_24036
dev_24037_0,acc_24037
dev_24038_0,acc_24038
dev_24039_0,acc_24039
dev_24040_0,acc_24040
dev_24041_0,acc_24041
dev_24042_0,acc_24042
dev_24043_0,acc_24043
dev_24044_0,acc_24044
dev_24045_0,acc_24045
dev_24046_0,acc_24046
dev_24047_0,acc_24047
dev_24048_0,acc_24048
dev_24049_0,acc_24049
dev_24050_0,acc_24050
dev_24051_0,acc_24051
dev_24052_0,acc_24052
dev_24053_0,acc_24053
dev_24054_0,acc_24054
dev_24055_0,acc_24055
dev_24056_0,acc_24056
dev_24057_0,acc_24057
dev_24058_0,acc_24058
dev_24059_0,acc_24059
dev_24060_0,acc_24060
dev_24061_0,acc_24061
dev_24062_0,acc_24062
dev_24063_0,acc_24063
dev_24064_0,acc_24064
dev_24065_0,acc_24065
dev_24066_0,acc_24066
dev_24067_0,acc_24067
dev_24068_0,acc_24068
dev_24069_0,acc_24069
dev_24070_0,acc_24070
dev_24071_0,acc_24071
dev_24072_0,acc_24072
dev_24073_0,acc_24073
dev_24074_0,acc_24074
dev_24075_0,acc_24075
dev_24076_0,acc_24076
dev_24077_0,acc_24077
dev_24078_0,acc_24078
dev_24079_0,acc_24079
dev_24080_0,acc_24080
dev_24081_0,acc_24081
dev_24082_0,acc_24082
dev_24082_1,acc_24082
dev_24083_0,acc_24083
dev_24084_0,acc_24084
dev_24085_0,acc_24085
dev_24086_0,acc_24086
dev_24087_0,acc_24087
dev_24088_0,acc_24088
dev_24089_0,acc_24089
dev_24090_0,acc_24090
dev_24091_0,acc_24091
dev_24092_0,acc_24092
dev_24093_0,acc_24093
dev_24094_0,acc_24094
dev_24095_0,acc_24095
dev_24096_0,acc_24096
dev_24097_0,acc_24097
dev_24098_0,acc_24098
dev_24099_0,acc_24099
dev_24100_0,acc_24100
dev_24101_0,acc_24101
dev_24102_0,acc_24102
dev_24103_0,acc_24103
dev_24104_0,acc_24104
dev_24105_0,acc_24105
dev_24106_0,acc_24106
dev_24107_0,acc_24107
dev_24108_0,acc_24108
dev_24109_0,acc_24109
dev_24110_0,acc_24110
dev_24111_0,acc_24111
dev_24112_0,acc_24112
dev_24113_0,acc_24113
dev_24114_0,acc_24114
dev_24115_0,acc_24115
dev_24116_0,acc_24116
dev_24116_1,acc_24116
dev_24117_0,acc_24117
dev_24118_0,acc_24118
dev_24119_0,acc_24119
dev_24120_0,acc_24120
dev_24121_0,acc_24121
dev_24122_0,acc_24122
dev_24123_0,acc_24123
dev_24124_0,acc_24124
dev_24125_0,acc_24125
dev_24126_0,acc_24126
dev_24127_0,acc_24127
dev_24127_1,acc_24127
dev_24128_0,acc_24128
dev_24129_0,acc_24129
dev_24130_0,acc_24130
dev_24131_0,acc_24131
dev_24132_0,acc_24132
dev_24133_0,acc_24133
dev_24134_0,acc_24134
dev_24135_0,acc_24135
dev_24136_0,acc_24136
dev_24137_0,acc_24137
dev_24138_0,acc_24138
dev_24139_0,acc_24139
dev_24140_0,acc_24140
dev_24141_0,acc_24141
dev_24142_0,acc_24142
dev_24143_0,acc_24143
dev_24143_1,acc_24143
dev_24144_0,acc_24144
dev_24145_0,acc_24145
dev_24146_0,acc_24146
dev_24147_0,acc_24147
dev_24148_0,acc_24148
dev_24149_0,acc_24149
dev_24150_0,acc_24150
dev_24151_0,acc_24151
dev_24152_0,acc_24152
dev_24153_0,acc_24153
dev_24154_0,acc_24154
dev_24155_0,acc_24155
dev_24156_0,acc_24156
dev_24157_0,acc_24157
dev_24158_0,acc_24158
dev_24159_0,acc_24159
dev_24159_1,acc_24159
dev_24160_0,acc_24160
dev_24161_0,acc_24161
dev_24162_0,acc_24162
dev_24163_0,acc_24163
dev_24164_0,acc_24164
dev_24165_0,acc_24165
dev_24166_0,acc_24166
dev_24167_0,acc_24167
dev_24168_0,acc_24168
dev_24169_0,acc_24169
dev_24170_0,acc_24170
dev_24171_0,acc_24171
dev_24172_0,acc_24172
dev_24173_0,acc_24173
dev_24174_0,acc_24174
dev_24175_0,acc_24175
dev_24176_0,acc_24176
dev_24177_0,acc_24177
dev_24178_0,acc_24178
dev_24179_0,acc_24179
dev_24180_0,acc_24180
dev_24181_0,acc_24181
dev_24182_0,acc_24182
dev_24183_0,acc_24183
dev_24184_0,acc_24184
dev_24185_0,acc_24185
dev_24186_0,acc_24186
dev_24187_0,acc_24187
dev_24188_0,acc_24188
dev_24189_0,acc_24189
dev_24190_0,acc_24190
dev_24191_0,acc_24191
dev_24192_0,acc_24192
dev_24193_0,acc_24193
dev_24194_0,acc_24194
dev_24194_1,acc_24194
dev_24195_0,acc_24195
dev_24196_0,acc_24196
dev_24197_0,acc_24197
dev_24197_1,acc_24197
dev_24198_0,acc_24198
dev_24199_0,acc_24199
dev_24200_0,acc_24200
dev_24201_0,acc_24201
dev_24202_0,acc_24202
dev_24203_0,acc_24203
dev_24204_0,acc_24204
dev_24205_0,acc_24205
dev_24206_0,acc_24206
dev_24207_0,acc_24207
dev_24208_0,acc_24208
dev_24209_0,acc_24209
dev_24210_0,acc_24210
dev_24211_0,acc_24211
dev_24212_0,acc_24212
dev_24213_0,acc_24213
dev_24214_0,acc_24214
dev_24215_0,acc_24215
dev_24216_0,acc_24216
dev_24217_0,acc_24217
dev_24218_0,acc_24218
dev_24219_0,acc_24219
dev_24220_0,acc_24220
dev_24221_0,acc_24221
dev_24222_0,acc_24222
dev_24223_0,acc_24223
dev_24224_0,acc_24224
dev_24225_0,acc_24225
dev_24226_0,acc_24226
dev_24227_0,acc_24227
dev_24228_0,acc_24228
dev_24229_0,acc_24229
dev_24230_0,acc_24230
dev_24231_0,acc_24231
dev_24232_0,acc_24232
dev_24233_0,acc_24233
dev_24234_0,acc_24234
dev_24235_0,acc_24235
dev_24236_0,acc_24236
dev_24237_0,acc_24237
dev_24238_0,acc_24238
dev_24239_0,acc_24239
dev_24240_0,acc_24240
dev_24241_0,acc_24241
dev_24242_0,acc_24242
dev_24243_0,acc_24243
dev_24244_0,acc_24244
dev_24245_0,acc_24245
dev_24246_0,acc_24246
dev_24247_0,acc_24247
dev_24247_1,acc_24247
dev_24248_0,acc_24248
dev_24249_0,acc_24249
dev_24250_0,acc_24250
dev_24251_0,acc_24251
dev_24252_0,acc_24252
dev_24253_0,acc_24253
dev_24254_0,acc_24254
dev_24255_0,acc_24255
dev_24256_0,acc_24256
dev_24257_0,acc_24257
dev_24258_0,acc_24258
dev_24259_0,acc_24259
dev_24260_0,acc_24260
dev_24261_0,acc_24261
dev_24262_0,acc_24262
dev_24263_0,acc_24263
dev_24264_0,acc_24264
dev_24265_0,acc_24265
dev_24266_0,acc_24266
dev_24267_0,acc_24267
dev_24268_0,acc_24268
dev_24269_0,acc_24269
dev_24270_0,acc_24270
dev_24271_0,acc_24271
dev_24272_0,acc_24272
dev_24273_0,acc_24273
dev_24274_0,acc_24274
dev_24275_0,acc_24275
dev_24276_0,acc_24276
dev_24277_0,acc_24277
dev_24278_0,acc_24278
dev_24279_0,acc_24279
dev_24280_0,acc_24280
dev_24281_0,acc_24281
dev_24282_0,acc_24282
dev_24283_0,acc_24283
dev_24284_0,acc_24284
dev_24285_0,acc_24285
dev_24286_0,acc_24286
dev_24287_0,acc_24287
dev_24288_0,acc_24288
dev_24289_0,acc_24289
dev_24290_0,acc_24290
dev_24291_0,acc_24291
dev_24292_0,acc_24292
dev_24293_0,acc_24293
dev_24294_0,acc_24294
dev_24295_0,acc_24295
dev_24296_0,acc_24296
dev_24297_0,acc_24297
dev_24298_0,acc_24298
dev_24299_0,acc_24299
dev_24300_0,acc_24300
dev_24301_0,acc_24301
dev_24302_0,acc_24302
dev_24303_0,acc_24303
dev_24304_0,acc_24304
dev_24305_0,acc_24305
dev_24306_0,acc_24306
dev_24307_0,acc_24307
dev_24308_0,acc_24308
dev_24309_0,acc_24309
dev_24310_0,acc_24310
dev_24311_0,acc_24311
dev_24312_0,acc_24312
dev_24313_0,acc_24313
dev_24314_0,acc_24314
dev_24315_0,acc_24315
dev_24316_0,acc_24316
dev_24317_0,acc_24317
dev_24318_0,acc_24318
dev_24319_0,acc_24319
dev_24320_0,acc_24320
dev_24321_0,acc_24321
dev_24322_0,acc_24322
dev_24323_0,acc_24323
dev_24324_0,acc_24324
dev_24325_0,acc_24325
dev_24326_0,acc_24326
dev_24326_1,acc_24326
dev_24327_0,acc_24327
dev_24328_0,acc_24328
dev_24329_0,acc_24329
dev_24329_1,acc_24329
dev_24330_0,acc_24330
dev_24331_0,acc_24331
dev_24332_0,acc_24332
dev_24333_0,acc_24333
dev_24334_0,acc_24334
dev_24335_0,acc_24335
dev_24336_0,acc_24336
dev_24337_0,acc_24337
dev_24338_0,acc_24338
dev_24339_0,acc_24339
dev_24340_0,acc_24340
dev_24341_0,acc_24341
dev_24341_1,acc_24341
dev_24342_0,acc_24342
dev_24343_0,acc_24343
dev_24344_0,acc_24344
dev_24345_0,acc_24345
dev_24346_0,acc_24346
dev_24347_0,acc_24347
dev_24348_0,acc_24348
dev_24349_0,acc_24349
dev_24350_0,acc_24350
dev_24351_0,acc_24351
dev_24352_0,acc_24352
dev_24353_0,acc_24353
dev_24354_0,acc_24354
dev_24355_0,acc_24355
dev_24356_0,acc_24356
dev_24357_0,acc_24357
dev_24358_0,acc_24358
dev_24359_0,acc_24359
dev_24360_0,acc_24360
dev_24360_1,acc_24360
dev_24361_0,acc_24361
dev_24362_0,acc_24362
dev_24363_0,acc_24363
dev_24364_0,acc_24364
dev_24365_0,acc_24365
dev_24366_0,acc_24366
dev_24367_0,acc_24367
dev_24368_0,acc_24368
dev_24369_0,acc_24369
dev_24370_0,acc_24370
dev_24371_0,acc_24371
dev_24372_0,acc_24372
dev_24373_0,acc_24373
dev_24374_0,acc_24374
dev_24374_1,acc_24374
dev_24375_0,acc_24375
dev_24376_0,acc_24376
dev_24377_0,acc_24377
dev_24378_0,acc_24378
dev_24379_0,acc_24379
dev_24380_0,acc_24380
dev_24381_0,acc_24381
dev_24382_0,acc_24382
dev_24383_0,acc_24383
dev_24384_0,acc_24384
dev_24384_1,acc_24384
dev_24385_0,acc_24385
dev_24386_0,acc_24386
dev_24387_0,acc_24387
dev_24388_0,acc_24388
dev_24389_0,acc_24389
dev_24390_0,acc_24390
dev_24391_0,acc_24391
dev_24392_0,acc_24392
dev_24393_0,acc_24393
dev_24394_0,acc_24394
dev_24395_0,acc_24395
dev_24395_1,acc_24395
dev_24396_0,acc_24396
dev_24397_0,acc_24397
dev_24398_0,acc_24398
dev_24399_0,acc_24399
dev_24400_0,acc_24400
dev_24401_0,acc_24401
dev_24402_0,acc_24402
dev_24403_0,acc_24403
dev_24404_0,acc_24404
dev_24405_0,acc_24405
dev_24406_0,acc_24406
dev_24407_0,acc_24407
dev_24408_0,acc_24408
dev_24409_0,acc_24409
dev_24410_0,acc_24410
dev_24411_0,acc_24411
dev_24412_0,acc_24412
dev_24413_0,acc_24413
dev_24414_0,acc_24414
dev_24414_1,acc_24414
dev_24415_0,acc_24415
dev_24416_0,acc_24416
dev_24416_1,acc_24416
dev_24417_0,acc_24417
dev_24418_0,acc_24418
dev_24419_0,acc_24419
dev_24420_0,acc_24420
dev_24421_0,acc_24421
dev_24422_0,acc_24422
dev_24423_0,acc_24423
dev_24424_0,acc_24424
dev_24425_0,acc_24425
dev_24426_0,acc_24426
dev_24427_0,acc_24427
dev_24428_0,acc_24428
dev_24429_0,acc_24429
dev_24430_0,acc_24430
dev_24431_0,acc_24431
dev_24432_0,acc_24432
dev_24433_0,acc_24433
dev_24434_0,acc_24434
dev_24435_0,acc_24435
dev_24436_0,acc_24436
dev_24437_0,acc_24437
dev_24438_0,acc_24438
dev_24439_0,acc_24439
dev_24440_0,acc_24440
dev_24441_0,acc_24441
dev_24442_0,acc_24442
dev_24443_0,acc_24443
dev_24444_0,acc_24444
dev_24445_0,acc_24445
dev_24446_0,acc_24446
dev_24447_0,acc_24447
dev_24448_0,acc_24448
dev_24449_0,acc_24449
dev_24450_0,acc_24450
dev_24451_0,acc_24451
dev_24452_0,acc_24452
dev_24453_0,acc_24453
dev_24454_0,acc_24454
dev_24455_0,acc_24455
dev_24456_0,acc_24456
dev_24457_0,acc_24457
dev_24458_0,acc_24458
dev_24459_0,acc_24459
dev_24460_0,acc_24460
dev_24461_0,acc_24461
dev_24462_0,acc_24462
dev_24463_0,acc_24463
dev_24464_0,acc_24464
dev_24465_0,acc_24465
dev_24466_0,acc_24466
dev_24467_0,acc_24467
dev_24468_0,acc_24468
dev_24469_0,acc_24469
dev_24470_0,acc_24470
dev_24471_0,acc_24471
dev_24472_0,acc_24472
dev_24473_0,acc_24473
dev_24474_0,acc_24474
dev_24475_0,acc_24475
dev_24476_0,acc_24476
dev_24477_0,acc_24477
dev_24478_0,acc_24478
dev_24479_0,acc_24479
dev_24480_0,acc_24480
dev_24481_0,acc_24481
dev_24482_0,acc_24482
dev_24483_0,acc_24483
dev_24484_0,acc_24484
dev_24485_0,acc_24485
dev_24486_0,acc_24486
dev_24487_0,acc_24487
dev_24488_0,acc_24488
dev_24489_0,acc_24489
dev_24490_0,acc_24490
dev_24491_0,acc_24491
dev_24492_0,acc_24492
dev_24493_0,acc_24493
dev_24494_0,acc_24494
dev_24495_0,acc_24495
dev_24496_0,acc_24496
dev_24497_0,acc_24497
dev_24498_0,acc_24498
dev_24499_0,acc_24499
dev_24500_0,acc_24500
dev_24500_1,acc_24500
dev_24501_0,acc_24501
dev_24502_0,acc_24502
dev_24503_0,acc_24503
dev_24504_0,acc_24504
dev_24505_0,acc_24505
dev_24506_0,acc_24506
dev_24507_0,acc_24507
dev_24508_0,acc_24508
dev_24509_0,acc_24509
dev_24509_1,acc_24509
dev_24510_0,acc_24510
dev_24511_0,acc_24511
dev_24512_0,acc_24512
dev_24513_0,acc_24513
dev_24514_0,acc_24514
dev_24515_0,acc_24515
dev_24516_0,acc_24516
dev_24517_0,acc_24517
dev_24518_0,acc_24518
dev_24519_0,acc_24519
dev_24520_0,acc_24520
dev_24521_0,acc_24521
dev_24522_0,acc_24522
dev_24523_0,acc_24523
dev_24524_0,acc_24524
dev_24525_0,acc_24525
dev_24526_0,acc_24526
dev_24527_0,acc_24527
dev_24528_0,acc_24528
dev_24529_0,acc_24529
dev_24530_0,acc_24530
dev_24531_0,acc_24531
dev_24532_0,acc_24532
dev_24533_0,acc_24533
dev_24534_0,acc_24534
dev_24535_0,acc_24535
dev_24536_0,acc_24536
dev_24537_0,acc_24537
dev_24538_0,acc_24538
dev_24539_0,acc_24539
dev_24540_0,acc_24540
dev_24541_0,acc_24541
dev_24542_0,acc_24542
dev_24543_0,acc_24543
dev_24544_0,acc_24544
dev_24545_0,acc_24545
dev_24546_0,acc_24546
dev_24547_0,acc_24547
dev_24548_0,acc_24548
dev_24549_0,acc_24549
dev_24550_0,acc_24550
dev_24551_0,acc_24551
dev_24552_0,acc_24552
dev_24553_0,acc_24553
dev_24554_0,acc_24554
dev_24555_0,acc_24555
dev_24556_0,acc_24556
dev_24557_0,acc_24557
dev_24558_0,acc_24558
dev_24559_0,acc_24559
dev_24560_0,acc_24560
dev_24561_0,acc_24561
dev_24562_0,acc_24562
dev_24563_0,acc_24563
dev_24564_0,acc_24564
dev_24565_0,acc_24565
dev_24566_0,acc_24566
dev_24567_0,acc_24567
dev_24567_1,acc_24567
dev_24568_0,acc_24568
dev_24569_0,acc_24569
dev_24570_0,acc_24570
dev_24571_0,acc_24571
dev_24572_0,acc_24572
dev_24572_1,acc_24572
dev_24573_0,acc_24573
dev_24574_0,acc_24574
dev_24575_0,acc_24575
dev_24576_0,acc_24576
dev_24577_0,acc_24577
dev_24578_0,acc_24578
dev_24579_0,acc_24579
dev_24580_0,acc_24580
dev_24581_0,acc_24581
dev_24582_0,acc_24582
dev_24583_0,acc_24583
dev_24584_0,acc_24584
dev_24585_0,acc_24585
dev_24586_0,acc_24586
dev_24587_0,acc_24587
dev_24588_0,acc_24588
dev_24589_0,acc_24589
dev_24590_0,acc_24590
dev_24591_0,acc_24591
dev_24592_0,acc_24592
dev_24593_0,acc_24593
dev_24594_0,acc_24594
dev_24595_0,acc_24595
dev_24596_0,acc_24596
dev_24597_0,acc_24597
dev_24598_0,acc_24598
dev_24599_0,acc_24599
dev_24600_0,acc_24600
dev_24601_0,acc_24601
dev_24602_0,acc_24602
dev_24603_0,acc_24603
dev_24604_0,acc_24604
dev_24605_0,acc_24605
dev_24606_0,acc_24606
dev_24607_0,acc_24607
dev_24608_0,acc_24608
dev_24609_0,acc_24609
dev_24610_0,acc_24610
dev_24611_0,acc_24611
dev_24612_0,acc_24612
dev_24613_0,acc_24613
dev_24614_0,acc_24614
dev_24615_0,acc_24615
dev_24616_0,acc_24616
dev_24617_0,acc_24617
dev_24618_0,acc_24618
dev_24619_0,acc_24619
dev_24620_0,acc_24620
dev_24621_0,acc_24621
dev_24622_0,acc_24622
dev_24623_0,acc_24623
dev_24624_0,acc_24624
dev_24625_0,acc_24625
dev_24626_0,acc_24626
dev_24627_0,acc_24627
dev_24628_0,acc_24628
dev_24629_0,acc_24629
dev_24630_0,acc_24630
dev_24631_0,acc_24631
dev_24632_0,acc_24632
dev_24633_0,acc_24633
dev_24634_0,acc_24634
dev_24635_0,acc_24635
dev_24636_0,acc_24636
dev_24637_0,acc_24637
dev_24638_0,acc_24638
dev_24639_0,acc_24639
dev_24640_0,acc_24640
dev_24641_0,acc_24641
dev_24642_0,acc_24642
dev_24643_0,acc_24643
dev_24644_0,acc_24644
dev_24645_0,acc_24645
dev_24646_0,acc_24646
dev_24647_0,acc_24647
dev_24648_0,acc_24648
dev_24649_0,acc_24649
dev_24650_0,acc_24650
dev_24651_0,acc_24651
dev_24652_0,acc_24652
dev_24653_0,acc_24653
dev_24654_0,acc_24654
dev_24655_0,acc_24655
dev_24656_0,acc_24656
dev_24657_0,acc_24657
dev_24658_0,acc_24658
dev_24659_0,acc_24659
dev_24659_1,acc_24659
dev_24660_0,acc_24660
dev_24661_0,acc_24661
dev_24662_0,acc_24662
dev_24663_0,acc_24663
dev_24664_0,acc_24664
dev_24665_0,acc_24665
dev_24666_0,acc_24666
dev_24667_0,acc_24667
dev_24668_0,acc_24668
dev_24669_0,acc_24669
dev_24670_0,acc_24670
dev_24671_0,acc_24671
dev_24672_0,acc_24672
dev_24673_0,acc_24673
dev_24674_0,acc_24674
dev_24674_1,acc_24674
dev_24675_0,acc_24675
dev_24676_0,acc_24676
dev_24677_0,acc_24677
dev_24678_0,acc_24678
dev_24679_0,acc_24679
dev_24680_0,acc_24680
dev_24681_0,acc_24681
dev_24682_0,acc_24682
dev_24683_0,acc_24683
dev_24684_0,acc_24684
dev_24685_0,acc_24685
dev_24686_0,acc_24686
dev_24687_0,acc_24687
dev_24687_1,acc_24687
dev_24688_0,acc_24688
dev_24688_1,acc_24688
dev_24689_0,acc_24689
dev_24690_0,acc_24690
dev_24691_0,acc_24691
dev_24692_0,acc_24692
dev_24692_1,acc_24692
dev_24693_0,acc_24693
dev_24694_0,acc_24694
dev_24695_0,acc_24695
dev_24696_0,acc_24696
dev_24697_0,acc_24697
dev_24698_0,acc_24698
dev_24699_0,acc_24699
dev_24700_0,acc_24700
dev_24701_0,acc_24701
dev_24702_0,acc_24702
dev_24703_0,acc_24703
dev_24704_0,acc_24704
dev_24705_0,acc_24705
dev_24706_0,acc_24706
dev_24707_0,acc_24707
dev_24708_0,acc_24708
dev_24709_0,acc_24709
dev_24710_0,acc_24710
dev_24711_0,acc_24711
dev_24712_0,acc_24712
dev_24713_0,acc_24713
dev_24714_0,acc_24714
dev_24715_0,acc_24715
dev_24716_0,acc_24716
dev_24717_0,acc_24717
dev_24718_0,acc_24718
dev_24719_0,acc_24719
dev_24720_0,acc_24720
dev_24721_0,acc_24721
dev_24722_0,acc_24722
dev_24723_0,acc_24723
dev_24724_0,acc_24724
dev_24725_0,acc_24725
dev_24726_0,acc_24726
dev_24727_0,acc_24727
dev_24727_1,acc_24727
dev_24728_0,acc_24728
dev_24729_0,acc_24729
dev_24730_0,acc_24730
dev_24731_0,acc_24731
dev_24732_0,acc_24732
dev_24733_0,acc_24733
dev_24734_0,acc_24734
dev_24735_0,acc_24735
dev_24736_0,acc_24736
dev_24737_0,acc_24737
dev_24738_0,acc_24738
dev_24739_0,acc_24739
dev_24740_0,acc_24740
dev_24741_0,acc_24741
dev_24742_0,acc_24742
dev_24743_0,acc_24743
dev_24744_0,acc_24744
dev_24745_0,acc_24745
dev_24746_0,acc_24746
dev_24747_0,acc_24747
dev_24748_0,acc_24748
dev_24749_0,acc_24749
dev_24750_0,acc_24750
dev_24751_0,acc_24751
dev_24752_0,acc_24752
dev_24753_0,acc_24753
dev_24754_0,acc_24754
dev_24755_0,acc_24755
dev_24756_0,acc_24756
dev_24756_1,acc_24756
dev_24757_0,acc_24757
dev_24758_0,acc_24758
dev_24759_0,acc_24759
dev_24760_0,acc_24760
dev_24761_0,acc_24761
dev_24762_0,acc_24762
dev_24763_0,acc_24763
dev_24764_0,acc_24764
dev_24765_0,acc_24765
dev_24766_0,acc_24766
dev_24767_0,acc_24767
dev_24768_0,acc_24768
dev_24769_0,acc_24769
dev_24770_0,acc_24770
dev_24771_0,acc_24771
dev_24772_0,acc_24772
dev_24773_0,acc_24773
dev_24774_0,acc_24774
dev_24775_0,acc_24775
dev_24776_0,acc_24776
dev_24777_0,acc_24777
dev_24778_0,acc_24778
dev_24779_0,acc_24779
dev_24780_0,acc_24780
dev_24781_0,acc_24781
dev_24782_0,acc_24782
dev_24783_0,acc_24783
dev_24784_0,acc_24784
dev_24785_0,acc_24785
dev_24786_0,acc_24786
dev_24787_0,acc_24787
dev_24787_1,acc_24787
dev_24788_0,acc_24788
dev_24789_0,acc_24789
dev_24790_0,acc_24790
dev_24791_0,acc_24791
dev_24792_0,acc_24792
dev_24793_0,acc_24793
dev_24794_0,acc_24794
dev_24795_0,acc_24795
dev_24796_0,acc_24796
dev_24797_0,acc_24797
dev_24797_1,acc_24797
dev_24798_0,acc_24798
dev_24799_0,acc_24799
dev_24800_0,acc_24800
dev_24801_0,acc_24801
dev_24802_0,acc_24802
dev_24803_0,acc_24803
dev_24804_0,acc_24804
dev_24805_0,acc_24805
dev_24805_1,acc_24805
dev_24806_0,acc_24806
dev_24807_0,acc_24807
dev_24808_0,acc_24808
dev_24809_0,acc_24809
dev_24810_0,acc_24810
dev_24811_0,acc_24811
dev_24812_0,acc_24812
dev_24813_0,acc_24813
dev_24814_0,acc_24814
dev_24815_0,acc_24815
dev_24816_0,acc_24816
dev_24817_0,acc_24817
dev_24818_0,acc_24818
dev_24819_0,acc_24819
dev_24820_0,acc_24820
dev_24821_0,acc_24821
dev_24822_0,acc_24822
dev_24823_0,acc_24823
dev_24824_0,acc_24824
dev_24825_0,acc_24825
dev_24826_0,acc_24826
dev_24827_0,acc_24827
dev_24828_0,acc_24828
dev_24829_0,acc_24829
dev_24830_0,acc_24830
dev_24831_0,acc_24831
dev_24832_0,acc_24832
dev_24833_0,acc_24833
dev_24833_1,acc_24833
dev_24834_0,acc_24834
dev_24835_0,acc_24835
dev_24836_0,acc_24836
dev_24837_0,acc_24837
dev_24838_0,acc_24838
dev_24839_0,acc_24839
dev_24840_0,acc_24840
dev_24841_0,acc_24841
dev_24842_0,acc_24842
dev_24843_0,acc_24843
dev_24844_0,acc_24844
dev_24845_0,acc_24845
dev_24846_0,acc_24846
dev_24847_0,acc_24847
dev_24847_1,acc_24847
dev_24848_0,acc_24848
dev_24849_0,acc_24849
dev_24850_0,acc_24850
dev_24851_0,acc_24851
dev_24852_0,acc_24852
dev_24853_0,acc_24853
dev_24854_0,acc_24854
dev_24855_0,acc_24855
dev_24856_0,acc_24856
dev_24857_0,acc_24857
dev_24858_0,acc_24858
dev_24859_0,acc_24859
dev_24860_0,acc_24860
dev_24861_0,acc_24861
dev_24862_0,acc_24862
dev_24863_0,acc_24863
dev_24864_0,acc_24864
dev_24865_0,acc_24865
dev_24866_0,acc_24866
dev_24867_0,acc_24867
dev_24868_0,acc_24868
dev_24869_0,acc_24869
dev_24870_0,acc_24870
dev_24871_0,acc_24871
dev_24872_0,acc_24872
dev_24873_0,acc_24873
dev_24874_0,acc_24874
dev_24875_0,acc_24875
dev_24876_0,acc_24876
dev_24877_0,acc_24877
dev_24878_0,acc_24878
dev_24879_0,acc_24879
dev_24880_0,acc_24880
dev_24880_1,acc_24880
dev_24881_0,acc_24881
dev_24882_0,acc_24882
dev_24883_0,acc_24883
dev_24884_0,acc_24884
dev_24885_0,acc_24885
dev_24886_0,acc_24886
dev_24887_0,acc_24887
dev_24888_0,acc_24888
dev_24889_0,acc_24889
dev_24890_0,acc_24890
dev_24891_0,acc_24891
dev_24892_0,acc_24892
dev_24893_0,acc_24893
dev_24894_0,acc_24894
dev_24895_0,acc_24895
dev_24896_0,acc_24896
dev_24897_0,acc_24897
dev_24898_0,acc_24898
dev_24899_0,acc_24899
dev_24900_0,acc_24900
dev_24901_0,acc_24901
dev_24902_0,acc_24902
dev_24903_0,acc_24903
dev_24904_0,acc_24904
dev_24904_1,acc_24904
dev_24905_0,acc_24905
dev_24906_0,acc_24906
dev_24907_0,acc_24907
dev_24908_0,acc_24908
dev_24909_0,acc_24909
dev_24910_0,acc_24910
dev_24911_0,acc_24911
dev_24912_0,acc_24912
dev_24913_0,acc_24913
dev_24914_0,acc_24914
dev_24915_0,acc_24915
dev_24916_0,acc_24916
dev_24917_0,acc_24917
dev_24918_0,acc_24918
dev_24919_0,acc_24919
dev_24920_0,acc_24920
dev_24921_0,acc_24921
dev_24922_0,acc_24922
dev_24923_0,acc_24923
dev_24924_0,acc_24924
dev_24925_0,acc_24925
dev_24926_0,acc_24926
dev_24927_0,acc_24927
dev_24928_0,acc_24928
dev_24929_0,acc_24929
dev_24930_0,acc_24930
dev_24931_0,acc_24931
dev_24932_0,acc_24932
dev_24933_0,acc_24933
dev_24934_0,acc_24934
dev_24935_0,acc_24935
dev_24936_0,acc_24936
dev_24937_0,acc_24937
dev_24938_0,acc_24938
dev_24939_0,acc_24939
dev_24940_0,acc_24940
dev_24941_0,acc_24941
dev_24942_0,acc_24942
dev_24943_0,acc_24943
dev_24944_0,acc_24944
dev_24945_0,acc_24945
dev_24946_0,acc_24946
dev_24947_0,acc_24947
dev_24948_0,acc_24948
dev_24949_0,acc_24949
dev_24950_0,acc_24950
dev_24951_0,acc_24951
dev_24952_0,acc_24952
dev_24953_0,acc_24953
dev_24954_0,acc_24954
dev_24955_0,acc_24955
dev_24956_0,acc_24956
dev_24957_0,acc_24957
dev_24958_0,acc_24958
dev_24959_0,acc_24959
dev_24960_0,acc_24960
dev_24961_0,acc_24961
dev_24962_0,acc_24962
dev_24963_0,acc_24963
dev_24964_0,acc_24964
dev_24965_0,acc_24965
dev_24966_0,acc_24966
dev_24967_0,acc_24967
dev_24968_0,acc_24968
dev_24969_0,acc_24969
dev_24970_0,acc_24970
dev_24971_0,acc_24971
dev_24972_0,acc_24972
dev_24973_0,acc_24973
dev_24974_0,acc_24974
dev_24974_1,acc_24974
dev_24975_0,acc_24975
dev_24976_0,acc_24976
dev_24977_0,acc_24977
dev_24978_0,acc_24978
dev_24979_0,acc_24979
dev_24980_0,acc_24980
dev_24981_0,acc_24981
dev_24982_0,acc_24982
dev_24983_0,acc_24983
dev_24984_0,acc_24984
dev_24985_0,acc_24985
dev_24985_1,acc_24985
dev_24986_0,acc_24986
dev_24987_0,acc_24987
dev_24988_0,acc_24988
dev_24988_1,acc_24988
dev_24989_0,acc_24989
dev_24990_0,acc_24990
dev_24991_0,acc_24991
dev_24992_0,acc_24992
dev_24993_0,acc_24993
dev_24994_0,acc_24994
dev_24995_0,acc_24995
dev_24996_0,acc_24996
dev_24997_0,acc_24997
dev_24998_0,acc_24998
dev_24999_0,acc_24999
dev_25000_0,acc_25000
dev_25001_0,acc_25001
dev_25002_0,acc_25002
dev_25003_0,acc_25003
dev_25004_0,acc_25004
dev_25005_0,acc_25005
dev_25006_0,acc_25006
dev_25007_0,acc_25007
dev_25008_0,acc_25008
dev_25009_0,acc_25009
dev_25010_0,acc_25010
dev_25011_0,acc_25011
dev_25012_0,acc_25012
dev_25013_0,acc_25013
dev_25014_0,acc_25014
dev_25015_0,acc_25015
dev_25016_0,acc_25016
dev_25017_0,acc_25017
dev_25018_0,acc_25018
dev_25019_0,acc_25019
dev_25020_0,acc_25020
dev_25021_0,acc_25021
dev_25022_0,acc_25022
dev_25023_0,acc_25023
dev_25024_0,acc_25024
dev_25025_0,acc_25025
dev_25026_0,acc_25026
dev_25027_0,acc_25027
dev_25028_0,acc_25028
dev_25029_0,acc_25029
dev_25030_0,acc_25030
dev_25031_0,acc_25031
dev_25032_0,acc_25032
dev_25033_0,acc_25033
dev_25033_1,acc_25033
dev_25034_0,acc_25034
dev_25034_1,acc_25034
dev_25035_0,acc_25035
dev_25036_0,acc_25036
dev_25037_0,acc_25037
dev_25038_0,acc_25038
dev_25039_0,acc_25039
dev_25039_1,acc_25039
dev_25040_0,acc_25040
dev_25041_0,acc_25041
dev_25042_0,acc_25042
dev_25043_0,acc_25043
dev_25044_0,acc_25044
dev_25045_0,acc_25045
dev_25046_0,acc_25046
dev_25047_0,acc_25047
dev_25048_0,acc_25048
dev_25049_0,acc_25049
dev_25049_1,acc_25049
dev_25050_0,acc_25050
dev_25051_0,acc_25051
dev_25052_0,acc_25052
dev_25053_0,acc_25053
dev_25054_0,acc_25054
dev_25054_1,acc_25054
dev_25055_0,acc_25055
dev_25056_0,acc_25056
dev_25057_0,acc_25057
dev_25058_0,acc_25058
dev_25059_0,acc_25059
dev_25060_0,acc_25060
dev_25061_0,acc_25061
dev_25062_0,acc_25062
dev_25063_0,acc_25063
dev_25064_0,acc_25064
dev_25065_0,acc_25065
dev_25066_0,acc_25066
dev_25067_0,acc_25067
dev_25068_0,acc_25068
dev_25069_0,acc_25069
dev_25070_0,acc_25070
dev_25071_0,acc_25071
dev_25072_0,acc_25072
dev_25073_0,acc_25073
dev_25074_0,acc_25074
dev_25075_0,acc_25075
dev_25076_0,acc_25076
dev_25077_0,acc_25077
dev_25078_0,acc_25078
dev_25079_0,acc_25079
dev_25080_0,acc_25080
dev_25081_0,acc_25081
dev_25082_0,acc_25082
dev_25082_1,acc_25082
dev_25083_0,acc_25083
dev_25084_0,acc_25084
dev_25084_1,acc_25084
dev_25085_0,acc_25085
dev_25086_0,acc_25086
dev_25087_0,acc_25087
dev_25088_0,acc_25088
dev_25089_0,acc_25089
dev_25090_0,acc_25090
dev_25091_0,acc_25091
dev_25092_0,acc_25092
dev_25093_0,acc_25093
dev_25094_0,acc_25094
dev_25095_0,acc_25095
dev_25096_0,acc_25096
dev_25097_0,acc_25097
dev_25098_0,acc_25098
dev_25099_0,acc_25099
dev_25100_0,acc_25100
dev_25101_0,acc_25101
dev_25102_0,acc_25102
dev_25103_0,acc_25103
dev_25104_0,acc_25104
dev_25105_0,acc_25105
dev_25106_0,acc_25106
dev_25107_0,acc_25107
dev_25108_0,acc_25108
dev_25109_0,acc_25109
dev_25110_0,acc_25110
dev_25111_0,acc_25111
dev_25112_0,acc_25112
dev_25113_0,acc_25113
dev_25114_0,acc_25114
dev_25115_0,acc_25115
dev_25116_0,acc_25116
dev_25117_0,acc_25117
dev_25118_0,acc_25118
dev_25119_0,acc_25119
dev_25120_0,acc_25120
dev_25121_0,acc_25121
dev_25122_0,acc_25122
dev_25123_0,acc_25123
dev_25124_0,acc_25124
dev_25125_0,acc_25125
dev_25126_0,acc_25126
dev_25127_0,acc_25127
dev_25128_0,acc_25128
dev_25129_0,acc_25129
dev_25130_0,acc_25130
dev_25131_0,acc_25131
dev_25132_0,acc_25132
dev_25133_0,acc_25133
dev_25134_0,acc_25134
dev_25134_1,acc_25134
dev_25135_0,acc_25135
dev_25136_0,acc_25136
dev_25137_0,acc_25137
dev_25138_0,acc_25138
dev_25139_0,acc_25139
dev_25140_0,acc_25140
dev_25141_0,acc_25141
dev_25142_0,acc_25142
dev_25142_1,acc_25142
dev_25143_0,acc_25143
dev_25144_0,acc_25144
dev_25145_0,acc_25145
dev_25146_0,acc_25146
dev_25147_0,acc_25147
dev_25148_0,acc_25148
dev_25149_0,acc_25149
dev_25150_0,acc_25150
dev_25151_0,acc_25151
dev_25152_0,acc_25152
dev_25153_0,acc_25153
dev_25154_0,acc_25154
dev_25155_0,acc_25155
dev_25156_0,acc_25156
dev_25157_0,acc_25157
dev_25157_1,acc_25157
dev_25158_0,acc_25158
dev_25159_0,acc_25159
dev_25160_0,acc_25160
dev_25161_0,acc_25161
dev_25162_0,acc_25162
dev_25163_0,acc_25163
dev_25164_0,acc_25164
dev_25165_0,acc_25165
dev_25165_1,acc_25165
dev_25166_0,acc_25166
dev_25167_0,acc_25167
dev_25168_0,acc_25168
dev_25169_0,acc_25169
dev_25169_1,acc_25169
dev_25170_0,acc_25170
dev_25171_0,acc_25171
dev_25172_0,acc_25172
dev_25173_0,acc_25173
dev_25174_0,acc_25174
dev_25175_0,acc_25175
dev_25176_0,acc_25176
dev_25176_1,acc_25176
dev_25177_0,acc_25177
dev_25178_0,acc_25178
dev_25179_0,acc_25179
dev_25180_0,acc_25180
dev_25181_0,acc_25181
dev_25182_0,acc_25182
dev_25183_0,acc_25183
dev_25184_0,acc_25184
dev_25185_0,acc_25185
dev_25186_0,acc_25186
dev_25187_0,acc_25187
dev_25188_0,acc_25188
dev_25189_0,acc_25189
dev_25190_0,acc_25190
dev_25191_0,acc_25191
dev_25192_0,acc_25192
dev_25193_0,acc_25193
dev_25194_0,acc_25194
dev_25195_0,acc_25195
dev_25196_0,acc_25196
dev_25197_0,acc_25197
dev_25198_0,acc_25198
dev_25199_0,acc_25199
dev_25200_0,acc_25200
dev_25201_0,acc_25201
dev_25202_0,acc_25202
dev_25203_0,acc_25203
dev_25204_0,acc_25204
dev_25205_0,acc_25205
dev_25206_0,acc_25206
dev_25207_0,acc_25207
dev_25208_0,acc_25208
dev_25209_0,acc_25209
dev_25210_0,acc_25210
dev_25211_0,acc_25211
dev_25212_0,acc_25212
dev_25213_0,acc_25213
dev_25214_0,acc_25214
dev_25214_1,acc_25214
dev_25215_0,acc_25215
dev_25216_0,acc_25216
dev_25217_0,acc_25217
dev_25218_0,acc_25218
dev_25219_0,acc_25219
dev_25219_1,acc_25219
dev_25220_0,acc_25220
dev_25221_0,acc_25221
dev_25222_0,acc_25222
dev_25223_0,acc_25223
dev_25224_0,acc_25224
dev_25225_0,acc_25225
dev_25226_0,acc_25226
dev_25227_0,acc_25227
dev_25228_0,acc_25228
dev_25229_0,acc_25229
dev_25230_0,acc_25230
dev_25231_0,acc_25231
dev_25232_0,acc_25232
dev_25233_0,acc_25233
dev_25234_0,acc_25234
dev_25235_0,acc_25235
dev_25236_0,acc_25236
dev_25237_0,acc_25237
dev_25238_0,acc_25238
dev_25239_0,acc_25239
dev_25240_0,acc_25240
dev_25241_0,acc_25241
dev_25242_0,acc_25242
dev_25243_0,acc_25243
dev_25244_0,acc_25244
dev_25245_0,acc_25245
dev_25246_0,acc_25246
dev_25247_0,acc_25247
dev_25248_0,acc_25248
dev_25249_0,acc_25249
dev_25250_0,acc_25250
dev_25250_1,acc_25250
dev_25251_0,acc_25251
dev_25252_0,acc_25252
dev_25252_1,acc_25252
dev_25253_0,acc_25253
dev_25254_0,acc_25254
dev_25255_0,acc_25255
dev_25256_0,acc_25256
dev_25257_0,acc_25257
dev_25258_0,acc_25258
dev_25259_0,acc_25259
dev_25260_0,acc_25260
dev_25261_0,acc_25261
dev_25262_0,acc_25262
dev_25263_0,acc_25263
dev_25264_0,acc_25264
dev_25265_0,acc_25265
dev_25266_0,acc_25266
dev_25267_0,acc_25267
dev_25268_0,acc_25268
dev_25269_0,acc_25269
dev_25270_0,acc_25270
dev_25271_0,acc_25271
dev_25272_0,acc_25272
dev_25272_1,acc_25272
dev_25273_0,acc_25273
dev_25274_0,acc_25274
dev_25275_0,acc_25275
dev_25276_0,acc_25276
dev_25277_0,acc_25277
dev_25278_0,acc_25278
dev_25279_0,acc_25279
dev_25280_0,acc_25280
dev_25281_0,acc_25281
dev_25282_0,acc_25282
dev_25283_0,acc_25283
dev_25284_0,acc_25284
dev_25285_0,acc_25285
dev_25286_0,acc_25286
dev_25287_0,acc_25287
dev_25288_0,acc_25288
dev_25289_0,acc_25289
dev_25290_0,acc_25290
dev_25291_0,acc_25291
dev_25292_0,acc_25292
dev_25293_0,acc_25293
dev_25294_0,acc_25294
dev_25295_0,acc_25295
dev_25296_0,acc_25296
dev_25297_0,acc_25297
dev_25298_0,acc_25298
dev_25299_0,acc_25299
dev_25300_0,acc_25300
dev_25301_0,acc_25301
dev_25302_0,acc_25302
dev_25303_0,acc_25303
dev_25304_0,acc_25304
dev_25305_0,acc_25305
dev_25306_0,acc_25306
dev_25307_0,acc_25307
dev_25308_0,acc_25308
dev_25309_0,acc_25309
dev_25310_0,acc_25310
dev_25311_0,acc_25311
dev_25312_0,acc_25312
dev_25313_0,acc_25313
dev_25314_0,acc_25314
dev_25315_0,acc_25315
dev_25316_0,acc_25316
dev_25317_0,acc_25317
dev_25318_0,acc_25318
dev_25319_0,acc_25319
dev_25320_0,acc_25320
dev_25321_0,acc_25321
dev_25322_0,acc_25322
dev_25323_0,acc_25323
dev_25324_0,acc_25324
dev_25325_0,acc_25325
dev_25326_0,acc_25326
dev_25327_0,acc_25327
dev_25328_0,acc_25328
dev_25329_0,acc_25329
dev_25330_0,acc_25330
dev_25331_0,acc_25331
dev_25332_0,acc_25332
dev_25333_0,acc_25333
dev_25334_0,acc_25334
dev_25335_0,acc_25335
dev_25336_0,acc_25336
dev_25337_0,acc_25337
dev_25338_0,acc_25338
dev_25339_0,acc_25339
dev_25340_0,acc_25340
dev_25341_0,acc_25341
dev_25342_0,acc_25342
dev_25343_0,acc_25343
dev_25344_0,acc_25344
dev_25345_0,acc_25345
dev_25346_0,acc_25346
dev_25347_0,acc_25347
dev_25348_0,acc_25348
dev_25349_0,acc_25349
dev_25350_0,acc_25350
dev_25351_0,acc_25351
dev_25352_0,acc_25352
dev_25353_0,acc_25353
dev_25354_0,acc_25354
dev_25355_0,acc_25355
dev_25356_0,acc_25356
dev_25357_0,acc_25357
dev_25358_0,acc_25358
dev_25359_0,acc_25359
dev_25360_0,acc_25360
dev_25361_0,acc_25361
dev_25362_0,acc_25362
dev_25363_0,acc_25363
dev_25364_0,acc_25364
dev_25365_0,acc_25365
dev_25366_0,acc_25366
dev_25367_0,acc_25367
dev_25367_1,acc_25367
dev_25368_0,acc_25368
dev_25369_0,acc_25369
dev_25370_0,acc_25370
dev_25371_0,acc_25371
dev_25372_0,acc_25372
dev_25372_1,acc_25372
dev_25373_0,acc_25373
dev_25374_0,acc_25374
dev_25375_0,acc_25375
dev_25376_0,acc_25376
dev_25377_0,acc_25377
dev_25378_0,acc_25378
dev_25379_0,acc_25379
dev_25380_0,acc_25380
dev_25381_0,acc_25381
dev_25382_0,acc_25382
dev_25383_0,acc_25383
dev_25384_0,acc_25384
dev_25385_0,acc_25385
dev_25386_0,acc_25386
dev_25387_0,acc_25387
dev_25388_0,acc_25388
dev_25389_0,acc_25389
dev_25390_0,acc_25390
dev_25391_0,acc_25391
dev_25392_0,acc_25392
dev_25393_0,acc_25393
dev_25394_0,acc_25394
dev_25395_0,acc_25395
dev_25396_0,acc_25396
dev_25397_0,acc_25397
dev_25398_0,acc_25398
dev_25399_0,acc_25399
dev_25399_1,acc_25399
dev_25400_0,acc_25400
dev_25401_0,acc_25401
dev_25402_0,acc_25402
dev_25403_0,acc_25403
dev_25404_0,acc_25404
dev_25405_0,acc_25405
dev_25406_0,acc_25406
dev_25407_0,acc_25407
dev_25408_0,acc_25408
dev_25409_0,acc_25409
dev_25410_0,acc_25410
dev_25411_0,acc_25411
dev_25412_0,acc_25412
dev_25413_0,acc_25413
dev_25414_0,acc_25414
dev_25415_0,acc_25415
dev_25416_0,acc_25416
dev_25417_0,acc_25417
dev_25418_0,acc_25418
dev_25419_0,acc_25419
dev_25420_0,acc_25420
dev_25421_0,acc_25421
dev_25422_0,acc_25422
dev_25423_0,acc_25423
dev_25424_0,acc_25424
dev_25425_0,acc_25425
dev_25426_0,acc_25426
dev_25427_0,acc_25427
dev_25428_0,acc_25428
dev_25429_0,acc_25429
dev_25430_0,acc_25430
dev_25431_0,acc_25431
dev_25432_0,acc_25432
dev_25433_0,acc_25433
dev_25434_0,acc_25434
dev_25435_0,acc_25435
dev_25436_0,acc_25436
dev_25437_0,acc_25437
dev_25438_0,acc_25438
dev_25439_0,acc_25439
dev_25440_0,acc_25440
dev_25441_0,acc_25441
dev_25442_0,acc_25442
dev_25443_0,acc_25443
dev_25444_0,acc_25444
dev_25445_0,acc_25445
dev_25446_0,acc_25446
dev_25447_0,acc_25447
dev_25448_0,acc_25448
dev_25449_0,acc_25449
dev_25450_0,acc_25450
dev_25451_0,acc_25451
dev_25452_0,acc_25452
dev_25453_0,acc_25453
dev_25454_0,acc_25454
dev_25455_0,acc_25455
dev_25456_0,acc_25456
dev_25457_0,acc_25457
dev_25457_1,acc_25457
dev_25458_0,acc_25458
dev_25459_0,acc_25459
dev_25460_0,acc_25460
dev_25461_0,acc_25461
dev_25462_0,acc_25462
dev_25463_0,acc_25463
dev_25464_0,acc_25464
dev_25465_0,acc_25465
dev_25466_0,acc_25466
dev_25467_0,acc_25467
dev_25468_0,acc_25468
dev_25469_0,acc_25469
dev_25470_0,acc_25470
dev_25471_0,acc_25471
dev_25472_0,acc_25472
dev_25473_0,acc_25473
dev_25474_0,acc_25474
dev_25475_0,acc_25475
dev_25476_0,acc_25476
dev_25477_0,acc_25477
dev_25478_0,acc_25478
dev_25479_0,acc_25479
dev_25480_0,acc_25480
dev_25481_0,acc_25481
dev_25482_0,acc_25482
dev_25483_0,acc_25483
dev_25484_0,acc_25484
dev_25485_0,acc_25485
dev_25486_0,acc_25486
dev_25487_0,acc_25487
dev_25488_0,acc_25488
dev_25489_0,acc_25489
dev_25489_1,acc_25489
dev_25490_0,acc_25490
dev_25491_0,acc_25491
dev_25492_0,acc_25492
dev_25493_0,acc_25493
dev_25494_0,acc_25494
dev_25495_0,acc_25495
dev_25496_0,acc_25496
dev_25497_0,acc_25497
dev_25498_0,acc_25498
dev_25499_0,acc_25499
dev_25500_0,acc_25500
dev_25501_0,acc_25501
dev_25502_0,acc_25502
dev_25503_0,acc_25503
dev_25504_0,acc_25504
dev_25505_0,acc_25505
dev_25506_0,acc_25506
dev_25507_0,acc_25507
dev_25508_0,acc_25508
dev_25508_1,acc_25508
dev_25509_0,acc_25509
dev_25510_0,acc_25510
dev_25511_0,acc_25511
dev_25512_0,acc_25512
dev_25513_0,acc_25513
dev_25514_0,acc_25514
dev_25515_0,acc_25515
dev_25516_0,acc_25516
dev_25517_0,acc_25517
dev_25518_0,acc_25518
dev_25519_0,acc_25519
dev_25520_0,acc_25520
dev_25521_0,acc_25521
dev_25522_0,acc_25522
dev_25523_0,acc_25523
dev_25524_0,acc_25524
dev_25525_0,acc_25525
dev_25526_0,acc_25526
dev_25527_0,acc_25527
dev_25528_0,acc_25528
dev_25529_0,acc_25529
dev_25530_0,acc_25530
dev_25531_0,acc_25531
dev_25532_0,acc_25532
dev_25533_0,acc_25533
dev_25534_0,acc_25534
dev_25535_0,acc_25535
dev_25536_0,acc_25536
dev_25537_0,acc_25537
dev_25538_0,acc_25538
dev_25539_0,acc_25539
dev_25540_0,acc_25540
dev_25541_0,acc_25541
dev_25541_1,acc_25541
dev_25542_0,acc_25542
dev_25543_0,acc_25543
dev_25544_0,acc_25544
dev_25545_0,acc_25545
dev_25546_0,acc_25546
dev_25547_0,acc_25547
dev_25548_0,acc_25548
dev_25549_0,acc_25549
dev_25550_0,acc_25550
dev_25551_0,acc_25551
dev_25552_0,acc_25552
dev_25553_0,acc_25553
dev_25554_0,acc_25554
dev_25555_0,acc_25555
dev_25556_0,acc_25556
dev_25557_0,acc_25557
dev_25558_0,acc_25558
dev_25559_0,acc_25559
dev_25560_0,acc_25560
dev_25561_0,acc_25561
dev_25562_0,acc_25562
dev_25563_0,acc_25563
dev_25564_0,acc_25564
dev_25565_0,acc_25565
dev_25566_0,acc_25566
dev_25567_0,acc_25567
dev_25568_0,acc_25568
dev_25568_1,acc_25568
dev_25569_0,acc_25569
dev_25570_0,acc_25570
dev_25571_0,acc_25571
dev_25572_0,acc_25572
dev_25573_0,acc_25573
dev_25574_0,acc_25574
dev_25575_0,acc_25575
dev_25576_0,acc_25576
dev_25577_0,acc_25577
dev_25578_0,acc_25578
dev_25579_0,acc_25579
dev_25580_0,acc_25580
dev_25580_1,acc_25580
dev_25581_0,acc_25581
dev_25582_0,acc_25582
dev_25582_1,acc_25582
dev_25583_0,acc_25583
dev_25584_0,acc_25584
dev_25585_0,acc_25585
dev_25586_0,acc_25586
dev_25586_1,acc_25586
dev_25587_0,acc_25587
dev_25588_0,acc_25588
dev_25589_0,acc_25589
dev_25590_0,acc_25590
dev_25591_0,acc_25591
dev_25592_0,acc_25592
dev_25593_0,acc_25593
dev_25594_0,acc_25594
dev_25595_0,acc_25595
dev_25596_0,acc_25596
dev_25597_0,acc_25597
dev_25598_0,acc_25598
dev_25599_0,acc_25599
dev_25600_0,acc_25600
dev_25601_0,acc_25601
dev_25602_0,acc_25602
dev_25603_0,acc_25603
dev_25604_0,acc_25604
dev_25605_0,acc_25605
dev_25606_0,acc_25606
dev_25607_0,acc_25607
dev_25608_0,acc_25608
dev_25609_0,acc_25609
dev_25610_0,acc_25610
dev_25611_0,acc_25611
dev_25612_0,acc_25612
dev_25613_0,acc_25613
dev_25614_0,acc_25614
dev_25615_0,acc_25615
dev_25616_0,acc_25616
dev_25617_0,acc_25617
dev_25618_0,acc_25618
dev_25619_0,acc_25619
dev_25620_0,acc_25620
dev_25621_0,acc_25621
dev_25622_0,acc_25622
dev_25623_0,acc_25623
dev_25624_0,acc_25624
dev_25625_0,acc_25625
dev_25625_1,acc_25625
dev_25626_0,acc_25626
dev_25627_0,acc_25627
dev_25628_0,acc_25628
dev_25629_0,acc_25629
dev_25630_0,acc_25630
dev_25631_0,acc_25631
dev_25632_0,acc_25632
dev_25633_0,acc_25633
dev_25634_0,acc_25634
dev_25634_1,acc_25634
dev_25635_0,acc_25635
dev_25636_0,acc_25636
dev_25637_0,acc_25637
dev_25638_0,acc_25638
dev_25638_1,acc_25638
dev_25639_0,acc_25639
dev_25640_0,acc_25640
dev_25641_0,acc_25641
dev_25642_0,acc_25642
dev_25643_0,acc_25643
dev_25644_0,acc_25644
dev_25645_0,acc_25645
dev_25646_0,acc_25646
dev_25647_0,acc_25647
dev_25648_0,acc_25648
dev_25649_0,acc_25649
dev_25650_0,acc_25650
dev_25651_0,acc_25651
dev_25652_0,acc_25652
dev_25653_0,acc_25653
dev_25654_0,acc_25654
dev_25655_0,acc_25655
dev_25656_0,acc_25656
dev_25657_0,acc_25657
dev_25658_0,acc_25658
dev_25659_0,acc_25659
dev_25660_0,acc_25660
dev_25661_0,acc_25661
dev_25662_0,acc_25662
dev_25663_0,acc_25663
dev_25664_0,acc_25664
dev_25665_0,acc_25665
dev_25666_0,acc_25666
dev_25667_0,acc_25667
dev_25667_1,acc_25667
dev_25668_0,acc_25668
dev_25668_1,acc_25668
dev_25669_0,acc_25669
dev_25670_0,acc_25670
dev_25671_0,acc_25671
dev_25672_0,acc_25672
dev_25673_0,acc_25673
dev_25674_0,acc_25674
dev_25675_0,acc_25675
dev_25676_0,acc_25676
dev_25677_0,acc_25677
dev_25678_0,acc_25678
dev_25679_0,acc_25679
dev_25680_0,acc_25680
dev_25681_0,acc_25681
dev_25682_0,acc_25682
dev_25683_0,acc_25683
dev_25684_0,acc_25684
dev_25685_0,acc_25685
dev_25686_0,acc_25686
dev_25687_0,acc_25687
dev_25688_0,acc_25688
dev_25689_0,acc_25689
dev_25690_0,acc_25690
dev_25691_0,acc_25691
dev_25692_0,acc_25692
dev_25693_0,acc_25693
dev_25693_1,acc_25693
dev_25694_0,acc_25694
dev_25695_0,acc_25695
dev_25696_0,acc_25696
dev_25697_0,acc_25697
dev_25698_0,acc_25698
dev_25699_0,acc_25699
dev_25700_0,acc_25700
dev_25701_0,acc_25701
dev_25701_1,acc_25701
dev_25702_0,acc_25702
dev_25703_0,acc_25703
dev_25704_0,acc_25704
dev_25705_0,acc_25705
dev_25706_0,acc_25706
dev_25707_0,acc_25707
dev_25708_0,acc_25708
dev_25709_0,acc_25709
dev_25710_0,acc_25710
dev_25711_0,acc_25711
dev_25712_0,acc_25712
dev_25713_0,acc_25713
dev_25714_0,acc_25714
dev_25715_0,acc_25715
dev_25716_0,acc_25716
dev_25717_0,acc_25717
dev_25718_0,acc_25718
dev_25719_0,acc_25719
dev_25720_0,acc_25720
dev_25721_0,acc_25721
dev_25722_0,acc_25722
dev_25723_0,acc_25723
dev_25724_0,acc_25724
dev_25725_0,acc_25725
dev_25726_0,acc_25726
dev_25727_0,acc_25727
dev_25728_0,acc_25728
dev_25728_1,acc_25728
dev_25729_0,acc_25729
dev_25730_0,acc_25730
dev_25731_0,acc_25731
dev_25732_0,acc_25732
dev_25733_0,acc_25733
dev_25734_0,acc_25734
dev_25735_0,acc_25735
dev_25735_1,acc_25735
dev_25736_0,acc_25736
dev_25737_0,acc_25737
dev_25738_0,acc_25738
dev_25739_0,acc_25739
dev_25740_0,acc_25740
dev_25741_0,acc_25741
dev_25742_0,acc_25742
dev_25743_0,acc_25743
dev_25744_0,acc_25744
dev_25744_1,acc_25744
dev_25745_0,acc_25745
dev_25746_0,acc_25746
dev_25747_0,acc_25747
dev_25748_0,acc_25748
dev_25749_0,acc_25749
dev_25750_0,acc_25750
dev_25751_0,acc_25751
dev_25752_0,acc_25752
dev_25753_0,acc_25753
dev_25754_0,acc_25754
dev_25755_0,acc_25755
dev_25756_0,acc_25756
dev_25757_0,acc_25757
dev_25758_0,acc_25758
dev_25759_0,acc_25759
dev_25760_0,acc_25760
dev_25761_0,acc_25761
dev_25762_0,acc_25762
dev_25763_0,acc_25763
dev_25764_0,acc_25764
dev_25765_0,acc_25765
dev_25765_1,acc_25765
dev_25766_0,acc_25766
dev_25767_0,acc_25767
dev_25768_0,acc_25768
dev_25769_0,acc_25769
dev_25770_0,acc_25770
dev_25771_0,acc_25771
dev_25772_0,acc_25772
dev_25773_0,acc_25773
dev_25774_0,acc_25774
dev_25775_0,acc_25775
dev_25775_1,acc_25775
dev_25776_0,acc_25776
dev_25777_0,acc_25777
dev_25778_0,acc_25778
dev_25779_0,acc_25779
dev_25780_0,acc_25780
dev_25781_0,acc_25781
dev_25782_0,acc_25782
dev_25783_0,acc_25783
dev_25784_0,acc_25784
dev_25785_0,acc_25785
dev_25786_0,acc_25786
dev_25787_0,acc_25787
dev_25788_0,acc_25788
dev_25789_0,acc_25789
dev_25790_0,acc_25790
dev_25790_1,acc_25790
dev_25791_0,acc_25791
dev_25791_1,acc_25791
dev_25792_0,acc_25792
dev_25793_0,acc_25793
dev_25794_0,acc_25794
dev_25795_0,acc_25795
dev_25796_0,acc_25796
dev_25797_0,acc_25797
dev_25798_0,acc_25798
dev_25799_0,acc_25799
dev_25800_0,acc_25800
dev_25801_0,acc_25801
dev_25802_0,acc_25802
dev_25803_0,acc_25803
dev_25804_0,acc_25804
dev_25805_0,acc_25805
dev_25806_0,acc_25806
dev_25807_0,acc_25807
dev_25808_0,acc_25808
dev_25809_0,acc_25809
dev_25810_0,acc_25810
dev_25811_0,acc_25811
dev_25812_0,acc_25812
dev_25813_0,acc_25813
dev_25814_0,acc_25814
dev_25815_0,acc_25815
dev_25816_0,acc_25816
dev_25817_0,acc_25817
dev_25818_0,acc_25818
dev_25819_0,acc_25819
dev_25820_0,acc_25820
dev_25821_0,acc_25821
dev_25822_0,acc_25822
dev_25823_0,acc_25823
dev_25824_0,acc_25824
dev_25825_0,acc_25825
dev_25826_0,acc_25826
dev_25827_0,acc_25827
dev_25828_0,acc_25828
dev_25829_0,acc_25829
dev_25830_0,acc_25830
dev_25831_0,acc_25831
dev_25832_0,acc_25832
dev_25833_0,acc_25833
dev_25834_0,acc_25834
dev_25835_0,acc_25835
dev_25836_0,acc_25836
dev_25837_0,acc_25837
dev_25838_0,acc_25838
dev_25838_1,acc_25838
dev_25839_0,acc_25839
dev_25840_0,acc_25840
dev_25841_0,acc_25841
dev_25842_0,acc_25842
dev_25843_0,acc_25843
dev_25843_1,acc_25843
dev_25844_0,acc_25844
dev_25845_0,acc_25845
dev_25846_0,acc_25846
dev_25847_0,acc_25847
dev_25848_0,acc_25848
dev_25849_0,acc_25849
dev_25849_1,acc_25849
dev_25850_0,acc_25850
dev_25851_0,acc_25851
dev_25852_0,acc_25852
dev_25853_0,acc_25853
dev_25854_0,acc_25854
dev_25855_0,acc_25855
dev_25855_1,acc_25855
dev_25856_0,acc_25856
dev_25857_0,acc_25857
dev_25858_0,acc_25858
dev_25859_0,acc_25859
dev_25860_0,acc_25860
dev_25861_0,acc_25861
dev_25862_0,acc_25862
dev_25863_0,acc_25863
dev_25864_0,acc_25864
dev_25865_0,acc_25865
dev_25866_0,acc_25866
dev_25867_0,acc_25867
dev_25868_0,acc_25868
dev_25869_0,acc_25869
dev_25870_0,acc_25870
dev_25871_0,acc_25871
dev_25872_0,acc_25872
dev_25873_0,acc_25873
dev_25874_0,acc_25874
dev_25875_0,acc_25875
dev_25876_0,acc_25876
dev_25877_0,acc_25877
dev_25878_0,acc_25878
dev_25878_1,acc_25878
dev_25879_0,acc_25879
dev_25880_0,acc_25880
dev_25881_0,acc_25881
dev_25882_0,acc_25882
dev_25883_0,acc_25883
dev_25884_0,acc_25884
dev_25885_0,acc_25885
dev_25886_0,acc_25886
dev_25887_0,acc_25887
dev_25888_0,acc_25888
dev_25889_0,acc_25889
dev_25890_0,acc_25890
dev_25891_0,acc_25891
dev_25892_0,acc_25892
dev_25893_0,acc_25893
dev_25894_0,acc_25894
dev_25895_0,acc_25895
dev_25896_0,acc_25896
dev_25897_0,acc_25897
dev_25898_0,acc_25898
dev_25899_0,acc_25899
dev_25900_0,acc_25900
dev_25901_0,acc_25901
dev_25902_0,acc_25902
dev_25903_0,acc_25903
dev_25904_0,acc_25904
dev_25905_0,acc_25905
dev_25906_0,acc_25906
dev_25907_0,acc_25907
dev_25908_0,acc_25908
dev_25909_0,acc_25909
dev_25910_0,acc_25910
dev_25911_0,acc_25911
dev_25912_0,acc_25912
dev_25913_0,acc_25913
dev_25914_0,acc_25914
dev_25914_1,acc_25914
dev_25915_0,acc_25915
dev_25916_0,acc_25916
dev_25917_0,acc_25917
dev_25918_0,acc_25918
dev_25919_0,acc_25919
dev_25919_1,acc_25919
dev_25920_0,acc_25920
dev_25921_0,acc_25921
dev_25922_0,acc_25922
dev_25923_0,acc_25923
dev_25924_0,acc_25924
dev_25925_0,acc_25925
dev_25926_0,acc_25926
dev_25927_0,acc_25927
dev_25928_0,acc_25928
dev_25929_0,acc_25929
dev_25930_0,acc_25930
dev_25931_0,acc_25931
dev_25932_0,acc_25932
dev_25933_0,acc_25933
dev_25934_0,acc_25934
dev_25935_0,acc_25935
dev_25936_0,acc_25936
dev_25937_0,acc_25937
dev_25938_0,acc_25938
dev_25939_0,acc_25939
dev_25940_0,acc_25940
dev_25941_0,acc_25941
dev_25942_0,acc_25942
dev_25942_1,acc_25942
dev_25943_0,acc_25943
dev_25944_0,acc_25944
dev_25945_0,acc_25945
dev_25946_0,acc_25946
dev_25947_0,acc_25947
dev_25948_0,acc_25948
dev_25949_0,acc_25949
dev_25950_0,acc_25950
dev_25951_0,acc_25951
dev_25952_0,acc_25952
dev_25953_0,acc_25953
dev_25954_0,acc_25954
dev_25955_0,acc_25955
dev_25956_0,acc_25956
dev_25957_0,acc_25957
dev_25958_0,acc_25958
dev_25959_0,acc_25959
dev_25960_0,acc_25960
dev_25961_0,acc_25961
dev_25962_0,acc_25962
dev_25963_0,acc_25963
dev_25964_0,acc_25964
dev_25964_1,acc_25964
dev_25965_0,acc_25965
dev_25966_0,acc_25966
dev_25967_0,acc_25967
dev_25968_0,acc_25968
dev_25969_0,acc_25969
dev_25970_0,acc_25970
dev_25971_0,acc_25971
dev_25972_0,acc_25972
dev_25973_0,acc_25973
dev_25974_0,acc_25974
dev_25975_0,acc_25975
dev_25976_0,acc_25976
dev_25977_0,acc_25977
dev_25978_0,acc_25978
dev_25979_0,acc_25979
dev_25980_0,acc_25980
dev_25981_0,acc_25981
dev_25982_0,acc_25982
dev_25983_0,acc_25983
dev_25984_0,acc_25984
dev_25985_0,acc_25985
dev_25986_0,acc_25986
dev_25987_0,acc_25987
dev_25988_0,acc_25988
dev_25989_0,acc_25989
dev_25990_0,acc_25990
dev_25991_0,acc_25991
dev_25992_0,acc_25992
dev_25993_0,acc_25993
dev_25994_0,acc_25994
dev_25995_0,acc_25995
dev_25996_0,acc_25996
dev_25997_0,acc_25997
dev_25998_0,acc_25998
dev_25999_0,acc_25999
dev_26000_0,acc_26000
dev_26001_0,acc_26001
dev_26002_0,acc_26002
dev_26003_0,acc_26003
dev_26004_0,acc_26004
dev_26005_0,acc_26005
dev_26006_0,acc_26006
dev_26007_0,acc_26007
dev_26008_0,acc_26008
dev_26009_0,acc_26009
dev_26010_0,acc_26010
dev_26011_0,acc_26011
dev_26012_0,acc_26012
dev_26013_0,acc_26013
dev_26013_1,acc_26013
dev_26014_0,acc_26014
dev_26014_1,acc_26014
dev_26015_0,acc_26015
dev_26016_0,acc_26016
dev_26017_0,acc_26017
dev_26018_0,acc_26018
dev_26019_0,acc_26019
dev_26020_0,acc_26020
dev_26021_0,acc_26021
dev_26022_0,acc_26022
dev_26023_0,acc_26023
dev_26024_0,acc_26024
dev_26025_0,acc_26025
dev_26026_0,acc_26026
dev_26027_0,acc_26027
dev_26028_0,acc_26028
dev_26029_0,acc_26029
dev_26030_0,acc_26030
dev_26031_0,acc_26031
dev_26032_0,acc_26032
dev_26033_0,acc_26033
dev_26034_0,acc_26034
dev_26035_0,acc_26035
dev_26035_1,acc_26035
dev_26036_0,acc_26036
dev_26036_1,acc_26036
dev_26037_0,acc_26037
dev_26038_0,acc_26038
dev_26039_0,acc_26039
dev_26040_0,acc_26040
dev_26041_0,acc_26041
dev_26042_0,acc_26042
dev_26043_0,acc_26043
dev_26044_0,acc_26044
dev_26045_0,acc_26045
dev_26046_0,acc_26046
dev_26047_0,acc_26047
dev_26048_0,acc_26048
dev_26049_0,acc_26049
dev_26050_0,acc_26050
dev_26051_0,acc_26051
dev_26052_0,acc_26052
dev_26053_0,acc_26053
dev_26054_0,acc_26054
dev_26055_0,acc_26055
dev_26056_0,acc_26056
dev_26057_0,acc_26057
dev_26058_0,acc_26058
dev_26059_0,acc_26059
dev_26060_0,acc_26060
dev_26061_0,acc_26061
dev_26062_0,acc_26062
dev_26063_0,acc_26063
dev_26064_0,acc_26064
dev_26065_0,acc_26065
dev_26066_0,acc_26066
dev_26067_0,acc_26067
dev_26067_1,acc_26067
dev_26068_0,acc_26068
dev_26069_0,acc_26069
dev_26070_0,acc_26070
dev_26071_0,acc_26071
dev_26072_0,acc_26072
dev_26073_0,acc_26073
dev_26074_0,acc_26074
dev_26075_0,acc_26075
dev_26076_0,acc_26076
dev_26077_0,acc_26077
dev_26078_0,acc_26078
dev_26079_0,acc_26079
dev_26080_0,acc_26080
dev_26081_0,acc_26081
dev_26082_0,acc_26082
dev_26083_0,acc_26083
dev_26084_0,acc_26084
dev_26085_0,acc_26085
dev_26086_0,acc_26086
dev_26087_0,acc_26087
dev_26088_0,acc_26088
dev_26089_0,acc_26089
dev_26090_0,acc_26090
dev_26091_0,acc_26091
dev_26092_0,acc_26092
dev_26093_0,acc_26093
dev_26094_0,acc_26094
dev_26095_0,acc_26095
dev_26096_0,acc_26096
dev_26097_0,acc_26097
dev_26098_0,acc_26098
dev_26099_0,acc_26099
dev_26100_0,acc_26100
dev_26101_0,acc_26101
dev_26101_1,acc_26101
dev_26102_0,acc_26102
dev_26103_0,acc_26103
dev_26104_0,acc_26104
dev_26105_0,acc_26105
dev_26106_0,acc_26106
dev_26107_0,acc_26107
dev_26108_0,acc_26108
dev_26109_0,acc_26109
dev_26110_0,acc_26110
dev_26111_0,acc_26111
dev_26112_0,acc_26112
dev_26113_0,acc_26113
dev_26114_0,acc_26114
dev_26115_0,acc_26115
dev_26116_0,acc_26116
dev_26117_0,acc_26117
dev_26118_0,acc_26118
dev_26119_0,acc_26119
dev_26120_0,acc_26120
dev_26121_0,acc_26121
dev_26122_0,acc_26122
dev_26123_0,acc_26123
dev_26124_0,acc_26124
dev_26125_0,acc_26125
dev_26126_0,acc_26126
dev_26127_0,acc_26127
dev_26128_0,acc_26128
dev_26129_0,acc_26129
dev_26130_0,acc_26130
dev_26131_0,acc_26131
dev_26132_0,acc_26132
dev_26133_0,acc_26133
dev_26134_0,acc_26134
dev_26134_1,acc_26134
dev_26135_0,acc_26135
dev_26136_0,acc_26136
dev_26137_0,acc_26137
dev_26138_0,acc_26138
dev_26138_1,acc_26138
dev_26139_0,acc_26139
dev_26140_0,acc_26140
dev_26141_0,acc_26141
dev_26142_0,acc_26142
dev_26143_0,acc_26143
dev_26144_0,acc_26144
dev_26145_0,acc_26145
dev_26145_1,acc_26145
dev_26146_0,acc_26146
dev_26147_0,acc_26147
dev_26148_0,acc_26148
dev_26149_0,acc_26149
dev_26150_0,acc_26150
dev_26151_0,acc_26151
dev_26152_0,acc_26152
dev_26153_0,acc_26153
dev_26154_0,acc_26154
dev_26155_0,acc_26155
dev_26156_0,acc_26156
dev_26157_0,acc_26157
dev_26158_0,acc_26158
dev_26159_0,acc_26159
dev_26160_0,acc_26160
dev_26161_0,acc_26161
dev_26162_0,acc_26162
dev_26163_0,acc_26163
dev_26164_0,acc_26164
dev_26165_0,acc_26165
dev_26166_0,acc_26166
dev_26167_0,acc_26167
dev_26168_0,acc_26168
dev_26169_0,acc_26169
dev_26170_0,acc_26170
dev_26171_0,acc_26171
dev_26172_0,acc_26172
dev_26173_0,acc_26173
dev_26174_0,acc_26174
dev_26175_0,acc_26175
dev_26176_0,acc_26176
dev_26177_0,acc_26177
dev_26177_1,acc_26177
dev_26178_0,acc_26178
dev_26179_0,acc_26179
dev_26180_0,acc_26180
dev_26181_0,acc_26181
dev_26182_0,acc_26182
dev_26183_0,acc_26183
dev_26184_0,acc_26184
dev_26185_0,acc_26185
dev_26185_1,acc_26185
dev_26186_0,acc_26186
dev_26187_0,acc_26187
dev_26188_0,acc_26188
dev_26189_0,acc_26189
dev_26190_0,acc_26190
dev_26191_0,acc_26191
dev_26192_0,acc_26192
dev_26193_0,acc_26193
dev_26194_0,acc_26194
dev_26195_0,acc_26195
dev_26196_0,acc_26196
dev_26197_0,acc_26197
dev_26198_0,acc_26198
dev_26199_0,acc_26199
dev_26200_0,acc_26200
dev_26201_0,acc_26201
dev_26202_0,acc_26202
dev_26203_0,acc_26203
dev_26204_0,acc_26204
dev_26205_0,acc_26205
dev_26206_0,acc_26206
dev_26207_0,acc_26207
dev_26208_0,acc_26208
dev_26209_0,acc_26209
dev_26210_0,acc_26210
dev_26211_0,acc_26211
dev_26212_0,acc_26212
dev_26213_0,acc_26213
dev_26214_0,acc_26214
dev_26215_0,acc_26215
dev_26216_0,acc_26216
dev_26217_0,acc_26217
dev_26218_0,acc_26218
dev_26219_0,acc_26219
dev_26220_0,acc_26220
dev_26221_0,acc_26221
dev_26221_1,acc_26221
dev_26222_0,acc_26222
dev_26223_0,acc_26223
dev_26224_0,acc_26224
dev_26224_1,acc_26224
dev_26225_0,acc_26225
dev_26226_0,acc_26226
dev_26227_0,acc_26227
dev_26228_0,acc_26228
dev_26229_0,acc_26229
dev_26230_0,acc_26230
dev_26231_0,acc_26231
dev_26232_0,acc_26232
dev_26233_0,acc_26233
dev_26234_0,acc_26234
dev_26235_0,acc_26235
dev_26236_0,acc_26236
dev_26237_0,acc_26237
dev_26238_0,acc_26238
dev_26239_0,acc_26239
dev_26240_0,acc_26240
dev_26241_0,acc_26241
dev_26242_0,acc_26242
dev_26243_0,acc_26243
dev_26244_0,acc_26244
dev_26244_1,acc_26244
dev_26245_0,acc_26245
dev_26246_0,acc_26246
dev_26247_0,acc_26247
dev_26248_0,acc_26248
dev_26249_0,acc_26249
dev_26250_0,acc_26250
dev_26251_0,acc_26251
dev_26252_0,acc_26252
dev_26252_1,acc_26252
dev_26253_0,acc_26253
dev_26254_0,acc_26254
dev_26255_0,acc_26255
dev_26256_0,acc_26256
dev_26257_0,acc_26257
dev_26258_0,acc_26258
dev_26259_0,acc_26259
dev_26260_0,acc_26260
dev_26261_0,acc_26261
dev_26262_0,acc_26262
dev_26263_0,acc_26263
dev_26264_0,acc_26264
dev_26265_0,acc_26265
dev_26266_0,acc_26266
dev_26266_1,acc_26266
dev_26267_0,acc_26267
dev_26268_0,acc_26268
dev_26269_0,acc_26269
dev_26270_0,acc_26270
dev_26271_0,acc_26271
dev_26272_0,acc_26272
dev_26273_0,acc_26273
dev_26273_1,acc_26273
dev_26274_0,acc_26274
dev_26275_0,acc_26275
dev_26276_0,acc_26276
dev_26277_0,acc_26277
dev_26278_0,acc_26278
dev_26279_0,acc_26279
dev_26280_0,acc_26280
dev_26281_0,acc_26281
dev_26282_0,acc_26282
dev_26283_0,acc_26283
dev_26284_0,acc_26284
dev_26285_0,acc_26285
dev_26286_0,acc_26286
dev_26287_0,acc_26287
dev_26288_0,acc_26288
dev_26288_1,acc_26288
dev_26289_0,acc_26289
dev_26290_0,acc_26290
dev_26291_0,acc_26291
dev_26292_0,acc_26292
dev_26293_0,acc_26293
dev_26294_0,acc_26294
dev_26295_0,acc_26295
dev_26296_0,acc_26296
dev_26297_0,acc_26297
dev_26298_0,acc_26298
dev_26299_0,acc_26299
dev_26300_0,acc_26300
dev_26301_0,acc_26301
dev_26302_0,acc_26302
dev_26303_0,acc_26303
dev_26304_0,acc_26304
dev_26305_0,acc_26305
dev_26306_0,acc_26306
dev_26307_0,acc_26307
dev_26308_0,acc_26308
dev_26309_0,acc_26309
dev_26310_0,acc_26310
dev_26311_0,acc_26311
dev_26312_0,acc_26312
dev_26313_0,acc_26313
dev_26314_0,acc_26314
dev_26315_0,acc_26315
dev_26316_0,acc_26316
dev_26316_1,acc_26316
dev_26317_0,acc_26317
dev_26318_0,acc_26318
dev_26319_0,acc_26319
dev_26320_0,acc_26320
dev_26321_0,acc_26321
dev_26322_0,acc_26322
dev_26323_0,acc_26323
dev_26324_0,acc_26324
dev_26325_0,acc_26325
dev_26326_0,acc_26326
dev_26327_0,acc_26327
dev_26328_0,acc_26328
dev_26329_0,acc_26329
dev_26330_0,acc_26330
dev_26331_0,acc_26331
dev_26332_0,acc_26332
dev_26333_0,acc_26333
dev_26334_0,acc_26334
dev_26335_0,acc_26335
dev_26336_0,acc_26336
dev_26337_0,acc_26337
dev_26338_0,acc_26338
dev_26339_0,acc_26339
dev_26340_0,acc_26340
dev_26341_0,acc_26341
dev_26342_0,acc_26342
dev_26343_0,acc_26343
dev_26344_0,acc_26344
dev_26345_0,acc_26345
dev_26346_0,acc_26346
dev_26347_0,acc_26347
dev_26348_0,acc_26348
dev_26349_0,acc_26349
dev_26350_0,acc_26350
dev_26351_0,acc_26351
dev_26352_0,acc_26352
dev_26353_0,acc_26353
dev_26354_0,acc_26354
dev_26355_0,acc_26355
dev_26355_1,acc_26355
dev_26356_0,acc_26356
dev_26357_0,acc_26357
dev_26358_0,acc_26358
dev_26359_0,acc_26359
dev_26360_0,acc_26360
dev_26361_0,acc_26361
dev_26362_0,acc_26362
dev_26363_0,acc_26363
dev_26364_0,acc_26364
dev_26365_0,acc_26365
dev_26366_0,acc_26366
dev_26367_0,acc_26367
dev_26368_0,acc_26368
dev_26369_0,acc_26369
dev_26370_0,acc_26370
dev_26371_0,acc_26371
dev_26372_0,acc_26372
dev_26373_0,acc_26373
dev_26374_0,acc_26374
dev_26375_0,acc_26375
dev_26376_0,acc_26376
dev_26377_0,acc_26377
dev_26378_0,acc_26378
dev_26379_0,acc_26379
dev_26380_0,acc_26380
dev_26381_0,acc_26381
dev_26382_0,acc_26382
dev_26383_0,acc_26383
dev_26384_0,acc_26384
dev_26385_0,acc_26385
dev_26386_0,acc_26386
dev_26387_0,acc_26387
dev_26388_0,acc_26388
dev_26389_0,acc_26389
dev_26390_0,acc_26390
dev_26391_0,acc_26391
dev_26392_0,acc_26392
dev_26393_0,acc_26393
dev_26394_0,acc_26394
dev_26395_0,acc_26395
dev_26396_0,acc_26396
dev_26397_0,acc_26397
dev_26398_0,acc_26398
dev_26399_0,acc_26399
dev_26400_0,acc_26400
dev_26401_0,acc_26401
dev_26402_0,acc_26402
dev_26403_0,acc_26403
dev_26404_0,acc_26404
dev_26405_0,acc_26405
dev_26406_0,acc_26406
dev_26407_0,acc_26407
dev_26407_1,acc_26407
dev_26408_0,acc_26408
dev_26409_0,acc_26409
dev_26410_0,acc_26410
dev_26411_0,acc_26411
dev_26412_0,acc_26412
dev_26413_0,acc_26413
dev_26414_0,acc_26414
dev_26415_0,acc_26415
dev_26416_0,acc_26416
dev_26417_0,acc_26417
dev_26418_0,acc_26418
dev_26419_0,acc_26419
dev_26420_0,acc_26420
dev_26421_0,acc_26421
dev_26422_0,acc_26422
dev_26423_0,acc_26423
dev_26424_0,acc_26424
dev_26425_0,acc_26425
dev_26426_0,acc_26426
dev_26427_0,acc_26427
dev_26428_0,acc_26428
dev_26429_0,acc_26429
dev_26430_0,acc_26430
dev_26431_0,acc_26431
dev_26432_0,acc_26432
dev_26433_0,acc_26433
dev_26434_0,acc_26434
dev_26435_0,acc_26435
dev_26436_0,acc_26436
dev_26437_0,acc_26437
dev_26438_0,acc_26438
dev_26439_0,acc_26439
dev_26440_0,acc_26440
dev_26441_0,acc_26441
dev_26442_0,acc_26442
dev_26443_0,acc_26443
dev_26444_0,acc_26444
dev_26445_0,acc_26445
dev_26446_0,acc_26446
dev_26446_1,acc_26446
dev_26447_0,acc_26447
dev_26448_0,acc_26448
dev_26449_0,acc_26449
dev_26450_0,acc_26450
dev_26451_0,acc_26451
dev_26452_0,acc_26452
dev_26453_0,acc_26453
dev_26454_0,acc_26454
dev_26455_0,acc_26455
dev_26456_0,acc_26456
dev_26457_0,acc_26457
dev_26458_0,acc_26458
dev_26459_0,acc_26459
dev_26460_0,acc_26460
dev_26461_0,acc_26461
dev_26462_0,acc_26462
dev_26463_0,acc_26463
dev_26464_0,acc_26464
dev_26465_0,acc_26465
dev_26466_0,acc_26466
dev_26467_0,acc_26467
dev_26468_0,acc_26468
dev_26469_0,acc_26469
dev_26469_1,acc_26469
dev_26470_0,acc_26470
dev_26471_0,acc_26471
dev_26472_0,acc_26472
dev_26473_0,acc_26473
dev_26474_0,acc_26474
dev_26475_0,acc_26475
dev_26476_0,acc_26476
dev_26477_0,acc_26477
dev_26478_0,acc_26478
dev_26479_0,acc_26479
dev_26480_0,acc_26480
dev_26481_0,acc_26481
dev_26482_0,acc_26482
dev_26483_0,acc_26483
dev_26484_0,acc_26484
dev_26485_0,acc_26485
dev_26486_0,acc_26486
dev_26487_0,acc_26487
dev_26488_0,acc_26488
dev_26489_0,acc_26489
dev_26490_0,acc_26490
dev_26491_0,acc_26491
dev_26492_0,acc_26492
dev_26493_0,acc_26493
dev_26494_0,acc_26494
dev_26495_0,acc_26495
dev_26496_0,acc_26496
dev_26497_0,acc_26497
dev_26498_0,acc_26498
dev_26499_0,acc_26499
dev_26500_0,acc_26500
dev_26501_0,acc_26501
dev_26502_0,acc_26502
dev_26503_0,acc_26503
dev_26504_0,acc_26504
dev_26505_0,acc_26505
dev_26506_0,acc_26506
dev_26507_0,acc_26507
dev_26508_0,acc_26508
dev_26509_0,acc_26509
dev_26510_0,acc_26510
dev_26511_0,acc_26511
dev_26512_0,acc_26512
dev_26513_0,acc_26513
dev_26514_0,acc_26514
dev_26515_0,acc_26515
dev_26516_0,acc_26516
dev_26517_0,acc_26517
dev_26518_0,acc_26518
dev_26519_0,acc_26519
dev_26519_1,acc_26519
dev_26520_0,acc_26520
dev_26520_1,acc_26520
dev_26521_0,acc_26521
dev_26521_1,acc_26521
dev_26522_0,acc_26522
dev_26523_0,acc_26523
dev_26524_0,acc_26524
dev_26525_0,acc_26525
dev_26526_0,acc_26526
dev_26527_0,acc_26527
dev_26528_0,acc_26528
dev_26529_0,acc_26529
dev_26530_0,acc_26530
dev_26531_0,acc_26531
dev_26532_0,acc_26532
dev_26533_0,acc_26533
dev_26534_0,acc_26534
dev_26535_0,acc_26535
dev_26536_0,acc_26536
dev_26537_0,acc_26537
dev_26538_0,acc_26538
dev_26539_0,acc_26539
dev_26539_1,acc_26539
dev_26540_0,acc_26540
dev_26541_0,acc_26541
dev_26542_0,acc_26542
dev_26543_0,acc_26543
dev_26544_0,acc_26544
dev_26545_0,acc_26545
dev_26546_0,acc_26546
dev_26547_0,acc_26547
dev_26548_0,acc_26548
dev_26548_1,acc_26548
dev_26549_0,acc_26549
dev_26550_0,acc_26550
dev_26551_0,acc_26551
dev_26552_0,acc_26552
dev_26553_0,acc_26553
dev_26554_0,acc_26554
dev_26555_0,acc_26555
dev_26556_0,acc_26556
dev_26557_0,acc_26557
dev_26558_0,acc_26558
dev_26559_0,acc_26559
dev_26560_0,acc_26560
dev_26561_0,acc_26561
dev_26562_0,acc_26562
dev_26563_0,acc_26563
dev_26564_0,acc_26564
dev_26565_0,acc_26565
dev_26566_0,acc_26566
dev_26567_0,acc_26567
dev_26568_0,acc_26568
dev_26569_0,acc_26569
dev_26570_0,acc_26570
dev_26571_0,acc_26571
dev_26572_0,acc_26572
dev_26573_0,acc_26573
dev_26574_0,acc_26574
dev_26575_0,acc_26575
dev_26576_0,acc_26576
dev_26577_0,acc_26577
dev_26578_0,acc_26578
dev_26579_0,acc_26579
dev_26580_0,acc_26580
dev_26581_0,acc_26581
dev_26582_0,acc_26582
dev_26583_0,acc_26583
dev_26584_0,acc_26584
dev_26585_0,acc_26585
dev_26586_0,acc_26586
dev_26587_0,acc_26587
dev_26588_0,acc_26588
dev_26589_0,acc_26589
dev_26590_0,acc_26590
dev_26591_0,acc_26591
dev_26592_0,acc_26592
dev_26593_0,acc_26593
dev_26594_0,acc_26594
dev_26595_0,acc_26595
dev_26595_1,acc_26595
dev_26596_0,acc_26596
dev_26597_0,acc_26597
dev_26598_0,acc_26598
dev_26599_0,acc_26599
dev_26600_0,acc_26600
dev_26601_0,acc_26601
dev_26602_0,acc_26602
dev_26603_0,acc_26603
dev_26604_0,acc_26604
dev_26605_0,acc_26605
dev_26605_1,acc_26605
dev_26606_0,acc_26606
dev_26607_0,acc_26607
dev_26608_0,acc_26608
dev_26609_0,acc_26609
dev_26610_0,acc_26610
dev_26611_0,acc_26611
dev_26612_0,acc_26612
dev_26613_0,acc_26613
dev_26614_0,acc_26614
dev_26615_0,acc_26615
dev_26616_0,acc_26616
dev_26617_0,acc_26617
dev_26618_0,acc_26618
dev_26619_0,acc_26619
dev_26620_0,acc_26620
dev_26621_0,acc_26621
dev_26622_0,acc_26622
dev_26623_0,acc_26623
dev_26624_0,acc_26624
dev_26625_0,acc_26625
dev_26626_0,acc_26626
dev_26627_0,acc_26627
dev_26628_0,acc_26628
dev_26629_0,acc_26629
dev_26630_0,acc_26630
dev_26631_0,acc_26631
dev_26632_0,acc_26632
dev_26633_0,acc_26633
dev_26634_0,acc_26634
dev_26635_0,acc_26635
dev_26636_0,acc_26636
dev_26637_0,acc_26637
dev_26638_0,acc_26638
dev_26639_0,acc_26639
dev_26640_0,acc_26640
dev_26641_0,acc_26641
dev_26642_0,acc_26642
dev_26643_0,acc_26643
dev_26644_0,acc_26644
dev_26645_0,acc_26645
dev_26646_0,acc_26646
dev_26647_0,acc_26647
dev_26648_0,acc_26648
dev_26649_0,acc_26649
dev_26650_0,acc_26650
dev_26651_0,acc_26651
dev_26652_0,acc_26652
dev_26653_0,acc_26653
dev_26654_0,acc_26654
dev_26655_0,acc_26655
dev_26656_0,acc_26656
dev_26656_1,acc_26656
dev_26657_0,acc_26657
dev_26658_0,acc_26658
dev_26659_0,acc_26659
dev_26660_0,acc_26660
dev_26661_0,acc_26661
dev_26662_0,acc_26662
dev_26663_0,acc_26663
dev_26664_0,acc_26664
dev_26665_0,acc_26665
dev_26666_0,acc_26666
dev_26666_1,acc_26666
dev_26667_0,acc_26667
dev_26668_0,acc_26668
dev_26669_0,acc_26669
dev_26670_0,acc_26670
dev_26671_0,acc_26671
dev_26672_0,acc_26672
dev_26673_0,acc_26673
dev_26674_0,acc_26674
dev_26675_0,acc_26675
dev_26676_0,acc_26676
dev_26677_0,acc_26677
dev_26678_0,acc_26678
dev_26679_0,acc_26679
dev_26680_0,acc_26680
dev_26681_0,acc_26681
dev_26682_0,acc_26682
dev_26683_0,acc_26683
dev_26684_0,acc_26684
dev_26685_0,acc_26685
dev_26686_0,acc_26686
dev_26687_0,acc_26687
dev_26688_0,acc_26688
dev_26689_0,acc_26689
dev_26690_0,acc_26690
dev_26691_0,acc_26691
dev_26692_0,acc_26692
dev_26693_0,acc_26693
dev_26694_0,acc_26694
dev_26695_0,acc_26695
dev_26696_0,acc_26696
dev_26697_0,acc_26697
dev_26698_0,acc_26698
dev_26699_0,acc_26699
dev_26699_1,acc_26699
dev_26700_0,acc_26700
dev_26701_0,acc_26701
dev_26702_0,acc_26702
dev_26703_0,acc_26703
dev_26704_0,acc_26704
dev_26705_0,acc_26705
dev_26706_0,acc_26706
dev_26707_0,acc_26707
dev_26708_0,acc_26708
dev_26709_0,acc_26709
dev_26710_0,acc_26710
dev_26711_0,acc_26711
dev_26712_0,acc_26712
dev_26713_0,acc_26713
dev_26714_0,acc_26714
dev_26715_0,acc_26715
dev_26716_0,acc_26716
dev_26717_0,acc_26717
dev_26718_0,acc_26718
dev_26719_0,acc_26719
dev_26720_0,acc_26720
dev_26721_0,acc_26721
dev_26722_0,acc_26722
dev_26723_0,acc_26723
dev_26724_0,acc_26724
dev_26725_0,acc_26725
dev_26726_0,acc_26726
dev_26726_1,acc_26726
dev_26727_0,acc_26727
dev_26728_0,acc_26728
dev_26729_0,acc_26729
dev_26730_0,acc_26730
dev_26731_0,acc_26731
dev_26732_0,acc_26732
dev_26732_1,acc_26732
dev_26733_0,acc_26733
dev_26734_0,acc_26734
dev_26735_0,acc_26735
dev_26736_0,acc_26736
dev_26737_0,acc_26737
dev_26737_1,acc_26737
dev_26738_0,acc_26738
dev_26739_0,acc_26739
dev_26740_0,acc_26740
dev_26740_1,acc_26740
dev_26741_0,acc_26741
dev_26742_0,acc_26742
dev_26743_0,acc_26743
dev_26744_0,acc_26744
dev_26745_0,acc_26745
dev_26746_0,acc_26746
dev_26747_0,acc_26747
dev_26748_0,acc_26748
dev_26749_0,acc_26749
dev_26750_0,acc_26750
dev_26751_0,acc_26751
dev_26752_0,acc_26752
dev_26753_0,acc_26753
dev_26754_0,acc_26754
dev_26755_0,acc_26755
dev_26756_0,acc_26756
dev_26757_0,acc_26757
dev_26757_1,acc_26757
dev_26758_0,acc_26758
dev_26759_0,acc_26759
dev_26760_0,acc_26760
dev_26761_0,acc_26761
dev_26762_0,acc_26762
dev_26763_0,acc_26763
dev_26764_0,acc_26764
dev_26765_0,acc_26765
dev_26766_0,acc_26766
dev_26767_0,acc_26767
dev_26768_0,acc_26768
dev_26769_0,acc_26769
dev_26770_0,acc_26770
dev_26771_0,acc_26771
dev_26772_0,acc_26772
dev_26773_0,acc_26773
dev_26774_0,acc_26774
dev_26775_0,acc_26775
dev_26776_0,acc_26776
dev_26776_1,acc_26776
dev_26777_0,acc_26777
dev_26778_0,acc_26778
dev_26779_0,acc_26779
dev_26780_0,acc_26780
dev_26781_0,acc_26781
dev_26781_1,acc_26781
dev_26782_0,acc_26782
dev_26783_0,acc_26783
dev_26784_0,acc_26784
dev_26785_0,acc_26785
dev_26786_0,acc_26786
dev_26787_0,acc_26787
dev_26788_0,acc_26788
dev_26789_0,acc_26789
dev_26790_0,acc_26790
dev_26791_0,acc_26791
dev_26792_0,acc_26792
dev_26793_0,acc_26793
dev_26794_0,acc_26794
dev_26795_0,acc_26795
dev_26796_0,acc_26796
dev_26797_0,acc_26797
dev_26798_0,acc_26798
dev_26799_0,acc_26799
dev_26800_0,acc_26800
dev_26801_0,acc_26801
dev_26802_0,acc_26802
dev_26803_0,acc_26803
dev_26804_0,acc_26804
dev_26805_0,acc_26805
dev_26806_0,acc_26806
dev_26807_0,acc_26807
dev_26808_0,acc_26808
dev_26809_0,acc_26809
dev_26810_0,acc_26810
dev_26811_0,acc_26811
dev_26812_0,acc_26812
dev_26813_0,acc_26813
dev_26814_0,acc_26814
dev_26815_0,acc_26815
dev_26816_0,acc_26816
dev_26817_0,acc_26817
dev_26817_1,acc_26817
dev_26818_0,acc_26818
dev_26819_0,acc_26819
dev_26820_0,acc_26820
dev_26821_0,acc_26821
dev_26822_0,acc_26822
dev_26823_0,acc_26823
dev_26824_0,acc_26824
dev_26825_0,acc_26825
dev_26826_0,acc_26826
dev_26827_0,acc_26827
dev_26828_0,acc_26828
dev_26829_0,acc_26829
dev_26830_0,acc_26830
dev_26831_0,acc_26831
dev_26832_0,acc_26832
dev_26833_0,acc_26833
dev_26834_0,acc_26834
dev_26835_0,acc_26835
dev_26836_0,acc_26836
dev_26837_0,acc_26837
dev_26838_0,acc_26838
dev_26839_0,acc_26839
dev_26840_0,acc_26840
dev_26841_0,acc_26841
dev_26842_0,acc_26842
dev_26843_0,acc_26843
dev_26844_0,acc_26844
dev_26845_0,acc_26845
dev_26845_1,acc_26845
dev_26846_0,acc_26846
dev_26847_0,acc_26847
dev_26848_0,acc_26848
dev_26849_0,acc_26849
dev_26850_0,acc_26850
dev_26851_0,acc_26851
dev_26852_0,acc_26852
dev_26853_0,acc_26853
dev_26854_0,acc_26854
dev_26855_0,acc_26855
dev_26856_0,acc_26856
dev_26856_1,acc_26856
dev_26857_0,acc_26857
dev_26858_0,acc_26858
dev_26859_0,acc_26859
dev_26860_0,acc_26860
dev_26861_0,acc_26861
dev_26862_0,acc_26862
dev_26863_0,acc_26863
dev_26864_0,acc_26864
dev_26865_0,acc_26865
dev_26866_0,acc_26866
dev_26867_0,acc_26867
dev_26868_0,acc_26868
dev_26869_0,acc_26869
dev_26870_0,acc_26870
dev_26871_0,acc_26871
dev_26872_0,acc_26872
dev_26873_0,acc_26873
dev_26874_0,acc_26874
dev_26875_0,acc_26875
dev_26876_0,acc_26876
dev_26877_0,acc_26877
dev_26878_0,acc_26878
dev_26879_0,acc_26879
dev_26880_0,acc_26880
dev_26881_0,acc_26881
dev_26882_0,acc_26882
dev_26883_0,acc_26883
dev_26884_0,acc_26884
dev_26885_0,acc_26885
dev_26886_0,acc_26886
dev_26887_0,acc_26887
dev_26888_0,acc_26888
dev_26889_0,acc_26889
dev_26890_0,acc_26890
dev_26890_1,acc_26890
dev_26891_0,acc_26891
dev_26892_0,acc_26892
dev_26893_0,acc_26893
dev_26894_0,acc_26894
dev_26895_0,acc_26895
dev_26896_0,acc_26896
dev_26897_0,acc_26897
dev_26898_0,acc_26898
dev_26899_0,acc_26899
dev_26899_1,acc_26899
dev_26900_0,acc_26900
dev_26901_0,acc_26901
dev_26902_0,acc_26902
dev_26903_0,acc_26903
dev_26904_0,acc_26904
dev_26904_1,acc_26904
dev_26905_0,acc_26905
dev_26905_1,acc_26905
dev_26906_0,acc_26906
dev_26907_0,acc_26907
dev_26908_0,acc_26908
dev_26909_0,acc_26909
dev_26910_0,acc_26910
dev_26911_0,acc_26911
dev_26912_0,acc_26912
dev_26913_0,acc_26913
dev_26914_0,acc_26914
dev_26915_0,acc_26915
dev_26916_0,acc_26916
dev_26917_0,acc_26917
dev_26918_0,acc_26918
dev_26919_0,acc_26919
dev_26920_0,acc_26920
dev_26921_0,acc_26921
dev_26922_0,acc_26922
dev_26923_0,acc_26923
dev_26924_0,acc_26924
dev_26925_0,acc_26925
dev_26926_0,acc_26926
dev_26927_0,acc_26927
dev_26928_0,acc_26928
dev_26929_0,acc_26929
dev_26930_0,acc_26930
dev_26931_0,acc_26931
dev_26932_0,acc_26932
dev_26933_0,acc_26933
dev_26933_1,acc_26933
dev_26934_0,acc_26934
dev_26935_0,acc_26935
dev_26936_0,acc_26936
dev_26937_0,acc_26937
dev_26938_0,acc_26938
dev_26939_0,acc_26939
dev_26940_0,acc_26940
dev_26941_0,acc_26941
dev_26942_0,acc_26942
dev_26943_0,acc_26943
dev_26944_0,acc_26944
dev_26945_0,acc_26945
dev_26946_0,acc_26946
dev_26947_0,acc_26947
dev_26948_0,acc_26948
dev_26949_0,acc_26949
dev_26950_0,acc_26950
dev_26951_0,acc_26951
dev_26952_0,acc_26952
dev_26953_0,acc_26953
dev_26954_0,acc_26954
dev_26955_0,acc_26955
dev_26956_0,acc_26956
dev_26957_0,acc_26957
dev_26958_0,acc_26958
dev_26959_0,acc_26959
dev_26959_1,acc_26959
dev_26960_0,acc_26960
dev_26961_0,acc_26961
dev_26962_0,acc_26962
dev_26963_0,acc_26963
dev_26964_0,acc_26964
dev_26965_0,acc_26965
dev_26966_0,acc_26966
dev_26967_0,acc_26967
dev_26968_0,acc_26968
dev_26969_0,acc_26969
dev_26970_0,acc_26970
dev_26971_0,acc_26971
dev_26972_0,acc_26972
dev_26973_0,acc_26973
dev_26974_0,acc_26974
dev_26975_0,acc_26975
dev_26976_0,acc_26976
dev_26977_0,acc_26977
dev_26978_0,acc_26978
dev_26979_0,acc_26979
dev_26980_0,acc_26980
dev_26981_0,acc_26981
dev_26982_0,acc_26982
dev_26983_0,acc_26983
dev_26984_0,acc_26984
dev_26985_0,acc_26985
dev_26985_1,acc_26985
dev_26986_0,acc_26986
dev_26987_0,acc_26987
dev_26988_0,acc_26988
dev_26989_0,acc_26989
dev_26990_0,acc_26990
dev_26991_0,acc_26991
dev_26992_0,acc_26992
dev_26992_1,acc_26992
dev_26993_0,acc_26993
dev_26993_1,acc_26993
dev_26994_0,acc_26994
dev_26995_0,acc_26995
dev_26996_0,acc_26996
dev_26997_0,acc_26997
dev_26998_0,acc_26998
dev_26999_0,acc_26999
dev_27000_0,acc_27000
dev_27001_0,acc_27001
dev_27002_0,acc_27002
dev_27003_0,acc_27003
dev_27004_0,acc_27004
dev_27005_0,acc_27005
dev_27006_0,acc_27006
dev_27007_0,acc_27007
dev_27007_1,acc_27007
dev_27008_0,acc_27008
dev_27009_0,acc_27009
dev_27009_1,acc_27009
dev_27010_0,acc_27010
dev_27011_0,acc_27011
dev_27012_0,acc_27012
dev_27013_0,acc_27013
dev_27014_0,acc_27014
dev_27015_0,acc_27015
dev_27016_0,acc_27016
dev_27017_0,acc_27017
dev_27018_0,acc_27018
dev_27019_0,acc_27019
dev_27020_0,acc_27020
dev_27021_0,acc_27021
dev_27022_0,acc_27022
dev_27023_0,acc_27023
dev_27024_0,acc_27024
dev_27024_1,acc_27024
dev_27025_0,acc_27025
dev_27026_0,acc_27026
dev_27027_0,acc_27027
dev_27028_0,acc_27028
dev_27029_0,acc_27029
dev_27030_0,acc_27030
dev_27031_0,acc_27031
dev_27032_0,acc_27032
dev_27033_0,acc_27033
dev_27034_0,acc_27034
dev_27035_0,acc_27035
dev_27036_0,acc_27036
dev_27036_1,acc_27036
dev_27037_0,acc_27037
dev_27038_0,acc_27038
dev_27039_0,acc_27039
dev_27040_0,acc_27040
dev_27040_1,acc_27040
dev_27041_0,acc_27041
dev_27042_0,acc_27042
dev_27043_0,acc_27043
dev_27044_0,acc_27044
dev_27044_1,acc_27044
dev_27045_0,acc_27045
dev_27046_0,acc_27046
dev_27047_0,acc_27047
dev_27048_0,acc_27048
dev_27049_0,acc_27049
dev_27050_0,acc_27050
dev_27051_0,acc_27051
dev_27052_0,acc_27052
dev_27053_0,acc_27053
dev_27054_0,acc_27054
dev_27055_0,acc_27055
dev_27056_0,acc_27056
dev_27056_1,acc_27056
dev_27057_0,acc_27057
dev_27058_0,acc_27058
dev_27059_0,acc_27059
dev_27060_0,acc_27060
dev_27061_0,acc_27061
dev_27061_1,acc_27061
dev_27062_0,acc_27062
dev_27063_0,acc_27063
dev_27064_0,acc_27064
dev_27065_0,acc_27065
dev_27066_0,acc_27066
dev_27067_0,acc_27067
dev_27068_0,acc_27068
dev_27069_0,acc_27069
dev_27070_0,acc_27070
dev_27071_0,acc_27071
dev_27071_1,acc_27071
dev_27072_0,acc_27072
dev_27073_0,acc_27073
dev_27074_0,acc_27074
dev_27075_0,acc_27075
dev_27076_0,acc_27076
dev_27077_0,acc_27077
dev_27078_0,acc_27078
dev_27079_0,acc_27079
dev_27080_0,acc_27080
dev_27081_0,acc_27081
dev_27082_0,acc_27082
dev_27083_0,acc_27083
dev_27084_0,acc_27084
dev_27085_0,acc_27085
dev_27086_0,acc_27086
dev_27087_0,acc_27087
dev_27088_0,acc_27088
dev_27089_0,acc_27089
dev_27090_0,acc_27090
dev_27091_0,acc_27091
dev_27092_0,acc_27092
dev_27093_0,acc_27093
dev_27094_0,acc_27094
dev_27095_0,acc_27095
dev_27096_0,acc_27096
dev_27097_0,acc_27097
dev_27098_0,acc_27098
dev_27099_0,acc_27099
dev_27100_0,acc_27100
dev_27101_0,acc_27101
dev_27102_0,acc_27102
dev_27103_0,acc_27103
dev_27104_0,acc_27104
dev_27105_0,acc_27105
dev_27106_0,acc_27106
dev_27107_0,acc_27107
dev_27108_0,acc_27108
dev_27109_0,acc_27109
dev_27110_0,acc_27110
dev_27111_0,acc_27111
dev_27112_0,acc_27112
dev_27113_0,acc_27113
dev_27114_0,acc_27114
dev_27115_0,acc_27115
dev_27116_0,acc_27116
dev_27117_0,acc_27117
dev_27118_0,acc_27118
dev_27119_0,acc_27119
dev_27120_0,acc_27120
dev_27121_0,acc_27121
dev_27122_0,acc_27122
dev_27123_0,acc_27123
dev_27124_0,acc_27124
dev_27125_0,acc_27125
dev_27126_0,acc_27126
dev_27127_0,acc_27127
dev_27128_0,acc_27128
dev_27129_0,acc_27129
dev_27130_0,acc_27130
dev_27131_0,acc_27131
dev_27132_0,acc_27132
dev_27133_0,acc_27133
dev_27134_0,acc_27134
dev_27135_0,acc_27135
dev_27136_0,acc_27136
dev_27137_0,acc_27137
dev_27138_0,acc_27138
dev_27139_0,acc_27139
dev_27140_0,acc_27140
dev_27141_0,acc_27141
dev_27142_0,acc_27142
dev_27143_0,acc_27143
dev_27144_0,acc_27144
dev_27145_0,acc_27145
dev_27146_0,acc_27146
dev_27147_0,acc_27147
dev_27148_0,acc_27148
dev_27149_0,acc_27149
dev_27150_0,acc_27150
dev_27151_0,acc_27151
dev_27152_0,acc_27152
dev_27153_0,acc_27153
dev_27154_0,acc_27154
dev_27155_0,acc_27155
dev_27156_0,acc_27156
dev_27157_0,acc_27157
dev_27158_0,acc_27158
dev_27159_0,acc_27159
dev_27160_0,acc_27160
dev_27161_0,acc_27161
dev_27162_0,acc_27162
dev_27163_0,acc_27163
dev_27164_0,acc_27164
dev_27165_0,acc_27165
dev_27166_0,acc_27166
dev_27167_0,acc_27167
dev_27168_0,acc_27168
dev_27168_1,acc_27168
dev_27169_0,acc_27169
dev_27170_0,acc_27170
dev_27171_0,acc_27171
dev_27172_0,acc_27172
dev_27173_0,acc_27173
dev_27174_0,acc_27174
dev_27175_0,acc_27175
dev_27176_0,acc_27176
dev_27177_0,acc_27177
dev_27178_0,acc_27178
dev_27179_0,acc_27179
dev_27180_0,acc_27180
dev_27181_0,acc_27181
dev_27182_0,acc_27182
dev_27183_0,acc_27183
dev_27184_0,acc_27184
dev_27185_0,acc_27185
dev_27186_0,acc_27186
dev_27187_0,acc_27187
dev_27188_0,acc_27188
dev_27189_0,acc_27189
dev_27190_0,acc_27190
dev_27191_0,acc_27191
dev_27192_0,acc_27192
dev_27193_0,acc_27193
dev_27194_0,acc_27194
dev_27195_0,acc_27195
dev_27196_0,acc_27196
dev_27197_0,acc_27197
dev_27198_0,acc_27198
dev_27199_0,acc_27199
dev_27200_0,acc_27200
dev_27200_1,acc_27200
dev_27201_0,acc_27201
dev_27202_0,acc_27202
dev_27203_0,acc_27203
dev_27204_0,acc_27204
dev_27205_0,acc_27205
dev_27206_0,acc_27206
dev_27207_0,acc_27207
dev_27208_0,acc_27208
dev_27209_0,acc_27209
dev_27209_1,acc_27209
dev_27210_0,acc_27210
dev_27211_0,acc_27211
dev_27212_0,acc_27212
dev_27213_0,acc_27213
dev_27214_0,acc_27214
dev_27215_0,acc_27215
dev_27216_0,acc_27216
dev_27217_0,acc_27217
dev_27218_0,acc_27218
dev_27219_0,acc_27219
dev_27220_0,acc_27220
dev_27221_0,acc_27221
dev_27222_0,acc_27222
dev_27223_0,acc_27223
dev_27224_0,acc_27224
dev_27225_0,acc_27225
dev_27226_0,acc_27226
dev_27226_1,acc_27226
dev_27227_0,acc_27227
dev_27228_0,acc_27228
dev_27229_0,acc_27229
dev_27230_0,acc_27230
dev_27231_0,acc_27231
dev_27232_0,acc_27232
dev_27233_0,acc_27233
dev_27234_0,acc_27234
dev_27235_0,acc_27235
dev_27236_0,acc_27236
dev_27237_0,acc_27237
dev_27238_0,acc_27238
dev_27239_0,acc_27239
dev_27240_0,acc_27240
dev_27241_0,acc_27241
dev_27242_0,acc_27242
dev_27243_0,acc_27243
dev_27244_0,acc_27244
dev_27245_0,acc_27245
dev_27246_0,acc_27246
dev_27247_0,acc_27247
dev_27248_0,acc_27248
dev_27249_0,acc_27249
dev_27250_0,acc_27250
dev_27251_0,acc_27251
dev_27252_0,acc_27252
dev_27253_0,acc_27253
dev_27254_0,acc_27254
dev_27255_0,acc_27255
dev_27256_0,acc_27256
dev_27257_0,acc_27257
dev_27258_0,acc_27258
dev_27259_0,acc_27259
dev_27260_0,acc_27260
dev_27261_0,acc_27261
dev_27262_0,acc_27262
dev_27262_1,acc_27262
dev_27263_0,acc_27263
dev_27264_0,acc_27264
dev_27265_0,acc_27265
dev_27266_0,acc_27266
dev_27267_0,acc_27267
dev_27268_0,acc_27268
dev_27269_0,acc_27269
dev_27270_0,acc_27270
dev_27270_1,acc_27270
dev_27271_0,acc_27271
dev_27272_0,acc_27272
dev_27273_0,acc_27273
dev_27274_0,acc_27274
dev_27275_0,acc_27275
dev_27276_0,acc_27276
dev_27277_0,acc_27277
dev_27278_0,acc_27278
dev_27279_0,acc_27279
dev_27280_0,acc_27280
dev_27281_0,acc_27281
dev_27282_0,acc_27282
dev_27283_0,acc_27283
dev_27284_0,acc_27284
dev_27285_0,acc_27285
dev_27286_0,acc_27286
dev_27287_0,acc_27287
dev_27288_0,acc_27288
dev_27289_0,acc_27289
dev_27290_0,acc_27290
dev_27291_0,acc_27291
dev_27292_0,acc_27292
dev_27293_0,acc_27293
dev_27294_0,acc_27294
dev_27295_0,acc_27295
dev_27296_0,acc_27296
dev_27296_1,acc_27296
dev_27297_0,acc_27297
dev_27298_0,acc_27298
dev_27299_0,acc_27299
dev_27300_0,acc_27300
dev_27301_0,acc_27301
dev_27302_0,acc_27302
dev_27303_0,acc_27303
dev_27304_0,acc_27304
dev_27305_0,acc_27305
dev_27306_0,acc_27306
dev_27306_1,acc_27306
dev_27307_0,acc_27307
dev_27308_0,acc_27308
dev_27309_0,acc_27309
dev_27310_0,acc_27310
dev_27311_0,acc_27311
dev_27312_0,acc_27312
dev_27313_0,acc_27313
dev_27314_0,acc_27314
dev_27315_0,acc_27315
dev_27316_0,acc_27316
dev_27317_0,acc_27317
dev_27318_0,acc_27318
dev_27319_0,acc_27319
dev_27320_0,acc_27320
dev_27321_0,acc_27321
dev_27322_0,acc_27322
dev_27323_0,acc_27323
dev_27324_0,acc_27324
dev_27325_0,acc_27325
dev_27326_0,acc_27326
dev_27327_0,acc_27327
dev_27328_0,acc_27328
dev_27328_1,acc_27328
dev_27329_0,acc_27329
dev_27330_0,acc_27330
dev_27331_0,acc_27331
dev_27332_0,acc_27332
dev_27333_0,acc_27333
dev_27334_0,acc_27334
dev_27335_0,acc_27335
dev_27336_0,acc_27336
dev_27337_0,acc_27337
dev_27338_0,acc_27338
dev_27339_0,acc_27339
dev_27340_0,acc_27340
dev_27341_0,acc_27341
dev_27342_0,acc_27342
dev_27343_0,acc_27343
dev_27344_0,acc_27344
dev_27345_0,acc_27345
dev_27346_0,acc_27346
dev_27347_0,acc_27347
dev_27348_0,acc_27348
dev_27349_0,acc_27349
dev_27350_0,acc_27350
dev_27351_0,acc_27351
dev_27352_0,acc_27352
dev_27353_0,acc_27353
dev_27354_0,acc_27354
dev_27355_0,acc_27355
dev_27356_0,acc_27356
dev_27357_0,acc_27357
dev_27358_0,acc_27358
dev_27359_0,acc_27359
dev_27360_0,acc_27360
dev_27361_0,acc_27361
dev_27362_0,acc_27362
dev_27363_0,acc_27363
dev_27364_0,acc_27364
dev_27365_0,acc_27365
dev_27366_0,acc_27366
dev_27367_0,acc_27367
dev_27368_0,acc_27368
dev_27369_0,acc_27369
dev_27370_0,acc_27370
dev_27371_0,acc_27371
dev_27372_0,acc_27372
dev_27373_0,acc_27373
dev_27374_0,acc_27374
dev_27375_0,acc_27375
dev_27376_0,acc_27376
dev_27377_0,acc_27377
dev_27378_0,acc_27378
dev_27379_0,acc_27379
dev_27380_0,acc_27380
dev_27381_0,acc_27381
dev_27382_0,acc_27382
dev_27383_0,acc_27383
dev_27384_0,acc_27384
dev_27385_0,acc_27385
dev_27386_0,acc_27386
dev_27387_0,acc_27387
dev_27388_0,acc_27388
dev_27389_0,acc_27389
dev_27390_0,acc_27390
dev_27391_0,acc_27391
dev_27392_0,acc_27392
dev_27393_0,acc_27393
dev_27394_0,acc_27394
dev_27395_0,acc_27395
dev_27396_0,acc_27396
dev_27397_0,acc_27397
dev_27398_0,acc_27398
dev_27399_0,acc_27399
dev_27400_0,acc_27400
dev_27401_0,acc_27401
dev_27402_0,acc_27402
dev_27403_0,acc_27403
dev_27404_0,acc_27404
dev_27405_0,acc_27405
dev_27406_0,acc_27406
dev_27407_0,acc_27407
dev_27408_0,acc_27408
dev_27409_0,acc_27409
dev_27410_0,acc_27410
dev_27411_0,acc_27411
dev_27412_0,acc_27412
dev_27413_0,acc_27413
dev_27414_0,acc_27414
dev_27415_0,acc_27415
dev_27416_0,acc_27416
dev_27417_0,acc_27417
dev_27418_0,acc_27418
dev_27419_0,acc_27419
dev_27420_0,acc_27420
dev_27421_0,acc_27421
dev_27422_0,acc_27422
dev_27423_0,acc_27423
dev_27424_0,acc_27424
dev_27424_1,acc_27424
dev_27425_0,acc_27425
dev_27426_0,acc_27426
dev_27427_0,acc_27427
dev_27427_1,acc_27427
dev_27428_0,acc_27428
dev_27429_0,acc_27429
dev_27430_0,acc_27430
dev_27431_0,acc_27431
dev_27432_0,acc_27432
dev_27433_0,acc_27433
dev_27434_0,acc_27434
dev_27435_0,acc_27435
dev_27436_0,acc_27436
dev_27437_0,acc_27437
dev_27438_0,acc_27438
dev_27439_0,acc_27439
dev_27440_0,acc_27440
dev_27441_0,acc_27441
dev_27442_0,acc_27442
dev_27443_0,acc_27443
dev_27444_0,acc_27444
dev_27445_0,acc_27445
dev_27446_0,acc_27446
dev_27447_0,acc_27447
dev_27448_0,acc_27448
dev_27449_0,acc_27449
dev_27450_0,acc_27450
dev_27451_0,acc_27451
dev_27452_0,acc_27452
dev_27453_0,acc_27453
dev_27454_0,acc_27454
dev_27455_0,acc_27455
dev_27456_0,acc_27456
dev_27457_0,acc_27457
dev_27458_0,acc_27458
dev_27459_0,acc_27459
dev_27460_0,acc_27460
dev_27461_0,acc_27461
dev_27462_0,acc_27462
dev_27463_0,acc_27463
dev_27464_0,acc_27464
dev_27465_0,acc_27465
dev_27466_0,acc_27466
dev_27467_0,acc_27467
dev_27468_0,acc_27468
dev_27468_1,acc_27468
dev_27469_0,acc_27469
dev_27470_0,acc_27470
dev_27471_0,acc_27471
dev_27472_0,acc_27472
dev_27473_0,acc_27473
dev_27474_0,acc_27474
dev_27475_0,acc_27475
dev_27476_0,acc_27476
dev_27477_0,acc_27477
dev_27478_0,acc_27478
dev_27478_1,acc_27478
dev_27479_0,acc_27479
dev_27480_0,acc_27480
dev_27481_0,acc_27481
dev_27482_0,acc_27482
dev_27483_0,acc_27483
dev_27483_1,acc_27483
dev_27484_0,acc_27484
dev_27485_0,acc_27485
dev_27486_0,acc_27486
dev_27487_0,acc_27487
dev_27488_0,acc_27488
dev_27489_0,acc_27489
dev_27490_0,acc_27490
dev_27491_0,acc_27491
dev_27492_0,acc_27492
dev_27493_0,acc_27493
dev_27494_0,acc_27494
dev_27495_0,acc_27495
dev_27495_1,acc_27495
dev_27496_0,acc_27496
dev_27497_0,acc_27497
dev_27498_0,acc_27498
dev_27499_0,acc_27499
dev_27500_0,acc_27500
dev_27501_0,acc_27501
dev_27502_0,acc_27502
dev_27503_0,acc_27503
dev_27504_0,acc_27504
dev_27505_0,acc_27505
dev_27506_0,acc_27506
dev_27507_0,acc_27507
dev_27508_0,acc_27508
dev_27509_0,acc_27509
dev_27510_0,acc_27510
dev_27511_0,acc_27511
dev_27512_0,acc_27512
dev_27513_0,acc_27513
dev_27514_0,acc_27514
dev_27515_0,acc_27515
dev_27516_0,acc_27516
dev_27517_0,acc_27517
dev_27518_0,acc_27518
dev_27519_0,acc_27519
dev_27520_0,acc_27520
dev_27521_0,acc_27521
dev_27522_0,acc_27522
dev_27522_1,acc_27522
dev_27523_0,acc_27523
dev_27524_0,acc_27524
dev_27525_0,acc_27525
dev_27526_0,acc_27526
dev_27527_0,acc_27527
dev_27528_0,acc_27528
dev_27529_0,acc_27529
dev_27530_0,acc_27530
dev_27531_0,acc_27531
dev_27532_0,acc_27532
dev_27533_0,acc_27533
dev_27534_0,acc_27534
dev_27535_0,acc_27535
dev_27536_0,acc_27536
dev_27537_0,acc_27537
dev_27538_0,acc_27538
dev_27539_0,acc_27539
dev_27540_0,acc_27540
dev_27541_0,acc_27541
dev_27542_0,acc_27542
dev_27543_0,acc_27543
dev_27544_0,acc_27544
dev_27545_0,acc_27545
dev_27546_0,acc_27546
dev_27547_0,acc_27547
dev_27547_1,acc_27547
dev_27548_0,acc_27548
dev_27549_0,acc_27549
dev_27550_0,acc_27550
dev_27551_0,acc_27551
dev_27552_0,acc_27552
dev_27553_0,acc_27553
dev_27554_0,acc_27554
dev_27555_0,acc_27555
dev_27556_0,acc_27556
dev_27557_0,acc_27557
dev_27558_0,acc_27558
dev_27559_0,acc_27559
dev_27560_0,acc_27560
dev_27561_0,acc_27561
dev_27562_0,acc_27562
dev_27563_0,acc_27563
dev_27564_0,acc_27564
dev_27565_0,acc_27565
dev_27566_0,acc_27566
dev_27567_0,acc_27567
dev_27567_1,acc_27567
dev_27568_0,acc_27568
dev_27569_0,acc_27569
dev_27570_0,acc_27570
dev_27571_0,acc_27571
dev_27572_0,acc_27572
dev_27573_0,acc_27573
dev_27574_0,acc_27574
dev_27575_0,acc_27575
dev_27576_0,acc_27576
dev_27577_0,acc_27577
dev_27578_0,acc_27578
dev_27579_0,acc_27579
dev_27580_0,acc_27580
dev_27581_0,acc_27581
dev_27582_0,acc_27582
dev_27583_0,acc_27583
dev_27583_1,acc_27583
dev_27584_0,acc_27584
dev_27585_0,acc_27585
dev_27586_0,acc_27586
dev_27587_0,acc_27587
dev_27588_0,acc_27588
dev_27589_0,acc_27589
dev_27590_0,acc_27590
dev_27591_0,acc_27591
dev_27592_0,acc_27592
dev_27593_0,acc_27593
dev_27594_0,acc_27594
dev_27594_1,acc_27594
dev_27595_0,acc_27595
dev_27596_0,acc_27596
dev_27597_0,acc_27597
dev_27598_0,acc_27598
dev_27599_0,acc_27599
dev_27600_0,acc_27600
dev_27601_0,acc_27601
dev_27602_0,acc_27602
dev_27603_0,acc_27603
dev_27604_0,acc_27604
dev_27605_0,acc_27605
dev_27606_0,acc_27606
dev_27607_0,acc_27607
dev_27608_0,acc_27608
dev_27609_0,acc_27609
dev_27610_0,acc_27610
dev_27611_0,acc_27611
dev_27612_0,acc_27612
dev_27612_1,acc_27612
dev_27613_0,acc_27613
dev_27614_0,acc_27614
dev_27615_0,acc_27615
dev_27616_0,acc_27616
dev_27617_0,acc_27617
dev_27618_0,acc_27618
dev_27619_0,acc_27619
dev_27620_0,acc_27620
dev_27621_0,acc_27621
dev_27622_0,acc_27622
dev_27623_0,acc_27623
dev_27624_0,acc_27624
dev_27625_0,acc_27625
dev_27626_0,acc_27626
dev_27627_0,acc_27627
dev_27628_0,acc_27628
dev_27628_1,acc_27628
dev_27629_0,acc_27629
dev_27630_0,acc_27630
dev_27631_0,acc_27631
dev_27632_0,acc_27632
dev_27633_0,acc_27633
dev_27634_0,acc_27634
dev_27635_0,acc_27635
dev_27636_0,acc_27636
dev_27637_0,acc_27637
dev_27638_0,acc_27638
dev_27639_0,acc_27639
dev_27640_0,acc_27640
dev_27641_0,acc_27641
dev_27642_0,acc_27642
dev_27643_0,acc_27643
dev_27644_0,acc_27644
dev_27645_0,acc_27645
dev_27645_1,acc_27645
dev_27646_0,acc_27646
dev_27647_0,acc_27647
dev_27648_0,acc_27648
dev_27649_0,acc_27649
dev_27650_0,acc_27650
dev_27651_0,acc_27651
dev_27652_0,acc_27652
dev_27653_0,acc_27653
dev_27654_0,acc_27654
dev_27654_1,acc_27654
dev_27655_0,acc_27655
dev_27656_0,acc_27656
dev_27657_0,acc_27657
dev_27658_0,acc_27658
dev_27659_0,acc_27659
dev_27660_0,acc_27660
dev_27661_0,acc_27661
dev_27662_0,acc_27662
dev_27663_0,acc_27663
dev_27664_0,acc_27664
dev_27665_0,acc_27665
dev_27666_0,acc_27666
dev_27667_0,acc_27667
dev_27668_0,acc_27668
dev_27669_0,acc_27669
dev_27670_0,acc_27670
dev_27671_0,acc_27671
dev_27672_0,acc_27672
dev_27673_0,acc_27673
dev_27674_0,acc_27674
dev_27675_0,acc_27675
dev_27676_0,acc_27676
dev_27677_0,acc_27677
dev_27678_0,acc_27678
dev_27679_0,acc_27679
dev_27680_0,acc_27680
dev_27680_1,acc_27680
dev_27681_0,acc_27681
dev_27682_0,acc_27682
dev_27683_0,acc_27683
dev_27684_0,acc_27684
dev_27685_0,acc_27685
dev_27686_0,acc_27686
dev_27687_0,acc_27687
dev_27688_0,acc_27688
dev_27689_0,acc_27689
dev_27690_0,acc_27690
dev_27691_0,acc_27691
dev_27692_0,acc_27692
dev_27693_0,acc_27693
dev_27694_0,acc_27694
dev_27695_0,acc_27695
dev_27696_0,acc_27696
dev_27696_1,acc_27696
dev_27697_0,acc_27697
dev_27698_0,acc_27698
dev_27699_0,acc_27699
dev_27700_0,acc_27700
dev_27701_0,acc_27701
dev_27702_0,acc_27702
dev_27703_0,acc_27703
dev_27704_0,acc_27704
dev_27705_0,acc_27705
dev_27706_0,acc_27706
dev_27707_0,acc_27707
dev_27708_0,acc_27708
dev_27709_0,acc_27709
dev_27710_0,acc_27710
dev_27711_0,acc_27711
dev_27712_0,acc_27712
dev_27713_0,acc_27713
dev_27714_0,acc_27714
dev_27715_0,acc_27715
dev_27716_0,acc_27716
dev_27717_0,acc_27717
dev_27718_0,acc_27718
dev_27719_0,acc_27719
dev_27720_0,acc_27720
dev_27721_0,acc_27721
dev_27722_0,acc_27722
dev_27723_0,acc_27723
dev_27724_0,acc_27724
dev_27725_0,acc_27725
dev_27726_0,acc_27726
dev_27727_0,acc_27727
dev_27728_0,acc_27728
dev_27729_0,acc_27729
dev_27730_0,acc_27730
dev_27731_0,acc_27731
dev_27732_0,acc_27732
dev_27733_0,acc_27733
dev_27734_0,acc_27734
dev_27735_0,acc_27735
dev_27736_0,acc_27736
dev_27737_0,acc_27737
dev_27738_0,acc_27738
dev_27738_1,acc_27738
dev_27739_0,acc_27739
dev_27740_0,acc_27740
dev_27741_0,acc_27741
dev_27742_0,acc_27742
dev_27743_0,acc_27743
dev_27744_0,acc_27744
dev_27745_0,acc_27745
dev_27746_0,acc_27746
dev_27747_0,acc_27747
dev_27748_0,acc_27748
dev_27749_0,acc_27749
dev_27750_0,acc_27750
dev_27751_0,acc_27751
dev_27752_0,acc_27752
dev_27753_0,acc_27753
dev_27754_0,acc_27754
dev_27755_0,acc_27755
dev_27756_0,acc_27756
dev_27757_0,acc_27757
dev_27758_0,acc_27758
dev_27759_0,acc_27759
dev_27760_0,acc_27760
dev_27761_0,acc_27761
dev_27762_0,acc_27762
dev_27763_0,acc_27763
dev_27764_0,acc_27764
dev_27765_0,acc_27765
dev_27766_0,acc_27766
dev_27767_0,acc_27767
dev_27768_0,acc_27768
dev_27769_0,acc_27769
dev_27770_0,acc_27770
dev_27771_0,acc_27771
dev_27772_0,acc_27772
dev_27773_0,acc_27773
dev_27774_0,acc_27774
dev_27775_0,acc_27775
dev_27775_1,acc_27775
dev_27776_0,acc_27776
dev_27777_0,acc_27777
dev_27778_0,acc_27778
dev_27779_0,acc_27779
dev_27780_0,acc_27780
dev_27781_0,acc_27781
dev_27782_0,acc_27782
dev_27783_0,acc_27783
dev_27783_1,acc_27783
dev_27784_0,acc_27784
dev_27785_0,acc_27785
dev_27786_0,acc_27786
dev_27787_0,acc_27787
dev_27788_0,acc_27788
dev_27789_0,acc_27789
dev_27790_0,acc_27790
dev_27791_0,acc_27791
dev_27792_0,acc_27792
dev_27793_0,acc_27793
dev_27794_0,acc_27794
dev_27795_0,acc_27795
dev_27796_0,acc_27796
dev_27797_0,acc_27797
dev_27798_0,acc_27798
dev_27799_0,acc_27799
dev_27800_0,acc_27800
dev_27801_0,acc_27801
dev_27802_0,acc_27802
dev_27803_0,acc_27803
dev_27804_0,acc_27804
dev_27805_0,acc_27805
dev_27806_0,acc_27806
dev_27807_0,acc_27807
dev_27808_0,acc_27808
dev_27809_0,acc_27809
dev_27810_0,acc_27810
dev_27811_0,acc_27811
dev_27812_0,acc_27812
dev_27813_0,acc_27813
dev_27814_0,acc_27814
dev_27815_0,acc_27815
dev_27815_1,acc_27815
dev_27816_0,acc_27816
dev_27817_0,acc_27817
dev_27818_0,acc_27818
dev_27819_0,acc_27819
dev_27820_0,acc_27820
dev_27821_0,acc_27821
dev_27822_0,acc_27822
dev_27823_0,acc_27823
dev_27824_0,acc_27824
dev_27825_0,acc_27825
dev_27826_0,acc_27826
dev_27827_0,acc_27827
dev_27828_0,acc_27828
dev_27829_0,acc_27829
dev_27830_0,acc_27830
dev_27831_0,acc_27831
dev_27832_0,acc_27832
dev_27833_0,acc_27833
dev_27834_0,acc_27834
dev_27835_0,acc_27835
dev_27836_0,acc_27836
dev_27837_0,acc_27837
dev_27838_0,acc_27838
dev_27839_0,acc_27839
dev_27840_0,acc_27840
dev_27841_0,acc_27841
dev_27841_1,acc_27841
dev_27842_0,acc_27842
dev_27843_0,acc_27843
dev_27844_0,acc_27844
dev_27845_0,acc_27845
dev_27846_0,acc_27846
dev_27847_0,acc_27847
dev_27848_0,acc_27848
dev_27849_0,acc_27849
dev_27850_0,acc_27850
dev_27851_0,acc_27851
dev_27852_0,acc_27852
dev_27853_0,acc_27853
dev_27854_0,acc_27854
dev_27855_0,acc_27855
dev_27856_0,acc_27856
dev_27857_0,acc_27857
dev_27858_0,acc_27858
dev_27859_0,acc_27859
dev_27860_0,acc_27860
dev_27860_1,acc_27860
dev_27861_0,acc_27861
dev_27862_0,acc_27862
dev_27863_0,acc_27863
dev_27864_0,acc_27864
dev_27865_0,acc_27865
dev_27866_0,acc_27866
dev_27867_0,acc_27867
dev_27868_0,acc_27868
dev_27869_0,acc_27869
dev_27870_0,acc_27870
dev_27871_0,acc_27871
dev_27872_0,acc_27872
dev_27873_0,acc_27873
dev_27874_0,acc_27874
dev_27875_0,acc_27875
dev_27876_0,acc_27876
dev_27877_0,acc_27877
dev_27878_0,acc_27878
dev_27879_0,acc_27879
dev_27880_0,acc_27880
dev_27881_0,acc_27881
dev_27882_0,acc_27882
dev_27883_0,acc_27883
dev_27884_0,acc_27884
dev_27884_1,acc_27884
dev_27885_0,acc_27885
dev_27886_0,acc_27886
dev_27887_0,acc_27887
dev_27887_1,acc_27887
dev_27888_0,acc_27888
dev_27889_0,acc_27889
dev_27890_0,acc_27890
dev_27891_0,acc_27891
dev_27892_0,acc_27892
dev_27893_0,acc_27893
dev_27894_0,acc_27894
dev_27895_0,acc_27895
dev_27896_0,acc_27896
dev_27897_0,acc_27897
dev_27898_0,acc_27898
dev_27899_0,acc_27899
dev_27900_0,acc_27900
dev_27901_0,acc_27901
dev_27902_0,acc_27902
dev_27903_0,acc_27903
dev_27904_0,acc_27904
dev_27905_0,acc_27905
dev_27906_0,acc_27906
dev_27907_0,acc_27907
dev_27908_0,acc_27908
dev_27909_0,acc_27909
dev_27910_0,acc_27910
dev_27911_0,acc_27911
dev_27912_0,acc_27912
dev_27913_0,acc_27913
dev_27914_0,acc_27914
dev_27915_0,acc_27915
dev_27916_0,acc_27916
dev_27917_0,acc_27917
dev_27918_0,acc_27918
dev_27919_0,acc_27919
dev_27920_0,acc_27920
dev_27921_0,acc_27921
dev_27922_0,acc_27922
dev_27923_0,acc_27923
dev_27924_0,acc_27924
dev_27925_0,acc_27925
dev_27926_0,acc_27926
dev_27927_0,acc_27927
dev_27928_0,acc_27928
dev_27929_0,acc_27929
dev_27930_0,acc_27930
dev_27931_0,acc_27931
dev_27932_0,acc_27932
dev_27933_0,acc_27933
dev_27934_0,acc_27934
dev_27935_0,acc_27935
dev_27936_0,acc_27936
dev_27937_0,acc_27937
dev_27938_0,acc_27938
dev_27939_0,acc_27939
dev_27940_0,acc_27940
dev_27941_0,acc_27941
dev_27942_0,acc_27942
dev_27943_0,acc_27943
dev_27944_0,acc_27944
dev_27945_0,acc_27945
dev_27945_1,acc_27945
dev_27946_0,acc_27946
dev_27947_0,acc_27947
dev_27948_0,acc_27948
dev_27949_0,acc_27949
dev_27950_0,acc_27950
dev_27951_0,acc_27951
dev_27951_1,acc_27951
dev_27952_0,acc_27952
dev_27953_0,acc_27953
dev_27954_0,acc_27954
dev_27955_0,acc_27955
dev_27956_0,acc_27956
dev_27957_0,acc_27957
dev_27958_0,acc_27958
dev_27959_0,acc_27959
dev_27959_1,acc_27959
dev_27960_0,acc_27960
dev_27961_0,acc_27961
dev_27962_0,acc_27962
dev_27963_0,acc_27963
dev_27964_0,acc_27964
dev_27965_0,acc_27965
dev_27966_0,acc_27966
dev_27967_0,acc_27967
dev_27968_0,acc_27968
dev_27969_0,acc_27969
dev_27970_0,acc_27970
dev_27971_0,acc_27971
dev_27971_1,acc_27971
dev_27972_0,acc_27972
dev_27973_0,acc_27973
dev_27974_0,acc_27974
dev_27975_0,acc_27975
dev_27975_1,acc_27975
dev_27976_0,acc_27976
dev_27977_0,acc_27977
dev_27978_0,acc_27978
dev_27979_0,acc_27979
dev_27980_0,acc_27980
dev_27981_0,acc_27981
dev_27982_0,acc_27982
dev_27983_0,acc_27983
dev_27984_0,acc_27984
dev_27985_0,acc_27985
dev_27986_0,acc_27986
dev_27987_0,acc_27987
dev_27988_0,acc_27988
dev_27989_0,acc_27989
dev_27990_0,acc_27990
dev_27991_0,acc_27991
dev_27992_0,acc_27992
dev_27993_0,acc_27993
dev_27994_0,acc_27994
dev_27995_0,acc_27995
dev_27996_0,acc_27996
dev_27997_0,acc_27997
dev_27997_1,acc_27997
dev_27998_0,acc_27998
dev_27999_0,acc_27999
dev_28000_0,acc_28000
dev_28000_1,acc_28000
dev_28001_0,acc_28001
dev_28002_0,acc_28002
dev_28003_0,acc_28003
dev_28004_0,acc_28004
dev_28005_0,acc_28005
dev_28006_0,acc_28006
dev_28007_0,acc_28007
dev_28008_0,acc_28008
dev_28009_0,acc_28009
dev_28010_0,acc_28010
dev_28010_1,acc_28010
dev_28011_0,acc_28011
dev_28012_0,acc_28012
dev_28013_0,acc_28013
dev_28014_0,acc_28014
dev_28014_1,acc_28014
dev_28015_0,acc_28015
dev_28016_0,acc_28016
dev_28017_0,acc_28017
dev_28018_0,acc_28018
dev_28019_0,acc_28019
dev_28020_0,acc_28020
dev_28021_0,acc_28021
dev_28022_0,acc_28022
dev_28023_0,acc_28023
dev_28024_0,acc_28024
dev_28025_0,acc_28025
dev_28026_0,acc_28026
dev_28027_0,acc_28027
dev_28028_0,acc_28028
dev_28028_1,acc_28028
dev_28029_0,acc_28029
dev_28030_0,acc_28030
dev_28031_0,acc_28031
dev_28032_0,acc_28032
dev_28033_0,acc_28033
dev_28034_0,acc_28034
dev_28035_0,acc_28035
dev_28036_0,acc_28036
dev_28037_0,acc_28037
dev_28038_0,acc_28038
dev_28039_0,acc_28039
dev_28040_0,acc_28040
dev_28041_0,acc_28041
dev_28042_0,acc_28042
dev_28043_0,acc_28043
dev_28044_0,acc_28044
dev_28045_0,acc_28045
dev_28046_0,acc_28046
dev_28047_0,acc_28047
dev_28048_0,acc_28048
dev_28049_0,acc_28049
dev_28049_1,acc_28049
dev_28050_0,acc_28050
dev_28051_0,acc_28051
dev_28052_0,acc_28052
dev_28053_0,acc_28053
dev_28054_0,acc_28054
dev_28055_0,acc_28055
dev_28056_0,acc_28056
dev_28057_0,acc_28057
dev_28057_1,acc_28057
dev_28058_0,acc_28058
dev_28059_0,acc_28059
dev_28060_0,acc_28060
dev_28061_0,acc_28061
dev_28062_0,acc_28062
dev_28063_0,acc_28063
dev_28064_0,acc_28064
dev_28065_0,acc_28065
dev_28066_0,acc_28066
dev_28067_0,acc_28067
dev_28068_0,acc_28068
dev_28069_0,acc_28069
dev_28070_0,acc_28070
dev_28070_1,acc_28070
dev_28071_0,acc_28071
dev_28072_0,acc_28072
dev_28073_0,acc_28073
dev_28073_1,acc_28073
dev_28074_0,acc_28074
dev_28075_0,acc_28075
dev_28076_0,acc_28076
dev_28077_0,acc_28077
dev_28078_0,acc_28078
dev_28079_0,acc_28079
dev_28080_0,acc_28080
dev_28081_0,acc_28081
dev_28081_1,acc_28081
dev_28082_0,acc_28082
dev_28083_0,acc_28083
dev_28084_0,acc_28084
dev_28085_0,acc_28085
dev_28086_0,acc_28086
dev_28087_0,acc_28087
dev_28088_0,acc_28088
dev_28089_0,acc_28089
dev_28090_0,acc_28090
dev_28091_0,acc_28091
dev_28092_0,acc_28092
dev_28093_0,acc_28093
dev_28094_0,acc_28094
dev_28095_0,acc_28095
dev_28096_0,acc_28096
dev_28097_0,acc_28097
dev_28098_0,acc_28098
dev_28099_0,acc_28099
dev_28100_0,acc_28100
dev_28101_0,acc_28101
dev_28102_0,acc_28102
dev_28103_0,acc_28103
dev_28104_0,acc_28104
dev_28105_0,acc_28105
dev_28106_0,acc_28106
dev_28107_0,acc_28107
dev_28108_0,acc_28108
dev_28109_0,acc_28109
dev_28110_0,acc_28110
dev_28111_0,acc_28111
dev_28112_0,acc_28112
dev_28113_0,acc_28113
dev_28114_0,acc_28114
dev_28115_0,acc_28115
dev_28116_0,acc_28116
dev_28117_0,acc_28117
dev_28118_0,acc_28118
dev_28119_0,acc_28119
dev_28120_0,acc_28120
dev_28121_0,acc_28121
dev_28122_0,acc_28122
dev_28123_0,acc_28123
dev_28124_0,acc_28124
dev_28125_0,acc_28125
dev_28126_0,acc_28126
dev_28127_0,acc_28127
dev_28128_0,acc_28128
dev_28129_0,acc_28129
dev_28130_0,acc_28130
dev_28131_0,acc_28131
dev_28132_0,acc_28132
dev_28133_0,acc_28133
dev_28134_0,acc_28134
dev_28135_0,acc_28135
dev_28136_0,acc_28136
dev_28137_0,acc_28137
dev_28138_0,acc_28138
dev_28139_0,acc_28139
dev_28140_0,acc_28140
dev_28141_0,acc_28141
dev_28142_0,acc_28142
dev_28142_1,acc_28142
dev_28143_0,acc_28143
dev_28144_0,acc_28144
dev_28144_1,acc_28144
dev_28145_0,acc_28145
dev_28146_0,acc_28146
dev_28147_0,acc_28147
dev_28147_1,acc_28147
dev_28148_0,acc_28148
dev_28149_0,acc_28149
dev_28150_0,acc_28150
dev_28151_0,acc_28151
dev_28152_0,acc_28152
dev_28153_0,acc_28153
dev_28154_0,acc_28154
dev_28155_0,acc_28155
dev_28156_0,acc_28156
dev_28157_0,acc_28157
dev_28158_0,acc_28158
dev_28159_0,acc_28159
dev_28160_0,acc_28160
dev_28161_0,acc_28161
dev_28162_0,acc_28162
dev_28163_0,acc_28163
dev_28164_0,acc_28164
dev_28164_1,acc_28164
dev_28165_0,acc_28165
dev_28166_0,acc_28166
dev_28167_0,acc_28167
dev_28168_0,acc_28168
dev_28169_0,acc_28169
dev_28170_0,acc_28170
dev_28171_0,acc_28171
dev_28172_0,acc_28172
dev_28173_0,acc_28173
dev_28174_0,acc_28174
dev_28175_0,acc_28175
dev_28176_0,acc_28176
dev_28177_0,acc_28177
dev_28178_0,acc_28178
dev_28179_0,acc_28179
dev_28180_0,acc_28180
dev_28181_0,acc_28181
dev_28181_1,acc_28181
dev_28182_0,acc_28182
dev_28183_0,acc_28183
dev_28183_1,acc_28183
dev_28184_0,acc_28184
dev_28185_0,acc_28185
dev_28186_0,acc_28186
dev_28187_0,acc_28187
dev_28188_0,acc_28188
dev_28189_0,acc_28189
dev_28190_0,acc_28190
dev_28191_0,acc_28191
dev_28192_0,acc_28192
dev_28193_0,acc_28193
dev_28194_0,acc_28194
dev_28195_0,acc_28195
dev_28196_0,acc_28196
dev_28197_0,acc_28197
dev_28197_1,acc_28197
dev_28198_0,acc_28198
dev_28199_0,acc_28199
dev_28200_0,acc_28200
dev_28201_0,acc_28201
dev_28202_0,acc_28202
dev_28203_0,acc_28203
dev_28204_0,acc_28204
dev_28205_0,acc_28205
dev_28206_0,acc_28206
dev_28207_0,acc_28207
dev_28207_1,acc_28207
dev_28208_0,acc_28208
dev_28209_0,acc_28209
dev_28210_0,acc_28210
dev_28211_0,acc_28211
dev_28212_0,acc_28212
dev_28213_0,acc_28213
dev_28214_0,acc_28214
dev_28215_0,acc_28215
dev_28215_1,acc_28215
dev_28216_0,acc_28216
dev_28217_0,acc_28217
dev_28218_0,acc_28218
dev_28218_1,acc_28218
dev_28219_0,acc_28219
dev_28220_0,acc_28220
dev_28221_0,acc_28221
dev_28222_0,acc_28222
dev_28223_0,acc_28223
dev_28224_0,acc_28224
dev_28225_0,acc_28225
dev_28226_0,acc_28226
dev_28227_0,acc_28227
dev_28228_0,acc_28228
dev_28229_0,acc_28229
dev_28230_0,acc_28230
dev_28231_0,acc_28231
dev_28232_0,acc_28232
dev_28233_0,acc_28233
dev_28234_0,acc_28234
dev_28235_0,acc_28235
dev_28236_0,acc_28236
dev_28237_0,acc_28237
dev_28238_0,acc_28238
dev_28239_0,acc_28239
dev_28240_0,acc_28240
dev_28241_0,acc_28241
dev_28242_0,acc_28242
dev_28243_0,acc_28243
dev_28244_0,acc_28244
dev_28245_0,acc_28245
dev_28246_0,acc_28246
dev_28247_0,acc_28247
dev_28248_0,acc_28248
dev_28249_0,acc_28249
dev_28250_0,acc_28250
dev_28251_0,acc_28251
dev_28252_0,acc_28252
dev_28253_0,acc_28253
dev_28254_0,acc_28254
dev_28255_0,acc_28255
dev_28256_0,acc_28256
dev_28257_0,acc_28257
dev_28258_0,acc_28258
dev_28259_0,acc_28259
dev_28260_0,acc_28260
dev_28261_0,acc_28261
dev_28262_0,acc_28262
dev_28263_0,acc_28263
dev_28264_0,acc_28264
dev_28265_0,acc_28265
dev_28266_0,acc_28266
dev_28267_0,acc_28267
dev_28267_1,acc_28267
dev_28268_0,acc_28268
dev_28269_0,acc_28269
dev_28270_0,acc_28270
dev_28271_0,acc_28271
dev_28272_0,acc_28272
dev_28273_0,acc_28273
dev_28274_0,acc_28274
dev_28275_0,acc_28275
dev_28276_0,acc_28276
dev_28277_0,acc_28277
dev_28278_0,acc_28278
dev_28279_0,acc_28279
dev_28280_0,acc_28280
dev_28281_0,acc_28281
dev_28282_0,acc_28282
dev_28283_0,acc_28283
dev_28284_0,acc_28284
dev_28285_0,acc_28285
dev_28286_0,acc_28286
dev_28287_0,acc_28287
dev_28288_0,acc_28288
dev_28289_0,acc_28289
dev_28290_0,acc_28290
dev_28291_0,acc_28291
dev_28292_0,acc_28292
dev_28293_0,acc_28293
dev_28293_1,acc_28293
dev_28294_0,acc_28294
dev_28295_0,acc_28295
dev_28296_0,acc_28296
dev_28297_0,acc_28297
dev_28298_0,acc_28298
dev_28299_0,acc_28299
dev_28300_0,acc_28300
dev_28301_0,acc_28301
dev_28302_0,acc_28302
dev_28303_0,acc_28303
dev_28304_0,acc_28304
dev_28305_0,acc_28305
dev_28306_0,acc_28306
dev_28307_0,acc_28307
dev_28308_0,acc_28308
dev_28309_0,acc_28309
dev_28310_0,acc_28310
dev_28311_0,acc_28311
dev_28312_0,acc_28312
dev_28313_0,acc_28313
dev_28314_0,acc_28314
dev_28315_0,acc_28315
dev_28316_0,acc_28316
dev_28317_0,acc_28317
dev_28318_0,acc_28318
dev_28319_0,acc_28319
dev_28320_0,acc_28320
dev_28321_0,acc_28321
dev_28322_0,acc_28322
dev_28323_0,acc_28323
dev_28324_0,acc_28324
dev_28325_0,acc_28325
dev_28326_0,acc_28326
dev_28326_1,acc_28326
dev_28327_0,acc_28327
dev_28328_0,acc_28328
dev_28329_0,acc_28329
dev_28330_0,acc_28330
dev_28331_0,acc_28331
dev_28332_0,acc_28332
dev_28333_0,acc_28333
dev_28334_0,acc_28334
dev_28335_0,acc_28335
dev_28336_0,acc_28336
dev_28337_0,acc_28337
dev_28338_0,acc_28338
dev_28339_0,acc_28339
dev_28340_0,acc_28340
dev_28341_0,acc_28341
dev_28342_0,acc_28342
dev_28343_0,acc_28343
dev_28344_0,acc_28344
dev_28345_0,acc_28345
dev_28346_0,acc_28346
dev_28347_0,acc_28347
dev_28348_0,acc_28348
dev_28349_0,acc_28349
dev_28350_0,acc_28350
dev_28351_0,acc_28351
dev_28352_0,acc_28352
dev_28353_0,acc_28353
dev_28354_0,acc_28354
dev_28355_0,acc_28355
dev_28356_0,acc_28356
dev_28357_0,acc_28357
dev_28358_0,acc_28358
dev_28359_0,acc_28359
dev_28360_0,acc_28360
dev_28361_0,acc_28361
dev_28362_0,acc_28362
dev_28363_0,acc_28363
dev_28364_0,acc_28364
dev_28365_0,acc_28365
dev_28366_0,acc_28366
dev_28367_0,acc_28367
dev_28368_0,acc_28368
dev_28369_0,acc_28369
dev_28370_0,acc_28370
dev_28371_0,acc_28371
dev_28372_0,acc_28372
dev_28373_0,acc_28373
dev_28374_0,acc_28374
dev_28375_0,acc_28375
dev_28376_0,acc_28376
dev_28377_0,acc_28377
dev_28378_0,acc_28378
dev_28379_0,acc_28379
dev_28380_0,acc_28380
dev_28381_0,acc_28381
dev_28382_0,acc_28382
dev_28383_0,acc_28383
dev_28384_0,acc_28384
dev_28384_1,acc_28384
dev_28385_0,acc_28385
dev_28386_0,acc_28386
dev_28387_0,acc_28387
dev_28388_0,acc_28388
dev_28389_0,acc_28389
dev_28390_0,acc_28390
dev_28391_0,acc_28391
dev_28391_1,acc_28391
dev_28392_0,acc_28392
dev_28393_0,acc_28393
dev_28394_0,acc_28394
dev_28395_0,acc_28395
dev_28396_0,acc_28396
dev_28397_0,acc_28397
dev_28398_0,acc_28398
dev_28399_0,acc_28399
dev_28400_0,acc_28400
dev_28401_0,acc_28401
dev_28402_0,acc_28402
dev_28403_0,acc_28403
dev_28404_0,acc_28404
dev_28405_0,acc_28405
dev_28406_0,acc_28406
dev_28407_0,acc_28407
dev_28408_0,acc_28408
dev_28409_0,acc_28409
dev_28410_0,acc_28410
dev_28411_0,acc_28411
dev_28412_0,acc_28412
dev_28413_0,acc_28413
dev_28414_0,acc_28414
dev_28415_0,acc_28415
dev_28416_0,acc_28416
dev_28417_0,acc_28417
dev_28418_0,acc_28418
dev_28419_0,acc_28419
dev_28420_0,acc_28420
dev_28421_0,acc_28421
dev_28422_0,acc_28422
dev_28423_0,acc_28423
dev_28424_0,acc_28424
dev_28425_0,acc_28425
dev_28425_1,acc_28425
dev_28426_0,acc_28426
dev_28427_0,acc_28427
dev_28428_0,acc_28428
dev_28429_0,acc_28429
dev_28430_0,acc_28430
dev_28431_0,acc_28431
dev_28432_0,acc_28432
dev_28432_1,acc_28432
dev_28433_0,acc_28433
dev_28434_0,acc_28434
dev_28435_0,acc_28435
dev_28436_0,acc_28436
dev_28437_0,acc_28437
dev_28438_0,acc_28438
dev_28439_0,acc_28439
dev_28439_1,acc_28439
dev_28440_0,acc_28440
dev_28441_0,acc_28441
dev_28442_0,acc_28442
dev_28443_0,acc_28443
dev_28444_0,acc_28444
dev_28445_0,acc_28445
dev_28446_0,acc_28446
dev_28447_0,acc_28447
dev_28448_0,acc_28448
dev_28449_0,acc_28449
dev_28450_0,acc_28450
dev_28451_0,acc_28451
dev_28452_0,acc_28452
dev_28453_0,acc_28453
dev_28454_0,acc_28454
dev_28455_0,acc_28455
dev_28456_0,acc_28456
dev_28457_0,acc_28457
dev_28458_0,acc_28458
dev_28459_0,acc_28459
dev_28460_0,acc_28460
dev_28461_0,acc_28461
dev_28462_0,acc_28462
dev_28463_0,acc_28463
dev_28464_0,acc_28464
dev_28465_0,acc_28465
dev_28466_0,acc_28466
dev_28467_0,acc_28467
dev_28468_0,acc_28468
dev_28469_0,acc_28469
dev_28470_0,acc_28470
dev_28471_0,acc_28471
dev_28472_0,acc_28472
dev_28473_0,acc_28473
dev_28474_0,acc_28474
dev_28475_0,acc_28475
dev_28476_0,acc_28476
dev_28477_0,acc_28477
dev_28478_0,acc_28478
dev_28479_0,acc_28479
dev_28480_0,acc_28480
dev_28481_0,acc_28481
dev_28482_0,acc_28482
dev_28483_0,acc_28483
dev_28484_0,acc_28484
dev_28485_0,acc_28485
dev_28486_0,acc_28486
dev_28487_0,acc_28487
dev_28488_0,acc_28488
dev_28489_0,acc_28489
dev_28490_0,acc_28490
dev_28491_0,acc_28491
dev_28492_0,acc_28492
dev_28493_0,acc_28493
dev_28494_0,acc_28494
dev_28495_0,acc_28495
dev_28496_0,acc_28496
dev_28497_0,acc_28497
dev_28498_0,acc_28498
dev_28499_0,acc_28499
dev_28500_0,acc_28500
dev_28501_0,acc_28501
dev_28502_0,acc_28502
dev_28503_0,acc_28503
dev_28504_0,acc_28504
dev_28505_0,acc_28505
dev_28506_0,acc_28506
dev_28507_0,acc_28507
dev_28508_0,acc_28508
dev_28509_0,acc_28509
dev_28510_0,acc_28510
dev_28511_0,acc_28511
dev_28512_0,acc_28512
dev_28513_0,acc_28513
dev_28514_0,acc_28514
dev_28515_0,acc_28515
dev_28516_0,acc_28516
dev_28517_0,acc_28517
dev_28518_0,acc_28518
dev_28519_0,acc_28519
dev_28520_0,acc_28520
dev_28521_0,acc_28521
dev_28521_1,acc_28521
dev_28522_0,acc_28522
dev_28523_0,acc_28523
dev_28524_0,acc_28524
dev_28525_0,acc_28525
dev_28526_0,acc_28526
dev_28527_0,acc_28527
dev_28528_0,acc_28528
dev_28529_0,acc_28529
dev_28530_0,acc_28530
dev_28531_0,acc_28531
dev_28532_0,acc_28532
dev_28533_0,acc_28533
dev_28534_0,acc_28534
dev_28535_0,acc_28535
dev_28536_0,acc_28536
dev_28537_0,acc_28537
dev_28538_0,acc_28538
dev_28539_0,acc_28539
dev_28540_0,acc_28540
dev_28541_0,acc_28541
dev_28542_0,acc_28542
dev_28543_0,acc_28543
dev_28544_0,acc_28544
dev_28545_0,acc_28545
dev_28546_0,acc_28546
dev_28547_0,acc_28547
dev_28548_0,acc_28548
dev_28549_0,acc_28549
dev_28550_0,acc_28550
dev_28551_0,acc_28551
dev_28552_0,acc_28552
dev_28553_0,acc_28553
dev_28554_0,acc_28554
dev_28555_0,acc_28555
dev_28556_0,acc_28556
dev_28557_0,acc_28557
dev_28558_0,acc_28558
dev_28559_0,acc_28559
dev_28560_0,acc_28560
dev_28561_0,acc_28561
dev_28562_0,acc_28562
dev_28562_1,acc_28562
dev_28563_0,acc_28563
dev_28564_0,acc_28564
dev_28565_0,acc_28565
dev_28566_0,acc_28566
dev_28567_0,acc_28567
dev_28568_0,acc_28568
dev_28569_0,acc_28569
dev_28570_0,acc_28570
dev_28571_0,acc_28571
dev_28572_0,acc_28572
dev_28573_0,acc_28573
dev_28574_0,acc_28574
dev_28575_0,acc_28575
dev_28576_0,acc_28576
dev_28577_0,acc_28577
dev_28578_0,acc_28578
dev_28579_0,acc_28579
dev_28580_0,acc_28580
dev_28581_0,acc_28581
dev_28582_0,acc_28582
dev_28583_0,acc_28583
dev_28584_0,acc_28584
dev_28584_1,acc_28584
dev_28585_0,acc_28585
dev_28586_0,acc_28586
dev_28587_0,acc_28587
dev_28588_0,acc_28588
dev_28589_0,acc_28589
dev_28590_0,acc_28590
dev_28591_0,acc_28591
dev_28592_0,acc_28592
dev_28593_0,acc_28593
dev_28594_0,acc_28594
dev_28595_0,acc_28595
dev_28596_0,acc_28596
dev_28597_0,acc_28597
dev_28598_0,acc_28598
dev_28599_0,acc_28599
dev_28600_0,acc_28600
dev_28601_0,acc_28601
dev_28602_0,acc_28602
dev_28603_0,acc_28603
dev_28604_0,acc_28604
dev_28605_0,acc_28605
dev_28606_0,acc_28606
dev_28607_0,acc_28607
dev_28608_0,acc_28608
dev_28609_0,acc_28609
dev_28610_0,acc_28610
dev_28611_0,acc_28611
dev_28612_0,acc_28612
dev_28613_0,acc_28613
dev_28614_0,acc_28614
dev_28615_0,acc_28615
dev_28616_0,acc_28616
dev_28617_0,acc_28617
dev_28618_0,acc_28618
dev_28619_0,acc_28619
dev_28620_0,acc_28620
dev_28621_0,acc_28621
dev_28622_0,acc_28622
dev_28623_0,acc_28623
dev_28624_0,acc_28624
dev_28625_0,acc_28625
dev_28626_0,acc_28626
dev_28627_0,acc_28627
dev_28627_1,acc_28627
dev_28628_0,acc_28628
dev_28629_0,acc_28629
dev_28630_0,acc_28630
dev_28631_0,acc_28631
dev_28632_0,acc_28632
dev_28633_0,acc_28633
dev_28634_0,acc_28634
dev_28635_0,acc_28635
dev_28636_0,acc_28636
dev_28637_0,acc_28637
dev_28638_0,acc_28638
dev_28639_0,acc_28639
dev_28640_0,acc_28640
dev_28640_1,acc_28640
dev_28641_0,acc_28641
dev_28642_0,acc_28642
dev_28643_0,acc_28643
dev_28644_0,acc_28644
dev_28645_0,acc_28645
dev_28646_0,acc_28646
dev_28647_0,acc_28647
dev_28647_1,acc_28647
dev_28648_0,acc_28648
dev_28649_0,acc_28649
dev_28650_0,acc_28650
dev_28651_0,acc_28651
dev_28652_0,acc_28652
dev_28653_0,acc_28653
dev_28654_0,acc_28654
dev_28655_0,acc_28655
dev_28656_0,acc_28656
dev_28657_0,acc_28657
dev_28658_0,acc_28658
dev_28659_0,acc_28659
dev_28660_0,acc_28660
dev_28661_0,acc_28661
dev_28662_0,acc_28662
dev_28663_0,acc_28663
dev_28664_0,acc_28664
dev_28665_0,acc_28665
dev_28666_0,acc_28666
dev_28667_0,acc_28667
dev_28668_0,acc_28668
dev_28669_0,acc_28669
dev_28670_0,acc_28670
dev_28671_0,acc_28671
dev_28672_0,acc_28672
dev_28673_0,acc_28673
dev_28674_0,acc_28674
dev_28675_0,acc_28675
dev_28676_0,acc_28676
dev_28677_0,acc_28677
dev_28677_1,acc_28677
dev_28678_0,acc_28678
dev_28679_0,acc_28679
dev_28680_0,acc_28680
dev_28681_0,acc_28681
dev_28682_0,acc_28682
dev_28683_0,acc_28683
dev_28684_0,acc_28684
dev_28685_0,acc_28685
dev_28686_0,acc_28686
dev_28687_0,acc_28687
dev_28687_1,acc_28687
dev_28688_0,acc_28688
dev_28689_0,acc_28689
dev_28690_0,acc_28690
dev_28691_0,acc_28691
dev_28692_0,acc_28692
dev_28693_0,acc_28693
dev_28694_0,acc_28694
dev_28695_0,acc_28695
dev_28696_0,acc_28696
dev_28697_0,acc_28697
dev_28698_0,acc_28698
dev_28699_0,acc_28699
dev_28700_0,acc_28700
dev_28701_0,acc_28701
dev_28702_0,acc_28702
dev_28703_0,acc_28703
dev_28704_0,acc_28704
dev_28705_0,acc_28705
dev_28706_0,acc_28706
dev_28707_0,acc_28707
dev_28708_0,acc_28708
dev_28709_0,acc_28709
dev_28710_0,acc_28710
dev_28711_0,acc_28711
dev_28712_0,acc_28712
dev_28713_0,acc_28713
dev_28714_0,acc_28714
dev_28715_0,acc_28715
dev_28716_0,acc_28716
dev_28717_0,acc_28717
dev_28718_0,acc_28718
dev_28719_0,acc_28719
dev_28720_0,acc_28720
dev_28721_0,acc_28721
dev_28722_0,acc_28722
dev_28723_0,acc_28723
dev_28724_0,acc_28724
dev_28725_0,acc_28725
dev_28726_0,acc_28726
dev_28727_0,acc_28727
dev_28728_0,acc_28728
dev_28728_1,acc_28728
dev_28729_0,acc_28729
dev_28730_0,acc_28730
dev_28731_0,acc_28731
dev_28732_0,acc_28732
dev_28733_0,acc_28733
dev_28734_0,acc_28734
dev_28735_0,acc_28735
dev_28736_0,acc_28736
dev_28737_0,acc_28737
dev_28738_0,acc_28738
dev_28739_0,acc_28739
dev_28740_0,acc_28740
dev_28741_0,acc_28741
dev_28742_0,acc_28742
dev_28743_0,acc_28743
dev_28744_0,acc_28744
dev_28745_0,acc_28745
dev_28746_0,acc_28746
dev_28747_0,acc_28747
dev_28748_0,acc_28748
dev_28749_0,acc_28749
dev_28750_0,acc_28750
dev_28751_0,acc_28751
dev_28752_0,acc_28752
dev_28753_0,acc_28753
dev_28753_1,acc_28753
dev_28754_0,acc_28754
dev_28755_0,acc_28755
dev_28756_0,acc_28756
dev_28757_0,acc_28757
dev_28758_0,acc_28758
dev_28759_0,acc_28759
dev_28759_1,acc_28759
dev_28760_0,acc_28760
dev_28761_0,acc_28761
dev_28762_0,acc_28762
dev_28763_0,acc_28763
dev_28764_0,acc_28764
dev_28765_0,acc_28765
dev_28766_0,acc_28766
dev_28767_0,acc_28767
dev_28768_0,acc_28768
dev_28769_0,acc_28769
dev_28770_0,acc_28770
dev_28771_0,acc_28771
dev_28771_1,acc_28771
dev_28772_0,acc_28772
dev_28773_0,acc_28773
dev_28774_0,acc_28774
dev_28775_0,acc_28775
dev_28776_0,acc_28776
dev_28777_0,acc_28777
dev_28778_0,acc_28778
dev_28779_0,acc_28779
dev_28780_0,acc_28780
dev_28781_0,acc_28781
dev_28782_0,acc_28782
dev_28783_0,acc_28783
dev_28784_0,acc_28784
dev_28785_0,acc_28785
dev_28786_0,acc_28786
dev_28787_0,acc_28787
dev_28788_0,acc_28788
dev_28789_0,acc_28789
dev_28790_0,acc_28790
dev_28791_0,acc_28791
dev_28792_0,acc_28792
dev_28793_0,acc_28793
dev_28794_0,acc_28794
dev_28795_0,acc_28795
dev_28796_0,acc_28796
dev_28797_0,acc_28797
dev_28798_0,acc_28798
dev_28799_0,acc_28799
dev_28800_0,acc_28800
dev_28801_0,acc_28801
dev_28802_0,acc_28802
dev_28803_0,acc_28803
dev_28804_0,acc_28804
dev_28805_0,acc_28805
dev_28805_1,acc_28805
dev_28806_0,acc_28806
dev_28807_0,acc_28807
dev_28808_0,acc_28808
dev_28809_0,acc_28809
dev_28810_0,acc_28810
dev_28811_0,acc_28811
dev_28812_0,acc_28812
dev_28813_0,acc_28813
dev_28813_1,acc_28813
dev_28814_0,acc_28814
dev_28815_0,acc_28815
dev_28816_0,acc_28816
dev_28817_0,acc_28817
dev_28818_0,acc_28818
dev_28819_0,acc_28819
dev_28820_0,acc_28820
dev_28820_1,acc_28820
dev_28821_0,acc_28821
dev_28822_0,acc_28822
dev_28823_0,acc_28823
dev_28823_1,acc_28823
dev_28824_0,acc_28824
dev_28825_0,acc_28825
dev_28825_1,acc_28825
dev_28826_0,acc_28826
dev_28827_0,acc_28827
dev_28828_0,acc_28828
dev_28829_0,acc_28829
dev_28830_0,acc_28830
dev_28831_0,acc_28831
dev_28832_0,acc_28832
dev_28833_0,acc_28833
dev_28834_0,acc_28834
dev_28835_0,acc_28835
dev_28836_0,acc_28836
dev_28837_0,acc_28837
dev_28837_1,acc_28837
dev_28838_0,acc_28838
dev_28839_0,acc_28839
dev_28840_0,acc_28840
dev_28841_0,acc_28841
dev_28842_0,acc_28842
dev_28843_0,acc_28843
dev_28844_0,acc_28844
dev_28845_0,acc_28845
dev_28846_0,acc_28846
dev_28847_0,acc_28847
dev_28848_0,acc_28848
dev_28849_0,acc_28849
dev_28850_0,acc_28850
dev_28851_0,acc_28851
dev_28852_0,acc_28852
dev_28853_0,acc_28853
dev_28854_0,acc_28854
dev_28855_0,acc_28855
dev_28856_0,acc_28856
dev_28857_0,acc_28857
dev_28858_0,acc_28858
dev_28859_0,acc_28859
dev_28860_0,acc_28860
dev_28861_0,acc_28861
dev_28862_0,acc_28862
dev_28863_0,acc_28863
dev_28864_0,acc_28864
dev_28865_0,acc_28865
dev_28866_0,acc_28866
dev_28867_0,acc_28867
dev_28868_0,acc_28868
dev_28869_0,acc_28869
dev_28870_0,acc_28870
dev_28871_0,acc_28871
dev_28872_0,acc_28872
dev_28873_0,acc_28873
dev_28874_0,acc_28874
dev_28875_0,acc_28875
dev_28876_0,acc_28876
dev_28877_0,acc_28877
dev_28878_0,acc_28878
dev_28879_0,acc_28879
dev_28880_0,acc_28880
dev_28880_1,acc_28880
dev_28881_0,acc_28881
dev_28882_0,acc_28882
dev_28883_0,acc_28883
dev_28884_0,acc_28884
dev_28885_0,acc_28885
dev_28886_0,acc_28886
dev_28887_0,acc_28887
dev_28888_0,acc_28888
dev_28889_0,acc_28889
dev_28890_0,acc_28890
dev_28891_0,acc_28891
dev_28892_0,acc_28892
dev_28893_0,acc_28893
dev_28894_0,acc_28894
dev_28895_0,acc_28895
dev_28896_0,acc_28896
dev_28897_0,acc_28897
dev_28898_0,acc_28898
dev_28899_0,acc_28899
dev_28900_0,acc_28900
dev_28901_0,acc_28901
dev_28902_0,acc_28902
dev_28903_0,acc_28903
dev_28904_0,acc_28904
dev_28905_0,acc_28905
dev_28906_0,acc_28906
dev_28907_0,acc_28907
dev_28908_0,acc_28908
dev_28909_0,acc_28909
dev_28910_0,acc_28910
dev_28911_0,acc_28911
dev_28912_0,acc_28912
dev_28913_0,acc_28913
dev_28914_0,acc_28914
dev_28915_0,acc_28915
dev_28916_0,acc_28916
dev_28917_0,acc_28917
dev_28918_0,acc_28918
dev_28919_0,acc_28919
dev_28920_0,acc_28920
dev_28921_0,acc_28921
dev_28922_0,acc_28922
dev_28922_1,acc_28922
dev_28923_0,acc_28923
dev_28924_0,acc_28924
dev_28925_0,acc_28925
dev_28926_0,acc_28926
dev_28927_0,acc_28927
dev_28928_0,acc_28928
dev_28929_0,acc_28929
dev_28930_0,acc_28930
dev_28931_0,acc_28931
dev_28932_0,acc_28932
dev_28933_0,acc_28933
dev_28934_0,acc_28934
dev_28935_0,acc_28935
dev_28936_0,acc_28936
dev_28937_0,acc_28937
dev_28938_0,acc_28938
dev_28939_0,acc_28939
dev_28940_0,acc_28940
dev_28941_0,acc_28941
dev_28942_0,acc_28942
dev_28942_1,acc_28942
dev_28943_0,acc_28943
dev_28944_0,acc_28944
dev_28945_0,acc_28945
dev_28946_0,acc_28946
dev_28947_0,acc_28947
dev_28948_0,acc_28948
dev_28949_0,acc_28949
dev_28950_0,acc_28950
dev_28951_0,acc_28951
dev_28952_0,acc_28952
dev_28953_0,acc_28953
dev_28954_0,acc_28954
dev_28955_0,acc_28955
dev_28956_0,acc_28956
dev_28956_1,acc_28956
dev_28957_0,acc_28957
dev_28958_0,acc_28958
dev_28959_0,acc_28959
dev_28960_0,acc_28960
dev_28961_0,acc_28961
dev_28962_0,acc_28962
dev_28963_0,acc_28963
dev_28964_0,acc_28964
dev_28964_1,acc_28964
dev_28965_0,acc_28965
dev_28966_0,acc_28966
dev_28967_0,acc_28967
dev_28968_0,acc_28968
dev_28969_0,acc_28969
dev_28970_0,acc_28970
dev_28971_0,acc_28971
dev_28972_0,acc_28972
dev_28973_0,acc_28973
dev_28974_0,acc_28974
dev_28975_0,acc_28975
dev_28976_0,acc_28976
dev_28977_0,acc_28977
dev_28978_0,acc_28978
dev_28979_0,acc_28979
dev_28980_0,acc_28980
dev_28981_0,acc_28981
dev_28982_0,acc_28982
dev_28983_0,acc_28983
dev_28984_0,acc_28984
dev_28985_0,acc_28985
dev_28986_0,acc_28986
dev_28987_0,acc_28987
dev_28988_0,acc_28988
dev_28989_0,acc_28989
dev_28990_0,acc_28990
dev_28991_0,acc_28991
dev_28992_0,acc_28992
dev_28993_0,acc_28993
dev_28994_0,acc_28994
dev_28995_0,acc_28995
dev_28996_0,acc_28996
dev_28997_0,acc_28997
dev_28998_0,acc_28998
dev_28999_0,acc_28999
dev_29000_0,acc_29000
dev_29001_0,acc_29001
dev_29002_0,acc_29002
dev_29003_0,acc_29003
dev_29004_0,acc_29004
dev_29005_0,acc_29005
dev_29006_0,acc_29006
dev_29007_0,acc_29007
dev_29008_0,acc_29008
dev_29009_0,acc_29009
dev_29010_0,acc_29010
dev_29011_0,acc_29011
dev_29011_1,acc_29011
dev_29012_0,acc_29012
dev_29013_0,acc_29013
dev_29014_0,acc_29014
dev_29015_0,acc_29015
dev_29016_0,acc_29016
dev_29016_1,acc_29016
dev_29017_0,acc_29017
dev_29017_1,acc_29017
dev_29018_0,acc_29018
dev_29019_0,acc_29019
dev_29020_0,acc_29020
dev_29021_0,acc_29021
dev_29022_0,acc_29022
dev_29023_0,acc_29023
dev_29024_0,acc_29024
dev_29025_0,acc_29025
dev_29026_0,acc_29026
dev_29027_0,acc_29027
dev_29028_0,acc_29028
dev_29029_0,acc_29029
dev_29030_0,acc_29030
dev_29031_0,acc_29031
dev_29032_0,acc_29032
dev_29033_0,acc_29033
dev_29034_0,acc_29034
dev_29035_0,acc_29035
dev_29036_0,acc_29036
dev_29037_0,acc_29037
dev_29038_0,acc_29038
dev_29039_0,acc_29039
dev_29040_0,acc_29040
dev_29040_1,acc_29040
dev_29041_0,acc_29041
dev_29042_0,acc_29042
dev_29043_0,acc_29043
dev_29044_0,acc_29044
dev_29045_0,acc_29045
dev_29046_0,acc_29046
dev_29047_0,acc_29047
dev_29048_0,acc_29048
dev_29048_1,acc_29048
dev_29049_0,acc_29049
dev_29050_0,acc_29050
dev_29051_0,acc_29051
dev_29052_0,acc_29052
dev_29053_0,acc_29053
dev_29054_0,acc_29054
dev_29055_0,acc_29055
dev_29056_0,acc_29056
dev_29057_0,acc_29057
dev_29058_0,acc_29058
dev_29059_0,acc_29059
dev_29060_0,acc_29060
dev_29061_0,acc_29061
dev_29062_0,acc_29062
dev_29063_0,acc_29063
dev_29064_0,acc_29064
dev_29065_0,acc_29065
dev_29066_0,acc_29066
dev_29067_0,acc_29067
dev_29068_0,acc_29068
dev_29069_0,acc_29069
dev_29070_0,acc_29070
dev_29071_0,acc_29071
dev_29072_0,acc_29072
dev_29073_0,acc_29073
dev_29074_0,acc_29074
dev_29075_0,acc_29075
dev_29076_0,acc_29076
dev_29077_0,acc_29077
dev_29078_0,acc_29078
dev_29079_0,acc_29079
dev_29080_0,acc_29080
dev_29081_0,acc_29081
dev_29082_0,acc_29082
dev_29083_0,acc_29083
dev_29084_0,acc_29084
dev_29085_0,acc_29085
dev_29086_0,acc_29086
dev_29087_0,acc_29087
dev_29088_0,acc_29088
dev_29089_0,acc_29089
dev_29090_0,acc_29090
dev_29091_0,acc_29091
dev_29092_0,acc_29092
dev_29093_0,acc_29093
dev_29094_0,acc_29094
dev_29095_0,acc_29095
dev_29095_1,acc_29095
dev_29096_0,acc_29096
dev_29097_0,acc_29097
dev_29098_0,acc_29098
dev_29099_0,acc_29099
dev_29099_1,acc_29099
dev_29100_0,acc_29100
dev_29101_0,acc_29101
dev_29102_0,acc_29102
dev_29103_0,acc_29103
dev_29104_0,acc_29104
dev_29105_0,acc_29105
dev_29106_0,acc_29106
dev_29107_0,acc_29107
dev_29108_0,acc_29108
dev_29109_0,acc_29109
dev_29110_0,acc_29110
dev_29111_0,acc_29111
dev_29112_0,acc_29112
dev_29113_0,acc_29113
dev_29114_0,acc_29114
dev_29115_0,acc_29115
dev_29116_0,acc_29116
dev_29117_0,acc_29117
dev_29118_0,acc_29118
dev_29119_0,acc_29119
dev_29120_0,acc_29120
dev_29121_0,acc_29121
dev_29122_0,acc_29122
dev_29123_0,acc_29123
dev_29124_0,acc_29124
dev_29125_0,acc_29125
dev_29126_0,acc_29126
dev_29127_0,acc_29127
dev_29128_0,acc_29128
dev_29129_0,acc_29129
dev_29130_0,acc_29130
dev_29131_0,acc_29131
dev_29132_0,acc_29132
dev_29133_0,acc_29133
dev_29134_0,acc_29134
dev_29135_0,acc_29135
dev_29136_0,acc_29136
dev_29137_0,acc_29137
dev_29138_0,acc_29138
dev_29139_0,acc_29139
dev_29140_0,acc_29140
dev_29141_0,acc_29141
dev_29142_0,acc_29142
dev_29143_0,acc_29143
dev_29144_0,acc_29144
dev_29145_0,acc_29145
dev_29146_0,acc_29146
dev_29147_0,acc_29147
dev_29148_0,acc_29148
dev_29149_0,acc_29149
dev_29149_1,acc_29149
dev_29150_0,acc_29150
dev_29151_0,acc_29151
dev_29151_1,acc_29151
dev_29152_0,acc_29152
dev_29153_0,acc_29153
dev_29154_0,acc_29154
dev_29155_0,acc_29155
dev_29156_0,acc_29156
dev_29157_0,acc_29157
dev_29158_0,acc_29158
dev_29159_0,acc_29159
dev_29160_0,acc_29160
dev_29161_0,acc_29161
dev_29162_0,acc_29162
dev_29163_0,acc_29163
dev_29164_0,acc_29164
dev_29165_0,acc_29165
dev_29166_0,acc_29166
dev_29167_0,acc_29167
dev_29168_0,acc_29168
dev_29169_0,acc_29169
dev_29170_0,acc_29170
dev_29170_1,acc_29170
dev_29171_0,acc_29171
dev_29172_0,acc_29172
dev_29173_0,acc_29173
dev_29174_0,acc_29174
dev_29175_0,acc_29175
dev_29176_0,acc_29176
dev_29177_0,acc_29177
dev_29178_0,acc_29178
dev_29179_0,acc_29179
dev_29180_0,acc_29180
dev_29181_0,acc_29181
dev_29182_0,acc_29182
dev_29183_0,acc_29183
dev_29184_0,acc_29184
dev_29185_0,acc_29185
dev_29186_0,acc_29186
dev_29187_0,acc_29187
dev_29188_0,acc_29188
dev_29189_0,acc_29189
dev_29190_0,acc_29190
dev_29191_0,acc_29191
dev_29192_0,acc_29192
dev_29193_0,acc_29193
dev_29194_0,acc_29194
dev_29195_0,acc_29195
dev_29196_0,acc_29196
dev_29197_0,acc_29197
dev_29198_0,acc_29198
dev_29199_0,acc_29199
dev_29200_0,acc_29200
dev_29201_0,acc_29201
dev_29202_0,acc_29202
dev_29203_0,acc_29203
dev_29204_0,acc_29204
dev_29205_0,acc_29205
dev_29206_0,acc_29206
dev_29207_0,acc_29207
dev_29208_0,acc_29208
dev_29209_0,acc_29209
dev_29210_0,acc_29210
dev_29211_0,acc_29211
dev_29212_0,acc_29212
dev_29213_0,acc_29213
dev_29214_0,acc_29214
dev_29215_0,acc_29215
dev_29216_0,acc_29216
dev_29217_0,acc_29217
dev_29217_1,acc_29217
dev_29218_0,acc_29218
dev_29219_0,acc_29219
dev_29219_1,acc_29219
dev_29220_0,acc_29220
dev_29221_0,acc_29221
dev_29222_0,acc_29222
dev_29223_0,acc_29223
dev_29224_0,acc_29224
dev_29225_0,acc_29225
dev_29226_0,acc_29226
dev_29227_0,acc_29227
dev_29228_0,acc_29228
dev_29229_0,acc_29229
dev_29230_0,acc_29230
dev_29231_0,acc_29231
dev_29232_0,acc_29232
dev_29233_0,acc_29233
dev_29234_0,acc_29234
dev_29235_0,acc_29235
dev_29236_0,acc_29236
dev_29237_0,acc_29237
dev_29238_0,acc_29238
dev_29239_0,acc_29239
dev_29240_0,acc_29240
dev_29241_0,acc_29241
dev_29242_0,acc_29242
dev_29243_0,acc_29243
dev_29244_0,acc_29244
dev_29245_0,acc_29245
dev_29246_0,acc_29246
dev_29247_0,acc_29247
dev_29248_0,acc_29248
dev_29249_0,acc_29249
dev_29250_0,acc_29250
dev_29251_0,acc_29251
dev_29252_0,acc_29252
dev_29253_0,acc_29253
dev_29254_0,acc_29254
dev_29255_0,acc_29255
dev_29256_0,acc_29256
dev_29257_0,acc_29257
dev_29258_0,acc_29258
dev_29259_0,acc_29259
dev_29260_0,acc_29260
dev_29261_0,acc_29261
dev_29262_0,acc_29262
dev_29263_0,acc_29263
dev_29264_0,acc_29264
dev_29265_0,acc_29265
dev_29266_0,acc_29266
dev_29267_0,acc_29267
dev_29268_0,acc_29268
dev_29269_0,acc_29269
dev_29270_0,acc_29270
dev_29271_0,acc_29271
dev_29272_0,acc_29272
dev_29273_0,acc_29273
dev_29274_0,acc_29274
dev_29275_0,acc_29275
dev_29276_0,acc_29276
dev_29277_0,acc_29277
dev_29278_0,acc_29278
dev_29279_0,acc_29279
dev_29280_0,acc_29280
dev_29281_0,acc_29281
dev_29282_0,acc_29282
dev_29283_0,acc_29283
dev_29284_0,acc_29284
dev_29285_0,acc_29285
dev_29286_0,acc_29286
dev_29287_0,acc_29287
dev_29288_0,acc_29288
dev_29289_0,acc_29289
dev_29290_0,acc_29290
dev_29291_0,acc_29291
dev_29292_0,acc_29292
dev_29293_0,acc_29293
dev_29294_0,acc_29294
dev_29295_0,acc_29295
dev_29296_0,acc_29296
dev_29297_0,acc_29297
dev_29298_0,acc_29298
dev_29299_0,acc_29299
dev_29300_0,acc_29300
dev_29301_0,acc_29301
dev_29302_0,acc_29302
dev_29303_0,acc_29303
dev_29304_0,acc_29304
dev_29305_0,acc_29305
dev_29305_1,acc_29305
dev_29306_0,acc_29306
dev_29307_0,acc_29307
dev_29308_0,acc_29308
dev_29309_0,acc_29309
dev_29310_0,acc_29310
dev_29311_0,acc_29311
dev_29312_0,acc_29312
dev_29313_0,acc_29313
dev_29314_0,acc_29314
dev_29315_0,acc_29315
dev_29316_0,acc_29316
dev_29317_0,acc_29317
dev_29318_0,acc_29318
dev_29319_0,acc_29319
dev_29320_0,acc_29320
dev_29320_1,acc_29320
dev_29321_0,acc_29321
dev_29322_0,acc_29322
dev_29323_0,acc_29323
dev_29324_0,acc_29324
dev_29325_0,acc_29325
dev_29325_1,acc_29325
dev_29326_0,acc_29326
dev_29327_0,acc_29327
dev_29328_0,acc_29328
dev_29329_0,acc_29329
dev_29330_0,acc_29330
dev_29331_0,acc_29331
dev_29332_0,acc_29332
dev_29333_0,acc_29333
dev_29334_0,acc_29334
dev_29335_0,acc_29335
dev_29336_0,acc_29336
dev_29337_0,acc_29337
dev_29338_0,acc_29338
dev_29339_0,acc_29339
dev_29340_0,acc_29340
dev_29341_0,acc_29341
dev_29342_0,acc_29342
dev_29343_0,acc_29343
dev_29344_0,acc_29344
dev_29345_0,acc_29345
dev_29346_0,acc_29346
dev_29347_0,acc_29347
dev_29348_0,acc_29348
dev_29349_0,acc_29349
dev_29349_1,acc_29349
dev_29350_0,acc_29350
dev_29351_0,acc_29351
dev_29352_0,acc_29352
dev_29353_0,acc_29353
dev_29354_0,acc_29354
dev_29355_0,acc_29355
dev_29356_0,acc_29356
dev_29357_0,acc_29357
dev_29358_0,acc_29358
dev_29359_0,acc_29359
dev_29360_0,acc_29360
dev_29361_0,acc_29361
dev_29362_0,acc_29362
dev_29363_0,acc_29363
dev_29364_0,acc_29364
dev_29365_0,acc_29365
dev_29366_0,acc_29366
dev_29367_0,acc_29367
dev_29368_0,acc_29368
dev_29369_0,acc_29369
dev_29370_0,acc_29370
dev_29371_0,acc_29371
dev_29372_0,acc_29372
dev_29373_0,acc_29373
dev_29374_0,acc_29374
dev_29375_0,acc_29375
dev_29376_0,acc_29376
dev_29376_1,acc_29376
dev_29377_0,acc_29377
dev_29378_0,acc_29378
dev_29379_0,acc_29379
dev_29380_0,acc_29380
dev_29381_0,acc_29381
dev_29382_0,acc_29382
dev_29383_0,acc_29383
dev_29384_0,acc_29384
dev_29385_0,acc_29385
dev_29386_0,acc_29386
dev_29387_0,acc_29387
dev_29387_1,acc_29387
dev_29388_0,acc_29388
dev_29389_0,acc_29389
dev_29390_0,acc_29390
dev_29390_1,acc_29390
dev_29391_0,acc_29391
dev_29392_0,acc_29392
dev_29393_0,acc_29393
dev_29394_0,acc_29394
dev_29395_0,acc_29395
dev_29396_0,acc_29396
dev_29397_0,acc_29397
dev_29398_0,acc_29398
dev_29399_0,acc_29399
dev_29400_0,acc_29400
dev_29401_0,acc_29401
dev_29402_0,acc_29402
dev_29403_0,acc_29403
dev_29404_0,acc_29404
dev_29405_0,acc_29405
dev_29406_0,acc_29406
dev_29407_0,acc_29407
dev_29408_0,acc_29408
dev_29409_0,acc_29409
dev_29410_0,acc_29410
dev_29411_0,acc_29411
dev_29412_0,acc_29412
dev_29413_0,acc_29413
dev_29414_0,acc_29414
dev_29415_0,acc_29415
dev_29415_1,acc_29415
dev_29416_0,acc_29416
dev_29417_0,acc_29417
dev_29418_0,acc_29418
dev_29419_0,acc_29419
dev_29420_0,acc_29420
dev_29421_0,acc_29421
dev_29422_0,acc_29422
dev_29423_0,acc_29423
dev_29424_0,acc_29424
dev_29425_0,acc_29425
dev_29426_0,acc_29426
dev_29427_0,acc_29427
dev_29428_0,acc_29428
dev_29429_0,acc_29429
dev_29430_0,acc_29430
dev_29431_0,acc_29431
dev_29432_0,acc_29432
dev_29433_0,acc_29433
dev_29434_0,acc_29434
dev_29435_0,acc_29435
dev_29436_0,acc_29436
dev_29437_0,acc_29437
dev_29438_0,acc_29438
dev_29439_0,acc_29439
dev_29440_0,acc_29440
dev_29441_0,acc_29441
dev_29442_0,acc_29442
dev_29443_0,acc_29443
dev_29444_0,acc_29444
dev_29445_0,acc_29445
dev_29446_0,acc_29446
dev_29447_0,acc_29447
dev_29448_0,acc_29448
dev_29449_0,acc_29449
dev_29450_0,acc_29450
dev_29451_0,acc_29451
dev_29452_0,acc_29452
dev_29453_0,acc_29453
dev_29454_0,acc_29454
dev_29455_0,acc_29455
dev_29456_0,acc_29456
dev_29457_0,acc_29457
dev_29458_0,acc_29458
dev_29459_0,acc_29459
dev_29460_0,acc_29460
dev_29461_0,acc_29461
dev_29462_0,acc_29462
dev_29463_0,acc_29463
dev_29464_0,acc_29464
dev_29465_0,acc_29465
dev_29466_0,acc_29466
dev_29467_0,acc_29467
dev_29468_0,acc_29468
dev_29469_0,acc_29469
dev_29470_0,acc_29470
dev_29471_0,acc_29471
dev_29472_0,acc_29472
dev_29473_0,acc_29473
dev_29474_0,acc_29474
dev_29475_0,acc_29475
dev_29476_0,acc_29476
dev_29477_0,acc_29477
dev_29478_0,acc_29478
dev_29479_0,acc_29479
dev_29480_0,acc_29480
dev_29481_0,acc_29481
dev_29482_0,acc_29482
dev_29483_0,acc_29483
dev_29484_0,acc_29484
dev_29485_0,acc_29485
dev_29486_0,acc_29486
dev_29486_1,acc_29486
dev_29487_0,acc_29487
dev_29488_0,acc_29488
dev_29489_0,acc_29489
dev_29490_0,acc_29490
dev_29491_0,acc_29491
dev_29492_0,acc_29492
dev_29493_0,acc_29493
dev_29494_0,acc_29494
dev_29495_0,acc_29495
dev_29496_0,acc_29496
dev_29497_0,acc_29497
dev_29498_0,acc_29498
dev_29499_0,acc_29499
dev_29500_0,acc_29500
dev_29501_0,acc_29501
dev_29502_0,acc_29502
dev_29503_0,acc_29503
dev_29503_1,acc_29503
dev_29504_0,acc_29504
dev_29505_0,acc_29505
dev_29506_0,acc_29506
dev_29507_0,acc_29507
dev_29508_0,acc_29508
dev_29509_0,acc_29509
dev_29510_0,acc_29510
dev_29511_0,acc_29511
dev_29512_0,acc_29512
dev_29513_0,acc_29513
dev_29514_0,acc_29514
dev_29515_0,acc_29515
dev_29516_0,acc_29516
dev_29517_0,acc_29517
dev_29518_0,acc_29518
dev_29519_0,acc_29519
dev_29520_0,acc_29520
dev_29521_0,acc_29521
dev_29522_0,acc_29522
dev_29523_0,acc_29523
dev_29524_0,acc_29524
dev_29525_0,acc_29525
dev_29525_1,acc_29525
dev_29526_0,acc_29526
dev_29527_0,acc_29527
dev_29528_0,acc_29528
dev_29529_0,acc_29529
dev_29530_0,acc_29530
dev_29531_0,acc_29531
dev_29532_0,acc_29532
dev_29533_0,acc_29533
dev_29534_0,acc_29534
dev_29535_0,acc_29535
dev_29536_0,acc_29536
dev_29537_0,acc_29537
dev_29538_0,acc_29538
dev_29539_0,acc_29539
dev_29540_0,acc_29540
dev_29541_0,acc_29541
dev_29542_0,acc_29542
dev_29543_0,acc_29543
dev_29544_0,acc_29544
dev_29544_1,acc_29544
dev_29545_0,acc_29545
dev_29546_0,acc_29546
dev_29547_0,acc_29547
dev_29548_0,acc_29548
dev_29549_0,acc_29549
dev_29550_0,acc_29550
dev_29551_0,acc_29551
dev_29552_0,acc_29552
dev_29553_0,acc_29553
dev_29554_0,acc_29554
dev_29555_0,acc_29555
dev_29556_0,acc_29556
dev_29557_0,acc_29557
dev_29558_0,acc_29558
dev_29559_0,acc_29559
dev_29560_0,acc_29560
dev_29561_0,acc_29561
dev_29562_0,acc_29562
dev_29563_0,acc_29563
dev_29564_0,acc_29564
dev_29565_0,acc_29565
dev_29566_0,acc_29566
dev_29567_0,acc_29567
dev_29568_0,acc_29568
dev_29569_0,acc_29569
dev_29570_0,acc_29570
dev_29571_0,acc_29571
dev_29572_0,acc_29572
dev_29573_0,acc_29573
dev_29574_0,acc_29574
dev_29574_1,acc_29574
dev_29575_0,acc_29575
dev_29576_0,acc_29576
dev_29577_0,acc_29577
dev_29578_0,acc_29578
dev_29579_0,acc_29579
dev_29580_0,acc_29580
dev_29581_0,acc_29581
dev_29582_0,acc_29582
dev_29583_0,acc_29583
dev_29584_0,acc_29584
dev_29584_1,acc_29584
dev_29585_0,acc_29585
dev_29586_0,acc_29586
dev_29587_0,acc_29587
dev_29588_0,acc_29588
dev_29589_0,acc_29589
dev_29590_0,acc_29590
dev_29591_0,acc_29591
dev_29592_0,acc_29592
dev_29593_0,acc_29593
dev_29594_0,acc_29594
dev_29595_0,acc_29595
dev_29596_0,acc_29596
dev_29597_0,acc_29597
dev_29598_0,acc_29598
dev_29599_0,acc_29599
dev_29600_0,acc_29600
dev_29601_0,acc_29601
dev_29602_0,acc_29602
dev_29603_0,acc_29603
dev_29604_0,acc_29604
dev_29605_0,acc_29605
dev_29606_0,acc_29606
dev_29607_0,acc_29607
dev_29608_0,acc_29608
dev_29609_0,acc_29609
dev_29610_0,acc_29610
dev_29611_0,acc_29611
dev_29612_0,acc_29612
dev_29613_0,acc_29613
dev_29613_1,acc_29613
dev_29614_0,acc_29614
dev_29615_0,acc_29615
dev_29616_0,acc_29616
dev_29617_0,acc_29617
dev_29618_0,acc_29618
dev_29619_0,acc_29619
dev_29620_0,acc_29620
dev_29620_1,acc_29620
dev_29621_0,acc_29621
dev_29622_0,acc_29622
dev_29622_1,acc_29622
dev_29623_0,acc_29623
dev_29624_0,acc_29624
dev_29625_0,acc_29625
dev_29626_0,acc_29626
dev_29627_0,acc_29627
dev_29628_0,acc_29628
dev_29629_0,acc_29629
dev_29630_0,acc_29630
dev_29631_0,acc_29631
dev_29632_0,acc_29632
dev_29633_0,acc_29633
dev_29634_0,acc_29634
dev_29635_0,acc_29635
dev_29636_0,acc_29636
dev_29637_0,acc_29637
dev_29638_0,acc_29638
dev_29639_0,acc_29639
dev_29640_0,acc_29640
dev_29641_0,acc_29641
dev_29642_0,acc_29642
dev_29643_0,acc_29643
dev_29644_0,acc_29644
dev_29644_1,acc_29644
dev_29645_0,acc_29645
dev_29646_0,acc_29646
dev_29647_0,acc_29647
dev_29648_0,acc_29648
dev_29649_0,acc_29649
dev_29650_0,acc_29650
dev_29651_0,acc_29651
dev_29652_0,acc_29652
dev_29653_0,acc_29653
dev_29654_0,acc_29654
dev_29655_0,acc_29655
dev_29656_0,acc_29656
dev_29656_1,acc_29656
dev_29657_0,acc_29657
dev_29658_0,acc_29658
dev_29659_0,acc_29659
dev_29660_0,acc_29660
dev_29661_0,acc_29661
dev_29662_0,acc_29662
dev_29663_0,acc_29663
dev_29664_0,acc_29664
dev_29665_0,acc_29665
dev_29666_0,acc_29666
dev_29667_0,acc_29667
dev_29668_0,acc_29668
dev_29669_0,acc_29669
dev_29670_0,acc_29670
dev_29671_0,acc_29671
dev_29672_0,acc_29672
dev_29673_0,acc_29673
dev_29674_0,acc_29674
dev_29675_0,acc_29675
dev_29676_0,acc_29676
dev_29677_0,acc_29677
dev_29678_0,acc_29678
dev_29679_0,acc_29679
dev_29680_0,acc_29680
dev_29681_0,acc_29681
dev_29682_0,acc_29682
dev_29683_0,acc_29683
dev_29684_0,acc_29684
dev_29685_0,acc_29685
dev_29686_0,acc_29686
dev_29687_0,acc_29687
dev_29688_0,acc_29688
dev_29689_0,acc_29689
dev_29690_0,acc_29690
dev_29691_0,acc_29691
dev_29691_1,acc_29691
dev_29692_0,acc_29692
dev_29693_0,acc_29693
dev_29694_0,acc_29694
dev_29695_0,acc_29695
dev_29696_0,acc_29696
dev_29697_0,acc_29697
dev_29697_1,acc_29697
dev_29698_0,acc_29698
dev_29699_0,acc_29699
dev_29700_0,acc_29700
dev_29701_0,acc_29701
dev_29702_0,acc_29702
dev_29703_0,acc_29703
dev_29704_0,acc_29704
dev_29705_0,acc_29705
dev_29706_0,acc_29706
dev_29707_0,acc_29707
dev_29708_0,acc_29708
dev_29709_0,acc_29709
dev_29710_0,acc_29710
dev_29711_0,acc_29711
dev_29712_0,acc_29712
dev_29713_0,acc_29713
dev_29714_0,acc_29714
dev_29715_0,acc_29715
dev_29716_0,acc_29716
dev_29717_0,acc_29717
dev_29718_0,acc_29718
dev_29719_0,acc_29719
dev_29720_0,acc_29720
dev_29721_0,acc_29721
dev_29722_0,acc_29722
dev_29723_0,acc_29723
dev_29724_0,acc_29724
dev_29725_0,acc_29725
dev_29726_0,acc_29726
dev_29727_0,acc_29727
dev_29727_1,acc_29727
dev_29728_0,acc_29728
dev_29729_0,acc_29729
dev_29730_0,acc_29730
dev_29731_0,acc_29731
dev_29732_0,acc_29732
dev_29733_0,acc_29733
dev_29734_0,acc_29734
dev_29735_0,acc_29735
dev_29736_0,acc_29736
dev_29737_0,acc_29737
dev_29738_0,acc_29738
dev_29739_0,acc_29739
dev_29739_1,acc_29739
dev_29740_0,acc_29740
dev_29741_0,acc_29741
dev_29742_0,acc_29742
dev_29743_0,acc_29743
dev_29743_1,acc_29743
dev_29744_0,acc_29744
dev_29745_0,acc_29745
dev_29746_0,acc_29746
dev_29747_0,acc_29747
dev_29748_0,acc_29748
dev_29749_0,acc_29749
dev_29750_0,acc_29750
dev_29751_0,acc_29751
dev_29752_0,acc_29752
dev_29753_0,acc_29753
dev_29754_0,acc_29754
dev_29755_0,acc_29755
dev_29756_0,acc_29756
dev_29757_0,acc_29757
dev_29758_0,acc_29758
dev_29759_0,acc_29759
dev_29760_0,acc_29760
dev_29761_0,acc_29761
dev_29762_0,acc_29762
dev_29763_0,acc_29763
dev_29764_0,acc_29764
dev_29765_0,acc_29765
dev_29766_0,acc_29766
dev_29767_0,acc_29767
dev_29768_0,acc_29768
dev_29769_0,acc_29769
dev_29769_1,acc_29769
dev_29770_0,acc_29770
dev_29771_0,acc_29771
dev_29772_0,acc_29772
dev_29773_0,acc_29773
dev_29774_0,acc_29774
dev_29775_0,acc_29775
dev_29776_0,acc_29776
dev_29777_0,acc_29777
dev_29778_0,acc_29778
dev_29779_0,acc_29779
dev_29780_0,acc_29780
dev_29781_0,acc_29781
dev_29782_0,acc_29782
dev_29783_0,acc_29783
dev_29783_1,acc_29783
dev_29784_0,acc_29784
dev_29785_0,acc_29785
dev_29786_0,acc_29786
dev_29787_0,acc_29787
dev_29788_0,acc_29788
dev_29789_0,acc_29789
dev_29790_0,acc_29790
dev_29791_0,acc_29791
dev_29792_0,acc_29792
dev_29793_0,acc_29793
dev_29794_0,acc_29794
dev_29795_0,acc_29795
dev_29796_0,acc_29796
dev_29797_0,acc_29797
dev_29798_0,acc_29798
dev_29799_0,acc_29799
dev_29800_0,acc_29800
dev_29800_1,acc_29800
dev_29801_0,acc_29801
dev_29802_0,acc_29802
dev_29803_0,acc_29803
dev_29804_0,acc_29804
dev_29805_0,acc_29805
dev_29806_0,acc_29806
dev_29807_0,acc_29807
dev_29808_0,acc_29808
dev_29808_1,acc_29808
dev_29809_0,acc_29809
dev_29810_0,acc_29810
dev_29811_0,acc_29811
dev_29812_0,acc_29812
dev_29813_0,acc_29813
dev_29814_0,acc_29814
dev_29815_0,acc_29815
dev_29816_0,acc_29816
dev_29817_0,acc_29817
dev_29818_0,acc_29818
dev_29819_0,acc_29819
dev_29820_0,acc_29820
dev_29821_0,acc_29821
dev_29822_0,acc_29822
dev_29823_0,acc_29823
dev_29824_0,acc_29824
dev_29825_0,acc_29825
dev_29826_0,acc_29826
dev_29827_0,acc_29827
dev_29828_0,acc_29828
dev_29829_0,acc_29829
dev_29830_0,acc_29830
dev_29831_0,acc_29831
dev_29832_0,acc_29832
dev_29833_0,acc_29833
dev_29834_0,acc_29834
dev_29835_0,acc_29835
dev_29836_0,acc_29836
dev_29837_0,acc_29837
dev_29837_1,acc_29837
dev_29838_0,acc_29838
dev_29839_0,acc_29839
dev_29839_1,acc_29839
dev_29840_0,acc_29840
dev_29841_0,acc_29841
dev_29842_0,acc_29842
dev_29843_0,acc_29843
dev_29844_0,acc_29844
dev_29845_0,acc_29845
dev_29846_0,acc_29846
dev_29847_0,acc_29847
dev_29848_0,acc_29848
dev_29849_0,acc_29849
dev_29850_0,acc_29850
dev_29851_0,acc_29851
dev_29852_0,acc_29852
dev_29853_0,acc_29853
dev_29854_0,acc_29854
dev_29855_0,acc_29855
dev_29856_0,acc_29856
dev_29857_0,acc_29857
dev_29858_0,acc_29858
dev_29859_0,acc_29859
dev_29860_0,acc_29860
dev_29861_0,acc_29861
dev_29862_0,acc_29862
dev_29863_0,acc_29863
dev_29864_0,acc_29864
dev_29865_0,acc_29865
dev_29866_0,acc_29866
dev_29867_0,acc_29867
dev_29868_0,acc_29868
dev_29869_0,acc_29869
dev_29870_0,acc_29870
dev_29871_0,acc_29871
dev_29872_0,acc_29872
dev_29873_0,acc_29873
dev_29874_0,acc_29874
dev_29875_0,acc_29875
dev_29876_0,acc_29876
dev_29877_0,acc_29877
dev_29878_0,acc_29878
dev_29879_0,acc_29879
dev_29880_0,acc_29880
dev_29881_0,acc_29881
dev_29882_0,acc_29882
dev_29883_0,acc_29883
dev_29884_0,acc_29884
dev_29885_0,acc_29885
dev_29886_0,acc_29886
dev_29887_0,acc_29887
dev_29888_0,acc_29888
dev_29889_0,acc_29889
dev_29890_0,acc_29890
dev_29891_0,acc_29891
dev_29892_0,acc_29892
dev_29893_0,acc_29893
dev_29894_0,acc_29894
dev_29895_0,acc_29895
dev_29896_0,acc_29896
dev_29897_0,acc_29897
dev_29898_0,acc_29898
dev_29899_0,acc_29899
dev_29900_0,acc_29900
dev_29901_0,acc_29901
dev_29902_0,acc_29902
dev_29903_0,acc_29903
dev_29904_0,acc_29904
dev_29905_0,acc_29905
dev_29906_0,acc_29906
dev_29907_0,acc_29907
dev_29908_0,acc_29908
dev_29909_0,acc_29909
dev_29910_0,acc_29910
dev_29911_0,acc_29911
dev_29912_0,acc_29912
dev_29913_0,acc_29913
dev_29914_0,acc_29914
dev_29915_0,acc_29915
dev_29916_0,acc_29916
dev_29917_0,acc_29917
dev_29918_0,acc_29918
dev_29919_0,acc_29919
dev_29920_0,acc_29920
dev_29921_0,acc_29921
dev_29922_0,acc_29922
dev_29923_0,acc_29923
dev_29924_0,acc_29924
dev_29925_0,acc_29925
dev_29926_0,acc_29926
dev_29927_0,acc_29927
dev_29928_0,acc_29928
dev_29929_0,acc_29929
dev_29930_0,acc_29930
dev_29931_0,acc_29931
dev_29932_0,acc_29932
dev_29932_1,acc_29932
dev_29933_0,acc_29933
dev_29934_0,acc_29934
dev_29935_0,acc_29935
dev_29936_0,acc_29936
dev_29937_0,acc_29937
dev_29938_0,acc_29938
dev_29939_0,acc_29939
dev_29940_0,acc_29940
dev_29941_0,acc_29941
dev_29942_0,acc_29942
dev_29943_0,acc_29943
dev_29944_0,acc_29944
dev_29945_0,acc_29945
dev_29946_0,acc_29946
dev_29947_0,acc_29947
dev_29948_0,acc_29948
dev_29949_0,acc_29949
dev_29950_0,acc_29950
dev_29951_0,acc_29951
dev_29952_0,acc_29952
dev_29952_1,acc_29952
dev_29953_0,acc_29953
dev_29954_0,acc_29954
dev_29955_0,acc_29955
dev_29956_0,acc_29956
dev_29957_0,acc_29957
dev_29958_0,acc_29958
dev_29959_0,acc_29959
dev_29960_0,acc_29960
dev_29961_0,acc_29961
dev_29962_0,acc_29962
dev_29963_0,acc_29963
dev_29964_0,acc_29964
dev_29965_0,acc_29965
dev_29966_0,acc_29966
dev_29967_0,acc_29967
dev_29968_0,acc_29968
dev_29969_0,acc_29969
dev_29970_0,acc_29970
dev_29971_0,acc_29971
dev_29972_0,acc_29972
dev_29973_0,acc_29973
dev_29974_0,acc_29974
dev_29975_0,acc_29975
dev_29976_0,acc_29976
dev_29977_0,acc_29977
dev_29978_0,acc_29978
dev_29979_0,acc_29979
dev_29980_0,acc_29980
dev_29981_0,acc_29981
dev_29982_0,acc_29982
dev_29983_0,acc_29983
dev_29984_0,acc_29984
dev_29985_0,acc_29985
dev_29986_0,acc_29986
dev_29987_0,acc_29987
dev_29988_0,acc_29988
dev_29989_0,acc_29989
dev_29990_0,acc_29990
dev_29991_0,acc_29991
dev_29992_0,acc_29992
dev_29993_0,acc_29993
dev_29993_1,acc_29993
dev_29994_0,acc_29994
dev_29995_0,acc_29995
dev_29996_0,acc_29996
dev_29996_1,acc_29996
dev_29997_0,acc_29997
dev_29997_1,acc_29997
dev_29998_0,acc_29998
dev_29999_0,acc_29999
