src,dst
phone_0,acc_0
phone_1,acc_1
phone_2,acc_2
phone_3,acc_3
phone_4,acc_4
phone_5,acc_5
phone_6,acc_6
phone_7,acc_7
phone_8,acc_8
phone_9,acc_9
phone_10,acc_10
phone_11,acc_11
phone_12,acc_12
phone_13,acc_13
phone_14,acc_14
phone_15,acc_15
phone_16,acc_16
phone_17,acc_17
phone_18,acc_18
phone_19,acc_19
phone_20,acc_20
phone_21,acc_21
phone_22,acc_22
phone_23,acc_23
phone_24,acc_24
phone_25,acc_25
phone_26,acc_26
phone_27,acc_27
phone_28,acc_28
phone_29,acc_29
phone_30,acc_30
phone_31,acc_31
phone_32,acc_32
phone_33,acc_33
phone_34,acc_34
phone_35,acc_35
phone_36,acc_36
phone_37,acc_37
phone_38,acc_38
phone_39,acc_39
phone_40,acc_40
phone_41,acc_41
phone_42,acc_42
phone_43,acc_43
phone_44,acc_44
phone_45,acc_45
phone_46,acc_46
phone_47,acc_47
phone_48,acc_48
phone_49,acc_49
phone_50,acc_50
phone_51,acc_51
phone_52,acc_52
phone_53,acc_53
phone_54,acc_54
phone_55,acc_55
phone_56,acc_56
phone_57,acc_57
phone_58,acc_58
phone_59,acc_59
phone_60,acc_60
phone_61,acc_61
phone_62,acc_62
phone_63,acc_63
phone_64,acc_64
phone_65,acc_65
phone_66,acc_66
phone_67,acc_67
phone_68,acc_68
phone_69,acc_69
phone_70,acc_70
phone_71,acc_71
phone_72,acc_72
phone_73,acc_73
phone_74,acc_74
phone_75,acc_75
phone_76,acc_76
phone_77,acc_77
phone_78,acc_78
phone_79,acc_79
phone_80,acc_80
phone_81,acc_81
phone_82,acc_82
phone_83,acc_83
phone_84,acc_84
phone_85,acc_85
phone_86,acc_86
phone_87,acc_87
phone_88,acc_88
phone_89,acc_89
phone_90,acc_90
phone_91,acc_91
phone_92,acc_92
phone_93,acc_93
phone_94,acc_94
phone_95,acc_95
phone_96,acc_96
phone_97,acc_97
phone_98,acc_98
phone_99,acc_99
phone_100,acc_100
phone_101,acc_101
phone_102,acc_102
phone_103,acc_103
phone_104,acc_104
phone_105,acc_105
phone_106,acc_106
phone_107,acc_107
phone_108,acc_108
phone_109,acc_109
phone_110,acc_110
phone_111,acc_111
phone_112,acc_112
phone_113,acc_113
phone_114,acc_114
phone_115,acc_115
phone_116,acc_116
phone_117,acc_117
phone_118,acc_118
phone_119,acc_119
phone_120,acc_120
phone_121,acc_121
phone_122,acc_122
phone_123,acc_123
phone_124,acc_124
phone_125,acc_125
phone_126,acc_126
phone_127,acc_127
phone_128,acc_128
phone_129,acc_129
phone_130,acc_130
phone_131,acc_131
phone_132,acc_132
phone_133,acc_133
phone_134,acc_134
phone_135,acc_135
phone_136,acc_136
phone_137,acc_137
phone_138,acc_138
phone_139,acc_139
phone_140,acc_140
phone_141,acc_141
phone_142,acc_142
phone_143,acc_143
phone_144,acc_144
phone_145,acc_145
phone_146,acc_146
phone_147,acc_147
phone_148,acc_148
phone_149,acc_149
phone_150,acc_150
phone_151,acc_151
phone_152,acc_152
phone_153,acc_153
phone_154,acc_154
phone_155,acc_155
phone_156,acc_156
phone_157,acc_157
phone_158,acc_158
phone_159,acc_159
phone_160,acc_160
phone_161,acc_161
phone_162,acc_162
phone_163,acc_163
phone_164,acc_164
phone_165,acc_165
phone_166,acc_166
phone_167,acc_167
phone_168,acc_168
phone_169,acc_169
phone_170,acc_170
phone_171,acc_171
phone_172,acc_172
phone_173,acc_173
phone_174,acc_174
phone_175,acc_175
phone_176,acc_176
phone_177,acc_177
phone_178,acc_178
phone_179,acc_179
phone_180,acc_180
phone_181,acc_181
phone_182,acc_182
phone_183,acc_183
phone_184,acc_184
phone_185,acc_185
phone_186,acc_186
phone_187,acc_187
phone_188,acc_188
phone_189,acc_189
phone_190,acc_190
phone_191,acc_191
phone_192,acc_192
phone_193,acc_193
phone_194,acc_194
phone_195,acc_195
phone_196,acc_196
phone_197,acc_197
phone_198,acc_198
phone_199,acc_199
phone_200,acc_200
phone_201,acc_201
phone_202,acc_202
phone_203,acc_203
phone_204,acc_204
phone_205,acc_205
phone_206,acc_206
phone_207,acc_207
phone_208,acc_208
phone_209,acc_209
phone_210,acc_210
phone_211,acc_211
phone_212,acc_212
phone_213,acc_213
phone_214,acc_214
phone_215,acc_215
phone_216,acc_216
phone_217,acc_217
phone_218,acc_218
phone_219,acc_219
phone_220,acc_220
phone_221,acc_221
phone_222,acc_222
phone_223,acc_223
phone_224,acc_224
phone_225,acc_225
phone_226,acc_226
phone_227,acc_227
phone_228,acc_228
phone_229,acc_229
phone_230,acc_230
phone_231,acc_231
phone_232,acc_232
phone_233,acc_233
phone_234,acc_234
phone_235,acc_235
phone_236,acc_236
phone_237,acc_237
phone_238,acc_238
phone_239,acc_239
phone_240,acc_240
phone_241,acc_241
phone_242,acc_242
phone_243,acc_243
phone_244,acc_244
phone_245,acc_245
phone_246,acc_246
phone_247,acc_247
phone_248,acc_248
phone_249,acc_249
phone_250,acc_250
phone_251,acc_251
phone_252,acc_252
phone_253,acc_253
phone_254,acc_254
phone_255,acc_255
phone_256,acc_256
phone_257,acc_257
phone_258,acc_258
phone_259,acc_259
phone_260,acc_260
phone_261,acc_261
phone_262,acc_262
phone_263,acc_263
phone_264,acc_264
phone_265,acc_265
phone_266,acc_266
phone_267,acc_267
phone_268,acc_268
phone_269,acc_269
phone_270,acc_270
phone_271,acc_271
phone_272,acc_272
phone_273,acc_273
phone_274,acc_274
phone_275,acc_275
phone_276,acc_276
phone_277,acc_277
phone_278,acc_278
phone_279,acc_279
phone_280,acc_280
phone_281,acc_281
phone_282,acc_282
phone_283,acc_283
phone_284,acc_284
phone_285,acc_285
phone_286,acc_286
phone_287,acc_287
phone_288,acc_288
phone_289,acc_289
phone_290,acc_290
phone_291,acc_291
phone_292,acc_292
phone_293,acc_293
phone_294,acc_294
phone_295,acc_295
phone_296,acc_296
phone_297,acc_297
phone_298,acc_298
phone_299,acc_299
phone_300,acc_300
phone_301,acc_301
phone_302,acc_302
phone_303,acc_303
phone_304,acc_304
phone_305,acc_305
phone_306,acc_306
phone_307,acc_307
phone_308,acc_308
phone_309,acc_309
phone_310,acc_310
phone_311,acc_311
phone_312,acc_312
phone_313,acc_313
phone_314,acc_314
phone_315,acc_315
phone_316,acc_316
phone_317,acc_317
phone_318,acc_318
phone_319,acc_319
phone_320,acc_320
phone_321,acc_321
phone_322,acc_322
phone_323,acc_323
phone_324,acc_324
phone_325,acc_325
phone_326,acc_326
phone_327,acc_327
phone_328,acc_328
phone_329,acc_329
phone_330,acc_330
phone_331,acc_331
phone_332,acc_332
phone_333,acc_333
phone_334,acc_334
phone_335,acc_335
phone_336,acc_336
phone_337,acc_337
phone_338,acc_338
phone_339,acc_339
phone_340,acc_340
phone_341,acc_341
phone_342,acc_342
phone_343,acc_343
phone_344,acc_344
phone_345,acc_345
phone_346,acc_346
phone_347,acc_347
phone_348,acc_348
phone_349,acc_349
phone_350,acc_350
phone_351,acc_351
phone_352,acc_352
phone_353,acc_353
phone_354,acc_354
phone_355,acc_355
phone_356,acc_356
phone_357,acc_357
phone_358,acc_358
phone_359,acc_359
phone_360,acc_360
phone_361,acc_361
phone_362,acc_362
phone_363,acc_363
phone_364,acc_364
phone_365,acc_365
phone_366,acc_366
phone_367,acc_367
phone_368,acc_368
phone_369,acc_369
phone_370,acc_370
phone_371,acc_371
phone_372,acc_372
phone_373,acc_373
phone_374,acc_374
phone_375,acc_375
phone_376,acc_376
phone_377,acc_377
phone_378,acc_378
phone_379,acc_379
phone_380,acc_380
phone_381,acc_381
phone_382,acc_382
phone_383,acc_383
phone_384,acc_384
phone_385,acc_385
phone_386,acc_386
phone_387,acc_387
phone_388,acc_388
phone_389,acc_389
phone_390,acc_390
phone_391,acc_391
phone_392,acc_392
phone_393,acc_393
phone_394,acc_394
phone_395,acc_395
phone_396,acc_396
phone_397,acc_397
phone_398,acc_398
phone_399,acc_399
phone_400,acc_400
phone_401,acc_401
phone_402,acc_402
phone_403,acc_403
phone_404,acc_404
phone_405,acc_405
phone_406,acc_406
phone_407,acc_407
phone_408,acc_408
phone_409,acc_409
phone_410,acc_410
phone_411,acc_411
phone_412,acc_412
phone_413,acc_413
phone_414,acc_414
phone_415,acc_415
phone_416,acc_416
phone_417,acc_417
phone_418,acc_418
phone_419,acc_419
phone_420,acc_420
phone_421,acc_421
phone_422,acc_422
phone_423,acc_423
phone_424,acc_424
phone_425,acc_425
phone_426,acc_426
phone_427,acc_427
phone_428,acc_428
phone_429,acc_429
phone_430,acc_430
phone_431,acc_431
phone_432,acc_432
phone_433,acc_433
phone_434,acc_434
phone_435,acc_435
phone_436,acc_436
phone_437,acc_437
phone_438,acc_438
phone_439,acc_439
phone_440,acc_440
phone_441,acc_441
phone_442,acc_442
phone_443,acc_443
phone_444,acc_444
phone_445,acc_445
phone_446,acc_446
phone_447,acc_447
phone_448,acc_448
phone_449,acc_449
phone_450,acc_450
phone_451,acc_451
phone_452,acc_452
phone_453,acc_453
phone_454,acc_454
phone_455,acc_455
phone_456,acc_456
phone_457,acc_457
phone_458,acc_458
phone_459,acc_459
phone_460,acc_460
phone_461,acc_461
phone_462,acc_462
phone_463,acc_463
phone_464,acc_464
phone_465,acc_465
phone_466,acc_466
phone_467,acc_467
phone_468,acc_468
phone_469,acc_469
phone_470,acc_470
phone_471,acc_471
phone_472,acc_472
phone_473,acc_473
phone_474,acc_474
phone_475,acc_475
phone_476,acc_476
phone_477,acc_477
phone_478,acc_478
phone_479,acc_479
phone_480,acc_480
phone_481,acc_481
phone_482,acc_482
phone_483,acc_483
phone_484,acc_484
phone_485,acc_485
phone_486,acc_486
phone_487,acc_487
phone_488,acc_488
phone_489,acc_489
phone_490,acc_490
phone_491,acc_491
phone_492,acc_492
phone_493,acc_493
phone_494,acc_494
phone_495,acc_495
phone_496,acc_496
phone_497,acc_497
phone_498,acc_498
phone_499,acc_499
phone_500,acc_500
phone_501,acc_501
phone_502,acc_502
phone_503,acc_503
phone_504,acc_504
phone_505,acc_505
phone_506,acc_506
phone_507,acc_507
phone_508,acc_508
phone_509,acc_509
phone_510,acc_510
phone_511,acc_511
phone_512,acc_512
phone_513,acc_513
phone_514,acc_514
phone_515,acc_515
phone_516,acc_516
phone_517,acc_517
phone_518,acc_518
phone_519,acc_519
phone_520,acc_520
phone_521,acc_521
phone_522,acc_522
phone_523,acc_523
phone_524,acc_524
phone_525,acc_525
phone_526,acc_526
phone_527,acc_527
phone_528,acc_528
phone_529,acc_529
phone_530,acc_530
phone_531,acc_531
phone_532,acc_532
phone_533,acc_533
phone_534,acc_534
phone_535,acc_535
phone_536,acc_536
phone_537,acc_537
phone_538,acc_538
phone_539,acc_539
phone_540,acc_540
phone_541,acc_541
phone_542,acc_542
phone_543,acc_543
phone_544,acc_544
phone_545,acc_545
phone_546,acc_546
phone_547,acc_547
phone_548,acc_548
phone_549,acc_549
phone_550,acc_550
phone_551,acc_551
phone_552,acc_552
phone_553,acc_553
phone_554,acc_554
phone_555,acc_555
phone_556,acc_556
phone_557,acc_557
phone_558,acc_558
phone_559,acc_559
phone_560,acc_560
phone_561,acc_561
phone_562,acc_562
phone_563,acc_563
phone_564,acc_564
phone_565,acc_565
phone_566,acc_566
phone_567,acc_567
phone_568,acc_568
phone_569,acc_569
phone_570,acc_570
phone_571,acc_571
phone_572,acc_572
phone_573,acc_573
phone_574,acc_574
phone_575,acc_575
phone_576,acc_576
phone_577,acc_577
phone_578,acc_578
phone_579,acc_579
phone_580,acc_580
phone_581,acc_581
phone_582,acc_582
phone_583,acc_583
phone_584,acc_584
phone_585,acc_585
phone_586,acc_586
phone_587,acc_587
phone_588,acc_588
phone_589,acc_589
phone_590,acc_590
phone_591,acc_591
phone_592,acc_592
phone_593,acc_593
phone_594,acc_594
phone_595,acc_595
phone_596,acc_596
phone_597,acc_597
phone_598,acc_598
phone_599,acc_599
phone_600,acc_600
phone_601,acc_601
phone_602,acc_602
phone_603,acc_603
phone_604,acc_604
phone_605,acc_605
phone_606,acc_606
phone_607,acc_607
phone_608,acc_608
phone_609,acc_609
phone_610,acc_610
phone_611,acc_611
phone_612,acc_612
phone_613,acc_613
phone_614,acc_614
phone_615,acc_615
phone_616,acc_616
phone_617,acc_617
phone_618,acc_618
phone_619,acc_619
phone_620,acc_620
phone_621,acc_621
phone_622,acc_622
phone_623,acc_623
phone_624,acc_624
phone_625,acc_625
phone_626,acc_626
phone_627,acc_627
phone_628,acc_628
phone_629,acc_629
phone_630,acc_630
phone_631,acc_631
phone_632,acc_632
phone_633,acc_633
phone_634,acc_634
phone_635,acc_635
phone_636,acc_636
phone_637,acc_637
phone_638,acc_638
phone_639,acc_639
phone_640,acc_640
phone_641,acc_641
phone_642,acc_642
phone_643,acc_643
phone_644,acc_644
phone_645,acc_645
phone_646,acc_646
phone_647,acc_647
phone_648,acc_648
phone_649,acc_649
phone_650,acc_650
phone_651,acc_651
phone_652,acc_652
phone_653,acc_653
phone_654,acc_654
phone_655,acc_655
phone_656,acc_656
phone_657,acc_657
phone_658,acc_658
phone_659,acc_659
phone_660,acc_660
phone_661,acc_661
phone_662,acc_662
phone_663,acc_663
phone_664,acc_664
phone_665,acc_665
phone_666,acc_666
phone_667,acc_667
phone_668,acc_668
phone_669,acc_669
phone_670,acc_670
phone_671,acc_671
phone_672,acc_672
phone_673,acc_673
phone_674,acc_674
phone_675,acc_675
phone_676,acc_676
phone_677,acc_677
phone_678,acc_678
phone_679,acc_679
phone_680,acc_680
phone_681,acc_681
phone_682,acc_682
phone_683,acc_683
phone_684,acc_684
phone_685,acc_685
phone_686,acc_686
phone_687,acc_687
phone_688,acc_688
phone_689,acc_689
phone_690,acc_690
phone_691,acc_691
phone_692,acc_692
phone_693,acc_693
phone_694,acc_694
phone_695,acc_695
phone_696,acc_696
phone_697,acc_697
phone_698,acc_698
phone_699,acc_699
phone_700,acc_700
phone_701,acc_701
phone_702,acc_702
phone_703,acc_703
phone_704,acc_704
phone_705,acc_705
phone_706,acc_706
phone_707,acc_707
phone_708,acc_708
phone_709,acc_709
phone_710,acc_710
phone_711,acc_711
phone_712,acc_712
phone_713,acc_713
phone_714,acc_714
phone_715,acc_715
phone_716,acc_716
phone_717,acc_717
phone_718,acc_718
phone_719,acc_719
phone_720,acc_720
phone_721,acc_721
phone_722,acc_722
phone_723,acc_723
phone_724,acc_724
phone_725,acc_725
phone_726,acc_726
phone_727,acc_727
phone_728,acc_728
phone_729,acc_729
phone_730,acc_730
phone_731,acc_731
phone_732,acc_732
phone_733,acc_733
phone_734,acc_734
phone_735,acc_735
phone_736,acc_736
phone_737,acc_737
phone_738,acc_738
phone_739,acc_739
phone_740,acc_740
phone_741,acc_741
phone_742,acc_742
phone_743,acc_743
phone_744,acc_744
phone_745,acc_745
phone_746,acc_746
phone_747,acc_747
phone_748,acc_748
phone_749,acc_749
phone_750,acc_750
phone_751,acc_751
phone_752,acc_752
phone_753,acc_753
phone_754,acc_754
phone_755,acc_755
phone_756,acc_756
phone_757,acc_757
phone_758,acc_758
phone_759,acc_759
phone_760,acc_760
phone_761,acc_761
phone_762,acc_762
phone_763,acc_763
phone_764,acc_764
phone_765,acc_765
phone_766,acc_766
phone_767,acc_767
phone_768,acc_768
phone_769,acc_769
phone_770,acc_770
phone_771,acc_771
phone_772,acc_772
phone_773,acc_773
phone_774,acc_774
phone_775,acc_775
phone_776,acc_776
phone_777,acc_777
phone_778,acc_778
phone_779,acc_779
phone_780,acc_780
phone_781,acc_781
phone_782,acc_782
phone_783,acc_783
phone_784,acc_784
phone_785,acc_785
phone_786,acc_786
phone_787,acc_787
phone_788,acc_788
phone_789,acc_789
phone_790,acc_790
phone_791,acc_791
phone_792,acc_792
phone_793,acc_793
phone_794,acc_794
phone_795,acc_795
phone_796,acc_796
phone_797,acc_797
phone_798,acc_798
phone_799,acc_799
phone_800,acc_800
phone_801,acc_801
phone_802,acc_802
phone_803,acc_803
phone_804,acc_804
phone_805,acc_805
phone_806,acc_806
phone_807,acc_807
phone_808,acc_808
phone_809,acc_809
phone_810,acc_810
phone_811,acc_811
phone_812,acc_812
phone_813,acc_813
phone_814,acc_814
phone_815,acc_815
phone_816,acc_816
phone_817,acc_817
phone_818,acc_818
phone_819,acc_819
phone_820,acc_820
phone_821,acc_821
phone_822,acc_822
phone_823,acc_823
phone_824,acc_824
phone_825,acc_825
phone_826,acc_826
phone_827,acc_827
phone_828,acc_828
phone_829,acc_829
phone_830,acc_830
phone_831,acc_831
phone_832,acc_832
phone_833,acc_833
phone_834,acc_834
phone_835,acc_835
phone_836,acc_836
phone_837,acc_837
phone_838,acc_838
phone_839,acc_839
phone_840,acc_840
phone_841,acc_841
phone_842,acc_842
phone_843,acc_843
phone_844,acc_844
phone_845,acc_845
phone_846,acc_846
phone_847,acc_847
phone_848,acc_848
phone_849,acc_849
phone_850,acc_850
phone_851,acc_851
phone_852,acc_852
phone_853,acc_853
phone_854,acc_854
phone_855,acc_855
phone_856,acc_856
phone_857,acc_857
phone_858,acc_858
phone_859,acc_859
phone_860,acc_860
phone_861,acc_861
phone_862,acc_862
phone_863,acc_863
phone_864,acc_864
phone_865,acc_865
phone_866,acc_866
phone_867,acc_867
phone_868,acc_868
phone_869,acc_869
phone_870,acc_870
phone_871,acc_871
phone_872,acc_872
phone_873,acc_873
phone_874,acc_874
phone_875,acc_875
phone_876,acc_876
phone_877,acc_877
phone_878,acc_878
phone_879,acc_879
phone_880,acc_880
phone_881,acc_881
phone_882,acc_882
phone_883,acc_883
phone_884,acc_884
phone_885,acc_885
phone_886,acc_886
phone_887,acc_887
phone_888,acc_888
phone_889,acc_889
phone_890,acc_890
phone_891,acc_891
phone_892,acc_892
phone_893,acc_893
phone_894,acc_894
phone_895,acc_895
phone_896,acc_896
phone_897,acc_897
phone_898,acc_898
phone_899,acc_899
phone_900,acc_900
phone_901,acc_901
phone_902,acc_902
phone_903,acc_903
phone_904,acc_904
phone_905,acc_905
phone_906,acc_906
phone_907,acc_907
phone_908,acc_908
phone_909,acc_909
phone_910,acc_910
phone_911,acc_911
phone_912,acc_912
phone_913,acc_913
phone_914,acc_914
phone_915,acc_915
phone_916,acc_916
phone_917,acc_917
phone_918,acc_918
phone_919,acc_919
phone_920,acc_920
phone_921,acc_921
phone_922,acc_922
phone_923,acc_923
phone_924,acc_924
phone_925,acc_925
phone_926,acc_926
phone_927,acc_927
phone_928,acc_928
phone_929,acc_929
phone_930,acc_930
phone_931,acc_931
phone_932,acc_932
phone_933,acc_933
phone_934,acc_934
phone_935,acc_935
phone_936,acc_936
phone_937,acc_937
phone_938,acc_938
phone_939,acc_939
phone_940,acc_940
phone_941,acc_941
phone_942,acc_942
phone_943,acc_943
phone_944,acc_944
phone_945,acc_945
phone_946,acc_946
phone_947,acc_947
phone_948,acc_948
phone_949,acc_949
phone_950,acc_950
phone_951,acc_951
phone_952,acc_952
phone_953,acc_953
phone_954,acc_954
phone_955,acc_955
phone_956,acc_956
phone_957,acc_957
phone_958,acc_958
phone_959,acc_959
phone_960,acc_960
phone_961,acc_961
phone_962,acc_962
phone_963,acc_963
phone_964,acc_964
phone_965,acc_965
phone_966,acc_966
phone_967,acc_967
phone_968,acc_968
phone_969,acc_969
phone_970,acc_970
phone_971,acc_971
phone_972,acc_972
phone_973,acc_973
phone_974,acc_974
phone_975,acc_975
phone_976,acc_976
phone_977,acc_977
phone_978,acc_978
phone_979,acc_979
phone_980,acc_980
phone_981,acc_981
phone_982,acc_982
phone_983,acc_983
phone_984,acc_984
phone_985,acc_985
phone_986,acc_986
phone_987,acc_987
phone_988,acc_988
phone_989,acc_989
phone_990,acc_990
phone_991,acc_991
phone_992,acc_992
phone_993,acc_993
phone_994,acc_994
phone_995,acc_995
phone_996,acc_996
phone_997,acc_997
phone_998,acc_998
phone_999,acc_999
phone_1000,acc_1000
phone_1001,acc_1001
phone_1002,acc_1002
phone_1003,acc_1003
phone_1004,acc_1004
phone_1005,acc_1005
phone_1006,acc_1006
phone_1007,acc_1007
phone_1008,acc_1008
phone_1009,acc_1009
phone_1010,acc_1010
phone_1011,acc_1011
phone_1012,acc_1012
phone_1013,acc_1013
phone_1014,acc_1014
phone_1015,acc_1015
phone_1016,acc_1016
phone_1017,acc_1017
phone_1018,acc_1018
phone_1019,acc_1019
phone_1020,acc_1020
phone_1021,acc_1021
phone_1022,acc_1022
phone_1023,acc_1023
phone_1024,acc_1024
phone_1025,acc_1025
phone_1026,acc_1026
phone_1027,acc_1027
phone_1028,acc_1028
phone_1029,acc_1029
phone_1030,acc_1030
phone_1031,acc_1031
phone_1032,acc_1032
phone_1033,acc_1033
phone_1034,acc_1034
phone_1035,acc_1035
phone_1036,acc_1036
phone_1037,acc_1037
phone_1038,acc_1038
phone_1039,acc_1039
phone_1040,acc_1040
phone_1041,acc_1041
phone_1042,acc_1042
phone_1043,acc_1043
phone_1044,acc_1044
phone_1045,acc_1045
phone_1046,acc_1046
phone_1047,acc_1047
phone_1048,acc_1048
phone_1049,acc_1049
phone_1050,acc_1050
phone_1051,acc_1051
phone_1052,acc_1052
phone_1053,acc_1053
phone_1054,acc_1054
phone_1055,acc_1055
phone_1056,acc_1056
phone_1057,acc_1057
phone_1058,acc_1058
phone_1059,acc_1059
phone_1060,acc_1060
phone_1061,acc_1061
phone_1062,acc_1062
phone_1063,acc_1063
phone_1064,acc_1064
phone_1065,acc_1065
phone_1066,acc_1066
phone_1067,acc_1067
phone_1068,acc_1068
phone_1069,acc_1069
phone_1070,acc_1070
phone_1071,acc_1071
phone_1072,acc_1072
phone_1073,acc_1073
phone_1074,acc_1074
phone_1075,acc_1075
phone_1076,acc_1076
phone_1077,acc_1077
phone_1078,acc_1078
phone_1079,acc_1079
phone_1080,acc_1080
phone_1081,acc_1081
phone_1082,acc_1082
phone_1083,acc_1083
phone_1084,acc_1084
phone_1085,acc_1085
phone_1086,acc_1086
phone_1087,acc_1087
phone_1088,acc_1088
phone_1089,acc_1089
phone_1090,acc_1090
phone_1091,acc_1091
phone_1092,acc_1092
phone_1093,acc_1093
phone_1094,acc_1094
phone_1095,acc_1095
phone_1096,acc_1096
phone_1097,acc_1097
phone_1098,acc_1098
phone_1099,acc_1099
phone_1100,acc_1100
phone_1101,acc_1101
phone_1102,acc_1102
phone_1103,acc_1103
phone_1104,acc_1104
phone_1105,acc_1105
phone_1106,acc_1106
phone_1107,acc_1107
phone_1108,acc_1108
phone_1109,acc_1109
phone_1110,acc_1110
phone_1111,acc_1111
phone_1112,acc_1112
phone_1113,acc_1113
phone_1114,acc_1114
phone_1115,acc_1115
phone_1116,acc_1116
phone_1117,acc_1117
phone_1118,acc_1118
phone_1119,acc_1119
phone_1120,acc_1120
phone_1121,acc_1121
phone_1122,acc_1122
phone_1123,acc_1123
phone_1124,acc_1124
phone_1125,acc_1125
phone_1126,acc_1126
phone_1127,acc_1127
phone_1128,acc_1128
phone_1129,acc_1129
phone_1130,acc_1130
phone_1131,acc_1131
phone_1132,acc_1132
phone_1133,acc_1133
phone_1134,acc_1134
phone_1135,acc_1135
phone_1136,acc_1136
phone_1137,acc_1137
phone_1138,acc_1138
phone_1139,acc_1139
phone_1140,acc_1140
phone_1141,acc_1141
phone_1142,acc_1142
phone_1143,acc_1143
phone_1144,acc_1144
phone_1145,acc_1145
phone_1146,acc_1146
phone_1147,acc_1147
phone_1148,acc_1148
phone_1149,acc_1149
phone_1150,acc_1150
phone_1151,acc_1151
phone_1152,acc_1152
phone_1153,acc_1153
phone_1154,acc_1154
phone_1155,acc_1155
phone_1156,acc_1156
phone_1157,acc_1157
phone_1158,acc_1158
phone_1159,acc_1159
phone_1160,acc_1160
phone_1161,acc_1161
phone_1162,acc_1162
phone_1163,acc_1163
phone_1164,acc_1164
phone_1165,acc_1165
phone_1166,acc_1166
phone_1167,acc_1167
phone_1168,acc_1168
phone_1169,acc_1169
phone_1170,acc_1170
phone_1171,acc_1171
phone_1172,acc_1172
phone_1173,acc_1173
phone_1174,acc_1174
phone_1175,acc_1175
phone_1176,acc_1176
phone_1177,acc_1177
phone_1178,acc_1178
phone_1179,acc_1179
phone_1180,acc_1180
phone_1181,acc_1181
phone_1182,acc_1182
phone_1183,acc_1183
phone_1184,acc_1184
phone_1185,acc_1185
phone_1186,acc_1186
phone_1187,acc_1187
phone_1188,acc_1188
phone_1189,acc_1189
phone_1190,acc_1190
phone_1191,acc_1191
phone_1192,acc_1192
phone_1193,acc_1193
phone_1194,acc_1194
phone_1195,acc_1195
phone_1196,acc_1196
phone_1197,acc_1197
phone_1198,acc_1198
phone_1199,acc_1199
phone_1200,acc_1200
phone_1201,acc_1201
phone_1202,acc_1202
phone_1203,acc_1203
phone_1204,acc_1204
phone_1205,acc_1205
phone_1206,acc_1206
phone_1207,acc_1207
phone_1208,acc_1208
phone_1209,acc_1209
phone_1210,acc_1210
phone_1211,acc_1211
phone_1212,acc_1212
phone_1213,acc_1213
phone_1214,acc_1214
phone_1215,acc_1215
phone_1216,acc_1216
phone_1217,acc_1217
phone_1218,acc_1218
phone_1219,acc_1219
phone_1220,acc_1220
phone_1221,acc_1221
phone_1222,acc_1222
phone_1223,acc_1223
phone_1224,acc_1224
phone_1225,acc_1225
phone_1226,acc_1226
phone_1227,acc_1227
phone_1228,acc_1228
phone_1229,acc_1229
phone_1230,acc_1230
phone_1231,acc_1231
phone_1232,acc_1232
phone_1233,acc_1233
phone_1234,acc_1234
phone_1235,acc_1235
phone_1236,acc_1236
phone_1237,acc_1237
phone_1238,acc_1238
phone_1239,acc_1239
phone_1240,acc_1240
phone_1241,acc_1241
phone_1242,acc_1242
phone_1243,acc_1243
phone_1244,acc_1244
phone_1245,acc_1245
phone_1246,acc_1246
phone_1247,acc_1247
phone_1248,acc_1248
phone_1249,acc_1249
phone_1250,acc_1250
phone_1251,acc_1251
phone_1252,acc_1252
phone_1253,acc_1253
phone_1254,acc_1254
phone_1255,acc_1255
phone_1256,acc_1256
phone_1257,acc_1257
phone_1258,acc_1258
phone_1259,acc_1259
phone_1260,acc_1260
phone_1261,acc_1261
phone_1262,acc_1262
phone_1263,acc_1263
phone_1264,acc_1264
phone_1265,acc_1265
phone_1266,acc_1266
phone_1267,acc_1267
phone_1268,acc_1268
phone_1269,acc_1269
phone_1270,acc_1270
phone_1271,acc_1271
phone_1272,acc_1272
phone_1273,acc_1273
phone_1274,acc_1274
phone_1275,acc_1275
phone_1276,acc_1276
phone_1277,acc_1277
phone_1278,acc_1278
phone_1279,acc_1279
phone_1280,acc_1280
phone_1281,acc_1281
phone_1282,acc_1282
phone_1283,acc_1283
phone_1284,acc_1284
phone_1285,acc_1285
phone_1286,acc_1286
phone_1287,acc_1287
phone_1288,acc_1288
phone_1289,acc_1289
phone_1290,acc_1290
phone_1291,acc_1291
phone_1292,acc_1292
phone_1293,acc_1293
phone_1294,acc_1294
phone_1295,acc_1295
phone_1296,acc_1296
phone_1297,acc_1297
phone_1298,acc_1298
phone_1299,acc_1299
phone_1300,acc_1300
phone_1301,acc_1301
phone_1302,acc_1302
phone_1303,acc_1303
phone_1304,acc_1304
phone_1305,acc_1305
phone_1306,acc_1306
phone_1307,acc_1307
phone_1308,acc_1308
phone_1309,acc_1309
phone_1310,acc_1310
phone_1311,acc_1311
phone_1312,acc_1312
phone_1313,acc_1313
phone_1314,acc_1314
phone_1315,acc_1315
phone_1316,acc_1316
phone_1317,acc_1317
phone_1318,acc_1318
phone_1319,acc_1319
phone_1320,acc_1320
phone_1321,acc_1321
phone_1322,acc_1322
phone_1323,acc_1323
phone_1324,acc_1324
phone_1325,acc_1325
phone_1326,acc_1326
phone_1327,acc_1327
phone_1328,acc_1328
phone_1329,acc_1329
phone_1330,acc_1330
phone_1331,acc_1331
phone_1332,acc_1332
phone_1333,acc_1333
phone_1334,acc_1334
phone_1335,acc_1335
phone_1336,acc_1336
phone_1337,acc_1337
phone_1338,acc_1338
phone_1339,acc_1339
phone_1340,acc_1340
phone_1341,acc_1341
phone_1342,acc_1342
phone_1343,acc_1343
phone_1344,acc_1344
phone_1345,acc_1345
phone_1346,acc_1346
phone_1347,acc_1347
phone_1348,acc_1348
phone_1349,acc_1349
phone_1350,acc_1350
phone_1351,acc_1351
phone_1352,acc_1352
phone_1353,acc_1353
phone_1354,acc_1354
phone_1355,acc_1355
phone_1356,acc_1356
phone_1357,acc_1357
phone_1358,acc_1358
phone_1359,acc_1359
phone_1360,acc_1360
phone_1361,acc_1361
phone_1362,acc_1362
phone_1363,acc_1363
phone_1364,acc_1364
phone_1365,acc_1365
phone_1366,acc_1366
phone_1367,acc_1367
phone_1368,acc_1368
phone_1369,acc_1369
phone_1370,acc_1370
phone_1371,acc_1371
phone_1372,acc_1372
phone_1373,acc_1373
phone_1374,acc_1374
phone_1375,acc_1375
phone_1376,acc_1376
phone_1377,acc_1377
phone_1378,acc_1378
phone_1379,acc_1379
phone_1380,acc_1380
phone_1381,acc_1381
phone_1382,acc_1382
phone_1383,acc_1383
phone_1384,acc_1384
phone_1385,acc_1385
phone_1386,acc_1386
phone_1387,acc_1387
phone_1388,acc_1388
phone_1389,acc_1389
phone_1390,acc_1390
phone_1391,acc_1391
phone_1392,acc_1392
phone_1393,acc_1393
phone_1394,acc_1394
phone_1395,acc_1395
phone_1396,acc_1396
phone_1397,acc_1397
phone_1398,acc_1398
phone_1399,acc_1399
phone_1400,acc_1400
phone_1401,acc_1401
phone_1402,acc_1402
phone_1403,acc_1403
phone_1404,acc_1404
phone_1405,acc_1405
phone_1406,acc_1406
phone_1407,acc_1407
phone_1408,acc_1408
phone_1409,acc_1409
phone_1410,acc_1410
phone_1411,acc_1411
phone_1412,acc_1412
phone_1413,acc_1413
phone_1414,acc_1414
phone_1415,acc_1415
phone_1416,acc_1416
phone_1417,acc_1417
phone_1418,acc_1418
phone_1419,acc_1419
phone_1420,acc_1420
phone_1421,acc_1421
phone_1422,acc_1422
phone_1423,acc_1423
phone_1424,acc_1424
phone_1425,acc_1425
phone_1426,acc_1426
phone_1427,acc_1427
phone_1428,acc_1428
phone_1429,acc_1429
phone_1430,acc_1430
phone_1431,acc_1431
phone_1432,acc_1432
phone_1433,acc_1433
phone_1434,acc_1434
phone_1435,acc_1435
phone_1436,acc_1436
phone_1437,acc_1437
phone_1438,acc_1438
phone_1439,acc_1439
phone_1440,acc_1440
phone_1441,acc_1441
phone_1442,acc_1442
phone_1443,acc_1443
phone_1444,acc_1444
phone_1445,acc_1445
phone_1446,acc_1446
phone_1447,acc_1447
phone_1448,acc_1448
phone_1449,acc_1449
phone_1450,acc_1450
phone_1451,acc_1451
phone_1452,acc_1452
phone_1453,acc_1453
phone_1454,acc_1454
phone_1455,acc_1455
phone_1456,acc_1456
phone_1457,acc_1457
phone_1458,acc_1458
phone_1459,acc_1459
phone_1460,acc_1460
phone_1461,acc_1461
phone_1462,acc_1462
phone_1463,acc_1463
phone_1464,acc_1464
phone_1465,acc_1465
phone_1466,acc_1466
phone_1467,acc_1467
phone_1468,acc_1468
phone_1469,acc_1469
phone_1470,acc_1470
phone_1471,acc_1471
phone_1472,acc_1472
phone_1473,acc_1473
phone_1474,acc_1474
phone_1475,acc_1475
phone_1476,acc_1476
phone_1477,acc_1477
phone_1478,acc_1478
phone_1479,acc_1479
phone_1480,acc_1480
phone_1481,acc_1481
phone_1482,acc_1482
phone_1483,acc_1483
phone_1484,acc_1484
phone_1485,acc_1485
phone_1486,acc_1486
phone_1487,acc_1487
phone_1488,acc_1488
phone_1489,acc_1489
phone_1490,acc_1490
phone_1491,acc_1491
phone_1492,acc_1492
phone_1493,acc_1493
phone_1494,acc_1494
phone_1495,acc_1495
phone_1496,acc_1496
phone_1497,acc_1497
phone_1498,acc_1498
phone_1499,acc_1499
phone_1500,acc_1500
phone_1501,acc_1501
phone_1502,acc_1502
phone_1503,acc_1503
phone_1504,acc_1504
phone_1505,acc_1505
phone_1506,acc_1506
phone_1507,acc_1507
phone_1508,acc_1508
phone_1509,acc_1509
phone_1510,acc_1510
phone_1511,acc_1511
phone_1512,acc_1512
phone_1513,acc_1513
phone_1514,acc_1514
phone_1515,acc_1515
phone_1516,acc_1516
phone_1517,acc_1517
phone_1518,acc_1518
phone_1519,acc_1519
phone_1520,acc_1520
phone_1521,acc_1521
phone_1522,acc_1522
phone_1523,acc_1523
phone_1524,acc_1524
phone_1525,acc_1525
phone_1526,acc_1526
phone_1527,acc_1527
phone_1528,acc_1528
phone_1529,acc_1529
phone_1530,acc_1530
phone_1531,acc_1531
phone_1532,acc_1532
phone_1533,acc_1533
phone_1534,acc_1534
phone_1535,acc_1535
phone_1536,acc_1536
phone_1537,acc_1537
phone_1538,acc_1538
phone_1539,acc_1539
phone_1540,acc_1540
phone_1541,acc_1541
phone_1542,acc_1542
phone_1543,acc_1543
phone_1544,acc_1544
phone_1545,acc_1545
phone_1546,acc_1546
phone_1547,acc_1547
phone_1548,acc_1548
phone_1549,acc_1549
phone_1550,acc_1550
phone_1551,acc_1551
phone_1552,acc_1552
phone_1553,acc_1553
phone_1554,acc_1554
phone_1555,acc_1555
phone_1556,acc_1556
phone_1557,acc_1557
phone_1558,acc_1558
phone_1559,acc_1559
phone_1560,acc_1560
phone_1561,acc_1561
phone_1562,acc_1562
phone_1563,acc_1563
phone_1564,acc_1564
phone_1565,acc_1565
phone_1566,acc_1566
phone_1567,acc_1567
phone_1568,acc_1568
phone_1569,acc_1569
phone_1570,acc_1570
phone_1571,acc_1571
phone_1572,acc_1572
phone_1573,acc_1573
phone_1574,acc_1574
phone_1575,acc_1575
phone_1576,acc_1576
phone_1577,acc_1577
phone_1578,acc_1578
phone_1579,acc_1579
phone_1580,acc_1580
phone_1581,acc_1581
phone_1582,acc_1582
phone_1583,acc_1583
phone_1584,acc_1584
phone_1585,acc_1585
phone_1586,acc_1586
phone_1587,acc_1587
phone_1588,acc_1588
phone_1589,acc_1589
phone_1590,acc_1590
phone_1591,acc_1591
phone_1592,acc_1592
phone_1593,acc_1593
phone_1594,acc_1594
phone_1595,acc_1595
phone_1596,acc_1596
phone_1597,acc_1597
phone_1598,acc_1598
phone_1599,acc_1599
phone_1600,acc_1600
phone_1601,acc_1601
phone_1602,acc_1602
phone_1603,acc_1603
phone_1604,acc_1604
phone_1605,acc_1605
phone_1606,acc_1606
phone_1607,acc_1607
phone_1608,acc_1608
phone_1609,acc_1609
phone_1610,acc_1610
phone_1611,acc_1611
phone_1612,acc_1612
phone_1613,acc_1613
phone_1614,acc_1614
phone_1615,acc_1615
phone_1616,acc_1616
phone_1617,acc_1617
phone_1618,acc_1618
phone_1619,acc_1619
phone_1620,acc_1620
phone_1621,acc_1621
phone_1622,acc_1622
phone_1623,acc_1623
phone_1624,acc_1624
phone_1625,acc_1625
phone_1626,acc_1626
phone_1627,acc_1627
phone_1628,acc_1628
phone_1629,acc_1629
phone_1630,acc_1630
phone_1631,acc_1631
phone_1632,acc_1632
phone_1633,acc_1633
phone_1634,acc_1634
phone_1635,acc_1635
phone_1636,acc_1636
phone_1637,acc_1637
phone_1638,acc_1638
phone_1639,acc_1639
phone_1640,acc_1640
phone_1641,acc_1641
phone_1642,acc_1642
phone_1643,acc_1643
phone_1644,acc_1644
phone_1645,acc_1645
phone_1646,acc_1646
phone_1647,acc_1647
phone_1648,acc_1648
phone_1649,acc_1649
phone_1650,acc_1650
phone_1651,acc_1651
phone_1652,acc_1652
phone_1653,acc_1653
phone_1654,acc_1654
phone_1655,acc_1655
phone_1656,acc_1656
phone_1657,acc_1657
phone_1658,acc_1658
phone_1659,acc_1659
phone_1660,acc_1660
phone_1661,acc_1661
phone_1662,acc_1662
phone_1663,acc_1663
phone_1664,acc_1664
phone_1665,acc_1665
phone_1666,acc_1666
phone_1667,acc_1667
phone_1668,acc_1668
phone_1669,acc_1669
phone_1670,acc_1670
phone_1671,acc_1671
phone_1672,acc_1672
phone_1673,acc_1673
phone_1674,acc_1674
phone_1675,acc_1675
phone_1676,acc_1676
phone_1677,acc_1677
phone_1678,acc_1678
phone_1679,acc_1679
phone_1680,acc_1680
phone_1681,acc_1681
phone_1682,acc_1682
phone_1683,acc_1683
phone_1684,acc_1684
phone_1685,acc_1685
phone_1686,acc_1686
phone_1687,acc_1687
phone_1688,acc_1688
phone_1689,acc_1689
phone_1690,acc_1690
phone_1691,acc_1691
phone_1692,acc_1692
phone_1693,acc_1693
phone_1694,acc_1694
phone_1695,acc_1695
phone_1696,acc_1696
phone_1697,acc_1697
phone_1698,acc_1698
phone_1699,acc_1699
phone_1700,acc_1700
phone_1701,acc_1701
phone_1702,acc_1702
phone_1703,acc_1703
phone_1704,acc_1704
phone_1705,acc_1705
phone_1706,acc_1706
phone_1707,acc_1707
phone_1708,acc_1708
phone_1709,acc_1709
phone_1710,acc_1710
phone_1711,acc_1711
phone_1712,acc_1712
phone_1713,acc_1713
phone_1714,acc_1714
phone_1715,acc_1715
phone_1716,acc_1716
phone_1717,acc_1717
phone_1718,acc_1718
phone_1719,acc_1719
phone_1720,acc_1720
phone_1721,acc_1721
phone_1722,acc_1722
phone_1723,acc_1723
phone_1724,acc_1724
phone_1725,acc_1725
phone_1726,acc_1726
phone_1727,acc_1727
phone_1728,acc_1728
phone_1729,acc_1729
phone_1730,acc_1730
phone_1731,acc_1731
phone_1732,acc_1732
phone_1733,acc_1733
phone_1734,acc_1734
phone_1735,acc_1735
phone_1736,acc_1736
phone_1737,acc_1737
phone_1738,acc_1738
phone_1739,acc_1739
phone_1740,acc_1740
phone_1741,acc_1741
phone_1742,acc_1742
phone_1743,acc_1743
phone_1744,acc_1744
phone_1745,acc_1745
phone_1746,acc_1746
phone_1747,acc_1747
phone_1748,acc_1748
phone_1749,acc_1749
phone_1750,acc_1750
phone_1751,acc_1751
phone_1752,acc_1752
phone_1753,acc_1753
phone_1754,acc_1754
phone_1755,acc_1755
phone_1756,acc_1756
phone_1757,acc_1757
phone_1758,acc_1758
phone_1759,acc_1759
phone_1760,acc_1760
phone_1761,acc_1761
phone_1762,acc_1762
phone_1763,acc_1763
phone_1764,acc_1764
phone_1765,acc_1765
phone_1766,acc_1766
phone_1767,acc_1767
phone_1768,acc_1768
phone_1769,acc_1769
phone_1770,acc_1770
phone_1771,acc_1771
phone_1772,acc_1772
phone_1773,acc_1773
phone_1774,acc_1774
phone_1775,acc_1775
phone_1776,acc_1776
phone_1777,acc_1777
phone_1778,acc_1778
phone_1779,acc_1779
phone_1780,acc_1780
phone_1781,acc_1781
phone_1782,acc_1782
phone_1783,acc_1783
phone_1784,acc_1784
phone_1785,acc_1785
phone_1786,acc_1786
phone_1787,acc_1787
phone_1788,acc_1788
phone_1789,acc_1789
phone_1790,acc_1790
phone_1791,acc_1791
phone_1792,acc_1792
phone_1793,acc_1793
phone_1794,acc_1794
phone_1795,acc_1795
phone_1796,acc_1796
phone_1797,acc_1797
phone_1798,acc_1798
phone_1799,acc_1799
phone_1800,acc_1800
phone_1801,acc_1801
phone_1802,acc_1802
phone_1803,acc_1803
phone_1804,acc_1804
phone_1805,acc_1805
phone_1806,acc_1806
phone_1807,acc_1807
phone_1808,acc_1808
phone_1809,acc_1809
phone_1810,acc_1810
phone_1811,acc_1811
phone_1812,acc_1812
phone_1813,acc_1813
phone_1814,acc_1814
phone_1815,acc_1815
phone_1816,acc_1816
phone_1817,acc_1817
phone_1818,acc_1818
phone_1819,acc_1819
phone_1820,acc_1820
phone_1821,acc_1821
phone_1822,acc_1822
phone_1823,acc_1823
phone_1824,acc_1824
phone_1825,acc_1825
phone_1826,acc_1826
phone_1827,acc_1827
phone_1828,acc_1828
phone_1829,acc_1829
phone_1830,acc_1830
phone_1831,acc_1831
phone_1832,acc_1832
phone_1833,acc_1833
phone_1834,acc_1834
phone_1835,acc_1835
phone_1836,acc_1836
phone_1837,acc_1837
phone_1838,acc_1838
phone_1839,acc_1839
phone_1840,acc_1840
phone_1841,acc_1841
phone_1842,acc_1842
phone_1843,acc_1843
phone_1844,acc_1844
phone_1845,acc_1845
phone_1846,acc_1846
phone_1847,acc_1847
phone_1848,acc_1848
phone_1849,acc_1849
phone_1850,acc_1850
phone_1851,acc_1851
phone_1852,acc_1852
phone_1853,acc_1853
phone_1854,acc_1854
phone_1855,acc_1855
phone_1856,acc_1856
phone_1857,acc_1857
phone_1858,acc_1858
phone_1859,acc_1859
phone_1860,acc_1860
phone_1861,acc_1861
phone_1862,acc_1862
phone_1863,acc_1863
phone_1864,acc_1864
phone_1865,acc_1865
phone_1866,acc_1866
phone_1867,acc_1867
phone_1868,acc_1868
phone_1869,acc_1869
phone_1870,acc_1870
phone_1871,acc_1871
phone_1872,acc_1872
phone_1873,acc_1873
phone_1874,acc_1874
phone_1875,acc_1875
phone_1876,acc_1876
phone_1877,acc_1877
phone_1878,acc_1878
phone_1879,acc_1879
phone_1880,acc_1880
phone_1881,acc_1881
phone_1882,acc_1882
phone_1883,acc_1883
phone_1884,acc_1884
phone_1885,acc_1885
phone_1886,acc_1886
phone_1887,acc_1887
phone_1888,acc_1888
phone_1889,acc_1889
phone_1890,acc_1890
phone_1891,acc_1891
phone_1892,acc_1892
phone_1893,acc_1893
phone_1894,acc_1894
phone_1895,acc_1895
phone_1896,acc_1896
phone_1897,acc_1897
phone_1898,acc_1898
phone_1899,acc_1899
phone_1900,acc_1900
phone_1901,acc_1901
phone_1902,acc_1902
phone_1903,acc_1903
phone_1904,acc_1904
phone_1905,acc_1905
phone_1906,acc_1906
phone_1907,acc_1907
phone_1908,acc_1908
phone_1909,acc_1909
phone_1910,acc_1910
phone_1911,acc_1911
phone_1912,acc_1912
phone_1913,acc_1913
phone_1914,acc_1914
phone_1915,acc_1915
phone_1916,acc_1916
phone_1917,acc_1917
phone_1918,acc_1918
phone_1919,acc_1919
phone_1920,acc_1920
phone_1921,acc_1921
phone_1922,acc_1922
phone_1923,acc_1923
phone_1924,acc_1924
phone_1925,acc_1925
phone_1926,acc_1926
phone_1927,acc_1927
phone_1928,acc_1928
phone_1929,acc_1929
phone_1930,acc_1930
phone_1931,acc_1931
phone_1932,acc_1932
phone_1933,acc_1933
phone_1934,acc_1934
phone_1935,acc_1935
phone_1936,acc_1936
phone_1937,acc_1937
phone_1938,acc_1938
phone_1939,acc_1939
phone_1940,acc_1940
phone_1941,acc_1941
phone_1942,acc_1942
phone_1943,acc_1943
phone_1944,acc_1944
phone_1945,acc_1945
phone_1946,acc_1946
phone_1947,acc_1947
phone_1948,acc_1948
phone_1949,acc_1949
phone_1950,acc_1950
phone_1951,acc_1951
phone_1952,acc_1952
phone_1953,acc_1953
phone_1954,acc_1954
phone_1955,acc_1955
phone_1956,acc_1956
phone_1957,acc_1957
phone_1958,acc_1958
phone_1959,acc_1959
phone_1960,acc_1960
phone_1961,acc_1961
phone_1962,acc_1962
phone_1963,acc_1963
phone_1964,acc_1964
phone_1965,acc_1965
phone_1966,acc_1966
phone_1967,acc_1967
phone_1968,acc_1968
phone_1969,acc_1969
phone_1970,acc_1970
phone_1971,acc_1971
phone_1972,acc_1972
phone_1973,acc_1973
phone_1974,acc_1974
phone_1975,acc_1975
phone_1976,acc_1976
phone_1977,acc_1977
phone_1978,acc_1978
phone_1979,acc_1979
phone_1980,acc_1980
phone_1981,acc_1981
phone_1982,acc_1982
phone_1983,acc_1983
phone_1984,acc_1984
phone_1985,acc_1985
phone_1986,acc_1986
phone_1987,acc_1987
phone_1988,acc_1988
phone_1989,acc_1989
phone_1990,acc_1990
phone_1991,acc_1991
phone_1992,acc_1992
phone_1993,acc_1993
phone_1994,acc_1994
phone_1995,acc_1995
phone_1996,acc_1996
phone_1997,acc_1997
phone_1998,acc_1998
phone_1999,acc_1999
phone_2000,acc_2000
phone_2001,acc_2001
phone_2002,acc_2002
phone_2003,acc_2003
phone_2004,acc_2004
phone_2005,acc_2005
phone_2006,acc_2006
phone_2007,acc_2007
phone_2008,acc_2008
phone_2009,acc_2009
phone_2010,acc_2010
phone_2011,acc_2011
phone_2012,acc_2012
phone_2013,acc_2013
phone_2014,acc_2014
phone_2015,acc_2015
phone_2016,acc_2016
phone_2017,acc_2017
phone_2018,acc_2018
phone_2019,acc_2019
phone_2020,acc_2020
phone_2021,acc_2021
phone_2022,acc_2022
phone_2023,acc_2023
phone_2024,acc_2024
phone_2025,acc_2025
phone_2026,acc_2026
phone_2027,acc_2027
phone_2028,acc_2028
phone_2029,acc_2029
phone_2030,acc_2030
phone_2031,acc_2031
phone_2032,acc_2032
phone_2033,acc_2033
phone_2034,acc_2034
phone_2035,acc_2035
phone_2036,acc_2036
phone_2037,acc_2037
phone_2038,acc_2038
phone_2039,acc_2039
phone_2040,acc_2040
phone_2041,acc_2041
phone_2042,acc_2042
phone_2043,acc_2043
phone_2044,acc_2044
phone_2045,acc_2045
phone_2046,acc_2046
phone_2047,acc_2047
phone_2048,acc_2048
phone_2049,acc_2049
phone_2050,acc_2050
phone_2051,acc_2051
phone_2052,acc_2052
phone_2053,acc_2053
phone_2054,acc_2054
phone_2055,acc_2055
phone_2056,acc_2056
phone_2057,acc_2057
phone_2058,acc_2058
phone_2059,acc_2059
phone_2060,acc_2060
phone_2061,acc_2061
phone_2062,acc_2062
phone_2063,acc_2063
phone_2064,acc_2064
phone_2065,acc_2065
phone_2066,acc_2066
phone_2067,acc_2067
phone_2068,acc_2068
phone_2069,acc_2069
phone_2070,acc_2070
phone_2071,acc_2071
phone_2072,acc_2072
phone_2073,acc_2073
phone_2074,acc_2074
phone_2075,acc_2075
phone_2076,acc_2076
phone_2077,acc_2077
phone_2078,acc_2078
phone_2079,acc_2079
phone_2080,acc_2080
phone_2081,acc_2081
phone_2082,acc_2082
phone_2083,acc_2083
phone_2084,acc_2084
phone_2085,acc_2085
phone_2086,acc_2086
phone_2087,acc_2087
phone_2088,acc_2088
phone_2089,acc_2089
phone_2090,acc_2090
phone_2091,acc_2091
phone_2092,acc_2092
phone_2093,acc_2093
phone_2094,acc_2094
phone_2095,acc_2095
phone_2096,acc_2096
phone_2097,acc_2097
phone_2098,acc_2098
phone_2099,acc_2099
phone_2100,acc_2100
phone_2101,acc_2101
phone_2102,acc_2102
phone_2103,acc_2103
phone_2104,acc_2104
phone_2105,acc_2105
phone_2106,acc_2106
phone_2107,acc_2107
phone_2108,acc_2108
phone_2109,acc_2109
phone_2110,acc_2110
phone_2111,acc_2111
phone_2112,acc_2112
phone_2113,acc_2113
phone_2114,acc_2114
phone_2115,acc_2115
phone_2116,acc_2116
phone_2117,acc_2117
phone_2118,acc_2118
phone_2119,acc_2119
phone_2120,acc_2120
phone_2121,acc_2121
phone_2122,acc_2122
phone_2123,acc_2123
phone_2124,acc_2124
phone_2125,acc_2125
phone_2126,acc_2126
phone_2127,acc_2127
phone_2128,acc_2128
phone_2129,acc_2129
phone_2130,acc_2130
phone_2131,acc_2131
phone_2132,acc_2132
phone_2133,acc_2133
phone_2134,acc_2134
phone_2135,acc_2135
phone_2136,acc_2136
phone_2137,acc_2137
phone_2138,acc_2138
phone_2139,acc_2139
phone_2140,acc_2140
phone_2141,acc_2141
phone_2142,acc_2142
phone_2143,acc_2143
phone_2144,acc_2144
phone_2145,acc_2145
phone_2146,acc_2146
phone_2147,acc_2147
phone_2148,acc_2148
phone_2149,acc_2149
phone_2150,acc_2150
phone_2151,acc_2151
phone_2152,acc_2152
phone_2153,acc_2153
phone_2154,acc_2154
phone_2155,acc_2155
phone_2156,acc_2156
phone_2157,acc_2157
phone_2158,acc_2158
phone_2159,acc_2159
phone_2160,acc_2160
phone_2161,acc_2161
phone_2162,acc_2162
phone_2163,acc_2163
phone_2164,acc_2164
phone_2165,acc_2165
phone_2166,acc_2166
phone_2167,acc_2167
phone_2168,acc_2168
phone_2169,acc_2169
phone_2170,acc_2170
phone_2171,acc_2171
phone_2172,acc_2172
phone_2173,acc_2173
phone_2174,acc_2174
phone_2175,acc_2175
phone_2176,acc_2176
phone_2177,acc_2177
phone_2178,acc_2178
phone_2179,acc_2179
phone_2180,acc_2180
phone_2181,acc_2181
phone_2182,acc_2182
phone_2183,acc_2183
phone_2184,acc_2184
phone_2185,acc_2185
phone_2186,acc_2186
phone_2187,acc_2187
phone_2188,acc_2188
phone_2189,acc_2189
phone_2190,acc_2190
phone_2191,acc_2191
phone_2192,acc_2192
phone_2193,acc_2193
phone_2194,acc_2194
phone_2195,acc_2195
phone_2196,acc_2196
phone_2197,acc_2197
phone_2198,acc_2198
phone_2199,acc_2199
phone_2200,acc_2200
phone_2201,acc_2201
phone_2202,acc_2202
phone_2203,acc_2203
phone_2204,acc_2204
phone_2205,acc_2205
phone_2206,acc_2206
phone_2207,acc_2207
phone_2208,acc_2208
phone_2209,acc_2209
phone_2210,acc_2210
phone_2211,acc_2211
phone_2212,acc_2212
phone_2213,acc_2213
phone_2214,acc_2214
phone_2215,acc_2215
phone_2216,acc_2216
phone_2217,acc_2217
phone_2218,acc_2218
phone_2219,acc_2219
phone_2220,acc_2220
phone_2221,acc_2221
phone_2222,acc_2222
phone_2223,acc_2223
phone_2224,acc_2224
phone_2225,acc_2225
phone_2226,acc_2226
phone_2227,acc_2227
phone_2228,acc_2228
phone_2229,acc_2229
phone_2230,acc_2230
phone_2231,acc_2231
phone_2232,acc_2232
phone_2233,acc_2233
phone_2234,acc_2234
phone_2235,acc_2235
phone_2236,acc_2236
phone_2237,acc_2237
phone_2238,acc_2238
phone_2239,acc_2239
phone_2240,acc_2240
phone_2241,acc_2241
phone_2242,acc_2242
phone_2243,acc_2243
phone_2244,acc_2244
phone_2245,acc_2245
phone_2246,acc_2246
phone_2247,acc_2247
phone_2248,acc_2248
phone_2249,acc_2249
phone_2250,acc_2250
phone_2251,acc_2251
phone_2252,acc_2252
phone_2253,acc_2253
phone_2254,acc_2254
phone_2255,acc_2255
phone_2256,acc_2256
phone_2257,acc_2257
phone_2258,acc_2258
phone_2259,acc_2259
phone_2260,acc_2260
phone_2261,acc_2261
phone_2262,acc_2262
phone_2263,acc_2263
phone_2264,acc_2264
phone_2265,acc_2265
phone_2266,acc_2266
phone_2267,acc_2267
phone_2268,acc_2268
phone_2269,acc_2269
phone_2270,acc_2270
phone_2271,acc_2271
phone_2272,acc_2272
phone_2273,acc_2273
phone_2274,acc_2274
phone_2275,acc_2275
phone_2276,acc_2276
phone_2277,acc_2277
phone_2278,acc_2278
phone_2279,acc_2279
phone_2280,acc_2280
phone_2281,acc_2281
phone_2282,acc_2282
phone_2283,acc_2283
phone_2284,acc_2284
phone_2285,acc_2285
phone_2286,acc_2286
phone_2287,acc_2287
phone_2288,acc_2288
phone_2289,acc_2289
phone_2290,acc_2290
phone_2291,acc_2291
phone_2292,acc_2292
phone_2293,acc_2293
phone_2294,acc_2294
phone_2295,acc_2295
phone_2296,acc_2296
phone_2297,acc_2297
phone_2298,acc_2298
phone_2299,acc_2299
phone_2300,acc_2300
phone_2301,acc_2301
phone_2302,acc_2302
phone_2303,acc_2303
phone_2304,acc_2304
phone_2305,acc_2305
phone_2306,acc_2306
phone_2307,acc_2307
phone_2308,acc_2308
phone_2309,acc_2309
phone_2310,acc_2310
phone_2311,acc_2311
phone_2312,acc_2312
phone_2313,acc_2313
phone_2314,acc_2314
phone_2315,acc_2315
phone_2316,acc_2316
phone_2317,acc_2317
phone_2318,acc_2318
phone_2319,acc_2319
phone_2320,acc_2320
phone_2321,acc_2321
phone_2322,acc_2322
phone_2323,acc_2323
phone_2324,acc_2324
phone_2325,acc_2325
phone_2326,acc_2326
phone_2327,acc_2327
phone_2328,acc_2328
phone_2329,acc_2329
phone_2330,acc_2330
phone_2331,acc_2331
phone_2332,acc_2332
phone_2333,acc_2333
phone_2334,acc_2334
phone_2335,acc_2335
phone_2336,acc_2336
phone_2337,acc_2337
phone_2338,acc_2338
phone_2339,acc_2339
phone_2340,acc_2340
phone_2341,acc_2341
phone_2342,acc_2342
phone_2343,acc_2343
phone_2344,acc_2344
phone_2345,acc_2345
phone_2346,acc_2346
phone_2347,acc_2347
phone_2348,acc_2348
phone_2349,acc_2349
phone_2350,acc_2350
phone_2351,acc_2351
phone_2352,acc_2352
phone_2353,acc_2353
phone_2354,acc_2354
phone_2355,acc_2355
phone_2356,acc_2356
phone_2357,acc_2357
phone_2358,acc_2358
phone_2359,acc_2359
phone_2360,acc_2360
phone_2361,acc_2361
phone_2362,acc_2362
phone_2363,acc_2363
phone_2364,acc_2364
phone_2365,acc_2365
phone_2366,acc_2366
phone_2367,acc_2367
phone_2368,acc_2368
phone_2369,acc_2369
phone_2370,acc_2370
phone_2371,acc_2371
phone_2372,acc_2372
phone_2373,acc_2373
phone_2374,acc_2374
phone_2375,acc_2375
phone_2376,acc_2376
phone_2377,acc_2377
phone_2378,acc_2378
phone_2379,acc_2379
phone_2380,acc_2380
phone_2381,acc_2381
phone_2382,acc_2382
phone_2383,acc_2383
phone_2384,acc_2384
phone_2385,acc_2385
phone_2386,acc_2386
phone_2387,acc_2387
phone_2388,acc_2388
phone_2389,acc_2389
phone_2390,acc_2390
phone_2391,acc_2391
phone_2392,acc_2392
phone_2393,acc_2393
phone_2394,acc_2394
phone_2395,acc_2395
phone_2396,acc_2396
phone_2397,acc_2397
phone_2398,acc_2398
phone_2399,acc_2399
phone_2400,acc_2400
phone_2401,acc_2401
phone_2402,acc_2402
phone_2403,acc_2403
phone_2404,acc_2404
phone_2405,acc_2405
phone_2406,acc_2406
phone_2407,acc_2407
phone_2408,acc_2408
phone_2409,acc_2409
phone_2410,acc_2410
phone_2411,acc_2411
phone_2412,acc_2412
phone_2413,acc_2413
phone_2414,acc_2414
phone_2415,acc_2415
phone_2416,acc_2416
phone_2417,acc_2417
phone_2418,acc_2418
phone_2419,acc_2419
phone_2420,acc_2420
phone_2421,acc_2421
phone_2422,acc_2422
phone_2423,acc_2423
phone_2424,acc_2424
phone_2425,acc_2425
phone_2426,acc_2426
phone_2427,acc_2427
phone_2428,acc_2428
phone_2429,acc_2429
phone_2430,acc_2430
phone_2431,acc_2431
phone_2432,acc_2432
phone_2433,acc_2433
phone_2434,acc_2434
phone_2435,acc_2435
phone_2436,acc_2436
phone_2437,acc_2437
phone_2438,acc_2438
phone_2439,acc_2439
phone_2440,acc_2440
phone_2441,acc_2441
phone_2442,acc_2442
phone_2443,acc_2443
phone_2444,acc_2444
phone_2445,acc_2445
phone_2446,acc_2446
phone_2447,acc_2447
phone_2448,acc_2448
phone_2449,acc_2449
phone_2450,acc_2450
phone_2451,acc_2451
phone_2452,acc_2452
phone_2453,acc_2453
phone_2454,acc_2454
phone_2455,acc_2455
phone_2456,acc_2456
phone_2457,acc_2457
phone_2458,acc_2458
phone_2459,acc_2459
phone_2460,acc_2460
phone_2461,acc_2461
phone_2462,acc_2462
phone_2463,acc_2463
phone_2464,acc_2464
phone_2465,acc_2465
phone_2466,acc_2466
phone_2467,acc_2467
phone_2468,acc_2468
phone_2469,acc_2469
phone_2470,acc_2470
phone_2471,acc_2471
phone_2472,acc_2472
phone_2473,acc_2473
phone_2474,acc_2474
phone_2475,acc_2475
phone_2476,acc_2476
phone_2477,acc_2477
phone_2478,acc_2478
phone_2479,acc_2479
phone_2480,acc_2480
phone_2481,acc_2481
phone_2482,acc_2482
phone_2483,acc_2483
phone_2484,acc_2484
phone_2485,acc_2485
phone_2486,acc_2486
phone_2487,acc_2487
phone_2488,acc_2488
phone_2489,acc_2489
phone_2490,acc_2490
phone_2491,acc_2491
phone_2492,acc_2492
phone_2493,acc_2493
phone_2494,acc_2494
phone_2495,acc_2495
phone_2496,acc_2496
phone_2497,acc_2497
phone_2498,acc_2498
phone_2499,acc_2499
phone_2500,acc_2500
phone_2501,acc_2501
phone_2502,acc_2502
phone_2503,acc_2503
phone_2504,acc_2504
phone_2505,acc_2505
phone_2506,acc_2506
phone_2507,acc_2507
phone_2508,acc_2508
phone_2509,acc_2509
phone_2510,acc_2510
phone_2511,acc_2511
phone_2512,acc_2512
phone_2513,acc_2513
phone_2514,acc_2514
phone_2515,acc_2515
phone_2516,acc_2516
phone_2517,acc_2517
phone_2518,acc_2518
phone_2519,acc_2519
phone_2520,acc_2520
phone_2521,acc_2521
phone_2522,acc_2522
phone_2523,acc_2523
phone_2524,acc_2524
phone_2525,acc_2525
phone_2526,acc_2526
phone_2527,acc_2527
phone_2528,acc_2528
phone_2529,acc_2529
phone_2530,acc_2530
phone_2531,acc_2531
phone_2532,acc_2532
phone_2533,acc_2533
phone_2534,acc_2534
phone_2535,acc_2535
phone_2536,acc_2536
phone_2537,acc_2537
phone_2538,acc_2538
phone_2539,acc_2539
phone_2540,acc_2540
phone_2541,acc_2541
phone_2542,acc_2542
phone_2543,acc_2543
phone_2544,acc_2544
phone_2545,acc_2545
phone_2546,acc_2546
phone_2547,acc_2547
phone_2548,acc_2548
phone_2549,acc_2549
phone_2550,acc_2550
phone_2551,acc_2551
phone_2552,acc_2552
phone_2553,acc_2553
phone_2554,acc_2554
phone_2555,acc_2555
phone_2556,acc_2556
phone_2557,acc_2557
phone_2558,acc_2558
phone_2559,acc_2559
phone_2560,acc_2560
phone_2561,acc_2561
phone_2562,acc_2562
phone_2563,acc_2563
phone_2564,acc_2564
phone_2565,acc_2565
phone_2566,acc_2566
phone_2567,acc_2567
phone_2568,acc_2568
phone_2569,acc_2569
phone_2570,acc_2570
phone_2571,acc_2571
phone_2572,acc_2572
phone_2573,acc_2573
phone_2574,acc_2574
phone_2575,acc_2575
phone_2576,acc_2576
phone_2577,acc_2577
phone_2578,acc_2578
phone_2579,acc_2579
phone_2580,acc_2580
phone_2581,acc_2581
phone_2582,acc_2582
phone_2583,acc_2583
phone_2584,acc_2584
phone_2585,acc_2585
phone_2586,acc_2586
phone_2587,acc_2587
phone_2588,acc_2588
phone_2589,acc_2589
phone_2590,acc_2590
phone_2591,acc_2591
phone_2592,acc_2592
phone_2593,acc_2593
phone_2594,acc_2594
phone_2595,acc_2595
phone_2596,acc_2596
phone_2597,acc_2597
phone_2598,acc_2598
phone_2599,acc_2599
phone_2600,acc_2600
phone_2601,acc_2601
phone_2602,acc_2602
phone_2603,acc_2603
phone_2604,acc_2604
phone_2605,acc_2605
phone_2606,acc_2606
phone_2607,acc_2607
phone_2608,acc_2608
phone_2609,acc_2609
phone_2610,acc_2610
phone_2611,acc_2611
phone_2612,acc_2612
phone_2613,acc_2613
phone_2614,acc_2614
phone_2615,acc_2615
phone_2616,acc_2616
phone_2617,acc_2617
phone_2618,acc_2618
phone_2619,acc_2619
phone_2620,acc_2620
phone_2621,acc_2621
phone_2622,acc_2622
phone_2623,acc_2623
phone_2624,acc_2624
phone_2625,acc_2625
phone_2626,acc_2626
phone_2627,acc_2627
phone_2628,acc_2628
phone_2629,acc_2629
phone_2630,acc_2630
phone_2631,acc_2631
phone_2632,acc_2632
phone_2633,acc_2633
phone_2634,acc_2634
phone_2635,acc_2635
phone_2636,acc_2636
phone_2637,acc_2637
phone_2638,acc_2638
phone_2639,acc_2639
phone_2640,acc_2640
phone_2641,acc_2641
phone_2642,acc_2642
phone_2643,acc_2643
phone_2644,acc_2644
phone_2645,acc_2645
phone_2646,acc_2646
phone_2647,acc_2647
phone_2648,acc_2648
phone_2649,acc_2649
phone_2650,acc_2650
phone_2651,acc_2651
phone_2652,acc_2652
phone_2653,acc_2653
phone_2654,acc_2654
phone_2655,acc_2655
phone_2656,acc_2656
phone_2657,acc_2657
phone_2658,acc_2658
phone_2659,acc_2659
phone_2660,acc_2660
phone_2661,acc_2661
phone_2662,acc_2662
phone_2663,acc_2663
phone_2664,acc_2664
phone_2665,acc_2665
phone_2666,acc_2666
phone_2667,acc_2667
phone_2668,acc_2668
phone_2669,acc_2669
phone_2670,acc_2670
phone_2671,acc_2671
phone_2672,acc_2672
phone_2673,acc_2673
phone_2674,acc_2674
phone_2675,acc_2675
phone_2676,acc_2676
phone_2677,acc_2677
phone_2678,acc_2678
phone_2679,acc_2679
phone_2680,acc_2680
phone_2681,acc_2681
phone_2682,acc_2682
phone_2683,acc_2683
phone_2684,acc_2684
phone_2685,acc_2685
phone_2686,acc_2686
phone_2687,acc_2687
phone_2688,acc_2688
phone_2689,acc_2689
phone_2690,acc_2690
phone_2691,acc_2691
phone_2692,acc_2692
phone_2693,acc_2693
phone_2694,acc_2694
phone_2695,acc_2695
phone_2696,acc_2696
phone_2697,acc_2697
phone_2698,acc_2698
phone_2699,acc_2699
phone_2700,acc_2700
phone_2701,acc_2701
phone_2702,acc_2702
phone_2703,acc_2703
phone_2704,acc_2704
phone_2705,acc_2705
phone_2706,acc_2706
phone_2707,acc_2707
phone_2708,acc_2708
phone_2709,acc_2709
phone_2710,acc_2710
phone_2711,acc_2711
phone_2712,acc_2712
phone_2713,acc_2713
phone_2714,acc_2714
phone_2715,acc_2715
phone_2716,acc_2716
phone_2717,acc_2717
phone_2718,acc_2718
phone_2719,acc_2719
phone_2720,acc_2720
phone_2721,acc_2721
phone_2722,acc_2722
phone_2723,acc_2723
phone_2724,acc_2724
phone_2725,acc_2725
phone_2726,acc_2726
phone_2727,acc_2727
phone_2728,acc_2728
phone_2729,acc_2729
phone_2730,acc_2730
phone_2731,acc_2731
phone_2732,acc_2732
phone_2733,acc_2733
phone_2734,acc_2734
phone_2735,acc_2735
phone_2736,acc_2736
phone_2737,acc_2737
phone_2738,acc_2738
phone_2739,acc_2739
phone_2740,acc_2740
phone_2741,acc_2741
phone_2742,acc_2742
phone_2743,acc_2743
phone_2744,acc_2744
phone_2745,acc_2745
phone_2746,acc_2746
phone_2747,acc_2747
phone_2748,acc_2748
phone_2749,acc_2749
phone_2750,acc_2750
phone_2751,acc_2751
phone_2752,acc_2752
phone_2753,acc_2753
phone_2754,acc_2754
phone_2755,acc_2755
phone_2756,acc_2756
phone_2757,acc_2757
phone_2758,acc_2758
phone_2759,acc_2759
phone_2760,acc_2760
phone_2761,acc_2761
phone_2762,acc_2762
phone_2763,acc_2763
phone_2764,acc_2764
phone_2765,acc_2765
phone_2766,acc_2766
phone_2767,acc_2767
phone_2768,acc_2768
phone_2769,acc_2769
phone_2770,acc_2770
phone_2771,acc_2771
phone_2772,acc_2772
phone_2773,acc_2773
phone_2774,acc_2774
phone_2775,acc_2775
phone_2776,acc_2776
phone_2777,acc_2777
phone_2778,acc_2778
phone_2779,acc_2779
phone_2780,acc_2780
phone_2781,acc_2781
phone_2782,acc_2782
phone_2783,acc_2783
phone_2784,acc_2784
phone_2785,acc_2785
phone_2786,acc_2786
phone_2787,acc_2787
phone_2788,acc_2788
phone_2789,acc_2789
phone_2790,acc_2790
phone_2791,acc_2791
phone_2792,acc_2792
phone_2793,acc_2793
phone_2794,acc_2794
phone_2795,acc_2795
phone_2796,acc_2796
phone_2797,acc_2797
phone_2798,acc_2798
phone_2799,acc_2799
phone_2800,acc_2800
phone_2801,acc_2801
phone_2802,acc_2802
phone_2803,acc_2803
phone_2804,acc_2804
phone_2805,acc_2805
phone_2806,acc_2806
phone_2807,acc_2807
phone_2808,acc_2808
phone_2809,acc_2809
phone_2810,acc_2810
phone_2811,acc_2811
phone_2812,acc_2812
phone_2813,acc_2813
phone_2814,acc_2814
phone_2815,acc_2815
phone_2816,acc_2816
phone_2817,acc_2817
phone_2818,acc_2818
phone_2819,acc_2819
phone_2820,acc_2820
phone_2821,acc_2821
phone_2822,acc_2822
phone_2823,acc_2823
phone_2824,acc_2824
phone_2825,acc_2825
phone_2826,acc_2826
phone_2827,acc_2827
phone_2828,acc_2828
phone_2829,acc_2829
phone_2830,acc_2830
phone_2831,acc_2831
phone_2832,acc_2832
phone_2833,acc_2833
phone_2834,acc_2834
phone_2835,acc_2835
phone_2836,acc_2836
phone_2837,acc_2837
phone_2838,acc_2838
phone_2839,acc_2839
phone_2840,acc_2840
phone_2841,acc_2841
phone_2842,acc_2842
phone_2843,acc_2843
phone_2844,acc_2844
phone_2845,acc_2845
phone_2846,acc_2846
phone_2847,acc_2847
phone_2848,acc_2848
phone_2849,acc_2849
phone_2850,acc_2850
phone_2851,acc_2851
phone_2852,acc_2852
phone_2853,acc_2853
phone_2854,acc_2854
phone_2855,acc_2855
phone_2856,acc_2856
phone_2857,acc_2857
phone_2858,acc_2858
phone_2859,acc_2859
phone_2860,acc_2860
phone_2861,acc_2861
phone_2862,acc_2862
phone_2863,acc_2863
phone_2864,acc_2864
phone_2865,acc_2865
phone_2866,acc_2866
phone_2867,acc_2867
phone_2868,acc_2868
phone_2869,acc_2869
phone_2870,acc_2870
phone_2871,acc_2871
phone_2872,acc_2872
phone_2873,acc_2873
phone_2874,acc_2874
phone_2875,acc_2875
phone_2876,acc_2876
phone_2877,acc_2877
phone_2878,acc_2878
phone_2879,acc_2879
phone_2880,acc_2880
phone_2881,acc_2881
phone_2882,acc_2882
phone_2883,acc_2883
phone_2884,acc_2884
phone_2885,acc_2885
phone_2886,acc_2886
phone_2887,acc_2887
phone_2888,acc_2888
phone_2889,acc_2889
phone_2890,acc_2890
phone_2891,acc_2891
phone_2892,acc_2892
phone_2893,acc_2893
phone_2894,acc_2894
phone_2895,acc_2895
phone_2896,acc_2896
phone_2897,acc_2897
phone_2898,acc_2898
phone_2899,acc_2899
phone_2900,acc_2900
phone_2901,acc_2901
phone_2902,acc_2902
phone_2903,acc_2903
phone_2904,acc_2904
phone_2905,acc_2905
phone_2906,acc_2906
phone_2907,acc_2907
phone_2908,acc_2908
phone_2909,acc_2909
phone_2910,acc_2910
phone_2911,acc_2911
phone_2912,acc_2912
phone_2913,acc_2913
phone_2914,acc_2914
phone_2915,acc_2915
phone_2916,acc_2916
phone_2917,acc_2917
phone_2918,acc_2918
phone_2919,acc_2919
phone_2920,acc_2920
phone_2921,acc_2921
phone_2922,acc_2922
phone_2923,acc_2923
phone_2924,acc_2924
phone_2925,acc_2925
phone_2926,acc_2926
phone_2927,acc_2927
phone_2928,acc_2928
phone_2929,acc_2929
phone_2930,acc_2930
phone_2931,acc_2931
phone_2932,acc_2932
phone_2933,acc_2933
phone_2934,acc_2934
phone_2935,acc_2935
phone_2936,acc_2936
phone_2937,acc_2937
phone_2938,acc_2938
phone_2939,acc_2939
phone_2940,acc_2940
phone_2941,acc_2941
phone_2942,acc_2942
phone_2943,acc_2943
phone_2944,acc_2944
phone_2945,acc_2945
phone_2946,acc_2946
phone_2947,acc_2947
phone_2948,acc_2948
phone_2949,acc_2949
phone_2950,acc_2950
phone_2951,acc_2951
phone_2952,acc_2952
phone_2953,acc_2953
phone_2954,acc_2954
phone_2955,acc_2955
phone_2956,acc_2956
phone_2957,acc_2957
phone_2958,acc_2958
phone_2959,acc_2959
phone_2960,acc_2960
phone_2961,acc_2961
phone_2962,acc_2962
phone_2963,acc_2963
phone_2964,acc_2964
phone_2965,acc_2965
phone_2966,acc_2966
phone_2967,acc_2967
phone_2968,acc_2968
phone_2969,acc_2969
phone_2970,acc_2970
phone_2971,acc_2971
phone_2972,acc_2972
phone_2973,acc_2973
phone_2974,acc_2974
phone_2975,acc_2975
phone_2976,acc_2976
phone_2977,acc_2977
phone_2978,acc_2978
phone_2979,acc_2979
phone_2980,acc_2980
phone_2981,acc_2981
phone_2982,acc_2982
phone_2983,acc_2983
phone_2984,acc_2984
phone_2985,acc_2985
phone_2986,acc_2986
phone_2987,acc_2987
phone_2988,acc_2988
phone_2989,acc_2989
phone_2990,acc_2990
phone_2991,acc_2991
phone_2992,acc_2992
phone_2993,acc_2993
phone_2994,acc_2994
phone_2995,acc_2995
phone_2996,acc_2996
phone_2997,acc_2997
phone_2998,acc_2998
phone_2999,acc_2999
phone_3000,acc_3000
phone_3001,acc_3001
phone_3002,acc_3002
phone_3003,acc_3003
phone_3004,acc_3004
phone_3005,acc_3005
phone_3006,acc_3006
phone_3007,acc_3007
phone_3008,acc_3008
phone_3009,acc_3009
phone_3010,acc_3010
phone_3011,acc_3011
phone_3012,acc_3012
phone_3013,acc_3013
phone_3014,acc_3014
phone_3015,acc_3015
phone_3016,acc_3016
phone_3017,acc_3017
phone_3018,acc_3018
phone_3019,acc_3019
phone_3020,acc_3020
phone_3021,acc_3021
phone_3022,acc_3022
phone_3023,acc_3023
phone_3024,acc_3024
phone_3025,acc_3025
phone_3026,acc_3026
phone_3027,acc_3027
phone_3028,acc_3028
phone_3029,acc_3029
phone_3030,acc_3030
phone_3031,acc_3031
phone_3032,acc_3032
phone_3033,acc_3033
phone_3034,acc_3034
phone_3035,acc_3035
phone_3036,acc_3036
phone_3037,acc_3037
phone_3038,acc_3038
phone_3039,acc_3039
phone_3040,acc_3040
phone_3041,acc_3041
phone_3042,acc_3042
phone_3043,acc_3043
phone_3044,acc_3044
phone_3045,acc_3045
phone_3046,acc_3046
phone_3047,acc_3047
phone_3048,acc_3048
phone_3049,acc_3049
phone_3050,acc_3050
phone_3051,acc_3051
phone_3052,acc_3052
phone_3053,acc_3053
phone_3054,acc_3054
phone_3055,acc_3055
phone_3056,acc_3056
phone_3057,acc_3057
phone_3058,acc_3058
phone_3059,acc_3059
phone_3060,acc_3060
phone_3061,acc_3061
phone_3062,acc_3062
phone_3063,acc_3063
phone_3064,acc_3064
phone_3065,acc_3065
phone_3066,acc_3066
phone_3067,acc_3067
phone_3068,acc_3068
phone_3069,acc_3069
phone_3070,acc_3070
phone_3071,acc_3071
phone_3072,acc_3072
phone_3073,acc_3073
phone_3074,acc_3074
phone_3075,acc_3075
phone_3076,acc_3076
phone_3077,acc_3077
phone_3078,acc_3078
phone_3079,acc_3079
phone_3080,acc_3080
phone_3081,acc_3081
phone_3082,acc_3082
phone_3083,acc_3083
phone_3084,acc_3084
phone_3085,acc_3085
phone_3086,acc_3086
phone_3087,acc_3087
phone_3088,acc_3088
phone_3089,acc_3089
phone_3090,acc_3090
phone_3091,acc_3091
phone_3092,acc_3092
phone_3093,acc_3093
phone_3094,acc_3094
phone_3095,acc_3095
phone_3096,acc_3096
phone_3097,acc_3097
phone_3098,acc_3098
phone_3099,acc_3099
phone_3100,acc_3100
phone_3101,acc_3101
phone_3102,acc_3102
phone_3103,acc_3103
phone_3104,acc_3104
phone_3105,acc_3105
phone_3106,acc_3106
phone_3107,acc_3107
phone_3108,acc_3108
phone_3109,acc_3109
phone_3110,acc_3110
phone_3111,acc_3111
phone_3112,acc_3112
phone_3113,acc_3113
phone_3114,acc_3114
phone_3115,acc_3115
phone_3116,acc_3116
phone_3117,acc_3117
phone_3118,acc_3118
phone_3119,acc_3119
phone_3120,acc_3120
phone_3121,acc_3121
phone_3122,acc_3122
phone_3123,acc_3123
phone_3124,acc_3124
phone_3125,acc_3125
phone_3126,acc_3126
phone_3127,acc_3127
phone_3128,acc_3128
phone_3129,acc_3129
phone_3130,acc_3130
phone_3131,acc_3131
phone_3132,acc_3132
phone_3133,acc_3133
phone_3134,acc_3134
phone_3135,acc_3135
phone_3136,acc_3136
phone_3137,acc_3137
phone_3138,acc_3138
phone_3139,acc_3139
phone_3140,acc_3140
phone_3141,acc_3141
phone_3142,acc_3142
phone_3143,acc_3143
phone_3144,acc_3144
phone_3145,acc_3145
phone_3146,acc_3146
phone_3147,acc_3147
phone_3148,acc_3148
phone_3149,acc_3149
phone_3150,acc_3150
phone_3151,acc_3151
phone_3152,acc_3152
phone_3153,acc_3153
phone_3154,acc_3154
phone_3155,acc_3155
phone_3156,acc_3156
phone_3157,acc_3157
phone_3158,acc_3158
phone_3159,acc_3159
phone_3160,acc_3160
phone_3161,acc_3161
phone_3162,acc_3162
phone_3163,acc_3163
phone_3164,acc_3164
phone_3165,acc_3165
phone_3166,acc_3166
phone_3167,acc_3167
phone_3168,acc_3168
phone_3169,acc_3169
phone_3170,acc_3170
phone_3171,acc_3171
phone_3172,acc_3172
phone_3173,acc_3173
phone_3174,acc_3174
phone_3175,acc_3175
phone_3176,acc_3176
phone_3177,acc_3177
phone_3178,acc_3178
phone_3179,acc_3179
phone_3180,acc_3180
phone_3181,acc_3181
phone_3182,acc_3182
phone_3183,acc_3183
phone_3184,acc_3184
phone_3185,acc_3185
phone_3186,acc_3186
phone_3187,acc_3187
phone_3188,acc_3188
phone_3189,acc_3189
phone_3190,acc_3190
phone_3191,acc_3191
phone_3192,acc_3192
phone_3193,acc_3193
phone_3194,acc_3194
phone_3195,acc_3195
phone_3196,acc_3196
phone_3197,acc_3197
phone_3198,acc_3198
phone_3199,acc_3199
phone_3200,acc_3200
phone_3201,acc_3201
phone_3202,acc_3202
phone_3203,acc_3203
phone_3204,acc_3204
phone_3205,acc_3205
phone_3206,acc_3206
phone_3207,acc_3207
phone_3208,acc_3208
phone_3209,acc_3209
phone_3210,acc_3210
phone_3211,acc_3211
phone_3212,acc_3212
phone_3213,acc_3213
phone_3214,acc_3214
phone_3215,acc_3215
phone_3216,acc_3216
phone_3217,acc_3217
phone_3218,acc_3218
phone_3219,acc_3219
phone_3220,acc_3220
phone_3221,acc_3221
phone_3222,acc_3222
phone_3223,acc_3223
phone_3224,acc_3224
phone_3225,acc_3225
phone_3226,acc_3226
phone_3227,acc_3227
phone_3228,acc_3228
phone_3229,acc_3229
phone_3230,acc_3230
phone_3231,acc_3231
phone_3232,acc_3232
phone_3233,acc_3233
phone_3234,acc_3234
phone_3235,acc_3235
phone_3236,acc_3236
phone_3237,acc_3237
phone_3238,acc_3238
phone_3239,acc_3239
phone_3240,acc_3240
phone_3241,acc_3241
phone_3242,acc_3242
phone_3243,acc_3243
phone_3244,acc_3244
phone_3245,acc_3245
phone_3246,acc_3246
phone_3247,acc_3247
phone_3248,acc_3248
phone_3249,acc_3249
phone_3250,acc_3250
phone_3251,acc_3251
phone_3252,acc_3252
phone_3253,acc_3253
phone_3254,acc_3254
phone_3255,acc_3255
phone_3256,acc_3256
phone_3257,acc_3257
phone_3258,acc_3258
phone_3259,acc_3259
phone_3260,acc_3260
phone_3261,acc_3261
phone_3262,acc_3262
phone_3263,acc_3263
phone_3264,acc_3264
phone_3265,acc_3265
phone_3266,acc_3266
phone_3267,acc_3267
phone_3268,acc_3268
phone_3269,acc_3269
phone_3270,acc_3270
phone_3271,acc_3271
phone_3272,acc_3272
phone_3273,acc_3273
phone_3274,acc_3274
phone_3275,acc_3275
phone_3276,acc_3276
phone_3277,acc_3277
phone_3278,acc_3278
phone_3279,acc_3279
phone_3280,acc_3280
phone_3281,acc_3281
phone_3282,acc_3282
phone_3283,acc_3283
phone_3284,acc_3284
phone_3285,acc_3285
phone_3286,acc_3286
phone_3287,acc_3287
phone_3288,acc_3288
phone_3289,acc_3289
phone_3290,acc_3290
phone_3291,acc_3291
phone_3292,acc_3292
phone_3293,acc_3293
phone_3294,acc_3294
phone_3295,acc_3295
phone_3296,acc_3296
phone_3297,acc_3297
phone_3298,acc_3298
phone_3299,acc_3299
phone_3300,acc_3300
phone_3301,acc_3301
phone_3302,acc_3302
phone_3303,acc_3303
phone_3304,acc_3304
phone_3305,acc_3305
phone_3306,acc_3306
phone_3307,acc_3307
phone_3308,acc_3308
phone_3309,acc_3309
phone_3310,acc_3310
phone_3311,acc_3311
phone_3312,acc_3312
phone_3313,acc_3313
phone_3314,acc_3314
phone_3315,acc_3315
phone_3316,acc_3316
phone_3317,acc_3317
phone_3318,acc_3318
phone_3319,acc_3319
phone_3320,acc_3320
phone_3321,acc_3321
phone_3322,acc_3322
phone_3323,acc_3323
phone_3324,acc_3324
phone_3325,acc_3325
phone_3326,acc_3326
phone_3327,acc_3327
phone_3328,acc_3328
phone_3329,acc_3329
phone_3330,acc_3330
phone_3331,acc_3331
phone_3332,acc_3332
phone_3333,acc_3333
phone_3334,acc_3334
phone_3335,acc_3335
phone_3336,acc_3336
phone_3337,acc_3337
phone_3338,acc_3338
phone_3339,acc_3339
phone_3340,acc_3340
phone_3341,acc_3341
phone_3342,acc_3342
phone_3343,acc_3343
phone_3344,acc_3344
phone_3345,acc_3345
phone_3346,acc_3346
phone_3347,acc_3347
phone_3348,acc_3348
phone_3349,acc_3349
phone_3350,acc_3350
phone_3351,acc_3351
phone_3352,acc_3352
phone_3353,acc_3353
phone_3354,acc_3354
phone_3355,acc_3355
phone_3356,acc_3356
phone_3357,acc_3357
phone_3358,acc_3358
phone_3359,acc_3359
phone_3360,acc_3360
phone_3361,acc_3361
phone_3362,acc_3362
phone_3363,acc_3363
phone_3364,acc_3364
phone_3365,acc_3365
phone_3366,acc_3366
phone_3367,acc_3367
phone_3368,acc_3368
phone_3369,acc_3369
phone_3370,acc_3370
phone_3371,acc_3371
phone_3372,acc_3372
phone_3373,acc_3373
phone_3374,acc_3374
phone_3375,acc_3375
phone_3376,acc_3376
phone_3377,acc_3377
phone_3378,acc_3378
phone_3379,acc_3379
phone_3380,acc_3380
phone_3381,acc_3381
phone_3382,acc_3382
phone_3383,acc_3383
phone_3384,acc_3384
phone_3385,acc_3385
phone_3386,acc_3386
phone_3387,acc_3387
phone_3388,acc_3388
phone_3389,acc_3389
phone_3390,acc_3390
phone_3391,acc_3391
phone_3392,acc_3392
phone_3393,acc_3393
phone_3394,acc_3394
phone_3395,acc_3395
phone_3396,acc_3396
phone_3397,acc_3397
phone_3398,acc_3398
phone_3399,acc_3399
phone_3400,acc_3400
phone_3401,acc_3401
phone_3402,acc_3402
phone_3403,acc_3403
phone_3404,acc_3404
phone_3405,acc_3405
phone_3406,acc_3406
phone_3407,acc_3407
phone_3408,acc_3408
phone_3409,acc_3409
phone_3410,acc_3410
phone_3411,acc_3411
phone_3412,acc_3412
phone_3413,acc_3413
phone_3414,acc_3414
phone_3415,acc_3415
phone_3416,acc_3416
phone_3417,acc_3417
phone_3418,acc_3418
phone_3419,acc_3419
phone_3420,acc_3420
phone_3421,acc_3421
phone_3422,acc_3422
phone_3423,acc_3423
phone_3424,acc_3424
phone_3425,acc_3425
phone_3426,acc_3426
phone_3427,acc_3427
phone_3428,acc_3428
phone_3429,acc_3429
phone_3430,acc_3430
phone_3431,acc_3431
phone_3432,acc_3432
phone_3433,acc_3433
phone_3434,acc_3434
phone_3435,acc_3435
phone_3436,acc_3436
phone_3437,acc_3437
phone_3438,acc_3438
phone_3439,acc_3439
phone_3440,acc_3440
phone_3441,acc_3441
phone_3442,acc_3442
phone_3443,acc_3443
phone_3444,acc_3444
phone_3445,acc_3445
phone_3446,acc_3446
phone_3447,acc_3447
phone_3448,acc_3448
phone_3449,acc_3449
phone_3450,acc_3450
phone_3451,acc_3451
phone_3452,acc_3452
phone_3453,acc_3453
phone_3454,acc_3454
phone_3455,acc_3455
phone_3456,acc_3456
phone_3457,acc_3457
phone_3458,acc_3458
phone_3459,acc_3459
phone_3460,acc_3460
phone_3461,acc_3461
phone_3462,acc_3462
phone_3463,acc_3463
phone_3464,acc_3464
phone_3465,acc_3465
phone_3466,acc_3466
phone_3467,acc_3467
phone_3468,acc_3468
phone_3469,acc_3469
phone_3470,acc_3470
phone_3471,acc_3471
phone_3472,acc_3472
phone_3473,acc_3473
phone_3474,acc_3474
phone_3475,acc_3475
phone_3476,acc_3476
phone_3477,acc_3477
phone_3478,acc_3478
phone_3479,acc_3479
phone_3480,acc_3480
phone_3481,acc_3481
phone_3482,acc_3482
phone_3483,acc_3483
phone_3484,acc_3484
phone_3485,acc_3485
phone_3486,acc_3486
phone_3487,acc_3487
phone_3488,acc_3488
phone_3489,acc_3489
phone_3490,acc_3490
phone_3491,acc_3491
phone_3492,acc_3492
phone_3493,acc_3493
phone_3494,acc_3494
phone_3495,acc_3495
phone_3496,acc_3496
phone_3497,acc_3497
phone_3498,acc_3498
phone_3499,acc_3499
phone_3500,acc_3500
phone_3501,acc_3501
phone_3502,acc_3502
phone_3503,acc_3503
phone_3504,acc_3504
phone_3505,acc_3505
phone_3506,acc_3506
phone_3507,acc_3507
phone_3508,acc_3508
phone_3509,acc_3509
phone_3510,acc_3510
phone_3511,acc_3511
phone_3512,acc_3512
phone_3513,acc_3513
phone_3514,acc_3514
phone_3515,acc_3515
phone_3516,acc_3516
phone_3517,acc_3517
phone_3518,acc_3518
phone_3519,acc_3519
phone_3520,acc_3520
phone_3521,acc_3521
phone_3522,acc_3522
phone_3523,acc_3523
phone_3524,acc_3524
phone_3525,acc_3525
phone_3526,acc_3526
phone_3527,acc_3527
phone_3528,acc_3528
phone_3529,acc_3529
phone_3530,acc_3530
phone_3531,acc_3531
phone_3532,acc_3532
phone_3533,acc_3533
phone_3534,acc_3534
phone_3535,acc_3535
phone_3536,acc_3536
phone_3537,acc_3537
phone_3538,acc_3538
phone_3539,acc_3539
phone_3540,acc_3540
phone_3541,acc_3541
phone_3542,acc_3542
phone_3543,acc_3543
phone_3544,acc_3544
phone_3545,acc_3545
phone_3546,acc_3546
phone_3547,acc_3547
phone_3548,acc_3548
phone_3549,acc_3549
phone_3550,acc_3550
phone_3551,acc_3551
phone_3552,acc_3552
phone_3553,acc_3553
phone_3554,acc_3554
phone_3555,acc_3555
phone_3556,acc_3556
phone_3557,acc_3557
phone_3558,acc_3558
phone_3559,acc_3559
phone_3560,acc_3560
phone_3561,acc_3561
phone_3562,acc_3562
phone_3563,acc_3563
phone_3564,acc_3564
phone_3565,acc_3565
phone_3566,acc_3566
phone_3567,acc_3567
phone_3568,acc_3568
phone_3569,acc_3569
phone_3570,acc_3570
phone_3571,acc_3571
phone_3572,acc_3572
phone_3573,acc_3573
phone_3574,acc_3574
phone_3575,acc_3575
phone_3576,acc_3576
phone_3577,acc_3577
phone_3578,acc_3578
phone_3579,acc_3579
phone_3580,acc_3580
phone_3581,acc_3581
phone_3582,acc_3582
phone_3583,acc_3583
phone_3584,acc_3584
phone_3585,acc_3585
phone_3586,acc_3586
phone_3587,acc_3587
phone_3588,acc_3588
phone_3589,acc_3589
phone_3590,acc_3590
phone_3591,acc_3591
phone_3592,acc_3592
phone_3593,acc_3593
phone_3594,acc_3594
phone_3595,acc_3595
phone_3596,acc_3596
phone_3597,acc_3597
phone_3598,acc_3598
phone_3599,acc_3599
phone_3600,acc_3600
phone_3601,acc_3601
phone_3602,acc_3602
phone_3603,acc_3603
phone_3604,acc_3604
phone_3605,acc_3605
phone_3606,acc_3606
phone_3607,acc_3607
phone_3608,acc_3608
phone_3609,acc_3609
phone_3610,acc_3610
phone_3611,acc_3611
phone_3612,acc_3612
phone_3613,acc_3613
phone_3614,acc_3614
phone_3615,acc_3615
phone_3616,acc_3616
phone_3617,acc_3617
phone_3618,acc_3618
phone_3619,acc_3619
phone_3620,acc_3620
phone_3621,acc_3621
phone_3622,acc_3622
phone_3623,acc_3623
phone_3624,acc_3624
phone_3625,acc_3625
phone_3626,acc_3626
phone_3627,acc_3627
phone_3628,acc_3628
phone_3629,acc_3629
phone_3630,acc_3630
phone_3631,acc_3631
phone_3632,acc_3632
phone_3633,acc_3633
phone_3634,acc_3634
phone_3635,acc_3635
phone_3636,acc_3636
phone_3637,acc_3637
phone_3638,acc_3638
phone_3639,acc_3639
phone_3640,acc_3640
phone_3641,acc_3641
phone_3642,acc_3642
phone_3643,acc_3643
phone_3644,acc_3644
phone_3645,acc_3645
phone_3646,acc_3646
phone_3647,acc_3647
phone_3648,acc_3648
phone_3649,acc_3649
phone_3650,acc_3650
phone_3651,acc_3651
phone_3652,acc_3652
phone_3653,acc_3653
phone_3654,acc_3654
phone_3655,acc_3655
phone_3656,acc_3656
phone_3657,acc_3657
phone_3658,acc_3658
phone_3659,acc_3659
phone_3660,acc_3660
phone_3661,acc_3661
phone_3662,acc_3662
phone_3663,acc_3663
phone_3664,acc_3664
phone_3665,acc_3665
phone_3666,acc_3666
phone_3667,acc_3667
phone_3668,acc_3668
phone_3669,acc_3669
phone_3670,acc_3670
phone_3671,acc_3671
phone_3672,acc_3672
phone_3673,acc_3673
phone_3674,acc_3674
phone_3675,acc_3675
phone_3676,acc_3676
phone_3677,acc_3677
phone_3678,acc_3678
phone_3679,acc_3679
phone_3680,acc_3680
phone_3681,acc_3681
phone_3682,acc_3682
phone_3683,acc_3683
phone_3684,acc_3684
phone_3685,acc_3685
phone_3686,acc_3686
phone_3687,acc_3687
phone_3688,acc_3688
phone_3689,acc_3689
phone_3690,acc_3690
phone_3691,acc_3691
phone_3692,acc_3692
phone_3693,acc_3693
phone_3694,acc_3694
phone_3695,acc_3695
phone_3696,acc_3696
phone_3697,acc_3697
phone_3698,acc_3698
phone_3699,acc_3699
phone_3700,acc_3700
phone_3701,acc_3701
phone_3702,acc_3702
phone_3703,acc_3703
phone_3704,acc_3704
phone_3705,acc_3705
phone_3706,acc_3706
phone_3707,acc_3707
phone_3708,acc_3708
phone_3709,acc_3709
phone_3710,acc_3710
phone_3711,acc_3711
phone_3712,acc_3712
phone_3713,acc_3713
phone_3714,acc_3714
phone_3715,acc_3715
phone_3716,acc_3716
phone_3717,acc_3717
phone_3718,acc_3718
phone_3719,acc_3719
phone_3720,acc_3720
phone_3721,acc_3721
phone_3722,acc_3722
phone_3723,acc_3723
phone_3724,acc_3724
phone_3725,acc_3725
phone_3726,acc_3726
phone_3727,acc_3727
phone_3728,acc_3728
phone_3729,acc_3729
phone_3730,acc_3730
phone_3731,acc_3731
phone_3732,acc_3732
phone_3733,acc_3733
phone_3734,acc_3734
phone_3735,acc_3735
phone_3736,acc_3736
phone_3737,acc_3737
phone_3738,acc_3738
phone_3739,acc_3739
phone_3740,acc_3740
phone_3741,acc_3741
phone_3742,acc_3742
phone_3743,acc_3743
phone_3744,acc_3744
phone_3745,acc_3745
phone_3746,acc_3746
phone_3747,acc_3747
phone_3748,acc_3748
phone_3749,acc_3749
phone_3750,acc_3750
phone_3751,acc_3751
phone_3752,acc_3752
phone_3753,acc_3753
phone_3754,acc_3754
phone_3755,acc_3755
phone_3756,acc_3756
phone_3757,acc_3757
phone_3758,acc_3758
phone_3759,acc_3759
phone_3760,acc_3760
phone_3761,acc_3761
phone_3762,acc_3762
phone_3763,acc_3763
phone_3764,acc_3764
phone_3765,acc_3765
phone_3766,acc_3766
phone_3767,acc_3767
phone_3768,acc_3768
phone_3769,acc_3769
phone_3770,acc_3770
phone_3771,acc_3771
phone_3772,acc_3772
phone_3773,acc_3773
phone_3774,acc_3774
phone_3775,acc_3775
phone_3776,acc_3776
phone_3777,acc_3777
phone_3778,acc_3778
phone_3779,acc_3779
phone_3780,acc_3780
phone_3781,acc_3781
phone_3782,acc_3782
phone_3783,acc_3783
phone_3784,acc_3784
phone_3785,acc_3785
phone_3786,acc_3786
phone_3787,acc_3787
phone_3788,acc_3788
phone_3789,acc_3789
phone_3790,acc_3790
phone_3791,acc_3791
phone_3792,acc_3792
phone_3793,acc_3793
phone_3794,acc_3794
phone_3795,acc_3795
phone_3796,acc_3796
phone_3797,acc_3797
phone_3798,acc_3798
phone_3799,acc_3799
phone_3800,acc_3800
phone_3801,acc_3801
phone_3802,acc_3802
phone_3803,acc_3803
phone_3804,acc_3804
phone_3805,acc_3805
phone_3806,acc_3806
phone_3807,acc_3807
phone_3808,acc_3808
phone_3809,acc_3809
phone_3810,acc_3810
phone_3811,acc_3811
phone_3812,acc_3812
phone_3813,acc_3813
phone_3814,acc_3814
phone_3815,acc_3815
phone_3816,acc_3816
phone_3817,acc_3817
phone_3818,acc_3818
phone_3819,acc_3819
phone_3820,acc_3820
phone_3821,acc_3821
phone_3822,acc_3822
phone_3823,acc_3823
phone_3824,acc_3824
phone_3825,acc_3825
phone_3826,acc_3826
phone_3827,acc_3827
phone_3828,acc_3828
phone_3829,acc_3829
phone_3830,acc_3830
phone_3831,acc_3831
phone_3832,acc_3832
phone_3833,acc_3833
phone_3834,acc_3834
phone_3835,acc_3835
phone_3836,acc_3836
phone_3837,acc_3837
phone_3838,acc_3838
phone_3839,acc_3839
phone_3840,acc_3840
phone_3841,acc_3841
phone_3842,acc_3842
phone_3843,acc_3843
phone_3844,acc_3844
phone_3845,acc_3845
phone_3846,acc_3846
phone_3847,acc_3847
phone_3848,acc_3848
phone_3849,acc_3849
phone_3850,acc_3850
phone_3851,acc_3851
phone_3852,acc_3852
phone_3853,acc_3853
phone_3854,acc_3854
phone_3855,acc_3855
phone_3856,acc_3856
phone_3857,acc_3857
phone_3858,acc_3858
phone_3859,acc_3859
phone_3860,acc_3860
phone_3861,acc_3861
phone_3862,acc_3862
phone_3863,acc_3863
phone_3864,acc_3864
phone_3865,acc_3865
phone_3866,acc_3866
phone_3867,acc_3867
phone_3868,acc_3868
phone_3869,acc_3869
phone_3870,acc_3870
phone_3871,acc_3871
phone_3872,acc_3872
phone_3873,acc_3873
phone_3874,acc_3874
phone_3875,acc_3875
phone_3876,acc_3876
phone_3877,acc_3877
phone_3878,acc_3878
phone_3879,acc_3879
phone_3880,acc_3880
phone_3881,acc_3881
phone_3882,acc_3882
phone_3883,acc_3883
phone_3884,acc_3884
phone_3885,acc_3885
phone_3886,acc_3886
phone_3887,acc_3887
phone_3888,acc_3888
phone_3889,acc_3889
phone_3890,acc_3890
phone_3891,acc_3891
phone_3892,acc_3892
phone_3893,acc_3893
phone_3894,acc_3894
phone_3895,acc_3895
phone_3896,acc_3896
phone_3897,acc_3897
phone_3898,acc_3898
phone_3899,acc_3899
phone_3900,acc_3900
phone_3901,acc_3901
phone_3902,acc_3902
phone_3903,acc_3903
phone_3904,acc_3904
phone_3905,acc_3905
phone_3906,acc_3906
phone_3907,acc_3907
phone_3908,acc_3908
phone_3909,acc_3909
phone_3910,acc_3910
phone_3911,acc_3911
phone_3912,acc_3912
phone_3913,acc_3913
phone_3914,acc_3914
phone_3915,acc_3915
phone_3916,acc_3916
phone_3917,acc_3917
phone_3918,acc_3918
phone_3919,acc_3919
phone_3920,acc_3920
phone_3921,acc_3921
phone_3922,acc_3922
phone_3923,acc_3923
phone_3924,acc_3924
phone_3925,acc_3925
phone_3926,acc_3926
phone_3927,acc_3927
phone_3928,acc_3928
phone_3929,acc_3929
phone_3930,acc_3930
phone_3931,acc_3931
phone_3932,acc_3932
phone_3933,acc_3933
phone_3934,acc_3934
phone_3935,acc_3935
phone_3936,acc_3936
phone_3937,acc_3937
phone_3938,acc_3938
phone_3939,acc_3939
phone_3940,acc_3940
phone_3941,acc_3941
phone_3942,acc_3942
phone_3943,acc_3943
phone_3944,acc_3944
phone_3945,acc_3945
phone_3946,acc_3946
phone_3947,acc_3947
phone_3948,acc_3948
phone_3949,acc_3949
phone_3950,acc_3950
phone_3951,acc_3951
phone_3952,acc_3952
phone_3953,acc_3953
phone_3954,acc_3954
phone_3955,acc_3955
phone_3956,acc_3956
phone_3957,acc_3957
phone_3958,acc_3958
phone_3959,acc_3959
phone_3960,acc_3960
phone_3961,acc_3961
phone_3962,acc_3962
phone_3963,acc_3963
phone_3964,acc_3964
phone_3965,acc_3965
phone_3966,acc_3966
phone_3967,acc_3967
phone_3968,acc_3968
phone_3969,acc_3969
phone_3970,acc_3970
phone_3971,acc_3971
phone_3972,acc_3972
phone_3973,acc_3973
phone_3974,acc_3974
phone_3975,acc_3975
phone_3976,acc_3976
phone_3977,acc_3977
phone_3978,acc_3978
phone_3979,acc_3979
phone_3980,acc_3980
phone_3981,acc_3981
phone_3982,acc_3982
phone_3983,acc_3983
phone_3984,acc_3984
phone_3985,acc_3985
phone_3986,acc_3986
phone_3987,acc_3987
phone_3988,acc_3988
phone_3989,acc_3989
phone_3990,acc_3990
phone_3991,acc_3991
phone_3992,acc_3992
phone_3993,acc_3993
phone_3994,acc_3994
phone_3995,acc_3995
phone_3996,acc_3996
phone_3997,acc_3997
phone_3998,acc_3998
phone_3999,acc_3999
phone_4000,acc_4000
phone_4001,acc_4001
phone_4002,acc_4002
phone_4003,acc_4003
phone_4004,acc_4004
phone_4005,acc_4005
phone_4006,acc_4006
phone_4007,acc_4007
phone_4008,acc_4008
phone_4009,acc_4009
phone_4010,acc_4010
phone_4011,acc_4011
phone_4012,acc_4012
phone_4013,acc_4013
phone_4014,acc_4014
phone_4015,acc_4015
phone_4016,acc_4016
phone_4017,acc_4017
phone_4018,acc_4018
phone_4019,acc_4019
phone_4020,acc_4020
phone_4021,acc_4021
phone_4022,acc_4022
phone_4023,acc_4023
phone_4024,acc_4024
phone_4025,acc_4025
phone_4026,acc_4026
phone_4027,acc_4027
phone_4028,acc_4028
phone_4029,acc_4029
phone_4030,acc_4030
phone_4031,acc_4031
phone_4032,acc_4032
phone_4033,acc_4033
phone_4034,acc_4034
phone_4035,acc_4035
phone_4036,acc_4036
phone_4037,acc_4037
phone_4038,acc_4038
phone_4039,acc_4039
phone_4040,acc_4040
phone_4041,acc_4041
phone_4042,acc_4042
phone_4043,acc_4043
phone_4044,acc_4044
phone_4045,acc_4045
phone_4046,acc_4046
phone_4047,acc_4047
phone_4048,acc_4048
phone_4049,acc_4049
phone_4050,acc_4050
phone_4051,acc_4051
phone_4052,acc_4052
phone_4053,acc_4053
phone_4054,acc_4054
phone_4055,acc_4055
phone_4056,acc_4056
phone_4057,acc_4057
phone_4058,acc_4058
phone_4059,acc_4059
phone_4060,acc_4060
phone_4061,acc_4061
phone_4062,acc_4062
phone_4063,acc_4063
phone_4064,acc_4064
phone_4065,acc_4065
phone_4066,acc_4066
phone_4067,acc_4067
phone_4068,acc_4068
phone_4069,acc_4069
phone_4070,acc_4070
phone_4071,acc_4071
phone_4072,acc_4072
phone_4073,acc_4073
phone_4074,acc_4074
phone_4075,acc_4075
phone_4076,acc_4076
phone_4077,acc_4077
phone_4078,acc_4078
phone_4079,acc_4079
phone_4080,acc_4080
phone_4081,acc_4081
phone_4082,acc_4082
phone_4083,acc_4083
phone_4084,acc_4084
phone_4085,acc_4085
phone_4086,acc_4086
phone_4087,acc_4087
phone_4088,acc_4088
phone_4089,acc_4089
phone_4090,acc_4090
phone_4091,acc_4091
phone_4092,acc_4092
phone_4093,acc_4093
phone_4094,acc_4094
phone_4095,acc_4095
phone_4096,acc_4096
phone_4097,acc_4097
phone_4098,acc_4098
phone_4099,acc_4099
phone_4100,acc_4100
phone_4101,acc_4101
phone_4102,acc_4102
phone_4103,acc_4103
phone_4104,acc_4104
phone_4105,acc_4105
phone_4106,acc_4106
phone_4107,acc_4107
phone_4108,acc_4108
phone_4109,acc_4109
phone_4110,acc_4110
phone_4111,acc_4111
phone_4112,acc_4112
phone_4113,acc_4113
phone_4114,acc_4114
phone_4115,acc_4115
phone_4116,acc_4116
phone_4117,acc_4117
phone_4118,acc_4118
phone_4119,acc_4119
phone_4120,acc_4120
phone_4121,acc_4121
phone_4122,acc_4122
phone_4123,acc_4123
phone_4124,acc_4124
phone_4125,acc_4125
phone_4126,acc_4126
phone_4127,acc_4127
phone_4128,acc_4128
phone_4129,acc_4129
phone_4130,acc_4130
phone_4131,acc_4131
phone_4132,acc_4132
phone_4133,acc_4133
phone_4134,acc_4134
phone_4135,acc_4135
phone_4136,acc_4136
phone_4137,acc_4137
phone_4138,acc_4138
phone_4139,acc_4139
phone_4140,acc_4140
phone_4141,acc_4141
phone_4142,acc_4142
phone_4143,acc_4143
phone_4144,acc_4144
phone_4145,acc_4145
phone_4146,acc_4146
phone_4147,acc_4147
phone_4148,acc_4148
phone_4149,acc_4149
phone_4150,acc_4150
phone_4151,acc_4151
phone_4152,acc_4152
phone_4153,acc_4153
phone_4154,acc_4154
phone_4155,acc_4155
phone_4156,acc_4156
phone_4157,acc_4157
phone_4158,acc_4158
phone_4159,acc_4159
phone_4160,acc_4160
phone_4161,acc_4161
phone_4162,acc_4162
phone_4163,acc_4163
phone_4164,acc_4164
phone_4165,acc_4165
phone_4166,acc_4166
phone_4167,acc_4167
phone_4168,acc_4168
phone_4169,acc_4169
phone_4170,acc_4170
phone_4171,acc_4171
phone_4172,acc_4172
phone_4173,acc_4173
phone_4174,acc_4174
phone_4175,acc_4175
phone_4176,acc_4176
phone_4177,acc_4177
phone_4178,acc_4178
phone_4179,acc_4179
phone_4180,acc_4180
phone_4181,acc_4181
phone_4182,acc_4182
phone_4183,acc_4183
phone_4184,acc_4184
phone_4185,acc_4185
phone_4186,acc_4186
phone_4187,acc_4187
phone_4188,acc_4188
phone_4189,acc_4189
phone_4190,acc_4190
phone_4191,acc_4191
phone_4192,acc_4192
phone_4193,acc_4193
phone_4194,acc_4194
phone_4195,acc_4195
phone_4196,acc_4196
phone_4197,acc_4197
phone_4198,acc_4198
phone_4199,acc_4199
phone_4200,acc_4200
phone_4201,acc_4201
phone_4202,acc_4202
phone_4203,acc_4203
phone_4204,acc_4204
phone_4205,acc_4205
phone_4206,acc_4206
phone_4207,acc_4207
phone_4208,acc_4208
phone_4209,acc_4209
phone_4210,acc_4210
phone_4211,acc_4211
phone_4212,acc_4212
phone_4213,acc_4213
phone_4214,acc_4214
phone_4215,acc_4215
phone_4216,acc_4216
phone_4217,acc_4217
phone_4218,acc_4218
phone_4219,acc_4219
phone_4220,acc_4220
phone_4221,acc_4221
phone_4222,acc_4222
phone_4223,acc_4223
phone_4224,acc_4224
phone_4225,acc_4225
phone_4226,acc_4226
phone_4227,acc_4227
phone_4228,acc_4228
phone_4229,acc_4229
phone_4230,acc_4230
phone_4231,acc_4231
phone_4232,acc_4232
phone_4233,acc_4233
phone_4234,acc_4234
phone_4235,acc_4235
phone_4236,acc_4236
phone_4237,acc_4237
phone_4238,acc_4238
phone_4239,acc_4239
phone_4240,acc_4240
phone_4241,acc_4241
phone_4242,acc_4242
phone_4243,acc_4243
phone_4244,acc_4244
phone_4245,acc_4245
phone_4246,acc_4246
phone_4247,acc_4247
phone_4248,acc_4248
phone_4249,acc_4249
phone_4250,acc_4250
phone_4251,acc_4251
phone_4252,acc_4252
phone_4253,acc_4253
phone_4254,acc_4254
phone_4255,acc_4255
phone_4256,acc_4256
phone_4257,acc_4257
phone_4258,acc_4258
phone_4259,acc_4259
phone_4260,acc_4260
phone_4261,acc_4261
phone_4262,acc_4262
phone_4263,acc_4263
phone_4264,acc_4264
phone_4265,acc_4265
phone_4266,acc_4266
phone_4267,acc_4267
phone_4268,acc_4268
phone_4269,acc_4269
phone_4270,acc_4270
phone_4271,acc_4271
phone_4272,acc_4272
phone_4273,acc_4273
phone_4274,acc_4274
phone_4275,acc_4275
phone_4276,acc_4276
phone_4277,acc_4277
phone_4278,acc_4278
phone_4279,acc_4279
phone_4280,acc_4280
phone_4281,acc_4281
phone_4282,acc_4282
phone_4283,acc_4283
phone_4284,acc_4284
phone_4285,acc_4285
phone_4286,acc_4286
phone_4287,acc_4287
phone_4288,acc_4288
phone_4289,acc_4289
phone_4290,acc_4290
phone_4291,acc_4291
phone_4292,acc_4292
phone_4293,acc_4293
phone_4294,acc_4294
phone_4295,acc_4295
phone_4296,acc_4296
phone_4297,acc_4297
phone_4298,acc_4298
phone_4299,acc_4299
phone_4300,acc_4300
phone_4301,acc_4301
phone_4302,acc_4302
phone_4303,acc_4303
phone_4304,acc_4304
phone_4305,acc_4305
phone_4306,acc_4306
phone_4307,acc_4307
phone_4308,acc_4308
phone_4309,acc_4309
phone_4310,acc_4310
phone_4311,acc_4311
phone_4312,acc_4312
phone_4313,acc_4313
phone_4314,acc_4314
phone_4315,acc_4315
phone_4316,acc_4316
phone_4317,acc_4317
phone_4318,acc_4318
phone_4319,acc_4319
phone_4320,acc_4320
phone_4321,acc_4321
phone_4322,acc_4322
phone_4323,acc_4323
phone_4324,acc_4324
phone_4325,acc_4325
phone_4326,acc_4326
phone_4327,acc_4327
phone_4328,acc_4328
phone_4329,acc_4329
phone_4330,acc_4330
phone_4331,acc_4331
phone_4332,acc_4332
phone_4333,acc_4333
phone_4334,acc_4334
phone_4335,acc_4335
phone_4336,acc_4336
phone_4337,acc_4337
phone_4338,acc_4338
phone_4339,acc_4339
phone_4340,acc_4340
phone_4341,acc_4341
phone_4342,acc_4342
phone_4343,acc_4343
phone_4344,acc_4344
phone_4345,acc_4345
phone_4346,acc_4346
phone_4347,acc_4347
phone_4348,acc_4348
phone_4349,acc_4349
phone_4350,acc_4350
phone_4351,acc_4351
phone_4352,acc_4352
phone_4353,acc_4353
phone_4354,acc_4354
phone_4355,acc_4355
phone_4356,acc_4356
phone_4357,acc_4357
phone_4358,acc_4358
phone_4359,acc_4359
phone_4360,acc_4360
phone_4361,acc_4361
phone_4362,acc_4362
phone_4363,acc_4363
phone_4364,acc_4364
phone_4365,acc_4365
phone_4366,acc_4366
phone_4367,acc_4367
phone_4368,acc_4368
phone_4369,acc_4369
phone_4370,acc_4370
phone_4371,acc_4371
phone_4372,acc_4372
phone_4373,acc_4373
phone_4374,acc_4374
phone_4375,acc_4375
phone_4376,acc_4376
phone_4377,acc_4377
phone_4378,acc_4378
phone_4379,acc_4379
phone_4380,acc_4380
phone_4381,acc_4381
phone_4382,acc_4382
phone_4383,acc_4383
phone_4384,acc_4384
phone_4385,acc_4385
phone_4386,acc_4386
phone_4387,acc_4387
phone_4388,acc_4388
phone_4389,acc_4389
phone_4390,acc_4390
phone_4391,acc_4391
phone_4392,acc_4392
phone_4393,acc_4393
phone_4394,acc_4394
phone_4395,acc_4395
phone_4396,acc_4396
phone_4397,acc_4397
phone_4398,acc_4398
phone_4399,acc_4399
phone_4400,acc_4400
phone_4401,acc_4401
phone_4402,acc_4402
phone_4403,acc_4403
phone_4404,acc_4404
phone_4405,acc_4405
phone_4406,acc_4406
phone_4407,acc_4407
phone_4408,acc_4408
phone_4409,acc_4409
phone_4410,acc_4410
phone_4411,acc_4411
phone_4412,acc_4412
phone_4413,acc_4413
phone_4414,acc_4414
phone_4415,acc_4415
phone_4416,acc_4416
phone_4417,acc_4417
phone_4418,acc_4418
phone_4419,acc_4419
phone_4420,acc_4420
phone_4421,acc_4421
phone_4422,acc_4422
phone_4423,acc_4423
phone_4424,acc_4424
phone_4425,acc_4425
phone_4426,acc_4426
phone_4427,acc_4427
phone_4428,acc_4428
phone_4429,acc_4429
phone_4430,acc_4430
phone_4431,acc_4431
phone_4432,acc_4432
phone_4433,acc_4433
phone_4434,acc_4434
phone_4435,acc_4435
phone_4436,acc_4436
phone_4437,acc_4437
phone_4438,acc_4438
phone_4439,acc_4439
phone_4440,acc_4440
phone_4441,acc_4441
phone_4442,acc_4442
phone_4443,acc_4443
phone_4444,acc_4444
phone_4445,acc_4445
phone_4446,acc_4446
phone_4447,acc_4447
phone_4448,acc_4448
phone_4449,acc_4449
phone_4450,acc_4450
phone_4451,acc_4451
phone_4452,acc_4452
phone_4453,acc_4453
phone_4454,acc_4454
phone_4455,acc_4455
phone_4456,acc_4456
phone_4457,acc_4457
phone_4458,acc_4458
phone_4459,acc_4459
phone_4460,acc_4460
phone_4461,acc_4461
phone_4462,acc_4462
phone_4463,acc_4463
phone_4464,acc_4464
phone_4465,acc_4465
phone_4466,acc_4466
phone_4467,acc_4467
phone_4468,acc_4468
phone_4469,acc_4469
phone_4470,acc_4470
phone_4471,acc_4471
phone_4472,acc_4472
phone_4473,acc_4473
phone_4474,acc_4474
phone_4475,acc_4475
phone_4476,acc_4476
phone_4477,acc_4477
phone_4478,acc_4478
phone_4479,acc_4479
phone_4480,acc_4480
phone_4481,acc_4481
phone_4482,acc_4482
phone_4483,acc_4483
phone_4484,acc_4484
phone_4485,acc_4485
phone_4486,acc_4486
phone_4487,acc_4487
phone_4488,acc_4488
phone_4489,acc_4489
phone_4490,acc_4490
phone_4491,acc_4491
phone_4492,acc_4492
phone_4493,acc_4493
phone_4494,acc_4494
phone_4495,acc_4495
phone_4496,acc_4496
phone_4497,acc_4497
phone_4498,acc_4498
phone_4499,acc_4499
phone_4500,acc_4500
phone_4501,acc_4501
phone_4502,acc_4502
phone_4503,acc_4503
phone_4504,acc_4504
phone_4505,acc_4505
phone_4506,acc_4506
phone_4507,acc_4507
phone_4508,acc_4508
phone_4509,acc_4509
phone_4510,acc_4510
phone_4511,acc_4511
phone_4512,acc_4512
phone_4513,acc_4513
phone_4514,acc_4514
phone_4515,acc_4515
phone_4516,acc_4516
phone_4517,acc_4517
phone_4518,acc_4518
phone_4519,acc_4519
phone_4520,acc_4520
phone_4521,acc_4521
phone_4522,acc_4522
phone_4523,acc_4523
phone_4524,acc_4524
phone_4525,acc_4525
phone_4526,acc_4526
phone_4527,acc_4527
phone_4528,acc_4528
phone_4529,acc_4529
phone_4530,acc_4530
phone_4531,acc_4531
phone_4532,acc_4532
phone_4533,acc_4533
phone_4534,acc_4534
phone_4535,acc_4535
phone_4536,acc_4536
phone_4537,acc_4537
phone_4538,acc_4538
phone_4539,acc_4539
phone_4540,acc_4540
phone_4541,acc_4541
phone_4542,acc_4542
phone_4543,acc_4543
phone_4544,acc_4544
phone_4545,acc_4545
phone_4546,acc_4546
phone_4547,acc_4547
phone_4548,acc_4548
phone_4549,acc_4549
phone_4550,acc_4550
phone_4551,acc_4551
phone_4552,acc_4552
phone_4553,acc_4553
phone_4554,acc_4554
phone_4555,acc_4555
phone_4556,acc_4556
phone_4557,acc_4557
phone_4558,acc_4558
phone_4559,acc_4559
phone_4560,acc_4560
phone_4561,acc_4561
phone_4562,acc_4562
phone_4563,acc_4563
phone_4564,acc_4564
phone_4565,acc_4565
phone_4566,acc_4566
phone_4567,acc_4567
phone_4568,acc_4568
phone_4569,acc_4569
phone_4570,acc_4570
phone_4571,acc_4571
phone_4572,acc_4572
phone_4573,acc_4573
phone_4574,acc_4574
phone_4575,acc_4575
phone_4576,acc_4576
phone_4577,acc_4577
phone_4578,acc_4578
phone_4579,acc_4579
phone_4580,acc_4580
phone_4581,acc_4581
phone_4582,acc_4582
phone_4583,acc_4583
phone_4584,acc_4584
phone_4585,acc_4585
phone_4586,acc_4586
phone_4587,acc_4587
phone_4588,acc_4588
phone_4589,acc_4589
phone_4590,acc_4590
phone_4591,acc_4591
phone_4592,acc_4592
phone_4593,acc_4593
phone_4594,acc_4594
phone_4595,acc_4595
phone_4596,acc_4596
phone_4597,acc_4597
phone_4598,acc_4598
phone_4599,acc_4599
phone_4600,acc_4600
phone_4601,acc_4601
phone_4602,acc_4602
phone_4603,acc_4603
phone_4604,acc_4604
phone_4605,acc_4605
phone_4606,acc_4606
phone_4607,acc_4607
phone_4608,acc_4608
phone_4609,acc_4609
phone_4610,acc_4610
phone_4611,acc_4611
phone_4612,acc_4612
phone_4613,acc_4613
phone_4614,acc_4614
phone_4615,acc_4615
phone_4616,acc_4616
phone_4617,acc_4617
phone_4618,acc_4618
phone_4619,acc_4619
phone_4620,acc_4620
phone_4621,acc_4621
phone_4622,acc_4622
phone_4623,acc_4623
phone_4624,acc_4624
phone_4625,acc_4625
phone_4626,acc_4626
phone_4627,acc_4627
phone_4628,acc_4628
phone_4629,acc_4629
phone_4630,acc_4630
phone_4631,acc_4631
phone_4632,acc_4632
phone_4633,acc_4633
phone_4634,acc_4634
phone_4635,acc_4635
phone_4636,acc_4636
phone_4637,acc_4637
phone_4638,acc_4638
phone_4639,acc_4639
phone_4640,acc_4640
phone_4641,acc_4641
phone_4642,acc_4642
phone_4643,acc_4643
phone_4644,acc_4644
phone_4645,acc_4645
phone_4646,acc_4646
phone_4647,acc_4647
phone_4648,acc_4648
phone_4649,acc_4649
phone_4650,acc_4650
phone_4651,acc_4651
phone_4652,acc_4652
phone_4653,acc_4653
phone_4654,acc_4654
phone_4655,acc_4655
phone_4656,acc_4656
phone_4657,acc_4657
phone_4658,acc_4658
phone_4659,acc_4659
phone_4660,acc_4660
phone_4661,acc_4661
phone_4662,acc_4662
phone_4663,acc_4663
phone_4664,acc_4664
phone_4665,acc_4665
phone_4666,acc_4666
phone_4667,acc_4667
phone_4668,acc_4668
phone_4669,acc_4669
phone_4670,acc_4670
phone_4671,acc_4671
phone_4672,acc_4672
phone_4673,acc_4673
phone_4674,acc_4674
phone_4675,acc_4675
phone_4676,acc_4676
phone_4677,acc_4677
phone_4678,acc_4678
phone_4679,acc_4679
phone_4680,acc_4680
phone_4681,acc_4681
phone_4682,acc_4682
phone_4683,acc_4683
phone_4684,acc_4684
phone_4685,acc_4685
phone_4686,acc_4686
phone_4687,acc_4687
phone_4688,acc_4688
phone_4689,acc_4689
phone_4690,acc_4690
phone_4691,acc_4691
phone_4692,acc_4692
phone_4693,acc_4693
phone_4694,acc_4694
phone_4695,acc_4695
phone_4696,acc_4696
phone_4697,acc_4697
phone_4698,acc_4698
phone_4699,acc_4699
phone_4700,acc_4700
phone_4701,acc_4701
phone_4702,acc_4702
phone_4703,acc_4703
phone_4704,acc_4704
phone_4705,acc_4705
phone_4706,acc_4706
phone_4707,acc_4707
phone_4708,acc_4708
phone_4709,acc_4709
phone_4710,acc_4710
phone_4711,acc_4711
phone_4712,acc_4712
phone_4713,acc_4713
phone_4714,acc_4714
phone_4715,acc_4715
phone_4716,acc_4716
phone_4717,acc_4717
phone_4718,acc_4718
phone_4719,acc_4719
phone_4720,acc_4720
phone_4721,acc_4721
phone_4722,acc_4722
phone_4723,acc_4723
phone_4724,acc_4724
phone_4725,acc_4725
phone_4726,acc_4726
phone_4727,acc_4727
phone_4728,acc_4728
phone_4729,acc_4729
phone_4730,acc_4730
phone_4731,acc_4731
phone_4732,acc_4732
phone_4733,acc_4733
phone_4734,acc_4734
phone_4735,acc_4735
phone_4736,acc_4736
phone_4737,acc_4737
phone_4738,acc_4738
phone_4739,acc_4739
phone_4740,acc_4740
phone_4741,acc_4741
phone_4742,acc_4742
phone_4743,acc_4743
phone_4744,acc_4744
phone_4745,acc_4745
phone_4746,acc_4746
phone_4747,acc_4747
phone_4748,acc_4748
phone_4749,acc_4749
phone_4750,acc_4750
phone_4751,acc_4751
phone_4752,acc_4752
phone_4753,acc_4753
phone_4754,acc_4754
phone_4755,acc_4755
phone_4756,acc_4756
phone_4757,acc_4757
phone_4758,acc_4758
phone_4759,acc_4759
phone_4760,acc_4760
phone_4761,acc_4761
phone_4762,acc_4762
phone_4763,acc_4763
phone_4764,acc_4764
phone_4765,acc_4765
phone_4766,acc_4766
phone_4767,acc_4767
phone_4768,acc_4768
phone_4769,acc_4769
phone_4770,acc_4770
phone_4771,acc_4771
phone_4772,acc_4772
phone_4773,acc_4773
phone_4774,acc_4774
phone_4775,acc_4775
phone_4776,acc_4776
phone_4777,acc_4777
phone_4778,acc_4778
phone_4779,acc_4779
phone_4780,acc_4780
phone_4781,acc_4781
phone_4782,acc_4782
phone_4783,acc_4783
phone_4784,acc_4784
phone_4785,acc_4785
phone_4786,acc_4786
phone_4787,acc_4787
phone_4788,acc_4788
phone_4789,acc_4789
phone_4790,acc_4790
phone_4791,acc_4791
phone_4792,acc_4792
phone_4793,acc_4793
phone_4794,acc_4794
phone_4795,acc_4795
phone_4796,acc_4796
phone_4797,acc_4797
phone_4798,acc_4798
phone_4799,acc_4799
phone_4800,acc_4800
phone_4801,acc_4801
phone_4802,acc_4802
phone_4803,acc_4803
phone_4804,acc_4804
phone_4805,acc_4805
phone_4806,acc_4806
phone_4807,acc_4807
phone_4808,acc_4808
phone_4809,acc_4809
phone_4810,acc_4810
phone_4811,acc_4811
phone_4812,acc_4812
phone_4813,acc_4813
phone_4814,acc_4814
phone_4815,acc_4815
phone_4816,acc_4816
phone_4817,acc_4817
phone_4818,acc_4818
phone_4819,acc_4819
phone_4820,acc_4820
phone_4821,acc_4821
phone_4822,acc_4822
phone_4823,acc_4823
phone_4824,acc_4824
phone_4825,acc_4825
phone_4826,acc_4826
phone_4827,acc_4827
phone_4828,acc_4828
phone_4829,acc_4829
phone_4830,acc_4830
phone_4831,acc_4831
phone_4832,acc_4832
phone_4833,acc_4833
phone_4834,acc_4834
phone_4835,acc_4835
phone_4836,acc_4836
phone_4837,acc_4837
phone_4838,acc_4838
phone_4839,acc_4839
phone_4840,acc_4840
phone_4841,acc_4841
phone_4842,acc_4842
phone_4843,acc_4843
phone_4844,acc_4844
phone_4845,acc_4845
phone_4846,acc_4846
phone_4847,acc_4847
phone_4848,acc_4848
phone_4849,acc_4849
phone_4850,acc_4850
phone_4851,acc_4851
phone_4852,acc_4852
phone_4853,acc_4853
phone_4854,acc_4854
phone_4855,acc_4855
phone_4856,acc_4856
phone_4857,acc_4857
phone_4858,acc_4858
phone_4859,acc_4859
phone_4860,acc_4860
phone_4861,acc_4861
phone_4862,acc_4862
phone_4863,acc_4863
phone_4864,acc_4864
phone_4865,acc_4865
phone_4866,acc_4866
phone_4867,acc_4867
phone_4868,acc_4868
phone_4869,acc_4869
phone_4870,acc_4870
phone_4871,acc_4871
phone_4872,acc_4872
phone_4873,acc_4873
phone_4874,acc_4874
phone_4875,acc_4875
phone_4876,acc_4876
phone_4877,acc_4877
phone_4878,acc_4878
phone_4879,acc_4879
phone_4880,acc_4880
phone_4881,acc_4881
phone_4882,acc_4882
phone_4883,acc_4883
phone_4884,acc_4884
phone_4885,acc_4885
phone_4886,acc_4886
phone_4887,acc_4887
phone_4888,acc_4888
phone_4889,acc_4889
phone_4890,acc_4890
phone_4891,acc_4891
phone_4892,acc_4892
phone_4893,acc_4893
phone_4894,acc_4894
phone_4895,acc_4895
phone_4896,acc_4896
phone_4897,acc_4897
phone_4898,acc_4898
phone_4899,acc_4899
phone_4900,acc_4900
phone_4901,acc_4901
phone_4902,acc_4902
phone_4903,acc_4903
phone_4904,acc_4904
phone_4905,acc_4905
phone_4906,acc_4906
phone_4907,acc_4907
phone_4908,acc_4908
phone_4909,acc_4909
phone_4910,acc_4910
phone_4911,acc_4911
phone_4912,acc_4912
phone_4913,acc_4913
phone_4914,acc_4914
phone_4915,acc_4915
phone_4916,acc_4916
phone_4917,acc_4917
phone_4918,acc_4918
phone_4919,acc_4919
phone_4920,acc_4920
phone_4921,acc_4921
phone_4922,acc_4922
phone_4923,acc_4923
phone_4924,acc_4924
phone_4925,acc_4925
phone_4926,acc_4926
phone_4927,acc_4927
phone_4928,acc_4928
phone_4929,acc_4929
phone_4930,acc_4930
phone_4931,acc_4931
phone_4932,acc_4932
phone_4933,acc_4933
phone_4934,acc_4934
phone_4935,acc_4935
phone_4936,acc_4936
phone_4937,acc_4937
phone_4938,acc_4938
phone_4939,acc_4939
phone_4940,acc_4940
phone_4941,acc_4941
phone_4942,acc_4942
phone_4943,acc_4943
phone_4944,acc_4944
phone_4945,acc_4945
phone_4946,acc_4946
phone_4947,acc_4947
phone_4948,acc_4948
phone_4949,acc_4949
phone_4950,acc_4950
phone_4951,acc_4951
phone_4952,acc_4952
phone_4953,acc_4953
phone_4954,acc_4954
phone_4955,acc_4955
phone_4956,acc_4956
phone_4957,acc_4957
phone_4958,acc_4958
phone_4959,acc_4959
phone_4960,acc_4960
phone_4961,acc_4961
phone_4962,acc_4962
phone_4963,acc_4963
phone_4964,acc_4964
phone_4965,acc_4965
phone_4966,acc_4966
phone_4967,acc_4967
phone_4968,acc_4968
phone_4969,acc_4969
phone_4970,acc_4970
phone_4971,acc_4971
phone_4972,acc_4972
phone_4973,acc_4973
phone_4974,acc_4974
phone_4975,acc_4975
phone_4976,acc_4976
phone_4977,acc_4977
phone_4978,acc_4978
phone_4979,acc_4979
phone_4980,acc_4980
phone_4981,acc_4981
phone_4982,acc_4982
phone_4983,acc_4983
phone_4984,acc_4984
phone_4985,acc_4985
phone_4986,acc_4986
phone_4987,acc_4987
phone_4988,acc_4988
phone_4989,acc_4989
phone_4990,acc_4990
phone_4991,acc_4991
phone_4992,acc_4992
phone_4993,acc_4993
phone_4994,acc_4994
phone_4995,acc_4995
phone_4996,acc_4996
phone_4997,acc_4997
phone_4998,acc_4998
phone_4999,acc_4999
phone_5000,acc_5000
phone_5001,acc_5001
phone_5002,acc_5002
phone_5003,acc_5003
phone_5004,acc_5004
phone_5005,acc_5005
phone_5006,acc_5006
phone_5007,acc_5007
phone_5008,acc_5008
phone_5009,acc_5009
phone_5010,acc_5010
phone_5011,acc_5011
phone_5012,acc_5012
phone_5013,acc_5013
phone_5014,acc_5014
phone_5015,acc_5015
phone_5016,acc_5016
phone_5017,acc_5017
phone_5018,acc_5018
phone_5019,acc_5019
phone_5020,acc_5020
phone_5021,acc_5021
phone_5022,acc_5022
phone_5023,acc_5023
phone_5024,acc_5024
phone_5025,acc_5025
phone_5026,acc_5026
phone_5027,acc_5027
phone_5028,acc_5028
phone_5029,acc_5029
phone_5030,acc_5030
phone_5031,acc_5031
phone_5032,acc_5032
phone_5033,acc_5033
phone_5034,acc_5034
phone_5035,acc_5035
phone_5036,acc_5036
phone_5037,acc_5037
phone_5038,acc_5038
phone_5039,acc_5039
phone_5040,acc_5040
phone_5041,acc_5041
phone_5042,acc_5042
phone_5043,acc_5043
phone_5044,acc_5044
phone_5045,acc_5045
phone_5046,acc_5046
phone_5047,acc_5047
phone_5048,acc_5048
phone_5049,acc_5049
phone_5050,acc_5050
phone_5051,acc_5051
phone_5052,acc_5052
phone_5053,acc_5053
phone_5054,acc_5054
phone_5055,acc_5055
phone_5056,acc_5056
phone_5057,acc_5057
phone_5058,acc_5058
phone_5059,acc_5059
phone_5060,acc_5060
phone_5061,acc_5061
phone_5062,acc_5062
phone_5063,acc_5063
phone_5064,acc_5064
phone_5065,acc_5065
phone_5066,acc_5066
phone_5067,acc_5067
phone_5068,acc_5068
phone_5069,acc_5069
phone_5070,acc_5070
phone_5071,acc_5071
phone_5072,acc_5072
phone_5073,acc_5073
phone_5074,acc_5074
phone_5075,acc_5075
phone_5076,acc_5076
phone_5077,acc_5077
phone_5078,acc_5078
phone_5079,acc_5079
phone_5080,acc_5080
phone_5081,acc_5081
phone_5082,acc_5082
phone_5083,acc_5083
phone_5084,acc_5084
phone_5085,acc_5085
phone_5086,acc_5086
phone_5087,acc_5087
phone_5088,acc_5088
phone_5089,acc_5089
phone_5090,acc_5090
phone_5091,acc_5091
phone_5092,acc_5092
phone_5093,acc_5093
phone_5094,acc_5094
phone_5095,acc_5095
phone_5096,acc_5096
phone_5097,acc_5097
phone_5098,acc_5098
phone_5099,acc_5099
phone_5100,acc_5100
phone_5101,acc_5101
phone_5102,acc_5102
phone_5103,acc_5103
phone_5104,acc_5104
phone_5105,acc_5105
phone_5106,acc_5106
phone_5107,acc_5107
phone_5108,acc_5108
phone_5109,acc_5109
phone_5110,acc_5110
phone_5111,acc_5111
phone_5112,acc_5112
phone_5113,acc_5113
phone_5114,acc_5114
phone_5115,acc_5115
phone_5116,acc_5116
phone_5117,acc_5117
phone_5118,acc_5118
phone_5119,acc_5119
phone_5120,acc_5120
phone_5121,acc_5121
phone_5122,acc_5122
phone_5123,acc_5123
phone_5124,acc_5124
phone_5125,acc_5125
phone_5126,acc_5126
phone_5127,acc_5127
phone_5128,acc_5128
phone_5129,acc_5129
phone_5130,acc_5130
phone_5131,acc_5131
phone_5132,acc_5132
phone_5133,acc_5133
phone_5134,acc_5134
phone_5135,acc_5135
phone_5136,acc_5136
phone_5137,acc_5137
phone_5138,acc_5138
phone_5139,acc_5139
phone_5140,acc_5140
phone_5141,acc_5141
phone_5142,acc_5142
phone_5143,acc_5143
phone_5144,acc_5144
phone_5145,acc_5145
phone_5146,acc_5146
phone_5147,acc_5147
phone_5148,acc_5148
phone_5149,acc_5149
phone_5150,acc_5150
phone_5151,acc_5151
phone_5152,acc_5152
phone_5153,acc_5153
phone_5154,acc_5154
phone_5155,acc_5155
phone_5156,acc_5156
phone_5157,acc_5157
phone_5158,acc_5158
phone_5159,acc_5159
phone_5160,acc_5160
phone_5161,acc_5161
phone_5162,acc_5162
phone_5163,acc_5163
phone_5164,acc_5164
phone_5165,acc_5165
phone_5166,acc_5166
phone_5167,acc_5167
phone_5168,acc_5168
phone_5169,acc_5169
phone_5170,acc_5170
phone_5171,acc_5171
phone_5172,acc_5172
phone_5173,acc_5173
phone_5174,acc_5174
phone_5175,acc_5175
phone_5176,acc_5176
phone_5177,acc_5177
phone_5178,acc_5178
phone_5179,acc_5179
phone_5180,acc_5180
phone_5181,acc_5181
phone_5182,acc_5182
phone_5183,acc_5183
phone_5184,acc_5184
phone_5185,acc_5185
phone_5186,acc_5186
phone_5187,acc_5187
phone_5188,acc_5188
phone_5189,acc_5189
phone_5190,acc_5190
phone_5191,acc_5191
phone_5192,acc_5192
phone_5193,acc_5193
phone_5194,acc_5194
phone_5195,acc_5195
phone_5196,acc_5196
phone_5197,acc_5197
phone_5198,acc_5198
phone_5199,acc_5199
phone_5200,acc_5200
phone_5201,acc_5201
phone_5202,acc_5202
phone_5203,acc_5203
phone_5204,acc_5204
phone_5205,acc_5205
phone_5206,acc_5206
phone_5207,acc_5207
phone_5208,acc_5208
phone_5209,acc_5209
phone_5210,acc_5210
phone_5211,acc_5211
phone_5212,acc_5212
phone_5213,acc_5213
phone_5214,acc_5214
phone_5215,acc_5215
phone_5216,acc_5216
phone_5217,acc_5217
phone_5218,acc_5218
phone_5219,acc_5219
phone_5220,acc_5220
phone_5221,acc_5221
phone_5222,acc_5222
phone_5223,acc_5223
phone_5224,acc_5224
phone_5225,acc_5225
phone_5226,acc_5226
phone_5227,acc_5227
phone_5228,acc_5228
phone_5229,acc_5229
phone_5230,acc_5230
phone_5231,acc_5231
phone_5232,acc_5232
phone_5233,acc_5233
phone_5234,acc_5234
phone_5235,acc_5235
phone_5236,acc_5236
phone_5237,acc_5237
phone_5238,acc_5238
phone_5239,acc_5239
phone_5240,acc_5240
phone_5241,acc_5241
phone_5242,acc_5242
phone_5243,acc_5243
phone_5244,acc_5244
phone_5245,acc_5245
phone_5246,acc_5246
phone_5247,acc_5247
phone_5248,acc_5248
phone_5249,acc_5249
phone_5250,acc_5250
phone_5251,acc_5251
phone_5252,acc_5252
phone_5253,acc_5253
phone_5254,acc_5254
phone_5255,acc_5255
phone_5256,acc_5256
phone_5257,acc_5257
phone_5258,acc_5258
phone_5259,acc_5259
phone_5260,acc_5260
phone_5261,acc_5261
phone_5262,acc_5262
phone_5263,acc_5263
phone_5264,acc_5264
phone_5265,acc_5265
phone_5266,acc_5266
phone_5267,acc_5267
phone_5268,acc_5268
phone_5269,acc_5269
phone_5270,acc_5270
phone_5271,acc_5271
phone_5272,acc_5272
phone_5273,acc_5273
phone_5274,acc_5274
phone_5275,acc_5275
phone_5276,acc_5276
phone_5277,acc_5277
phone_5278,acc_5278
phone_5279,acc_5279
phone_5280,acc_5280
phone_5281,acc_5281
phone_5282,acc_5282
phone_5283,acc_5283
phone_5284,acc_5284
phone_5285,acc_5285
phone_5286,acc_5286
phone_5287,acc_5287
phone_5288,acc_5288
phone_5289,acc_5289
phone_5290,acc_5290
phone_5291,acc_5291
phone_5292,acc_5292
phone_5293,acc_5293
phone_5294,acc_5294
phone_5295,acc_5295
phone_5296,acc_5296
phone_5297,acc_5297
phone_5298,acc_5298
phone_5299,acc_5299
phone_5300,acc_5300
phone_5301,acc_5301
phone_5302,acc_5302
phone_5303,acc_5303
phone_5304,acc_5304
phone_5305,acc_5305
phone_5306,acc_5306
phone_5307,acc_5307
phone_5308,acc_5308
phone_5309,acc_5309
phone_5310,acc_5310
phone_5311,acc_5311
phone_5312,acc_5312
phone_5313,acc_5313
phone_5314,acc_5314
phone_5315,acc_5315
phone_5316,acc_5316
phone_5317,acc_5317
phone_5318,acc_5318
phone_5319,acc_5319
phone_5320,acc_5320
phone_5321,acc_5321
phone_5322,acc_5322
phone_5323,acc_5323
phone_5324,acc_5324
phone_5325,acc_5325
phone_5326,acc_5326
phone_5327,acc_5327
phone_5328,acc_5328
phone_5329,acc_5329
phone_5330,acc_5330
phone_5331,acc_5331
phone_5332,acc_5332
phone_5333,acc_5333
phone_5334,acc_5334
phone_5335,acc_5335
phone_5336,acc_5336
phone_5337,acc_5337
phone_5338,acc_5338
phone_5339,acc_5339
phone_5340,acc_5340
phone_5341,acc_5341
phone_5342,acc_5342
phone_5343,acc_5343
phone_5344,acc_5344
phone_5345,acc_5345
phone_5346,acc_5346
phone_5347,acc_5347
phone_5348,acc_5348
phone_5349,acc_5349
phone_5350,acc_5350
phone_5351,acc_5351
phone_5352,acc_5352
phone_5353,acc_5353
phone_5354,acc_5354
phone_5355,acc_5355
phone_5356,acc_5356
phone_5357,acc_5357
phone_5358,acc_5358
phone_5359,acc_5359
phone_5360,acc_5360
phone_5361,acc_5361
phone_5362,acc_5362
phone_5363,acc_5363
phone_5364,acc_5364
phone_5365,acc_5365
phone_5366,acc_5366
phone_5367,acc_5367
phone_5368,acc_5368
phone_5369,acc_5369
phone_5370,acc_5370
phone_5371,acc_5371
phone_5372,acc_5372
phone_5373,acc_5373
phone_5374,acc_5374
phone_5375,acc_5375
phone_5376,acc_5376
phone_5377,acc_5377
phone_5378,acc_5378
phone_5379,acc_5379
phone_5380,acc_5380
phone_5381,acc_5381
phone_5382,acc_5382
phone_5383,acc_5383
phone_5384,acc_5384
phone_5385,acc_5385
phone_5386,acc_5386
phone_5387,acc_5387
phone_5388,acc_5388
phone_5389,acc_5389
phone_5390,acc_5390
phone_5391,acc_5391
phone_5392,acc_5392
phone_5393,acc_5393
phone_5394,acc_5394
phone_5395,acc_5395
phone_5396,acc_5396
phone_5397,acc_5397
phone_5398,acc_5398
phone_5399,acc_5399
phone_5400,acc_5400
phone_5401,acc_5401
phone_5402,acc_5402
phone_5403,acc_5403
phone_5404,acc_5404
phone_5405,acc_5405
phone_5406,acc_5406
phone_5407,acc_5407
phone_5408,acc_5408
phone_5409,acc_5409
phone_5410,acc_5410
phone_5411,acc_5411
phone_5412,acc_5412
phone_5413,acc_5413
phone_5414,acc_5414
phone_5415,acc_5415
phone_5416,acc_5416
phone_5417,acc_5417
phone_5418,acc_5418
phone_5419,acc_5419
phone_5420,acc_5420
phone_5421,acc_5421
phone_5422,acc_5422
phone_5423,acc_5423
phone_5424,acc_5424
phone_5425,acc_5425
phone_5426,acc_5426
phone_5427,acc_5427
phone_5428,acc_5428
phone_5429,acc_5429
phone_5430,acc_5430
phone_5431,acc_5431
phone_5432,acc_5432
phone_5433,acc_5433
phone_5434,acc_5434
phone_5435,acc_5435
phone_5436,acc_5436
phone_5437,acc_5437
phone_5438,acc_5438
phone_5439,acc_5439
phone_5440,acc_5440
phone_5441,acc_5441
phone_5442,acc_5442
phone_5443,acc_5443
phone_5444,acc_5444
phone_5445,acc_5445
phone_5446,acc_5446
phone_5447,acc_5447
phone_5448,acc_5448
phone_5449,acc_5449
phone_5450,acc_5450
phone_5451,acc_5451
phone_5452,acc_5452
phone_5453,acc_5453
phone_5454,acc_5454
phone_5455,acc_5455
phone_5456,acc_5456
phone_5457,acc_5457
phone_5458,acc_5458
phone_5459,acc_5459
phone_5460,acc_5460
phone_5461,acc_5461
phone_5462,acc_5462
phone_5463,acc_5463
phone_5464,acc_5464
phone_5465,acc_5465
phone_5466,acc_5466
phone_5467,acc_5467
phone_5468,acc_5468
phone_5469,acc_5469
phone_5470,acc_5470
phone_5471,acc_5471
phone_5472,acc_5472
phone_5473,acc_5473
phone_5474,acc_5474
phone_5475,acc_5475
phone_5476,acc_5476
phone_5477,acc_5477
phone_5478,acc_5478
phone_5479,acc_5479
phone_5480,acc_5480
phone_5481,acc_5481
phone_5482,acc_5482
phone_5483,acc_5483
phone_5484,acc_5484
phone_5485,acc_5485
phone_5486,acc_5486
phone_5487,acc_5487
phone_5488,acc_5488
phone_5489,acc_5489
phone_5490,acc_5490
phone_5491,acc_5491
phone_5492,acc_5492
phone_5493,acc_5493
phone_5494,acc_5494
phone_5495,acc_5495
phone_5496,acc_5496
phone_5497,acc_5497
phone_5498,acc_5498
phone_5499,acc_5499
phone_5500,acc_5500
phone_5501,acc_5501
phone_5502,acc_5502
phone_5503,acc_5503
phone_5504,acc_5504
phone_5505,acc_5505
phone_5506,acc_5506
phone_5507,acc_5507
phone_5508,acc_5508
phone_5509,acc_5509
phone_5510,acc_5510
phone_5511,acc_5511
phone_5512,acc_5512
phone_5513,acc_5513
phone_5514,acc_5514
phone_5515,acc_5515
phone_5516,acc_5516
phone_5517,acc_5517
phone_5518,acc_5518
phone_5519,acc_5519
phone_5520,acc_5520
phone_5521,acc_5521
phone_5522,acc_5522
phone_5523,acc_5523
phone_5524,acc_5524
phone_5525,acc_5525
phone_5526,acc_5526
phone_5527,acc_5527
phone_5528,acc_5528
phone_5529,acc_5529
phone_5530,acc_5530
phone_5531,acc_5531
phone_5532,acc_5532
phone_5533,acc_5533
phone_5534,acc_5534
phone_5535,acc_5535
phone_5536,acc_5536
phone_5537,acc_5537
phone_5538,acc_5538
phone_5539,acc_5539
phone_5540,acc_5540
phone_5541,acc_5541
phone_5542,acc_5542
phone_5543,acc_5543
phone_5544,acc_5544
phone_5545,acc_5545
phone_5546,acc_5546
phone_5547,acc_5547
phone_5548,acc_5548
phone_5549,acc_5549
phone_5550,acc_5550
phone_5551,acc_5551
phone_5552,acc_5552
phone_5553,acc_5553
phone_5554,acc_5554
phone_5555,acc_5555
phone_5556,acc_5556
phone_5557,acc_5557
phone_5558,acc_5558
phone_5559,acc_5559
phone_5560,acc_5560
phone_5561,acc_5561
phone_5562,acc_5562
phone_5563,acc_5563
phone_5564,acc_5564
phone_5565,acc_5565
phone_5566,acc_5566
phone_5567,acc_5567
phone_5568,acc_5568
phone_5569,acc_5569
phone_5570,acc_5570
phone_5571,acc_5571
phone_5572,acc_5572
phone_5573,acc_5573
phone_5574,acc_5574
phone_5575,acc_5575
phone_5576,acc_5576
phone_5577,acc_5577
phone_5578,acc_5578
phone_5579,acc_5579
phone_5580,acc_5580
phone_5581,acc_5581
phone_5582,acc_5582
phone_5583,acc_5583
phone_5584,acc_5584
phone_5585,acc_5585
phone_5586,acc_5586
phone_5587,acc_5587
phone_5588,acc_5588
phone_5589,acc_5589
phone_5590,acc_5590
phone_5591,acc_5591
phone_5592,acc_5592
phone_5593,acc_5593
phone_5594,acc_5594
phone_5595,acc_5595
phone_5596,acc_5596
phone_5597,acc_5597
phone_5598,acc_5598
phone_5599,acc_5599
phone_5600,acc_5600
phone_5601,acc_5601
phone_5602,acc_5602
phone_5603,acc_5603
phone_5604,acc_5604
phone_5605,acc_5605
phone_5606,acc_5606
phone_5607,acc_5607
phone_5608,acc_5608
phone_5609,acc_5609
phone_5610,acc_5610
phone_5611,acc_5611
phone_5612,acc_5612
phone_5613,acc_5613
phone_5614,acc_5614
phone_5615,acc_5615
phone_5616,acc_5616
phone_5617,acc_5617
phone_5618,acc_5618
phone_5619,acc_5619
phone_5620,acc_5620
phone_5621,acc_5621
phone_5622,acc_5622
phone_5623,acc_5623
phone_5624,acc_5624
phone_5625,acc_5625
phone_5626,acc_5626
phone_5627,acc_5627
phone_5628,acc_5628
phone_5629,acc_5629
phone_5630,acc_5630
phone_5631,acc_5631
phone_5632,acc_5632
phone_5633,acc_5633
phone_5634,acc_5634
phone_5635,acc_5635
phone_5636,acc_5636
phone_5637,acc_5637
phone_5638,acc_5638
phone_5639,acc_5639
phone_5640,acc_5640
phone_5641,acc_5641
phone_5642,acc_5642
phone_5643,acc_5643
phone_5644,acc_5644
phone_5645,acc_5645
phone_5646,acc_5646
phone_5647,acc_5647
phone_5648,acc_5648
phone_5649,acc_5649
phone_5650,acc_5650
phone_5651,acc_5651
phone_5652,acc_5652
phone_5653,acc_5653
phone_5654,acc_5654
phone_5655,acc_5655
phone_5656,acc_5656
phone_5657,acc_5657
phone_5658,acc_5658
phone_5659,acc_5659
phone_5660,acc_5660
phone_5661,acc_5661
phone_5662,acc_5662
phone_5663,acc_5663
phone_5664,acc_5664
phone_5665,acc_5665
phone_5666,acc_5666
phone_5667,acc_5667
phone_5668,acc_5668
phone_5669,acc_5669
phone_5670,acc_5670
phone_5671,acc_5671
phone_5672,acc_5672
phone_5673,acc_5673
phone_5674,acc_5674
phone_5675,acc_5675
phone_5676,acc_5676
phone_5677,acc_5677
phone_5678,acc_5678
phone_5679,acc_5679
phone_5680,acc_5680
phone_5681,acc_5681
phone_5682,acc_5682
phone_5683,acc_5683
phone_5684,acc_5684
phone_5685,acc_5685
phone_5686,acc_5686
phone_5687,acc_5687
phone_5688,acc_5688
phone_5689,acc_5689
phone_5690,acc_5690
phone_5691,acc_5691
phone_5692,acc_5692
phone_5693,acc_5693
phone_5694,acc_5694
phone_5695,acc_5695
phone_5696,acc_5696
phone_5697,acc_5697
phone_5698,acc_5698
phone_5699,acc_5699
phone_5700,acc_5700
phone_5701,acc_5701
phone_5702,acc_5702
phone_5703,acc_5703
phone_5704,acc_5704
phone_5705,acc_5705
phone_5706,acc_5706
phone_5707,acc_5707
phone_5708,acc_5708
phone_5709,acc_5709
phone_5710,acc_5710
phone_5711,acc_5711
phone_5712,acc_5712
phone_5713,acc_5713
phone_5714,acc_5714
phone_5715,acc_5715
phone_5716,acc_5716
phone_5717,acc_5717
phone_5718,acc_5718
phone_5719,acc_5719
phone_5720,acc_5720
phone_5721,acc_5721
phone_5722,acc_5722
phone_5723,acc_5723
phone_5724,acc_5724
phone_5725,acc_5725
phone_5726,acc_5726
phone_5727,acc_5727
phone_5728,acc_5728
phone_5729,acc_5729
phone_5730,acc_5730
phone_5731,acc_5731
phone_5732,acc_5732
phone_5733,acc_5733
phone_5734,acc_5734
phone_5735,acc_5735
phone_5736,acc_5736
phone_5737,acc_5737
phone_5738,acc_5738
phone_5739,acc_5739
phone_5740,acc_5740
phone_5741,acc_5741
phone_5742,acc_5742
phone_5743,acc_5743
phone_5744,acc_5744
phone_5745,acc_5745
phone_5746,acc_5746
phone_5747,acc_5747
phone_5748,acc_5748
phone_5749,acc_5749
phone_5750,acc_5750
phone_5751,acc_5751
phone_5752,acc_5752
phone_5753,acc_5753
phone_5754,acc_5754
phone_5755,acc_5755
phone_5756,acc_5756
phone_5757,acc_5757
phone_5758,acc_5758
phone_5759,acc_5759
phone_5760,acc_5760
phone_5761,acc_5761
phone_5762,acc_5762
phone_5763,acc_5763
phone_5764,acc_5764
phone_5765,acc_5765
phone_5766,acc_5766
phone_5767,acc_5767
phone_5768,acc_5768
phone_5769,acc_5769
phone_5770,acc_5770
phone_5771,acc_5771
phone_5772,acc_5772
phone_5773,acc_5773
phone_5774,acc_5774
phone_5775,acc_5775
phone_5776,acc_5776
phone_5777,acc_5777
phone_5778,acc_5778
phone_5779,acc_5779
phone_5780,acc_5780
phone_5781,acc_5781
phone_5782,acc_5782
phone_5783,acc_5783
phone_5784,acc_5784
phone_5785,acc_5785
phone_5786,acc_5786
phone_5787,acc_5787
phone_5788,acc_5788
phone_5789,acc_5789
phone_5790,acc_5790
phone_5791,acc_5791
phone_5792,acc_5792
phone_5793,acc_5793
phone_5794,acc_5794
phone_5795,acc_5795
phone_5796,acc_5796
phone_5797,acc_5797
phone_5798,acc_5798
phone_5799,acc_5799
phone_5800,acc_5800
phone_5801,acc_5801
phone_5802,acc_5802
phone_5803,acc_5803
phone_5804,acc_5804
phone_5805,acc_5805
phone_5806,acc_5806
phone_5807,acc_5807
phone_5808,acc_5808
phone_5809,acc_5809
phone_5810,acc_5810
phone_5811,acc_5811
phone_5812,acc_5812
phone_5813,acc_5813
phone_5814,acc_5814
phone_5815,acc_5815
phone_5816,acc_5816
phone_5817,acc_5817
phone_5818,acc_5818
phone_5819,acc_5819
phone_5820,acc_5820
phone_5821,acc_5821
phone_5822,acc_5822
phone_5823,acc_5823
phone_5824,acc_5824
phone_5825,acc_5825
phone_5826,acc_5826
phone_5827,acc_5827
phone_5828,acc_5828
phone_5829,acc_5829
phone_5830,acc_5830
phone_5831,acc_5831
phone_5832,acc_5832
phone_5833,acc_5833
phone_5834,acc_5834
phone_5835,acc_5835
phone_5836,acc_5836
phone_5837,acc_5837
phone_5838,acc_5838
phone_5839,acc_5839
phone_5840,acc_5840
phone_5841,acc_5841
phone_5842,acc_5842
phone_5843,acc_5843
phone_5844,acc_5844
phone_5845,acc_5845
phone_5846,acc_5846
phone_5847,acc_5847
phone_5848,acc_5848
phone_5849,acc_5849
phone_5850,acc_5850
phone_5851,acc_5851
phone_5852,acc_5852
phone_5853,acc_5853
phone_5854,acc_5854
phone_5855,acc_5855
phone_5856,acc_5856
phone_5857,acc_5857
phone_5858,acc_5858
phone_5859,acc_5859
phone_5860,acc_5860
phone_5861,acc_5861
phone_5862,acc_5862
phone_5863,acc_5863
phone_5864,acc_5864
phone_5865,acc_5865
phone_5866,acc_5866
phone_5867,acc_5867
phone_5868,acc_5868
phone_5869,acc_5869
phone_5870,acc_5870
phone_5871,acc_5871
phone_5872,acc_5872
phone_5873,acc_5873
phone_5874,acc_5874
phone_5875,acc_5875
phone_5876,acc_5876
phone_5877,acc_5877
phone_5878,acc_5878
phone_5879,acc_5879
phone_5880,acc_5880
phone_5881,acc_5881
phone_5882,acc_5882
phone_5883,acc_5883
phone_5884,acc_5884
phone_5885,acc_5885
phone_5886,acc_5886
phone_5887,acc_5887
phone_5888,acc_5888
phone_5889,acc_5889
phone_5890,acc_5890
phone_5891,acc_5891
phone_5892,acc_5892
phone_5893,acc_5893
phone_5894,acc_5894
phone_5895,acc_5895
phone_5896,acc_5896
phone_5897,acc_5897
phone_5898,acc_5898
phone_5899,acc_5899
phone_5900,acc_5900
phone_5901,acc_5901
phone_5902,acc_5902
phone_5903,acc_5903
phone_5904,acc_5904
phone_5905,acc_5905
phone_5906,acc_5906
phone_5907,acc_5907
phone_5908,acc_5908
phone_5909,acc_5909
phone_5910,acc_5910
phone_5911,acc_5911
phone_5912,acc_5912
phone_5913,acc_5913
phone_5914,acc_5914
phone_5915,acc_5915
phone_5916,acc_5916
phone_5917,acc_5917
phone_5918,acc_5918
phone_5919,acc_5919
phone_5920,acc_5920
phone_5921,acc_5921
phone_5922,acc_5922
phone_5923,acc_5923
phone_5924,acc_5924
phone_5925,acc_5925
phone_5926,acc_5926
phone_5927,acc_5927
phone_5928,acc_5928
phone_5929,acc_5929
phone_5930,acc_5930
phone_5931,acc_5931
phone_5932,acc_5932
phone_5933,acc_5933
phone_5934,acc_5934
phone_5935,acc_5935
phone_5936,acc_5936
phone_5937,acc_5937
phone_5938,acc_5938
phone_5939,acc_5939
phone_5940,acc_5940
phone_5941,acc_5941
phone_5942,acc_5942
phone_5943,acc_5943
phone_5944,acc_5944
phone_5945,acc_5945
phone_5946,acc_5946
phone_5947,acc_5947
phone_5948,acc_5948
phone_5949,acc_5949
phone_5950,acc_5950
phone_5951,acc_5951
phone_5952,acc_5952
phone_5953,acc_5953
phone_5954,acc_5954
phone_5955,acc_5955
phone_5956,acc_5956
phone_5957,acc_5957
phone_5958,acc_5958
phone_5959,acc_5959
phone_5960,acc_5960
phone_5961,acc_5961
phone_5962,acc_5962
phone_5963,acc_5963
phone_5964,acc_5964
phone_5965,acc_5965
phone_5966,acc_5966
phone_5967,acc_5967
phone_5968,acc_5968
phone_5969,acc_5969
phone_5970,acc_5970
phone_5971,acc_5971
phone_5972,acc_5972
phone_5973,acc_5973
phone_5974,acc_5974
phone_5975,acc_5975
phone_5976,acc_5976
phone_5977,acc_5977
phone_5978,acc_5978
phone_5979,acc_5979
phone_5980,acc_5980
phone_5981,acc_5981
phone_5982,acc_5982
phone_5983,acc_5983
phone_5984,acc_5984
phone_5985,acc_5985
phone_5986,acc_5986
phone_5987,acc_5987
phone_5988,acc_5988
phone_5989,acc_5989
phone_5990,acc_5990
phone_5991,acc_5991
phone_5992,acc_5992
phone_5993,acc_5993
phone_5994,acc_5994
phone_5995,acc_5995
phone_5996,acc_5996
phone_5997,acc_5997
phone_5998,acc_5998
phone_5999,acc_5999
phone_6000,acc_6000
phone_6001,acc_6001
phone_6002,acc_6002
phone_6003,acc_6003
phone_6004,acc_6004
phone_6005,acc_6005
phone_6006,acc_6006
phone_6007,acc_6007
phone_6008,acc_6008
phone_6009,acc_6009
phone_6010,acc_6010
phone_6011,acc_6011
phone_6012,acc_6012
phone_6013,acc_6013
phone_6014,acc_6014
phone_6015,acc_6015
phone_6016,acc_6016
phone_6017,acc_6017
phone_6018,acc_6018
phone_6019,acc_6019
phone_6020,acc_6020
phone_6021,acc_6021
phone_6022,acc_6022
phone_6023,acc_6023
phone_6024,acc_6024
phone_6025,acc_6025
phone_6026,acc_6026
phone_6027,acc_6027
phone_6028,acc_6028
phone_6029,acc_6029
phone_6030,acc_6030
phone_6031,acc_6031
phone_6032,acc_6032
phone_6033,acc_6033
phone_6034,acc_6034
phone_6035,acc_6035
phone_6036,acc_6036
phone_6037,acc_6037
phone_6038,acc_6038
phone_6039,acc_6039
phone_6040,acc_6040
phone_6041,acc_6041
phone_6042,acc_6042
phone_6043,acc_6043
phone_6044,acc_6044
phone_6045,acc_6045
phone_6046,acc_6046
phone_6047,acc_6047
phone_6048,acc_6048
phone_6049,acc_6049
phone_6050,acc_6050
phone_6051,acc_6051
phone_6052,acc_6052
phone_6053,acc_6053
phone_6054,acc_6054
phone_6055,acc_6055
phone_6056,acc_6056
phone_6057,acc_6057
phone_6058,acc_6058
phone_6059,acc_6059
phone_6060,acc_6060
phone_6061,acc_6061
phone_6062,acc_6062
phone_6063,acc_6063
phone_6064,acc_6064
phone_6065,acc_6065
phone_6066,acc_6066
phone_6067,acc_6067
phone_6068,acc_6068
phone_6069,acc_6069
phone_6070,acc_6070
phone_6071,acc_6071
phone_6072,acc_6072
phone_6073,acc_6073
phone_6074,acc_6074
phone_6075,acc_6075
phone_6076,acc_6076
phone_6077,acc_6077
phone_6078,acc_6078
phone_6079,acc_6079
phone_6080,acc_6080
phone_6081,acc_6081
phone_6082,acc_6082
phone_6083,acc_6083
phone_6084,acc_6084
phone_6085,acc_6085
phone_6086,acc_6086
phone_6087,acc_6087
phone_6088,acc_6088
phone_6089,acc_6089
phone_6090,acc_6090
phone_6091,acc_6091
phone_6092,acc_6092
phone_6093,acc_6093
phone_6094,acc_6094
phone_6095,acc_6095
phone_6096,acc_6096
phone_6097,acc_6097
phone_6098,acc_6098
phone_6099,acc_6099
phone_6100,acc_6100
phone_6101,acc_6101
phone_6102,acc_6102
phone_6103,acc_6103
phone_6104,acc_6104
phone_6105,acc_6105
phone_6106,acc_6106
phone_6107,acc_6107
phone_6108,acc_6108
phone_6109,acc_6109
phone_6110,acc_6110
phone_6111,acc_6111
phone_6112,acc_6112
phone_6113,acc_6113
phone_6114,acc_6114
phone_6115,acc_6115
phone_6116,acc_6116
phone_6117,acc_6117
phone_6118,acc_6118
phone_6119,acc_6119
phone_6120,acc_6120
phone_6121,acc_6121
phone_6122,acc_6122
phone_6123,acc_6123
phone_6124,acc_6124
phone_6125,acc_6125
phone_6126,acc_6126
phone_6127,acc_6127
phone_6128,acc_6128
phone_6129,acc_6129
phone_6130,acc_6130
phone_6131,acc_6131
phone_6132,acc_6132
phone_6133,acc_6133
phone_6134,acc_6134
phone_6135,acc_6135
phone_6136,acc_6136
phone_6137,acc_6137
phone_6138,acc_6138
phone_6139,acc_6139
phone_6140,acc_6140
phone_6141,acc_6141
phone_6142,acc_6142
phone_6143,acc_6143
phone_6144,acc_6144
phone_6145,acc_6145
phone_6146,acc_6146
phone_6147,acc_6147
phone_6148,acc_6148
phone_6149,acc_6149
phone_6150,acc_6150
phone_6151,acc_6151
phone_6152,acc_6152
phone_6153,acc_6153
phone_6154,acc_6154
phone_6155,acc_6155
phone_6156,acc_6156
phone_6157,acc_6157
phone_6158,acc_6158
phone_6159,acc_6159
phone_6160,acc_6160
phone_6161,acc_6161
phone_6162,acc_6162
phone_6163,acc_6163
phone_6164,acc_6164
phone_6165,acc_6165
phone_6166,acc_6166
phone_6167,acc_6167
phone_6168,acc_6168
phone_6169,acc_6169
phone_6170,acc_6170
phone_6171,acc_6171
phone_6172,acc_6172
phone_6173,acc_6173
phone_6174,acc_6174
phone_6175,acc_6175
phone_6176,acc_6176
phone_6177,acc_6177
phone_6178,acc_6178
phone_6179,acc_6179
phone_6180,acc_6180
phone_6181,acc_6181
phone_6182,acc_6182
phone_6183,acc_6183
phone_6184,acc_6184
phone_6185,acc_6185
phone_6186,acc_6186
phone_6187,acc_6187
phone_6188,acc_6188
phone_6189,acc_6189
phone_6190,acc_6190
phone_6191,acc_6191
phone_6192,acc_6192
phone_6193,acc_6193
phone_6194,acc_6194
phone_6195,acc_6195
phone_6196,acc_6196
phone_6197,acc_6197
phone_6198,acc_6198
phone_6199,acc_6199
phone_6200,acc_6200
phone_6201,acc_6201
phone_6202,acc_6202
phone_6203,acc_6203
phone_6204,acc_6204
phone_6205,acc_6205
phone_6206,acc_6206
phone_6207,acc_6207
phone_6208,acc_6208
phone_6209,acc_6209
phone_6210,acc_6210
phone_6211,acc_6211
phone_6212,acc_6212
phone_6213,acc_6213
phone_6214,acc_6214
phone_6215,acc_6215
phone_6216,acc_6216
phone_6217,acc_6217
phone_6218,acc_6218
phone_6219,acc_6219
phone_6220,acc_6220
phone_6221,acc_6221
phone_6222,acc_6222
phone_6223,acc_6223
phone_6224,acc_6224
phone_6225,acc_6225
phone_6226,acc_6226
phone_6227,acc_6227
phone_6228,acc_6228
phone_6229,acc_6229
phone_6230,acc_6230
phone_6231,acc_6231
phone_6232,acc_6232
phone_6233,acc_6233
phone_6234,acc_6234
phone_6235,acc_6235
phone_6236,acc_6236
phone_6237,acc_6237
phone_6238,acc_6238
phone_6239,acc_6239
phone_6240,acc_6240
phone_6241,acc_6241
phone_6242,acc_6242
phone_6243,acc_6243
phone_6244,acc_6244
phone_6245,acc_6245
phone_6246,acc_6246
phone_6247,acc_6247
phone_6248,acc_6248
phone_6249,acc_6249
phone_6250,acc_6250
phone_6251,acc_6251
phone_6252,acc_6252
phone_6253,acc_6253
phone_6254,acc_6254
phone_6255,acc_6255
phone_6256,acc_6256
phone_6257,acc_6257
phone_6258,acc_6258
phone_6259,acc_6259
phone_6260,acc_6260
phone_6261,acc_6261
phone_6262,acc_6262
phone_6263,acc_6263
phone_6264,acc_6264
phone_6265,acc_6265
phone_6266,acc_6266
phone_6267,acc_6267
phone_6268,acc_6268
phone_6269,acc_6269
phone_6270,acc_6270
phone_6271,acc_6271
phone_6272,acc_6272
phone_6273,acc_6273
phone_6274,acc_6274
phone_6275,acc_6275
phone_6276,acc_6276
phone_6277,acc_6277
phone_6278,acc_6278
phone_6279,acc_6279
phone_6280,acc_6280
phone_6281,acc_6281
phone_6282,acc_6282
phone_6283,acc_6283
phone_6284,acc_6284
phone_6285,acc_6285
phone_6286,acc_6286
phone_6287,acc_6287
phone_6288,acc_6288
phone_6289,acc_6289
phone_6290,acc_6290
phone_6291,acc_6291
phone_6292,acc_6292
phone_6293,acc_6293
phone_6294,acc_6294
phone_6295,acc_6295
phone_6296,acc_6296
phone_6297,acc_6297
phone_6298,acc_6298
phone_6299,acc_6299
phone_6300,acc_6300
phone_6301,acc_6301
phone_6302,acc_6302
phone_6303,acc_6303
phone_6304,acc_6304
phone_6305,acc_6305
phone_6306,acc_6306
phone_6307,acc_6307
phone_6308,acc_6308
phone_6309,acc_6309
phone_6310,acc_6310
phone_6311,acc_6311
phone_6312,acc_6312
phone_6313,acc_6313
phone_6314,acc_6314
phone_6315,acc_6315
phone_6316,acc_6316
phone_6317,acc_6317
phone_6318,acc_6318
phone_6319,acc_6319
phone_6320,acc_6320
phone_6321,acc_6321
phone_6322,acc_6322
phone_6323,acc_6323
phone_6324,acc_6324
phone_6325,acc_6325
phone_6326,acc_6326
phone_6327,acc_6327
phone_6328,acc_6328
phone_6329,acc_6329
phone_6330,acc_6330
phone_6331,acc_6331
phone_6332,acc_6332
phone_6333,acc_6333
phone_6334,acc_6334
phone_6335,acc_6335
phone_6336,acc_6336
phone_6337,acc_6337
phone_6338,acc_6338
phone_6339,acc_6339
phone_6340,acc_6340
phone_6341,acc_6341
phone_6342,acc_6342
phone_6343,acc_6343
phone_6344,acc_6344
phone_6345,acc_6345
phone_6346,acc_6346
phone_6347,acc_6347
phone_6348,acc_6348
phone_6349,acc_6349
phone_6350,acc_6350
phone_6351,acc_6351
phone_6352,acc_6352
phone_6353,acc_6353
phone_6354,acc_6354
phone_6355,acc_6355
phone_6356,acc_6356
phone_6357,acc_6357
phone_6358,acc_6358
phone_6359,acc_6359
phone_6360,acc_6360
phone_6361,acc_6361
phone_6362,acc_6362
phone_6363,acc_6363
phone_6364,acc_6364
phone_6365,acc_6365
phone_6366,acc_6366
phone_6367,acc_6367
phone_6368,acc_6368
phone_6369,acc_6369
phone_6370,acc_6370
phone_6371,acc_6371
phone_6372,acc_6372
phone_6373,acc_6373
phone_6374,acc_6374
phone_6375,acc_6375
phone_6376,acc_6376
phone_6377,acc_6377
phone_6378,acc_6378
phone_6379,acc_6379
phone_6380,acc_6380
phone_6381,acc_6381
phone_6382,acc_6382
phone_6383,acc_6383
phone_6384,acc_6384
phone_6385,acc_6385
phone_6386,acc_6386
phone_6387,acc_6387
phone_6388,acc_6388
phone_6389,acc_6389
phone_6390,acc_6390
phone_6391,acc_6391
phone_6392,acc_6392
phone_6393,acc_6393
phone_6394,acc_6394
phone_6395,acc_6395
phone_6396,acc_6396
phone_6397,acc_6397
phone_6398,acc_6398
phone_6399,acc_6399
phone_6400,acc_6400
phone_6401,acc_6401
phone_6402,acc_6402
phone_6403,acc_6403
phone_6404,acc_6404
phone_6405,acc_6405
phone_6406,acc_6406
phone_6407,acc_6407
phone_6408,acc_6408
phone_6409,acc_6409
phone_6410,acc_6410
phone_6411,acc_6411
phone_6412,acc_6412
phone_6413,acc_6413
phone_6414,acc_6414
phone_6415,acc_6415
phone_6416,acc_6416
phone_6417,acc_6417
phone_6418,acc_6418
phone_6419,acc_6419
phone_6420,acc_6420
phone_6421,acc_6421
phone_6422,acc_6422
phone_6423,acc_6423
phone_6424,acc_6424
phone_6425,acc_6425
phone_6426,acc_6426
phone_6427,acc_6427
phone_6428,acc_6428
phone_6429,acc_6429
phone_6430,acc_6430
phone_6431,acc_6431
phone_6432,acc_6432
phone_6433,acc_6433
phone_6434,acc_6434
phone_6435,acc_6435
phone_6436,acc_6436
phone_6437,acc_6437
phone_6438,acc_6438
phone_6439,acc_6439
phone_6440,acc_6440
phone_6441,acc_6441
phone_6442,acc_6442
phone_6443,acc_6443
phone_6444,acc_6444
phone_6445,acc_6445
phone_6446,acc_6446
phone_6447,acc_6447
phone_6448,acc_6448
phone_6449,acc_6449
phone_6450,acc_6450
phone_6451,acc_6451
phone_6452,acc_6452
phone_6453,acc_6453
phone_6454,acc_6454
phone_6455,acc_6455
phone_6456,acc_6456
phone_6457,acc_6457
phone_6458,acc_6458
phone_6459,acc_6459
phone_6460,acc_6460
phone_6461,acc_6461
phone_6462,acc_6462
phone_6463,acc_6463
phone_6464,acc_6464
phone_6465,acc_6465
phone_6466,acc_6466
phone_6467,acc_6467
phone_6468,acc_6468
phone_6469,acc_6469
phone_6470,acc_6470
phone_6471,acc_6471
phone_6472,acc_6472
phone_6473,acc_6473
phone_6474,acc_6474
phone_6475,acc_6475
phone_6476,acc_6476
phone_6477,acc_6477
phone_6478,acc_6478
phone_6479,acc_6479
phone_6480,acc_6480
phone_6481,acc_6481
phone_6482,acc_6482
phone_6483,acc_6483
phone_6484,acc_6484
phone_6485,acc_6485
phone_6486,acc_6486
phone_6487,acc_6487
phone_6488,acc_6488
phone_6489,acc_6489
phone_6490,acc_6490
phone_6491,acc_6491
phone_6492,acc_6492
phone_6493,acc_6493
phone_6494,acc_6494
phone_6495,acc_6495
phone_6496,acc_6496
phone_6497,acc_6497
phone_6498,acc_6498
phone_6499,acc_6499
phone_6500,acc_6500
phone_6501,acc_6501
phone_6502,acc_6502
phone_6503,acc_6503
phone_6504,acc_6504
phone_6505,acc_6505
phone_6506,acc_6506
phone_6507,acc_6507
phone_6508,acc_6508
phone_6509,acc_6509
phone_6510,acc_6510
phone_6511,acc_6511
phone_6512,acc_6512
phone_6513,acc_6513
phone_6514,acc_6514
phone_6515,acc_6515
phone_6516,acc_6516
phone_6517,acc_6517
phone_6518,acc_6518
phone_6519,acc_6519
phone_6520,acc_6520
phone_6521,acc_6521
phone_6522,acc_6522
phone_6523,acc_6523
phone_6524,acc_6524
phone_6525,acc_6525
phone_6526,acc_6526
phone_6527,acc_6527
phone_6528,acc_6528
phone_6529,acc_6529
phone_6530,acc_6530
phone_6531,acc_6531
phone_6532,acc_6532
phone_6533,acc_6533
phone_6534,acc_6534
phone_6535,acc_6535
phone_6536,acc_6536
phone_6537,acc_6537
phone_6538,acc_6538
phone_6539,acc_6539
phone_6540,acc_6540
phone_6541,acc_6541
phone_6542,acc_6542
phone_6543,acc_6543
phone_6544,acc_6544
phone_6545,acc_6545
phone_6546,acc_6546
phone_6547,acc_6547
phone_6548,acc_6548
phone_6549,acc_6549
phone_6550,acc_6550
phone_6551,acc_6551
phone_6552,acc_6552
phone_6553,acc_6553
phone_6554,acc_6554
phone_6555,acc_6555
phone_6556,acc_6556
phone_6557,acc_6557
phone_6558,acc_6558
phone_6559,acc_6559
phone_6560,acc_6560
phone_6561,acc_6561
phone_6562,acc_6562
phone_6563,acc_6563
phone_6564,acc_6564
phone_6565,acc_6565
phone_6566,acc_6566
phone_6567,acc_6567
phone_6568,acc_6568
phone_6569,acc_6569
phone_6570,acc_6570
phone_6571,acc_6571
phone_6572,acc_6572
phone_6573,acc_6573
phone_6574,acc_6574
phone_6575,acc_6575
phone_6576,acc_6576
phone_6577,acc_6577
phone_6578,acc_6578
phone_6579,acc_6579
phone_6580,acc_6580
phone_6581,acc_6581
phone_6582,acc_6582
phone_6583,acc_6583
phone_6584,acc_6584
phone_6585,acc_6585
phone_6586,acc_6586
phone_6587,acc_6587
phone_6588,acc_6588
phone_6589,acc_6589
phone_6590,acc_6590
phone_6591,acc_6591
phone_6592,acc_6592
phone_6593,acc_6593
phone_6594,acc_6594
phone_6595,acc_6595
phone_6596,acc_6596
phone_6597,acc_6597
phone_6598,acc_6598
phone_6599,acc_6599
phone_6600,acc_6600
phone_6601,acc_6601
phone_6602,acc_6602
phone_6603,acc_6603
phone_6604,acc_6604
phone_6605,acc_6605
phone_6606,acc_6606
phone_6607,acc_6607
phone_6608,acc_6608
phone_6609,acc_6609
phone_6610,acc_6610
phone_6611,acc_6611
phone_6612,acc_6612
phone_6613,acc_6613
phone_6614,acc_6614
phone_6615,acc_6615
phone_6616,acc_6616
phone_6617,acc_6617
phone_6618,acc_6618
phone_6619,acc_6619
phone_6620,acc_6620
phone_6621,acc_6621
phone_6622,acc_6622
phone_6623,acc_6623
phone_6624,acc_6624
phone_6625,acc_6625
phone_6626,acc_6626
phone_6627,acc_6627
phone_6628,acc_6628
phone_6629,acc_6629
phone_6630,acc_6630
phone_6631,acc_6631
phone_6632,acc_6632
phone_6633,acc_6633
phone_6634,acc_6634
phone_6635,acc_6635
phone_6636,acc_6636
phone_6637,acc_6637
phone_6638,acc_6638
phone_6639,acc_6639
phone_6640,acc_6640
phone_6641,acc_6641
phone_6642,acc_6642
phone_6643,acc_6643
phone_6644,acc_6644
phone_6645,acc_6645
phone_6646,acc_6646
phone_6647,acc_6647
phone_6648,acc_6648
phone_6649,acc_6649
phone_6650,acc_6650
phone_6651,acc_6651
phone_6652,acc_6652
phone_6653,acc_6653
phone_6654,acc_6654
phone_6655,acc_6655
phone_6656,acc_6656
phone_6657,acc_6657
phone_6658,acc_6658
phone_6659,acc_6659
phone_6660,acc_6660
phone_6661,acc_6661
phone_6662,acc_6662
phone_6663,acc_6663
phone_6664,acc_6664
phone_6665,acc_6665
phone_6666,acc_6666
phone_6667,acc_6667
phone_6668,acc_6668
phone_6669,acc_6669
phone_6670,acc_6670
phone_6671,acc_6671
phone_6672,acc_6672
phone_6673,acc_6673
phone_6674,acc_6674
phone_6675,acc_6675
phone_6676,acc_6676
phone_6677,acc_6677
phone_6678,acc_6678
phone_6679,acc_6679
phone_6680,acc_6680
phone_6681,acc_6681
phone_6682,acc_6682
phone_6683,acc_6683
phone_6684,acc_6684
phone_6685,acc_6685
phone_6686,acc_6686
phone_6687,acc_6687
phone_6688,acc_6688
phone_6689,acc_6689
phone_6690,acc_6690
phone_6691,acc_6691
phone_6692,acc_6692
phone_6693,acc_6693
phone_6694,acc_6694
phone_6695,acc_6695
phone_6696,acc_6696
phone_6697,acc_6697
phone_6698,acc_6698
phone_6699,acc_6699
phone_6700,acc_6700
phone_6701,acc_6701
phone_6702,acc_6702
phone_6703,acc_6703
phone_6704,acc_6704
phone_6705,acc_6705
phone_6706,acc_6706
phone_6707,acc_6707
phone_6708,acc_6708
phone_6709,acc_6709
phone_6710,acc_6710
phone_6711,acc_6711
phone_6712,acc_6712
phone_6713,acc_6713
phone_6714,acc_6714
phone_6715,acc_6715
phone_6716,acc_6716
phone_6717,acc_6717
phone_6718,acc_6718
phone_6719,acc_6719
phone_6720,acc_6720
phone_6721,acc_6721
phone_6722,acc_6722
phone_6723,acc_6723
phone_6724,acc_6724
phone_6725,acc_6725
phone_6726,acc_6726
phone_6727,acc_6727
phone_6728,acc_6728
phone_6729,acc_6729
phone_6730,acc_6730
phone_6731,acc_6731
phone_6732,acc_6732
phone_6733,acc_6733
phone_6734,acc_6734
phone_6735,acc_6735
phone_6736,acc_6736
phone_6737,acc_6737
phone_6738,acc_6738
phone_6739,acc_6739
phone_6740,acc_6740
phone_6741,acc_6741
phone_6742,acc_6742
phone_6743,acc_6743
phone_6744,acc_6744
phone_6745,acc_6745
phone_6746,acc_6746
phone_6747,acc_6747
phone_6748,acc_6748
phone_6749,acc_6749
phone_6750,acc_6750
phone_6751,acc_6751
phone_6752,acc_6752
phone_6753,acc_6753
phone_6754,acc_6754
phone_6755,acc_6755
phone_6756,acc_6756
phone_6757,acc_6757
phone_6758,acc_6758
phone_6759,acc_6759
phone_6760,acc_6760
phone_6761,acc_6761
phone_6762,acc_6762
phone_6763,acc_6763
phone_6764,acc_6764
phone_6765,acc_6765
phone_6766,acc_6766
phone_6767,acc_6767
phone_6768,acc_6768
phone_6769,acc_6769
phone_6770,acc_6770
phone_6771,acc_6771
phone_6772,acc_6772
phone_6773,acc_6773
phone_6774,acc_6774
phone_6775,acc_6775
phone_6776,acc_6776
phone_6777,acc_6777
phone_6778,acc_6778
phone_6779,acc_6779
phone_6780,acc_6780
phone_6781,acc_6781
phone_6782,acc_6782
phone_6783,acc_6783
phone_6784,acc_6784
phone_6785,acc_6785
phone_6786,acc_6786
phone_6787,acc_6787
phone_6788,acc_6788
phone_6789,acc_6789
phone_6790,acc_6790
phone_6791,acc_6791
phone_6792,acc_6792
phone_6793,acc_6793
phone_6794,acc_6794
phone_6795,acc_6795
phone_6796,acc_6796
phone_6797,acc_6797
phone_6798,acc_6798
phone_6799,acc_6799
phone_6800,acc_6800
phone_6801,acc_6801
phone_6802,acc_6802
phone_6803,acc_6803
phone_6804,acc_6804
phone_6805,acc_6805
phone_6806,acc_6806
phone_6807,acc_6807
phone_6808,acc_6808
phone_6809,acc_6809
phone_6810,acc_6810
phone_6811,acc_6811
phone_6812,acc_6812
phone_6813,acc_6813
phone_6814,acc_6814
phone_6815,acc_6815
phone_6816,acc_6816
phone_6817,acc_6817
phone_6818,acc_6818
phone_6819,acc_6819
phone_6820,acc_6820
phone_6821,acc_6821
phone_6822,acc_6822
phone_6823,acc_6823
phone_6824,acc_6824
phone_6825,acc_6825
phone_6826,acc_6826
phone_6827,acc_6827
phone_6828,acc_6828
phone_6829,acc_6829
phone_6830,acc_6830
phone_6831,acc_6831
phone_6832,acc_6832
phone_6833,acc_6833
phone_6834,acc_6834
phone_6835,acc_6835
phone_6836,acc_6836
phone_6837,acc_6837
phone_6838,acc_6838
phone_6839,acc_6839
phone_6840,acc_6840
phone_6841,acc_6841
phone_6842,acc_6842
phone_6843,acc_6843
phone_6844,acc_6844
phone_6845,acc_6845
phone_6846,acc_6846
phone_6847,acc_6847
phone_6848,acc_6848
phone_6849,acc_6849
phone_6850,acc_6850
phone_6851,acc_6851
phone_6852,acc_6852
phone_6853,acc_6853
phone_6854,acc_6854
phone_6855,acc_6855
phone_6856,acc_6856
phone_6857,acc_6857
phone_6858,acc_6858
phone_6859,acc_6859
phone_6860,acc_6860
phone_6861,acc_6861
phone_6862,acc_6862
phone_6863,acc_6863
phone_6864,acc_6864
phone_6865,acc_6865
phone_6866,acc_6866
phone_6867,acc_6867
phone_6868,acc_6868
phone_6869,acc_6869
phone_6870,acc_6870
phone_6871,acc_6871
phone_6872,acc_6872
phone_6873,acc_6873
phone_6874,acc_6874
phone_6875,acc_6875
phone_6876,acc_6876
phone_6877,acc_6877
phone_6878,acc_6878
phone_6879,acc_6879
phone_6880,acc_6880
phone_6881,acc_6881
phone_6882,acc_6882
phone_6883,acc_6883
phone_6884,acc_6884
phone_6885,acc_6885
phone_6886,acc_6886
phone_6887,acc_6887
phone_6888,acc_6888
phone_6889,acc_6889
phone_6890,acc_6890
phone_6891,acc_6891
phone_6892,acc_6892
phone_6893,acc_6893
phone_6894,acc_6894
phone_6895,acc_6895
phone_6896,acc_6896
phone_6897,acc_6897
phone_6898,acc_6898
phone_6899,acc_6899
phone_6900,acc_6900
phone_6901,acc_6901
phone_6902,acc_6902
phone_6903,acc_6903
phone_6904,acc_6904
phone_6905,acc_6905
phone_6906,acc_6906
phone_6907,acc_6907
phone_6908,acc_6908
phone_6909,acc_6909
phone_6910,acc_6910
phone_6911,acc_6911
phone_6912,acc_6912
phone_6913,acc_6913
phone_6914,acc_6914
phone_6915,acc_6915
phone_6916,acc_6916
phone_6917,acc_6917
phone_6918,acc_6918
phone_6919,acc_6919
phone_6920,acc_6920
phone_6921,acc_6921
phone_6922,acc_6922
phone_6923,acc_6923
phone_6924,acc_6924
phone_6925,acc_6925
phone_6926,acc_6926
phone_6927,acc_6927
phone_6928,acc_6928
phone_6929,acc_6929
phone_6930,acc_6930
phone_6931,acc_6931
phone_6932,acc_6932
phone_6933,acc_6933
phone_6934,acc_6934
phone_6935,acc_6935
phone_6936,acc_6936
phone_6937,acc_6937
phone_6938,acc_6938
phone_6939,acc_6939
phone_6940,acc_6940
phone_6941,acc_6941
phone_6942,acc_6942
phone_6943,acc_6943
phone_6944,acc_6944
phone_6945,acc_6945
phone_6946,acc_6946
phone_6947,acc_6947
phone_6948,acc_6948
phone_6949,acc_6949
phone_6950,acc_6950
phone_6951,acc_6951
phone_6952,acc_6952
phone_6953,acc_6953
phone_6954,acc_6954
phone_6955,acc_6955
phone_6956,acc_6956
phone_6957,acc_6957
phone_6958,acc_6958
phone_6959,acc_6959
phone_6960,acc_6960
phone_6961,acc_6961
phone_6962,acc_6962
phone_6963,acc_6963
phone_6964,acc_6964
phone_6965,acc_6965
phone_6966,acc_6966
phone_6967,acc_6967
phone_6968,acc_6968
phone_6969,acc_6969
phone_6970,acc_6970
phone_6971,acc_6971
phone_6972,acc_6972
phone_6973,acc_6973
phone_6974,acc_6974
phone_6975,acc_6975
phone_6976,acc_6976
phone_6977,acc_6977
phone_6978,acc_6978
phone_6979,acc_6979
phone_6980,acc_6980
phone_6981,acc_6981
phone_6982,acc_6982
phone_6983,acc_6983
phone_6984,acc_6984
phone_6985,acc_6985
phone_6986,acc_6986
phone_6987,acc_6987
phone_6988,acc_6988
phone_6989,acc_6989
phone_6990,acc_6990
phone_6991,acc_6991
phone_6992,acc_6992
phone_6993,acc_6993
phone_6994,acc_6994
phone_6995,acc_6995
phone_6996,acc_6996
phone_6997,acc_6997
phone_6998,acc_6998
phone_6999,acc_6999
phone_7000,acc_7000
phone_7001,acc_7001
phone_7002,acc_7002
phone_7003,acc_7003
phone_7004,acc_7004
phone_7005,acc_7005
phone_7006,acc_7006
phone_7007,acc_7007
phone_7008,acc_7008
phone_7009,acc_7009
phone_7010,acc_7010
phone_7011,acc_7011
phone_7012,acc_7012
phone_7013,acc_7013
phone_7014,acc_7014
phone_7015,acc_7015
phone_7016,acc_7016
phone_7017,acc_7017
phone_7018,acc_7018
phone_7019,acc_7019
phone_7020,acc_7020
phone_7021,acc_7021
phone_7022,acc_7022
phone_7023,acc_7023
phone_7024,acc_7024
phone_7025,acc_7025
phone_7026,acc_7026
phone_7027,acc_7027
phone_7028,acc_7028
phone_7029,acc_7029
phone_7030,acc_7030
phone_7031,acc_7031
phone_7032,acc_7032
phone_7033,acc_7033
phone_7034,acc_7034
phone_7035,acc_7035
phone_7036,acc_7036
phone_7037,acc_7037
phone_7038,acc_7038
phone_7039,acc_7039
phone_7040,acc_7040
phone_7041,acc_7041
phone_7042,acc_7042
phone_7043,acc_7043
phone_7044,acc_7044
phone_7045,acc_7045
phone_7046,acc_7046
phone_7047,acc_7047
phone_7048,acc_7048
phone_7049,acc_7049
phone_7050,acc_7050
phone_7051,acc_7051
phone_7052,acc_7052
phone_7053,acc_7053
phone_7054,acc_7054
phone_7055,acc_7055
phone_7056,acc_7056
phone_7057,acc_7057
phone_7058,acc_7058
phone_7059,acc_7059
phone_7060,acc_7060
phone_7061,acc_7061
phone_7062,acc_7062
phone_7063,acc_7063
phone_7064,acc_7064
phone_7065,acc_7065
phone_7066,acc_7066
phone_7067,acc_7067
phone_7068,acc_7068
phone_7069,acc_7069
phone_7070,acc_7070
phone_7071,acc_7071
phone_7072,acc_7072
phone_7073,acc_7073
phone_7074,acc_7074
phone_7075,acc_7075
phone_7076,acc_7076
phone_7077,acc_7077
phone_7078,acc_7078
phone_7079,acc_7079
phone_7080,acc_7080
phone_7081,acc_7081
phone_7082,acc_7082
phone_7083,acc_7083
phone_7084,acc_7084
phone_7085,acc_7085
phone_7086,acc_7086
phone_7087,acc_7087
phone_7088,acc_7088
phone_7089,acc_7089
phone_7090,acc_7090
phone_7091,acc_7091
phone_7092,acc_7092
phone_7093,acc_7093
phone_7094,acc_7094
phone_7095,acc_7095
phone_7096,acc_7096
phone_7097,acc_7097
phone_7098,acc_7098
phone_7099,acc_7099
phone_7100,acc_7100
phone_7101,acc_7101
phone_7102,acc_7102
phone_7103,acc_7103
phone_7104,acc_7104
phone_7105,acc_7105
phone_7106,acc_7106
phone_7107,acc_7107
phone_7108,acc_7108
phone_7109,acc_7109
phone_7110,acc_7110
phone_7111,acc_7111
phone_7112,acc_7112
phone_7113,acc_7113
phone_7114,acc_7114
phone_7115,acc_7115
phone_7116,acc_7116
phone_7117,acc_7117
phone_7118,acc_7118
phone_7119,acc_7119
phone_7120,acc_7120
phone_7121,acc_7121
phone_7122,acc_7122
phone_7123,acc_7123
phone_7124,acc_7124
phone_7125,acc_7125
phone_7126,acc_7126
phone_7127,acc_7127
phone_7128,acc_7128
phone_7129,acc_7129
phone_7130,acc_7130
phone_7131,acc_7131
phone_7132,acc_7132
phone_7133,acc_7133
phone_7134,acc_7134
phone_7135,acc_7135
phone_7136,acc_7136
phone_7137,acc_7137
phone_7138,acc_7138
phone_7139,acc_7139
phone_7140,acc_7140
phone_7141,acc_7141
phone_7142,acc_7142
phone_7143,acc_7143
phone_7144,acc_7144
phone_7145,acc_7145
phone_7146,acc_7146
phone_7147,acc_7147
phone_7148,acc_7148
phone_7149,acc_7149
phone_7150,acc_7150
phone_7151,acc_7151
phone_7152,acc_7152
phone_7153,acc_7153
phone_7154,acc_7154
phone_7155,acc_7155
phone_7156,acc_7156
phone_7157,acc_7157
phone_7158,acc_7158
phone_7159,acc_7159
phone_7160,acc_7160
phone_7161,acc_7161
phone_7162,acc_7162
phone_7163,acc_7163
phone_7164,acc_7164
phone_7165,acc_7165
phone_7166,acc_7166
phone_7167,acc_7167
phone_7168,acc_7168
phone_7169,acc_7169
phone_7170,acc_7170
phone_7171,acc_7171
phone_7172,acc_7172
phone_7173,acc_7173
phone_7174,acc_7174
phone_7175,acc_7175
phone_7176,acc_7176
phone_7177,acc_7177
phone_7178,acc_7178
phone_7179,acc_7179
phone_7180,acc_7180
phone_7181,acc_7181
phone_7182,acc_7182
phone_7183,acc_7183
phone_7184,acc_7184
phone_7185,acc_7185
phone_7186,acc_7186
phone_7187,acc_7187
phone_7188,acc_7188
phone_7189,acc_7189
phone_7190,acc_7190
phone_7191,acc_7191
phone_7192,acc_7192
phone_7193,acc_7193
phone_7194,acc_7194
phone_7195,acc_7195
phone_7196,acc_7196
phone_7197,acc_7197
phone_7198,acc_7198
phone_7199,acc_7199
phone_7200,acc_7200
phone_7201,acc_7201
phone_7202,acc_7202
phone_7203,acc_7203
phone_7204,acc_7204
phone_7205,acc_7205
phone_7206,acc_7206
phone_7207,acc_7207
phone_7208,acc_7208
phone_7209,acc_7209
phone_7210,acc_7210
phone_7211,acc_7211
phone_7212,acc_7212
phone_7213,acc_7213
phone_7214,acc_7214
phone_7215,acc_7215
phone_7216,acc_7216
phone_7217,acc_7217
phone_7218,acc_7218
phone_7219,acc_7219
phone_7220,acc_7220
phone_7221,acc_7221
phone_7222,acc_7222
phone_7223,acc_7223
phone_7224,acc_7224
phone_7225,acc_7225
phone_7226,acc_7226
phone_7227,acc_7227
phone_7228,acc_7228
phone_7229,acc_7229
phone_7230,acc_7230
phone_7231,acc_7231
phone_7232,acc_7232
phone_7233,acc_7233
phone_7234,acc_7234
phone_7235,acc_7235
phone_7236,acc_7236
phone_7237,acc_7237
phone_7238,acc_7238
phone_7239,acc_7239
phone_7240,acc_7240
phone_7241,acc_7241
phone_7242,acc_7242
phone_7243,acc_7243
phone_7244,acc_7244
phone_7245,acc_7245
phone_7246,acc_7246
phone_7247,acc_7247
phone_7248,acc_7248
phone_7249,acc_7249
phone_7250,acc_7250
phone_7251,acc_7251
phone_7252,acc_7252
phone_7253,acc_7253
phone_7254,acc_7254
phone_7255,acc_7255
phone_7256,acc_7256
phone_7257,acc_7257
phone_7258,acc_7258
phone_7259,acc_7259
phone_7260,acc_7260
phone_7261,acc_7261
phone_7262,acc_7262
phone_7263,acc_7263
phone_7264,acc_7264
phone_7265,acc_7265
phone_7266,acc_7266
phone_7267,acc_7267
phone_7268,acc_7268
phone_7269,acc_7269
phone_7270,acc_7270
phone_7271,acc_7271
phone_7272,acc_7272
phone_7273,acc_7273
phone_7274,acc_7274
phone_7275,acc_7275
phone_7276,acc_7276
phone_7277,acc_7277
phone_7278,acc_7278
phone_7279,acc_7279
phone_7280,acc_7280
phone_7281,acc_7281
phone_7282,acc_7282
phone_7283,acc_7283
phone_7284,acc_7284
phone_7285,acc_7285
phone_7286,acc_7286
phone_7287,acc_7287
phone_7288,acc_7288
phone_7289,acc_7289
phone_7290,acc_7290
phone_7291,acc_7291
phone_7292,acc_7292
phone_7293,acc_7293
phone_7294,acc_7294
phone_7295,acc_7295
phone_7296,acc_7296
phone_7297,acc_7297
phone_7298,acc_7298
phone_7299,acc_7299
phone_7300,acc_7300
phone_7301,acc_7301
phone_7302,acc_7302
phone_7303,acc_7303
phone_7304,acc_7304
phone_7305,acc_7305
phone_7306,acc_7306
phone_7307,acc_7307
phone_7308,acc_7308
phone_7309,acc_7309
phone_7310,acc_7310
phone_7311,acc_7311
phone_7312,acc_7312
phone_7313,acc_7313
phone_7314,acc_7314
phone_7315,acc_7315
phone_7316,acc_7316
phone_7317,acc_7317
phone_7318,acc_7318
phone_7319,acc_7319
phone_7320,acc_7320
phone_7321,acc_7321
phone_7322,acc_7322
phone_7323,acc_7323
phone_7324,acc_7324
phone_7325,acc_7325
phone_7326,acc_7326
phone_7327,acc_7327
phone_7328,acc_7328
phone_7329,acc_7329
phone_7330,acc_7330
phone_7331,acc_7331
phone_7332,acc_7332
phone_7333,acc_7333
phone_7334,acc_7334
phone_7335,acc_7335
phone_7336,acc_7336
phone_7337,acc_7337
phone_7338,acc_7338
phone_7339,acc_7339
phone_7340,acc_7340
phone_7341,acc_7341
phone_7342,acc_7342
phone_7343,acc_7343
phone_7344,acc_7344
phone_7345,acc_7345
phone_7346,acc_7346
phone_7347,acc_7347
phone_7348,acc_7348
phone_7349,acc_7349
phone_7350,acc_7350
phone_7351,acc_7351
phone_7352,acc_7352
phone_7353,acc_7353
phone_7354,acc_7354
phone_7355,acc_7355
phone_7356,acc_7356
phone_7357,acc_7357
phone_7358,acc_7358
phone_7359,acc_7359
phone_7360,acc_7360
phone_7361,acc_7361
phone_7362,acc_7362
phone_7363,acc_7363
phone_7364,acc_7364
phone_7365,acc_7365
phone_7366,acc_7366
phone_7367,acc_7367
phone_7368,acc_7368
phone_7369,acc_7369
phone_7370,acc_7370
phone_7371,acc_7371
phone_7372,acc_7372
phone_7373,acc_7373
phone_7374,acc_7374
phone_7375,acc_7375
phone_7376,acc_7376
phone_7377,acc_7377
phone_7378,acc_7378
phone_7379,acc_7379
phone_7380,acc_7380
phone_7381,acc_7381
phone_7382,acc_7382
phone_7383,acc_7383
phone_7384,acc_7384
phone_7385,acc_7385
phone_7386,acc_7386
phone_7387,acc_7387
phone_7388,acc_7388
phone_7389,acc_7389
phone_7390,acc_7390
phone_7391,acc_7391
phone_7392,acc_7392
phone_7393,acc_7393
phone_7394,acc_7394
phone_7395,acc_7395
phone_7396,acc_7396
phone_7397,acc_7397
phone_7398,acc_7398
phone_7399,acc_7399
phone_7400,acc_7400
phone_7401,acc_7401
phone_7402,acc_7402
phone_7403,acc_7403
phone_7404,acc_7404
phone_7405,acc_7405
phone_7406,acc_7406
phone_7407,acc_7407
phone_7408,acc_7408
phone_7409,acc_7409
phone_7410,acc_7410
phone_7411,acc_7411
phone_7412,acc_7412
phone_7413,acc_7413
phone_7414,acc_7414
phone_7415,acc_7415
phone_7416,acc_7416
phone_7417,acc_7417
phone_7418,acc_7418
phone_7419,acc_7419
phone_7420,acc_7420
phone_7421,acc_7421
phone_7422,acc_7422
phone_7423,acc_7423
phone_7424,acc_7424
phone_7425,acc_7425
phone_7426,acc_7426
phone_7427,acc_7427
phone_7428,acc_7428
phone_7429,acc_7429
phone_7430,acc_7430
phone_7431,acc_7431
phone_7432,acc_7432
phone_7433,acc_7433
phone_7434,acc_7434
phone_7435,acc_7435
phone_7436,acc_7436
phone_7437,acc_7437
phone_7438,acc_7438
phone_7439,acc_7439
phone_7440,acc_7440
phone_7441,acc_7441
phone_7442,acc_7442
phone_7443,acc_7443
phone_7444,acc_7444
phone_7445,acc_7445
phone_7446,acc_7446
phone_7447,acc_7447
phone_7448,acc_7448
phone_7449,acc_7449
phone_7450,acc_7450
phone_7451,acc_7451
phone_7452,acc_7452
phone_7453,acc_7453
phone_7454,acc_7454
phone_7455,acc_7455
phone_7456,acc_7456
phone_7457,acc_7457
phone_7458,acc_7458
phone_7459,acc_7459
phone_7460,acc_7460
phone_7461,acc_7461
phone_7462,acc_7462
phone_7463,acc_7463
phone_7464,acc_7464
phone_7465,acc_7465
phone_7466,acc_7466
phone_7467,acc_7467
phone_7468,acc_7468
phone_7469,acc_7469
phone_7470,acc_7470
phone_7471,acc_7471
phone_7472,acc_7472
phone_7473,acc_7473
phone_7474,acc_7474
phone_7475,acc_7475
phone_7476,acc_7476
phone_7477,acc_7477
phone_7478,acc_7478
phone_7479,acc_7479
phone_7480,acc_7480
phone_7481,acc_7481
phone_7482,acc_7482
phone_7483,acc_7483
phone_7484,acc_7484
phone_7485,acc_7485
phone_7486,acc_7486
phone_7487,acc_7487
phone_7488,acc_7488
phone_7489,acc_7489
phone_7490,acc_7490
phone_7491,acc_7491
phone_7492,acc_7492
phone_7493,acc_7493
phone_7494,acc_7494
phone_7495,acc_7495
phone_7496,acc_7496
phone_7497,acc_7497
phone_7498,acc_7498
phone_7499,acc_7499
phone_7500,acc_7500
phone_7501,acc_7501
phone_7502,acc_7502
phone_7503,acc_7503
phone_7504,acc_7504
phone_7505,acc_7505
phone_7506,acc_7506
phone_7507,acc_7507
phone_7508,acc_7508
phone_7509,acc_7509
phone_7510,acc_7510
phone_7511,acc_7511
phone_7512,acc_7512
phone_7513,acc_7513
phone_7514,acc_7514
phone_7515,acc_7515
phone_7516,acc_7516
phone_7517,acc_7517
phone_7518,acc_7518
phone_7519,acc_7519
phone_7520,acc_7520
phone_7521,acc_7521
phone_7522,acc_7522
phone_7523,acc_7523
phone_7524,acc_7524
phone_7525,acc_7525
phone_7526,acc_7526
phone_7527,acc_7527
phone_7528,acc_7528
phone_7529,acc_7529
phone_7530,acc_7530
phone_7531,acc_7531
phone_7532,acc_7532
phone_7533,acc_7533
phone_7534,acc_7534
phone_7535,acc_7535
phone_7536,acc_7536
phone_7537,acc_7537
phone_7538,acc_7538
phone_7539,acc_7539
phone_7540,acc_7540
phone_7541,acc_7541
phone_7542,acc_7542
phone_7543,acc_7543
phone_7544,acc_7544
phone_7545,acc_7545
phone_7546,acc_7546
phone_7547,acc_7547
phone_7548,acc_7548
phone_7549,acc_7549
phone_7550,acc_7550
phone_7551,acc_7551
phone_7552,acc_7552
phone_7553,acc_7553
phone_7554,acc_7554
phone_7555,acc_7555
phone_7556,acc_7556
phone_7557,acc_7557
phone_7558,acc_7558
phone_7559,acc_7559
phone_7560,acc_7560
phone_7561,acc_7561
phone_7562,acc_7562
phone_7563,acc_7563
phone_7564,acc_7564
phone_7565,acc_7565
phone_7566,acc_7566
phone_7567,acc_7567
phone_7568,acc_7568
phone_7569,acc_7569
phone_7570,acc_7570
phone_7571,acc_7571
phone_7572,acc_7572
phone_7573,acc_7573
phone_7574,acc_7574
phone_7575,acc_7575
phone_7576,acc_7576
phone_7577,acc_7577
phone_7578,acc_7578
phone_7579,acc_7579
phone_7580,acc_7580
phone_7581,acc_7581
phone_7582,acc_7582
phone_7583,acc_7583
phone_7584,acc_7584
phone_7585,acc_7585
phone_7586,acc_7586
phone_7587,acc_7587
phone_7588,acc_7588
phone_7589,acc_7589
phone_7590,acc_7590
phone_7591,acc_7591
phone_7592,acc_7592
phone_7593,acc_7593
phone_7594,acc_7594
phone_7595,acc_7595
phone_7596,acc_7596
phone_7597,acc_7597
phone_7598,acc_7598
phone_7599,acc_7599
phone_7600,acc_7600
phone_7601,acc_7601
phone_7602,acc_7602
phone_7603,acc_7603
phone_7604,acc_7604
phone_7605,acc_7605
phone_7606,acc_7606
phone_7607,acc_7607
phone_7608,acc_7608
phone_7609,acc_7609
phone_7610,acc_7610
phone_7611,acc_7611
phone_7612,acc_7612
phone_7613,acc_7613
phone_7614,acc_7614
phone_7615,acc_7615
phone_7616,acc_7616
phone_7617,acc_7617
phone_7618,acc_7618
phone_7619,acc_7619
phone_7620,acc_7620
phone_7621,acc_7621
phone_7622,acc_7622
phone_7623,acc_7623
phone_7624,acc_7624
phone_7625,acc_7625
phone_7626,acc_7626
phone_7627,acc_7627
phone_7628,acc_7628
phone_7629,acc_7629
phone_7630,acc_7630
phone_7631,acc_7631
phone_7632,acc_7632
phone_7633,acc_7633
phone_7634,acc_7634
phone_7635,acc_7635
phone_7636,acc_7636
phone_7637,acc_7637
phone_7638,acc_7638
phone_7639,acc_7639
phone_7640,acc_7640
phone_7641,acc_7641
phone_7642,acc_7642
phone_7643,acc_7643
phone_7644,acc_7644
phone_7645,acc_7645
phone_7646,acc_7646
phone_7647,acc_7647
phone_7648,acc_7648
phone_7649,acc_7649
phone_7650,acc_7650
phone_7651,acc_7651
phone_7652,acc_7652
phone_7653,acc_7653
phone_7654,acc_7654
phone_7655,acc_7655
phone_7656,acc_7656
phone_7657,acc_7657
phone_7658,acc_7658
phone_7659,acc_7659
phone_7660,acc_7660
phone_7661,acc_7661
phone_7662,acc_7662
phone_7663,acc_7663
phone_7664,acc_7664
phone_7665,acc_7665
phone_7666,acc_7666
phone_7667,acc_7667
phone_7668,acc_7668
phone_7669,acc_7669
phone_7670,acc_7670
phone_7671,acc_7671
phone_7672,acc_7672
phone_7673,acc_7673
phone_7674,acc_7674
phone_7675,acc_7675
phone_7676,acc_7676
phone_7677,acc_7677
phone_7678,acc_7678
phone_7679,acc_7679
phone_7680,acc_7680
phone_7681,acc_7681
phone_7682,acc_7682
phone_7683,acc_7683
phone_7684,acc_7684
phone_7685,acc_7685
phone_7686,acc_7686
phone_7687,acc_7687
phone_7688,acc_7688
phone_7689,acc_7689
phone_7690,acc_7690
phone_7691,acc_7691
phone_7692,acc_7692
phone_7693,acc_7693
phone_7694,acc_7694
phone_7695,acc_7695
phone_7696,acc_7696
phone_7697,acc_7697
phone_7698,acc_7698
phone_7699,acc_7699
phone_7700,acc_7700
phone_7701,acc_7701
phone_7702,acc_7702
phone_7703,acc_7703
phone_7704,acc_7704
phone_7705,acc_7705
phone_7706,acc_7706
phone_7707,acc_7707
phone_7708,acc_7708
phone_7709,acc_7709
phone_7710,acc_7710
phone_7711,acc_7711
phone_7712,acc_7712
phone_7713,acc_7713
phone_7714,acc_7714
phone_7715,acc_7715
phone_7716,acc_7716
phone_7717,acc_7717
phone_7718,acc_7718
phone_7719,acc_7719
phone_7720,acc_7720
phone_7721,acc_7721
phone_7722,acc_7722
phone_7723,acc_7723
phone_7724,acc_7724
phone_7725,acc_7725
phone_7726,acc_7726
phone_7727,acc_7727
phone_7728,acc_7728
phone_7729,acc_7729
phone_7730,acc_7730
phone_7731,acc_7731
phone_7732,acc_7732
phone_7733,acc_7733
phone_7734,acc_7734
phone_7735,acc_7735
phone_7736,acc_7736
phone_7737,acc_7737
phone_7738,acc_7738
phone_7739,acc_7739
phone_7740,acc_7740
phone_7741,acc_7741
phone_7742,acc_7742
phone_7743,acc_7743
phone_7744,acc_7744
phone_7745,acc_7745
phone_7746,acc_7746
phone_7747,acc_7747
phone_7748,acc_7748
phone_7749,acc_7749
phone_7750,acc_7750
phone_7751,acc_7751
phone_7752,acc_7752
phone_7753,acc_7753
phone_7754,acc_7754
phone_7755,acc_7755
phone_7756,acc_7756
phone_7757,acc_7757
phone_7758,acc_7758
phone_7759,acc_7759
phone_7760,acc_7760
phone_7761,acc_7761
phone_7762,acc_7762
phone_7763,acc_7763
phone_7764,acc_7764
phone_7765,acc_7765
phone_7766,acc_7766
phone_7767,acc_7767
phone_7768,acc_7768
phone_7769,acc_7769
phone_7770,acc_7770
phone_7771,acc_7771
phone_7772,acc_7772
phone_7773,acc_7773
phone_7774,acc_7774
phone_7775,acc_7775
phone_7776,acc_7776
phone_7777,acc_7777
phone_7778,acc_7778
phone_7779,acc_7779
phone_7780,acc_7780
phone_7781,acc_7781
phone_7782,acc_7782
phone_7783,acc_7783
phone_7784,acc_7784
phone_7785,acc_7785
phone_7786,acc_7786
phone_7787,acc_7787
phone_7788,acc_7788
phone_7789,acc_7789
phone_7790,acc_7790
phone_7791,acc_7791
phone_7792,acc_7792
phone_7793,acc_7793
phone_7794,acc_7794
phone_7795,acc_7795
phone_7796,acc_7796
phone_7797,acc_7797
phone_7798,acc_7798
phone_7799,acc_7799
phone_7800,acc_7800
phone_7801,acc_7801
phone_7802,acc_7802
phone_7803,acc_7803
phone_7804,acc_7804
phone_7805,acc_7805
phone_7806,acc_7806
phone_7807,acc_7807
phone_7808,acc_7808
phone_7809,acc_7809
phone_7810,acc_7810
phone_7811,acc_7811
phone_7812,acc_7812
phone_7813,acc_7813
phone_7814,acc_7814
phone_7815,acc_7815
phone_7816,acc_7816
phone_7817,acc_7817
phone_7818,acc_7818
phone_7819,acc_7819
phone_7820,acc_7820
phone_7821,acc_7821
phone_7822,acc_7822
phone_7823,acc_7823
phone_7824,acc_7824
phone_7825,acc_7825
phone_7826,acc_7826
phone_7827,acc_7827
phone_7828,acc_7828
phone_7829,acc_7829
phone_7830,acc_7830
phone_7831,acc_7831
phone_7832,acc_7832
phone_7833,acc_7833
phone_7834,acc_7834
phone_7835,acc_7835
phone_7836,acc_7836
phone_7837,acc_7837
phone_7838,acc_7838
phone_7839,acc_7839
phone_7840,acc_7840
phone_7841,acc_7841
phone_7842,acc_7842
phone_7843,acc_7843
phone_7844,acc_7844
phone_7845,acc_7845
phone_7846,acc_7846
phone_7847,acc_7847
phone_7848,acc_7848
phone_7849,acc_7849
phone_7850,acc_7850
phone_7851,acc_7851
phone_7852,acc_7852
phone_7853,acc_7853
phone_7854,acc_7854
phone_7855,acc_7855
phone_7856,acc_7856
phone_7857,acc_7857
phone_7858,acc_7858
phone_7859,acc_7859
phone_7860,acc_7860
phone_7861,acc_7861
phone_7862,acc_7862
phone_7863,acc_7863
phone_7864,acc_7864
phone_7865,acc_7865
phone_7866,acc_7866
phone_7867,acc_7867
phone_7868,acc_7868
phone_7869,acc_7869
phone_7870,acc_7870
phone_7871,acc_7871
phone_7872,acc_7872
phone_7873,acc_7873
phone_7874,acc_7874
phone_7875,acc_7875
phone_7876,acc_7876
phone_7877,acc_7877
phone_7878,acc_7878
phone_7879,acc_7879
phone_7880,acc_7880
phone_7881,acc_7881
phone_7882,acc_7882
phone_7883,acc_7883
phone_7884,acc_7884
phone_7885,acc_7885
phone_7886,acc_7886
phone_7887,acc_7887
phone_7888,acc_7888
phone_7889,acc_7889
phone_7890,acc_7890
phone_7891,acc_7891
phone_7892,acc_7892
phone_7893,acc_7893
phone_7894,acc_7894
phone_7895,acc_7895
phone_7896,acc_7896
phone_7897,acc_7897
phone_7898,acc_7898
phone_7899,acc_7899
phone_7900,acc_7900
phone_7901,acc_7901
phone_7902,acc_7902
phone_7903,acc_7903
phone_7904,acc_7904
phone_7905,acc_7905
phone_7906,acc_7906
phone_7907,acc_7907
phone_7908,acc_7908
phone_7909,acc_7909
phone_7910,acc_7910
phone_7911,acc_7911
phone_7912,acc_7912
phone_7913,acc_7913
phone_7914,acc_7914
phone_7915,acc_7915
phone_7916,acc_7916
phone_7917,acc_7917
phone_7918,acc_7918
phone_7919,acc_7919
phone_7920,acc_7920
phone_7921,acc_7921
phone_7922,acc_7922
phone_7923,acc_7923
phone_7924,acc_7924
phone_7925,acc_7925
phone_7926,acc_7926
phone_7927,acc_7927
phone_7928,acc_7928
phone_7929,acc_7929
phone_7930,acc_7930
phone_7931,acc_7931
phone_7932,acc_7932
phone_7933,acc_7933
phone_7934,acc_7934
phone_7935,acc_7935
phone_7936,acc_7936
phone_7937,acc_7937
phone_7938,acc_7938
phone_7939,acc_7939
phone_7940,acc_7940
phone_7941,acc_7941
phone_7942,acc_7942
phone_7943,acc_7943
phone_7944,acc_7944
phone_7945,acc_7945
phone_7946,acc_7946
phone_7947,acc_7947
phone_7948,acc_7948
phone_7949,acc_7949
phone_7950,acc_7950
phone_7951,acc_7951
phone_7952,acc_7952
phone_7953,acc_7953
phone_7954,acc_7954
phone_7955,acc_7955
phone_7956,acc_7956
phone_7957,acc_7957
phone_7958,acc_7958
phone_7959,acc_7959
phone_7960,acc_7960
phone_7961,acc_7961
phone_7962,acc_7962
phone_7963,acc_7963
phone_7964,acc_7964
phone_7965,acc_7965
phone_7966,acc_7966
phone_7967,acc_7967
phone_7968,acc_7968
phone_7969,acc_7969
phone_7970,acc_7970
phone_7971,acc_7971
phone_7972,acc_7972
phone_7973,acc_7973
phone_7974,acc_7974
phone_7975,acc_7975
phone_7976,acc_7976
phone_7977,acc_7977
phone_7978,acc_7978
phone_7979,acc_7979
phone_7980,acc_7980
phone_7981,acc_7981
phone_7982,acc_7982
phone_7983,acc_7983
phone_7984,acc_7984
phone_7985,acc_7985
phone_7986,acc_7986
phone_7987,acc_7987
phone_7988,acc_7988
phone_7989,acc_7989
phone_7990,acc_7990
phone_7991,acc_7991
phone_7992,acc_7992
phone_7993,acc_7993
phone_7994,acc_7994
phone_7995,acc_7995
phone_7996,acc_7996
phone_7997,acc_7997
phone_7998,acc_7998
phone_7999,acc_7999
phone_8000,acc_8000
phone_8001,acc_8001
phone_8002,acc_8002
phone_8003,acc_8003
phone_8004,acc_8004
phone_8005,acc_8005
phone_8006,acc_8006
phone_8007,acc_8007
phone_8008,acc_8008
phone_8009,acc_8009
phone_8010,acc_8010
phone_8011,acc_8011
phone_8012,acc_8012
phone_8013,acc_8013
phone_8014,acc_8014
phone_8015,acc_8015
phone_8016,acc_8016
phone_8017,acc_8017
phone_8018,acc_8018
phone_8019,acc_8019
phone_8020,acc_8020
phone_8021,acc_8021
phone_8022,acc_8022
phone_8023,acc_8023
phone_8024,acc_8024
phone_8025,acc_8025
phone_8026,acc_8026
phone_8027,acc_8027
phone_8028,acc_8028
phone_8029,acc_8029
phone_8030,acc_8030
phone_8031,acc_8031
phone_8032,acc_8032
phone_8033,acc_8033
phone_8034,acc_8034
phone_8035,acc_8035
phone_8036,acc_8036
phone_8037,acc_8037
phone_8038,acc_8038
phone_8039,acc_8039
phone_8040,acc_8040
phone_8041,acc_8041
phone_8042,acc_8042
phone_8043,acc_8043
phone_8044,acc_8044
phone_8045,acc_8045
phone_8046,acc_8046
phone_8047,acc_8047
phone_8048,acc_8048
phone_8049,acc_8049
phone_8050,acc_8050
phone_8051,acc_8051
phone_8052,acc_8052
phone_8053,acc_8053
phone_8054,acc_8054
phone_8055,acc_8055
phone_8056,acc_8056
phone_8057,acc_8057
phone_8058,acc_8058
phone_8059,acc_8059
phone_8060,acc_8060
phone_8061,acc_8061
phone_8062,acc_8062
phone_8063,acc_8063
phone_8064,acc_8064
phone_8065,acc_8065
phone_8066,acc_8066
phone_8067,acc_8067
phone_8068,acc_8068
phone_8069,acc_8069
phone_8070,acc_8070
phone_8071,acc_8071
phone_8072,acc_8072
phone_8073,acc_8073
phone_8074,acc_8074
phone_8075,acc_8075
phone_8076,acc_8076
phone_8077,acc_8077
phone_8078,acc_8078
phone_8079,acc_8079
phone_8080,acc_8080
phone_8081,acc_8081
phone_8082,acc_8082
phone_8083,acc_8083
phone_8084,acc_8084
phone_8085,acc_8085
phone_8086,acc_8086
phone_8087,acc_8087
phone_8088,acc_8088
phone_8089,acc_8089
phone_8090,acc_8090
phone_8091,acc_8091
phone_8092,acc_8092
phone_8093,acc_8093
phone_8094,acc_8094
phone_8095,acc_8095
phone_8096,acc_8096
phone_8097,acc_8097
phone_8098,acc_8098
phone_8099,acc_8099
phone_8100,acc_8100
phone_8101,acc_8101
phone_8102,acc_8102
phone_8103,acc_8103
phone_8104,acc_8104
phone_8105,acc_8105
phone_8106,acc_8106
phone_8107,acc_8107
phone_8108,acc_8108
phone_8109,acc_8109
phone_8110,acc_8110
phone_8111,acc_8111
phone_8112,acc_8112
phone_8113,acc_8113
phone_8114,acc_8114
phone_8115,acc_8115
phone_8116,acc_8116
phone_8117,acc_8117
phone_8118,acc_8118
phone_8119,acc_8119
phone_8120,acc_8120
phone_8121,acc_8121
phone_8122,acc_8122
phone_8123,acc_8123
phone_8124,acc_8124
phone_8125,acc_8125
phone_8126,acc_8126
phone_8127,acc_8127
phone_8128,acc_8128
phone_8129,acc_8129
phone_8130,acc_8130
phone_8131,acc_8131
phone_8132,acc_8132
phone_8133,acc_8133
phone_8134,acc_8134
phone_8135,acc_8135
phone_8136,acc_8136
phone_8137,acc_8137
phone_8138,acc_8138
phone_8139,acc_8139
phone_8140,acc_8140
phone_8141,acc_8141
phone_8142,acc_8142
phone_8143,acc_8143
phone_8144,acc_8144
phone_8145,acc_8145
phone_8146,acc_8146
phone_8147,acc_8147
phone_8148,acc_8148
phone_8149,acc_8149
phone_8150,acc_8150
phone_8151,acc_8151
phone_8152,acc_8152
phone_8153,acc_8153
phone_8154,acc_8154
phone_8155,acc_8155
phone_8156,acc_8156
phone_8157,acc_8157
phone_8158,acc_8158
phone_8159,acc_8159
phone_8160,acc_8160
phone_8161,acc_8161
phone_8162,acc_8162
phone_8163,acc_8163
phone_8164,acc_8164
phone_8165,acc_8165
phone_8166,acc_8166
phone_8167,acc_8167
phone_8168,acc_8168
phone_8169,acc_8169
phone_8170,acc_8170
phone_8171,acc_8171
phone_8172,acc_8172
phone_8173,acc_8173
phone_8174,acc_8174
phone_8175,acc_8175
phone_8176,acc_8176
phone_8177,acc_8177
phone_8178,acc_8178
phone_8179,acc_8179
phone_8180,acc_8180
phone_8181,acc_8181
phone_8182,acc_8182
phone_8183,acc_8183
phone_8184,acc_8184
phone_8185,acc_8185
phone_8186,acc_8186
phone_8187,acc_8187
phone_8188,acc_8188
phone_8189,acc_8189
phone_8190,acc_8190
phone_8191,acc_8191
phone_8192,acc_8192
phone_8193,acc_8193
phone_8194,acc_8194
phone_8195,acc_8195
phone_8196,acc_8196
phone_8197,acc_8197
phone_8198,acc_8198
phone_8199,acc_8199
phone_8200,acc_8200
phone_8201,acc_8201
phone_8202,acc_8202
phone_8203,acc_8203
phone_8204,acc_8204
phone_8205,acc_8205
phone_8206,acc_8206
phone_8207,acc_8207
phone_8208,acc_8208
phone_8209,acc_8209
phone_8210,acc_8210
phone_8211,acc_8211
phone_8212,acc_8212
phone_8213,acc_8213
phone_8214,acc_8214
phone_8215,acc_8215
phone_8216,acc_8216
phone_8217,acc_8217
phone_8218,acc_8218
phone_8219,acc_8219
phone_8220,acc_8220
phone_8221,acc_8221
phone_8222,acc_8222
phone_8223,acc_8223
phone_8224,acc_8224
phone_8225,acc_8225
phone_8226,acc_8226
phone_8227,acc_8227
phone_8228,acc_8228
phone_8229,acc_8229
phone_8230,acc_8230
phone_8231,acc_8231
phone_8232,acc_8232
phone_8233,acc_8233
phone_8234,acc_8234
phone_8235,acc_8235
phone_8236,acc_8236
phone_8237,acc_8237
phone_8238,acc_8238
phone_8239,acc_8239
phone_8240,acc_8240
phone_8241,acc_8241
phone_8242,acc_8242
phone_8243,acc_8243
phone_8244,acc_8244
phone_8245,acc_8245
phone_8246,acc_8246
phone_8247,acc_8247
phone_8248,acc_8248
phone_8249,acc_8249
phone_8250,acc_8250
phone_8251,acc_8251
phone_8252,acc_8252
phone_8253,acc_8253
phone_8254,acc_8254
phone_8255,acc_8255
phone_8256,acc_8256
phone_8257,acc_8257
phone_8258,acc_8258
phone_8259,acc_8259
phone_8260,acc_8260
phone_8261,acc_8261
phone_8262,acc_8262
phone_8263,acc_8263
phone_8264,acc_8264
phone_8265,acc_8265
phone_8266,acc_8266
phone_8267,acc_8267
phone_8268,acc_8268
phone_8269,acc_8269
phone_8270,acc_8270
phone_8271,acc_8271
phone_8272,acc_8272
phone_8273,acc_8273
phone_8274,acc_8274
phone_8275,acc_8275
phone_8276,acc_8276
phone_8277,acc_8277
phone_8278,acc_8278
phone_8279,acc_8279
phone_8280,acc_8280
phone_8281,acc_8281
phone_8282,acc_8282
phone_8283,acc_8283
phone_8284,acc_8284
phone_8285,acc_8285
phone_8286,acc_8286
phone_8287,acc_8287
phone_8288,acc_8288
phone_8289,acc_8289
phone_8290,acc_8290
phone_8291,acc_8291
phone_8292,acc_8292
phone_8293,acc_8293
phone_8294,acc_8294
phone_8295,acc_8295
phone_8296,acc_8296
phone_8297,acc_8297
phone_8298,acc_8298
phone_8299,acc_8299
phone_8300,acc_8300
phone_8301,acc_8301
phone_8302,acc_8302
phone_8303,acc_8303
phone_8304,acc_8304
phone_8305,acc_8305
phone_8306,acc_8306
phone_8307,acc_8307
phone_8308,acc_8308
phone_8309,acc_8309
phone_8310,acc_8310
phone_8311,acc_8311
phone_8312,acc_8312
phone_8313,acc_8313
phone_8314,acc_8314
phone_8315,acc_8315
phone_8316,acc_8316
phone_8317,acc_8317
phone_8318,acc_8318
phone_8319,acc_8319
phone_8320,acc_8320
phone_8321,acc_8321
phone_8322,acc_8322
phone_8323,acc_8323
phone_8324,acc_8324
phone_8325,acc_8325
phone_8326,acc_8326
phone_8327,acc_8327
phone_8328,acc_8328
phone_8329,acc_8329
phone_8330,acc_8330
phone_8331,acc_8331
phone_8332,acc_8332
phone_8333,acc_8333
phone_8334,acc_8334
phone_8335,acc_8335
phone_8336,acc_8336
phone_8337,acc_8337
phone_8338,acc_8338
phone_8339,acc_8339
phone_8340,acc_8340
phone_8341,acc_8341
phone_8342,acc_8342
phone_8343,acc_8343
phone_8344,acc_8344
phone_8345,acc_8345
phone_8346,acc_8346
phone_8347,acc_8347
phone_8348,acc_8348
phone_8349,acc_8349
phone_8350,acc_8350
phone_8351,acc_8351
phone_8352,acc_8352
phone_8353,acc_8353
phone_8354,acc_8354
phone_8355,acc_8355
phone_8356,acc_8356
phone_8357,acc_8357
phone_8358,acc_8358
phone_8359,acc_8359
phone_8360,acc_8360
phone_8361,acc_8361
phone_8362,acc_8362
phone_8363,acc_8363
phone_8364,acc_8364
phone_8365,acc_8365
phone_8366,acc_8366
phone_8367,acc_8367
phone_8368,acc_8368
phone_8369,acc_8369
phone_8370,acc_8370
phone_8371,acc_8371
phone_8372,acc_8372
phone_8373,acc_8373
phone_8374,acc_8374
phone_8375,acc_8375
phone_8376,acc_8376
phone_8377,acc_8377
phone_8378,acc_8378
phone_8379,acc_8379
phone_8380,acc_8380
phone_8381,acc_8381
phone_8382,acc_8382
phone_8383,acc_8383
phone_8384,acc_8384
phone_8385,acc_8385
phone_8386,acc_8386
phone_8387,acc_8387
phone_8388,acc_8388
phone_8389,acc_8389
phone_8390,acc_8390
phone_8391,acc_8391
phone_8392,acc_8392
phone_8393,acc_8393
phone_8394,acc_8394
phone_8395,acc_8395
phone_8396,acc_8396
phone_8397,acc_8397
phone_8398,acc_8398
phone_8399,acc_8399
phone_8400,acc_8400
phone_8401,acc_8401
phone_8402,acc_8402
phone_8403,acc_8403
phone_8404,acc_8404
phone_8405,acc_8405
phone_8406,acc_8406
phone_8407,acc_8407
phone_8408,acc_8408
phone_8409,acc_8409
phone_8410,acc_8410
phone_8411,acc_8411
phone_8412,acc_8412
phone_8413,acc_8413
phone_8414,acc_8414
phone_8415,acc_8415
phone_8416,acc_8416
phone_8417,acc_8417
phone_8418,acc_8418
phone_8419,acc_8419
phone_8420,acc_8420
phone_8421,acc_8421
phone_8422,acc_8422
phone_8423,acc_8423
phone_8424,acc_8424
phone_8425,acc_8425
phone_8426,acc_8426
phone_8427,acc_8427
phone_8428,acc_8428
phone_8429,acc_8429
phone_8430,acc_8430
phone_8431,acc_8431
phone_8432,acc_8432
phone_8433,acc_8433
phone_8434,acc_8434
phone_8435,acc_8435
phone_8436,acc_8436
phone_8437,acc_8437
phone_8438,acc_8438
phone_8439,acc_8439
phone_8440,acc_8440
phone_8441,acc_8441
phone_8442,acc_8442
phone_8443,acc_8443
phone_8444,acc_8444
phone_8445,acc_8445
phone_8446,acc_8446
phone_8447,acc_8447
phone_8448,acc_8448
phone_8449,acc_8449
phone_8450,acc_8450
phone_8451,acc_8451
phone_8452,acc_8452
phone_8453,acc_8453
phone_8454,acc_8454
phone_8455,acc_8455
phone_8456,acc_8456
phone_8457,acc_8457
phone_8458,acc_8458
phone_8459,acc_8459
phone_8460,acc_8460
phone_8461,acc_8461
phone_8462,acc_8462
phone_8463,acc_8463
phone_8464,acc_8464
phone_8465,acc_8465
phone_8466,acc_8466
phone_8467,acc_8467
phone_8468,acc_8468
phone_8469,acc_8469
phone_8470,acc_8470
phone_8471,acc_8471
phone_8472,acc_8472
phone_8473,acc_8473
phone_8474,acc_8474
phone_8475,acc_8475
phone_8476,acc_8476
phone_8477,acc_8477
phone_8478,acc_8478
phone_8479,acc_8479
phone_8480,acc_8480
phone_8481,acc_8481
phone_8482,acc_8482
phone_8483,acc_8483
phone_8484,acc_8484
phone_8485,acc_8485
phone_8486,acc_8486
phone_8487,acc_8487
phone_8488,acc_8488
phone_8489,acc_8489
phone_8490,acc_8490
phone_8491,acc_8491
phone_8492,acc_8492
phone_8493,acc_8493
phone_8494,acc_8494
phone_8495,acc_8495
phone_8496,acc_8496
phone_8497,acc_8497
phone_8498,acc_8498
phone_8499,acc_8499
phone_8500,acc_8500
phone_8501,acc_8501
phone_8502,acc_8502
phone_8503,acc_8503
phone_8504,acc_8504
phone_8505,acc_8505
phone_8506,acc_8506
phone_8507,acc_8507
phone_8508,acc_8508
phone_8509,acc_8509
phone_8510,acc_8510
phone_8511,acc_8511
phone_8512,acc_8512
phone_8513,acc_8513
phone_8514,acc_8514
phone_8515,acc_8515
phone_8516,acc_8516
phone_8517,acc_8517
phone_8518,acc_8518
phone_8519,acc_8519
phone_8520,acc_8520
phone_8521,acc_8521
phone_8522,acc_8522
phone_8523,acc_8523
phone_8524,acc_8524
phone_8525,acc_8525
phone_8526,acc_8526
phone_8527,acc_8527
phone_8528,acc_8528
phone_8529,acc_8529
phone_8530,acc_8530
phone_8531,acc_8531
phone_8532,acc_8532
phone_8533,acc_8533
phone_8534,acc_8534
phone_8535,acc_8535
phone_8536,acc_8536
phone_8537,acc_8537
phone_8538,acc_8538
phone_8539,acc_8539
phone_8540,acc_8540
phone_8541,acc_8541
phone_8542,acc_8542
phone_8543,acc_8543
phone_8544,acc_8544
phone_8545,acc_8545
phone_8546,acc_8546
phone_8547,acc_8547
phone_8548,acc_8548
phone_8549,acc_8549
phone_8550,acc_8550
phone_8551,acc_8551
phone_8552,acc_8552
phone_8553,acc_8553
phone_8554,acc_8554
phone_8555,acc_8555
phone_8556,acc_8556
phone_8557,acc_8557
phone_8558,acc_8558
phone_8559,acc_8559
phone_8560,acc_8560
phone_8561,acc_8561
phone_8562,acc_8562
phone_8563,acc_8563
phone_8564,acc_8564
phone_8565,acc_8565
phone_8566,acc_8566
phone_8567,acc_8567
phone_8568,acc_8568
phone_8569,acc_8569
phone_8570,acc_8570
phone_8571,acc_8571
phone_8572,acc_8572
phone_8573,acc_8573
phone_8574,acc_8574
phone_8575,acc_8575
phone_8576,acc_8576
phone_8577,acc_8577
phone_8578,acc_8578
phone_8579,acc_8579
phone_8580,acc_8580
phone_8581,acc_8581
phone_8582,acc_8582
phone_8583,acc_8583
phone_8584,acc_8584
phone_8585,acc_8585
phone_8586,acc_8586
phone_8587,acc_8587
phone_8588,acc_8588
phone_8589,acc_8589
phone_8590,acc_8590
phone_8591,acc_8591
phone_8592,acc_8592
phone_8593,acc_8593
phone_8594,acc_8594
phone_8595,acc_8595
phone_8596,acc_8596
phone_8597,acc_8597
phone_8598,acc_8598
phone_8599,acc_8599
phone_8600,acc_8600
phone_8601,acc_8601
phone_8602,acc_8602
phone_8603,acc_8603
phone_8604,acc_8604
phone_8605,acc_8605
phone_8606,acc_8606
phone_8607,acc_8607
phone_8608,acc_8608
phone_8609,acc_8609
phone_8610,acc_8610
phone_8611,acc_8611
phone_8612,acc_8612
phone_8613,acc_8613
phone_8614,acc_8614
phone_8615,acc_8615
phone_8616,acc_8616
phone_8617,acc_8617
phone_8618,acc_8618
phone_8619,acc_8619
phone_8620,acc_8620
phone_8621,acc_8621
phone_8622,acc_8622
phone_8623,acc_8623
phone_8624,acc_8624
phone_8625,acc_8625
phone_8626,acc_8626
phone_8627,acc_8627
phone_8628,acc_8628
phone_8629,acc_8629
phone_8630,acc_8630
phone_8631,acc_8631
phone_8632,acc_8632
phone_8633,acc_8633
phone_8634,acc_8634
phone_8635,acc_8635
phone_8636,acc_8636
phone_8637,acc_8637
phone_8638,acc_8638
phone_8639,acc_8639
phone_8640,acc_8640
phone_8641,acc_8641
phone_8642,acc_8642
phone_8643,acc_8643
phone_8644,acc_8644
phone_8645,acc_8645
phone_8646,acc_8646
phone_8647,acc_8647
phone_8648,acc_8648
phone_8649,acc_8649
phone_8650,acc_8650
phone_8651,acc_8651
phone_8652,acc_8652
phone_8653,acc_8653
phone_8654,acc_8654
phone_8655,acc_8655
phone_8656,acc_8656
phone_8657,acc_8657
phone_8658,acc_8658
phone_8659,acc_8659
phone_8660,acc_8660
phone_8661,acc_8661
phone_8662,acc_8662
phone_8663,acc_8663
phone_8664,acc_8664
phone_8665,acc_8665
phone_8666,acc_8666
phone_8667,acc_8667
phone_8668,acc_8668
phone_8669,acc_8669
phone_8670,acc_8670
phone_8671,acc_8671
phone_8672,acc_8672
phone_8673,acc_8673
phone_8674,acc_8674
phone_8675,acc_8675
phone_8676,acc_8676
phone_8677,acc_8677
phone_8678,acc_8678
phone_8679,acc_8679
phone_8680,acc_8680
phone_8681,acc_8681
phone_8682,acc_8682
phone_8683,acc_8683
phone_8684,acc_8684
phone_8685,acc_8685
phone_8686,acc_8686
phone_8687,acc_8687
phone_8688,acc_8688
phone_8689,acc_8689
phone_8690,acc_8690
phone_8691,acc_8691
phone_8692,acc_8692
phone_8693,acc_8693
phone_8694,acc_8694
phone_8695,acc_8695
phone_8696,acc_8696
phone_8697,acc_8697
phone_8698,acc_8698
phone_8699,acc_8699
phone_8700,acc_8700
phone_8701,acc_8701
phone_8702,acc_8702
phone_8703,acc_8703
phone_8704,acc_8704
phone_8705,acc_8705
phone_8706,acc_8706
phone_8707,acc_8707
phone_8708,acc_8708
phone_8709,acc_8709
phone_8710,acc_8710
phone_8711,acc_8711
phone_8712,acc_8712
phone_8713,acc_8713
phone_8714,acc_8714
phone_8715,acc_8715
phone_8716,acc_8716
phone_8717,acc_8717
phone_8718,acc_8718
phone_8719,acc_8719
phone_8720,acc_8720
phone_8721,acc_8721
phone_8722,acc_8722
phone_8723,acc_8723
phone_8724,acc_8724
phone_8725,acc_8725
phone_8726,acc_8726
phone_8727,acc_8727
phone_8728,acc_8728
phone_8729,acc_8729
phone_8730,acc_8730
phone_8731,acc_8731
phone_8732,acc_8732
phone_8733,acc_8733
phone_8734,acc_8734
phone_8735,acc_8735
phone_8736,acc_8736
phone_8737,acc_8737
phone_8738,acc_8738
phone_8739,acc_8739
phone_8740,acc_8740
phone_8741,acc_8741
phone_8742,acc_8742
phone_8743,acc_8743
phone_8744,acc_8744
phone_8745,acc_8745
phone_8746,acc_8746
phone_8747,acc_8747
phone_8748,acc_8748
phone_8749,acc_8749
phone_8750,acc_8750
phone_8751,acc_8751
phone_8752,acc_8752
phone_8753,acc_8753
phone_8754,acc_8754
phone_8755,acc_8755
phone_8756,acc_8756
phone_8757,acc_8757
phone_8758,acc_8758
phone_8759,acc_8759
phone_8760,acc_8760
phone_8761,acc_8761
phone_8762,acc_8762
phone_8763,acc_8763
phone_8764,acc_8764
phone_8765,acc_8765
phone_8766,acc_8766
phone_8767,acc_8767
phone_8768,acc_8768
phone_8769,acc_8769
phone_8770,acc_8770
phone_8771,acc_8771
phone_8772,acc_8772
phone_8773,acc_8773
phone_8774,acc_8774
phone_8775,acc_8775
phone_8776,acc_8776
phone_8777,acc_8777
phone_8778,acc_8778
phone_8779,acc_8779
phone_8780,acc_8780
phone_8781,acc_8781
phone_8782,acc_8782
phone_8783,acc_8783
phone_8784,acc_8784
phone_8785,acc_8785
phone_8786,acc_8786
phone_8787,acc_8787
phone_8788,acc_8788
phone_8789,acc_8789
phone_8790,acc_8790
phone_8791,acc_8791
phone_8792,acc_8792
phone_8793,acc_8793
phone_8794,acc_8794
phone_8795,acc_8795
phone_8796,acc_8796
phone_8797,acc_8797
phone_8798,acc_8798
phone_8799,acc_8799
phone_8800,acc_8800
phone_8801,acc_8801
phone_8802,acc_8802
phone_8803,acc_8803
phone_8804,acc_8804
phone_8805,acc_8805
phone_8806,acc_8806
phone_8807,acc_8807
phone_8808,acc_8808
phone_8809,acc_8809
phone_8810,acc_8810
phone_8811,acc_8811
phone_8812,acc_8812
phone_8813,acc_8813
phone_8814,acc_8814
phone_8815,acc_8815
phone_8816,acc_8816
phone_8817,acc_8817
phone_8818,acc_8818
phone_8819,acc_8819
phone_8820,acc_8820
phone_8821,acc_8821
phone_8822,acc_8822
phone_8823,acc_8823
phone_8824,acc_8824
phone_8825,acc_8825
phone_8826,acc_8826
phone_8827,acc_8827
phone_8828,acc_8828
phone_8829,acc_8829
phone_8830,acc_8830
phone_8831,acc_8831
phone_8832,acc_8832
phone_8833,acc_8833
phone_8834,acc_8834
phone_8835,acc_8835
phone_8836,acc_8836
phone_8837,acc_8837
phone_8838,acc_8838
phone_8839,acc_8839
phone_8840,acc_8840
phone_8841,acc_8841
phone_8842,acc_8842
phone_8843,acc_8843
phone_8844,acc_8844
phone_8845,acc_8845
phone_8846,acc_8846
phone_8847,acc_8847
phone_8848,acc_8848
phone_8849,acc_8849
phone_8850,acc_8850
phone_8851,acc_8851
phone_8852,acc_8852
phone_8853,acc_8853
phone_8854,acc_8854
phone_8855,acc_8855
phone_8856,acc_8856
phone_8857,acc_8857
phone_8858,acc_8858
phone_8859,acc_8859
phone_8860,acc_8860
phone_8861,acc_8861
phone_8862,acc_8862
phone_8863,acc_8863
phone_8864,acc_8864
phone_8865,acc_8865
phone_8866,acc_8866
phone_8867,acc_8867
phone_8868,acc_8868
phone_8869,acc_8869
phone_8870,acc_8870
phone_8871,acc_8871
phone_8872,acc_8872
phone_8873,acc_8873
phone_8874,acc_8874
phone_8875,acc_8875
phone_8876,acc_8876
phone_8877,acc_8877
phone_8878,acc_8878
phone_8879,acc_8879
phone_8880,acc_8880
phone_8881,acc_8881
phone_8882,acc_8882
phone_8883,acc_8883
phone_8884,acc_8884
phone_8885,acc_8885
phone_8886,acc_8886
phone_8887,acc_8887
phone_8888,acc_8888
phone_8889,acc_8889
phone_8890,acc_8890
phone_8891,acc_8891
phone_8892,acc_8892
phone_8893,acc_8893
phone_8894,acc_8894
phone_8895,acc_8895
phone_8896,acc_8896
phone_8897,acc_8897
phone_8898,acc_8898
phone_8899,acc_8899
phone_8900,acc_8900
phone_8901,acc_8901
phone_8902,acc_8902
phone_8903,acc_8903
phone_8904,acc_8904
phone_8905,acc_8905
phone_8906,acc_8906
phone_8907,acc_8907
phone_8908,acc_8908
phone_8909,acc_8909
phone_8910,acc_8910
phone_8911,acc_8911
phone_8912,acc_8912
phone_8913,acc_8913
phone_8914,acc_8914
phone_8915,acc_8915
phone_8916,acc_8916
phone_8917,acc_8917
phone_8918,acc_8918
phone_8919,acc_8919
phone_8920,acc_8920
phone_8921,acc_8921
phone_8922,acc_8922
phone_8923,acc_8923
phone_8924,acc_8924
phone_8925,acc_8925
phone_8926,acc_8926
phone_8927,acc_8927
phone_8928,acc_8928
phone_8929,acc_8929
phone_8930,acc_8930
phone_8931,acc_8931
phone_8932,acc_8932
phone_8933,acc_8933
phone_8934,acc_8934
phone_8935,acc_8935
phone_8936,acc_8936
phone_8937,acc_8937
phone_8938,acc_8938
phone_8939,acc_8939
phone_8940,acc_8940
phone_8941,acc_8941
phone_8942,acc_8942
phone_8943,acc_8943
phone_8944,acc_8944
phone_8945,acc_8945
phone_8946,acc_8946
phone_8947,acc_8947
phone_8948,acc_8948
phone_8949,acc_8949
phone_8950,acc_8950
phone_8951,acc_8951
phone_8952,acc_8952
phone_8953,acc_8953
phone_8954,acc_8954
phone_8955,acc_8955
phone_8956,acc_8956
phone_8957,acc_8957
phone_8958,acc_8958
phone_8959,acc_8959
phone_8960,acc_8960
phone_8961,acc_8961
phone_8962,acc_8962
phone_8963,acc_8963
phone_8964,acc_8964
phone_8965,acc_8965
phone_8966,acc_8966
phone_8967,acc_8967
phone_8968,acc_8968
phone_8969,acc_8969
phone_8970,acc_8970
phone_8971,acc_8971
phone_8972,acc_8972
phone_8973,acc_8973
phone_8974,acc_8974
phone_8975,acc_8975
phone_8976,acc_8976
phone_8977,acc_8977
phone_8978,acc_8978
phone_8979,acc_8979
phone_8980,acc_8980
phone_8981,acc_8981
phone_8982,acc_8982
phone_8983,acc_8983
phone_8984,acc_8984
phone_8985,acc_8985
phone_8986,acc_8986
phone_8987,acc_8987
phone_8988,acc_8988
phone_8989,acc_8989
phone_8990,acc_8990
phone_8991,acc_8991
phone_8992,acc_8992
phone_8993,acc_8993
phone_8994,acc_8994
phone_8995,acc_8995
phone_8996,acc_8996
phone_8997,acc_8997
phone_8998,acc_8998
phone_8999,acc_8999
phone_9000,acc_9000
phone_9001,acc_9001
phone_9002,acc_9002
phone_9003,acc_9003
phone_9004,acc_9004
phone_9005,acc_9005
phone_9006,acc_9006
phone_9007,acc_9007
phone_9008,acc_9008
phone_9009,acc_9009
phone_9010,acc_9010
phone_9011,acc_9011
phone_9012,acc_9012
phone_9013,acc_9013
phone_9014,acc_9014
phone_9015,acc_9015
phone_9016,acc_9016
phone_9017,acc_9017
phone_9018,acc_9018
phone_9019,acc_9019
phone_9020,acc_9020
phone_9021,acc_9021
phone_9022,acc_9022
phone_9023,acc_9023
phone_9024,acc_9024
phone_9025,acc_9025
phone_9026,acc_9026
phone_9027,acc_9027
phone_9028,acc_9028
phone_9029,acc_9029
phone_9030,acc_9030
phone_9031,acc_9031
phone_9032,acc_9032
phone_9033,acc_9033
phone_9034,acc_9034
phone_9035,acc_9035
phone_9036,acc_9036
phone_9037,acc_9037
phone_9038,acc_9038
phone_9039,acc_9039
phone_9040,acc_9040
phone_9041,acc_9041
phone_9042,acc_9042
phone_9043,acc_9043
phone_9044,acc_9044
phone_9045,acc_9045
phone_9046,acc_9046
phone_9047,acc_9047
phone_9048,acc_9048
phone_9049,acc_9049
phone_9050,acc_9050
phone_9051,acc_9051
phone_9052,acc_9052
phone_9053,acc_9053
phone_9054,acc_9054
phone_9055,acc_9055
phone_9056,acc_9056
phone_9057,acc_9057
phone_9058,acc_9058
phone_9059,acc_9059
phone_9060,acc_9060
phone_9061,acc_9061
phone_9062,acc_9062
phone_9063,acc_9063
phone_9064,acc_9064
phone_9065,acc_9065
phone_9066,acc_9066
phone_9067,acc_9067
phone_9068,acc_9068
phone_9069,acc_9069
phone_9070,acc_9070
phone_9071,acc_9071
phone_9072,acc_9072
phone_9073,acc_9073
phone_9074,acc_9074
phone_9075,acc_9075
phone_9076,acc_9076
phone_9077,acc_9077
phone_9078,acc_9078
phone_9079,acc_9079
phone_9080,acc_9080
phone_9081,acc_9081
phone_9082,acc_9082
phone_9083,acc_9083
phone_9084,acc_9084
phone_9085,acc_9085
phone_9086,acc_9086
phone_9087,acc_9087
phone_9088,acc_9088
phone_9089,acc_9089
phone_9090,acc_9090
phone_9091,acc_9091
phone_9092,acc_9092
phone_9093,acc_9093
phone_9094,acc_9094
phone_9095,acc_9095
phone_9096,acc_9096
phone_9097,acc_9097
phone_9098,acc_9098
phone_9099,acc_9099
phone_9100,acc_9100
phone_9101,acc_9101
phone_9102,acc_9102
phone_9103,acc_9103
phone_9104,acc_9104
phone_9105,acc_9105
phone_9106,acc_9106
phone_9107,acc_9107
phone_9108,acc_9108
phone_9109,acc_9109
phone_9110,acc_9110
phone_9111,acc_9111
phone_9112,acc_9112
phone_9113,acc_9113
phone_9114,acc_9114
phone_9115,acc_9115
phone_9116,acc_9116
phone_9117,acc_9117
phone_9118,acc_9118
phone_9119,acc_9119
phone_9120,acc_9120
phone_9121,acc_9121
phone_9122,acc_9122
phone_9123,acc_9123
phone_9124,acc_9124
phone_9125,acc_9125
phone_9126,acc_9126
phone_9127,acc_9127
phone_9128,acc_9128
phone_9129,acc_9129
phone_9130,acc_9130
phone_9131,acc_9131
phone_9132,acc_9132
phone_9133,acc_9133
phone_9134,acc_9134
phone_9135,acc_9135
phone_9136,acc_9136
phone_9137,acc_9137
phone_9138,acc_9138
phone_9139,acc_9139
phone_9140,acc_9140
phone_9141,acc_9141
phone_9142,acc_9142
phone_9143,acc_9143
phone_9144,acc_9144
phone_9145,acc_9145
phone_9146,acc_9146
phone_9147,acc_9147
phone_9148,acc_9148
phone_9149,acc_9149
phone_9150,acc_9150
phone_9151,acc_9151
phone_9152,acc_9152
phone_9153,acc_9153
phone_9154,acc_9154
phone_9155,acc_9155
phone_9156,acc_9156
phone_9157,acc_9157
phone_9158,acc_9158
phone_9159,acc_9159
phone_9160,acc_9160
phone_9161,acc_9161
phone_9162,acc_9162
phone_9163,acc_9163
phone_9164,acc_9164
phone_9165,acc_9165
phone_9166,acc_9166
phone_9167,acc_9167
phone_9168,acc_9168
phone_9169,acc_9169
phone_9170,acc_9170
phone_9171,acc_9171
phone_9172,acc_9172
phone_9173,acc_9173
phone_9174,acc_9174
phone_9175,acc_9175
phone_9176,acc_9176
phone_9177,acc_9177
phone_9178,acc_9178
phone_9179,acc_9179
phone_9180,acc_9180
phone_9181,acc_9181
phone_9182,acc_9182
phone_9183,acc_9183
phone_9184,acc_9184
phone_9185,acc_9185
phone_9186,acc_9186
phone_9187,acc_9187
phone_9188,acc_9188
phone_9189,acc_9189
phone_9190,acc_9190
phone_9191,acc_9191
phone_9192,acc_9192
phone_9193,acc_9193
phone_9194,acc_9194
phone_9195,acc_9195
phone_9196,acc_9196
phone_9197,acc_9197
phone_9198,acc_9198
phone_9199,acc_9199
phone_9200,acc_9200
phone_9201,acc_9201
phone_9202,acc_9202
phone_9203,acc_9203
phone_9204,acc_9204
phone_9205,acc_9205
phone_9206,acc_9206
phone_9207,acc_9207
phone_9208,acc_9208
phone_9209,acc_9209
phone_9210,acc_9210
phone_9211,acc_9211
phone_9212,acc_9212
phone_9213,acc_9213
phone_9214,acc_9214
phone_9215,acc_9215
phone_9216,acc_9216
phone_9217,acc_9217
phone_9218,acc_9218
phone_9219,acc_9219
phone_9220,acc_9220
phone_9221,acc_9221
phone_9222,acc_9222
phone_9223,acc_9223
phone_9224,acc_9224
phone_9225,acc_9225
phone_9226,acc_9226
phone_9227,acc_9227
phone_9228,acc_9228
phone_9229,acc_9229
phone_9230,acc_9230
phone_9231,acc_9231
phone_9232,acc_9232
phone_9233,acc_9233
phone_9234,acc_9234
phone_9235,acc_9235
phone_9236,acc_9236
phone_9237,acc_9237
phone_9238,acc_9238
phone_9239,acc_9239
phone_9240,acc_9240
phone_9241,acc_9241
phone_9242,acc_9242
phone_9243,acc_9243
phone_9244,acc_9244
phone_9245,acc_9245
phone_9246,acc_9246
phone_9247,acc_9247
phone_9248,acc_9248
phone_9249,acc_9249
phone_9250,acc_9250
phone_9251,acc_9251
phone_9252,acc_9252
phone_9253,acc_9253
phone_9254,acc_9254
phone_9255,acc_9255
phone_9256,acc_9256
phone_9257,acc_9257
phone_9258,acc_9258
phone_9259,acc_9259
phone_9260,acc_9260
phone_9261,acc_9261
phone_9262,acc_9262
phone_9263,acc_9263
phone_9264,acc_9264
phone_9265,acc_9265
phone_9266,acc_9266
phone_9267,acc_9267
phone_9268,acc_9268
phone_9269,acc_9269
phone_9270,acc_9270
phone_9271,acc_9271
phone_9272,acc_9272
phone_9273,acc_9273
phone_9274,acc_9274
phone_9275,acc_9275
phone_9276,acc_9276
phone_9277,acc_9277
phone_9278,acc_9278
phone_9279,acc_9279
phone_9280,acc_9280
phone_9281,acc_9281
phone_9282,acc_9282
phone_9283,acc_9283
phone_9284,acc_9284
phone_9285,acc_9285
phone_9286,acc_9286
phone_9287,acc_9287
phone_9288,acc_9288
phone_9289,acc_9289
phone_9290,acc_9290
phone_9291,acc_9291
phone_9292,acc_9292
phone_9293,acc_9293
phone_9294,acc_9294
phone_9295,acc_9295
phone_9296,acc_9296
phone_9297,acc_9297
phone_9298,acc_9298
phone_9299,acc_9299
phone_9300,acc_9300
phone_9301,acc_9301
phone_9302,acc_9302
phone_9303,acc_9303
phone_9304,acc_9304
phone_9305,acc_9305
phone_9306,acc_9306
phone_9307,acc_9307
phone_9308,acc_9308
phone_9309,acc_9309
phone_9310,acc_9310
phone_9311,acc_9311
phone_9312,acc_9312
phone_9313,acc_9313
phone_9314,acc_9314
phone_9315,acc_9315
phone_9316,acc_9316
phone_9317,acc_9317
phone_9318,acc_9318
phone_9319,acc_9319
phone_9320,acc_9320
phone_9321,acc_9321
phone_9322,acc_9322
phone_9323,acc_9323
phone_9324,acc_9324
phone_9325,acc_9325
phone_9326,acc_9326
phone_9327,acc_9327
phone_9328,acc_9328
phone_9329,acc_9329
phone_9330,acc_9330
phone_9331,acc_9331
phone_9332,acc_9332
phone_9333,acc_9333
phone_9334,acc_9334
phone_9335,acc_9335
phone_9336,acc_9336
phone_9337,acc_9337
phone_9338,acc_9338
phone_9339,acc_9339
phone_9340,acc_9340
phone_9341,acc_9341
phone_9342,acc_9342
phone_9343,acc_9343
phone_9344,acc_9344
phone_9345,acc_9345
phone_9346,acc_9346
phone_9347,acc_9347
phone_9348,acc_9348
phone_9349,acc_9349
phone_9350,acc_9350
phone_9351,acc_9351
phone_9352,acc_9352
phone_9353,acc_9353
phone_9354,acc_9354
phone_9355,acc_9355
phone_9356,acc_9356
phone_9357,acc_9357
phone_9358,acc_9358
phone_9359,acc_9359
phone_9360,acc_9360
phone_9361,acc_9361
phone_9362,acc_9362
phone_9363,acc_9363
phone_9364,acc_9364
phone_9365,acc_9365
phone_9366,acc_9366
phone_9367,acc_9367
phone_9368,acc_9368
phone_9369,acc_9369
phone_9370,acc_9370
phone_9371,acc_9371
phone_9372,acc_9372
phone_9373,acc_9373
phone_9374,acc_9374
phone_9375,acc_9375
phone_9376,acc_9376
phone_9377,acc_9377
phone_9378,acc_9378
phone_9379,acc_9379
phone_9380,acc_9380
phone_9381,acc_9381
phone_9382,acc_9382
phone_9383,acc_9383
phone_9384,acc_9384
phone_9385,acc_9385
phone_9386,acc_9386
phone_9387,acc_9387
phone_9388,acc_9388
phone_9389,acc_9389
phone_9390,acc_9390
phone_9391,acc_9391
phone_9392,acc_9392
phone_9393,acc_9393
phone_9394,acc_9394
phone_9395,acc_9395
phone_9396,acc_9396
phone_9397,acc_9397
phone_9398,acc_9398
phone_9399,acc_9399
phone_9400,acc_9400
phone_9401,acc_9401
phone_9402,acc_9402
phone_9403,acc_9403
phone_9404,acc_9404
phone_9405,acc_9405
phone_9406,acc_9406
phone_9407,acc_9407
phone_9408,acc_9408
phone_9409,acc_9409
phone_9410,acc_9410
phone_9411,acc_9411
phone_9412,acc_9412
phone_9413,acc_9413
phone_9414,acc_9414
phone_9415,acc_9415
phone_9416,acc_9416
phone_9417,acc_9417
phone_9418,acc_9418
phone_9419,acc_9419
phone_9420,acc_9420
phone_9421,acc_9421
phone_9422,acc_9422
phone_9423,acc_9423
phone_9424,acc_9424
phone_9425,acc_9425
phone_9426,acc_9426
phone_9427,acc_9427
phone_9428,acc_9428
phone_9429,acc_9429
phone_9430,acc_9430
phone_9431,acc_9431
phone_9432,acc_9432
phone_9433,acc_9433
phone_9434,acc_9434
phone_9435,acc_9435
phone_9436,acc_9436
phone_9437,acc_9437
phone_9438,acc_9438
phone_9439,acc_9439
phone_9440,acc_9440
phone_9441,acc_9441
phone_9442,acc_9442
phone_9443,acc_9443
phone_9444,acc_9444
phone_9445,acc_9445
phone_9446,acc_9446
phone_9447,acc_9447
phone_9448,acc_9448
phone_9449,acc_9449
phone_9450,acc_9450
phone_9451,acc_9451
phone_9452,acc_9452
phone_9453,acc_9453
phone_9454,acc_9454
phone_9455,acc_9455
phone_9456,acc_9456
phone_9457,acc_9457
phone_9458,acc_9458
phone_9459,acc_9459
phone_9460,acc_9460
phone_9461,acc_9461
phone_9462,acc_9462
phone_9463,acc_9463
phone_9464,acc_9464
phone_9465,acc_9465
phone_9466,acc_9466
phone_9467,acc_9467
phone_9468,acc_9468
phone_9469,acc_9469
phone_9470,acc_9470
phone_9471,acc_9471
phone_9472,acc_9472
phone_9473,acc_9473
phone_9474,acc_9474
phone_9475,acc_9475
phone_9476,acc_9476
phone_9477,acc_9477
phone_9478,acc_9478
phone_9479,acc_9479
phone_9480,acc_9480
phone_9481,acc_9481
phone_9482,acc_9482
phone_9483,acc_9483
phone_9484,acc_9484
phone_9485,acc_9485
phone_9486,acc_9486
phone_9487,acc_9487
phone_9488,acc_9488
phone_9489,acc_9489
phone_9490,acc_9490
phone_9491,acc_9491
phone_9492,acc_9492
phone_9493,acc_9493
phone_9494,acc_9494
phone_9495,acc_9495
phone_9496,acc_9496
phone_9497,acc_9497
phone_9498,acc_9498
phone_9499,acc_9499
phone_9500,acc_9500
phone_9501,acc_9501
phone_9502,acc_9502
phone_9503,acc_9503
phone_9504,acc_9504
phone_9505,acc_9505
phone_9506,acc_9506
phone_9507,acc_9507
phone_9508,acc_9508
phone_9509,acc_9509
phone_9510,acc_9510
phone_9511,acc_9511
phone_9512,acc_9512
phone_9513,acc_9513
phone_9514,acc_9514
phone_9515,acc_9515
phone_9516,acc_9516
phone_9517,acc_9517
phone_9518,acc_9518
phone_9519,acc_9519
phone_9520,acc_9520
phone_9521,acc_9521
phone_9522,acc_9522
phone_9523,acc_9523
phone_9524,acc_9524
phone_9525,acc_9525
phone_9526,acc_9526
phone_9527,acc_9527
phone_9528,acc_9528
phone_9529,acc_9529
phone_9530,acc_9530
phone_9531,acc_9531
phone_9532,acc_9532
phone_9533,acc_9533
phone_9534,acc_9534
phone_9535,acc_9535
phone_9536,acc_9536
phone_9537,acc_9537
phone_9538,acc_9538
phone_9539,acc_9539
phone_9540,acc_9540
phone_9541,acc_9541
phone_9542,acc_9542
phone_9543,acc_9543
phone_9544,acc_9544
phone_9545,acc_9545
phone_9546,acc_9546
phone_9547,acc_9547
phone_9548,acc_9548
phone_9549,acc_9549
phone_9550,acc_9550
phone_9551,acc_9551
phone_9552,acc_9552
phone_9553,acc_9553
phone_9554,acc_9554
phone_9555,acc_9555
phone_9556,acc_9556
phone_9557,acc_9557
phone_9558,acc_9558
phone_9559,acc_9559
phone_9560,acc_9560
phone_9561,acc_9561
phone_9562,acc_9562
phone_9563,acc_9563
phone_9564,acc_9564
phone_9565,acc_9565
phone_9566,acc_9566
phone_9567,acc_9567
phone_9568,acc_9568
phone_9569,acc_9569
phone_9570,acc_9570
phone_9571,acc_9571
phone_9572,acc_9572
phone_9573,acc_9573
phone_9574,acc_9574
phone_9575,acc_9575
phone_9576,acc_9576
phone_9577,acc_9577
phone_9578,acc_9578
phone_9579,acc_9579
phone_9580,acc_9580
phone_9581,acc_9581
phone_9582,acc_9582
phone_9583,acc_9583
phone_9584,acc_9584
phone_9585,acc_9585
phone_9586,acc_9586
phone_9587,acc_9587
phone_9588,acc_9588
phone_9589,acc_9589
phone_9590,acc_9590
phone_9591,acc_9591
phone_9592,acc_9592
phone_9593,acc_9593
phone_9594,acc_9594
phone_9595,acc_9595
phone_9596,acc_9596
phone_9597,acc_9597
phone_9598,acc_9598
phone_9599,acc_9599
phone_9600,acc_9600
phone_9601,acc_9601
phone_9602,acc_9602
phone_9603,acc_9603
phone_9604,acc_9604
phone_9605,acc_9605
phone_9606,acc_9606
phone_9607,acc_9607
phone_9608,acc_9608
phone_9609,acc_9609
phone_9610,acc_9610
phone_9611,acc_9611
phone_9612,acc_9612
phone_9613,acc_9613
phone_9614,acc_9614
phone_9615,acc_9615
phone_9616,acc_9616
phone_9617,acc_9617
phone_9618,acc_9618
phone_9619,acc_9619
phone_9620,acc_9620
phone_9621,acc_9621
phone_9622,acc_9622
phone_9623,acc_9623
phone_9624,acc_9624
phone_9625,acc_9625
phone_9626,acc_9626
phone_9627,acc_9627
phone_9628,acc_9628
phone_9629,acc_9629
phone_9630,acc_9630
phone_9631,acc_9631
phone_9632,acc_9632
phone_9633,acc_9633
phone_9634,acc_9634
phone_9635,acc_9635
phone_9636,acc_9636
phone_9637,acc_9637
phone_9638,acc_9638
phone_9639,acc_9639
phone_9640,acc_9640
phone_9641,acc_9641
phone_9642,acc_9642
phone_9643,acc_9643
phone_9644,acc_9644
phone_9645,acc_9645
phone_9646,acc_9646
phone_9647,acc_9647
phone_9648,acc_9648
phone_9649,acc_9649
phone_9650,acc_9650
phone_9651,acc_9651
phone_9652,acc_9652
phone_9653,acc_9653
phone_9654,acc_9654
phone_9655,acc_9655
phone_9656,acc_9656
phone_9657,acc_9657
phone_9658,acc_9658
phone_9659,acc_9659
phone_9660,acc_9660
phone_9661,acc_9661
phone_9662,acc_9662
phone_9663,acc_9663
phone_9664,acc_9664
phone_9665,acc_9665
phone_9666,acc_9666
phone_9667,acc_9667
phone_9668,acc_9668
phone_9669,acc_9669
phone_9670,acc_9670
phone_9671,acc_9671
phone_9672,acc_9672
phone_9673,acc_9673
phone_9674,acc_9674
phone_9675,acc_9675
phone_9676,acc_9676
phone_9677,acc_9677
phone_9678,acc_9678
phone_9679,acc_9679
phone_9680,acc_9680
phone_9681,acc_9681
phone_9682,acc_9682
phone_9683,acc_9683
phone_9684,acc_9684
phone_9685,acc_9685
phone_9686,acc_9686
phone_9687,acc_9687
phone_9688,acc_9688
phone_9689,acc_9689
phone_9690,acc_9690
phone_9691,acc_9691
phone_9692,acc_9692
phone_9693,acc_9693
phone_9694,acc_9694
phone_9695,acc_9695
phone_9696,acc_9696
phone_9697,acc_9697
phone_9698,acc_9698
phone_9699,acc_9699
phone_9700,acc_9700
phone_9701,acc_9701
phone_9702,acc_9702
phone_9703,acc_9703
phone_9704,acc_9704
phone_9705,acc_9705
phone_9706,acc_9706
phone_9707,acc_9707
phone_9708,acc_9708
phone_9709,acc_9709
phone_9710,acc_9710
phone_9711,acc_9711
phone_9712,acc_9712
phone_9713,acc_9713
phone_9714,acc_9714
phone_9715,acc_9715
phone_9716,acc_9716
phone_9717,acc_9717
phone_9718,acc_9718
phone_9719,acc_9719
phone_9720,acc_9720
phone_9721,acc_9721
phone_9722,acc_9722
phone_9723,acc_9723
phone_9724,acc_9724
phone_9725,acc_9725
phone_9726,acc_9726
phone_9727,acc_9727
phone_9728,acc_9728
phone_9729,acc_9729
phone_9730,acc_9730
phone_9731,acc_9731
phone_9732,acc_9732
phone_9733,acc_9733
phone_9734,acc_9734
phone_9735,acc_9735
phone_9736,acc_9736
phone_9737,acc_9737
phone_9738,acc_9738
phone_9739,acc_9739
phone_9740,acc_9740
phone_9741,acc_9741
phone_9742,acc_9742
phone_9743,acc_9743
phone_9744,acc_9744
phone_9745,acc_9745
phone_9746,acc_9746
phone_9747,acc_9747
phone_9748,acc_9748
phone_9749,acc_9749
phone_9750,acc_9750
phone_9751,acc_9751
phone_9752,acc_9752
phone_9753,acc_9753
phone_9754,acc_9754
phone_9755,acc_9755
phone_9756,acc_9756
phone_9757,acc_9757
phone_9758,acc_9758
phone_9759,acc_9759
phone_9760,acc_9760
phone_9761,acc_9761
phone_9762,acc_9762
phone_9763,acc_9763
phone_9764,acc_9764
phone_9765,acc_9765
phone_9766,acc_9766
phone_9767,acc_9767
phone_9768,acc_9768
phone_9769,acc_9769
phone_9770,acc_9770
phone_9771,acc_9771
phone_9772,acc_9772
phone_9773,acc_9773
phone_9774,acc_9774
phone_9775,acc_9775
phone_9776,acc_9776
phone_9777,acc_9777
phone_9778,acc_9778
phone_9779,acc_9779
phone_9780,acc_9780
phone_9781,acc_9781
phone_9782,acc_9782
phone_9783,acc_9783
phone_9784,acc_9784
phone_9785,acc_9785
phone_9786,acc_9786
phone_9787,acc_9787
phone_9788,acc_9788
phone_9789,acc_9789
phone_9790,acc_9790
phone_9791,acc_9791
phone_9792,acc_9792
phone_9793,acc_9793
phone_9794,acc_9794
phone_9795,acc_9795
phone_9796,acc_9796
phone_9797,acc_9797
phone_9798,acc_9798
phone_9799,acc_9799
phone_9800,acc_9800
phone_9801,acc_9801
phone_9802,acc_9802
phone_9803,acc_9803
phone_9804,acc_9804
phone_9805,acc_9805
phone_9806,acc_9806
phone_9807,acc_9807
phone_9808,acc_9808
phone_9809,acc_9809
phone_9810,acc_9810
phone_9811,acc_9811
phone_9812,acc_9812
phone_9813,acc_9813
phone_9814,acc_9814
phone_9815,acc_9815
phone_9816,acc_9816
phone_9817,acc_9817
phone_9818,acc_9818
phone_9819,acc_9819
phone_9820,acc_9820
phone_9821,acc_9821
phone_9822,acc_9822
phone_9823,acc_9823
phone_9824,acc_9824
phone_9825,acc_9825
phone_9826,acc_9826
phone_9827,acc_9827
phone_9828,acc_9828
phone_9829,acc_9829
phone_9830,acc_9830
phone_9831,acc_9831
phone_9832,acc_9832
phone_9833,acc_9833
phone_9834,acc_9834
phone_9835,acc_9835
phone_9836,acc_9836
phone_9837,acc_9837
phone_9838,acc_9838
phone_9839,acc_9839
phone_9840,acc_9840
phone_9841,acc_9841
phone_9842,acc_9842
phone_9843,acc_9843
phone_9844,acc_9844
phone_9845,acc_9845
phone_9846,acc_9846
phone_9847,acc_9847
phone_9848,acc_9848
phone_9849,acc_9849
phone_9850,acc_9850
phone_9851,acc_9851
phone_9852,acc_9852
phone_9853,acc_9853
phone_9854,acc_9854
phone_9855,acc_9855
phone_9856,acc_9856
phone_9857,acc_9857
phone_9858,acc_9858
phone_9859,acc_9859
phone_9860,acc_9860
phone_9861,acc_9861
phone_9862,acc_9862
phone_9863,acc_9863
phone_9864,acc_9864
phone_9865,acc_9865
phone_9866,acc_9866
phone_9867,acc_9867
phone_9868,acc_9868
phone_9869,acc_9869
phone_9870,acc_9870
phone_9871,acc_9871
phone_9872,acc_9872
phone_9873,acc_9873
phone_9874,acc_9874
phone_9875,acc_9875
phone_9876,acc_9876
phone_9877,acc_9877
phone_9878,acc_9878
phone_9879,acc_9879
phone_9880,acc_9880
phone_9881,acc_9881
phone_9882,acc_9882
phone_9883,acc_9883
phone_9884,acc_9884
phone_9885,acc_9885
phone_9886,acc_9886
phone_9887,acc_9887
phone_9888,acc_9888
phone_9889,acc_9889
phone_9890,acc_9890
phone_9891,acc_9891
phone_9892,acc_9892
phone_9893,acc_9893
phone_9894,acc_9894
phone_9895,acc_9895
phone_9896,acc_9896
phone_9897,acc_9897
phone_9898,acc_9898
phone_9899,acc_9899
phone_9900,acc_9900
phone_9901,acc_9901
phone_9902,acc_9902
phone_9903,acc_9903
phone_9904,acc_9904
phone_9905,acc_9905
phone_9906,acc_9906
phone_9907,acc_9907
phone_9908,acc_9908
phone_9909,acc_9909
phone_9910,acc_9910
phone_9911,acc_9911
phone_9912,acc_9912
phone_9913,acc_9913
phone_9914,acc_9914
phone_9915,acc_9915
phone_9916,acc_9916
phone_9917,acc_9917
phone_9918,acc_9918
phone_9919,acc_9919
phone_9920,acc_9920
phone_9921,acc_9921
phone_9922,acc_9922
phone_9923,acc_9923
phone_9924,acc_9924
phone_9925,acc_9925
phone_9926,acc_9926
phone_9927,acc_9927
phone_9928,acc_9928
phone_9929,acc_9929
phone_9930,acc_9930
phone_9931,acc_9931
phone_9932,acc_9932
phone_9933,acc_9933
phone_9934,acc_9934
phone_9935,acc_9935
phone_9936,acc_9936
phone_9937,acc_9937
phone_9938,acc_9938
phone_9939,acc_9939
phone_9940,acc_9940
phone_9941,acc_9941
phone_9942,acc_9942
phone_9943,acc_9943
phone_9944,acc_9944
phone_9945,acc_9945
phone_9946,acc_9946
phone_9947,acc_9947
phone_9948,acc_9948
phone_9949,acc_9949
phone_9950,acc_9950
phone_9951,acc_9951
phone_9952,acc_9952
phone_9953,acc_9953
phone_9954,acc_9954
phone_9955,acc_9955
phone_9956,acc_9956
phone_9957,acc_9957
phone_9958,acc_9958
phone_9959,acc_9959
phone_9960,acc_9960
phone_9961,acc_9961
phone_9962,acc_9962
phone_9963,acc_9963
phone_9964,acc_9964
phone_9965,acc_9965
phone_9966,acc_9966
phone_9967,acc_9967
phone_9968,acc_9968
phone_9969,acc_9969
phone_9970,acc_9970
phone_9971,acc_9971
phone_9972,acc_9972
phone_9973,acc_9973
phone_9974,acc_9974
phone_9975,acc_9975
phone_9976,acc_9976
phone_9977,acc_9977
phone_9978,acc_9978
phone_9979,acc_9979
phone_9980,acc_9980
phone_9981,acc_9981
phone_9982,acc_9982
phone_9983,acc_9983
phone_9984,acc_9984
phone_9985,acc_9985
phone_9986,acc_9986
phone_9987,acc_9987
phone_9988,acc_9988
phone_9989,acc_9989
phone_9990,acc_9990
phone_9991,acc_9991
phone_9992,acc_9992
phone_9993,acc_9993
phone_9994,acc_9994
phone_9995,acc_9995
phone_9996,acc_9996
phone_9997,acc_9997
phone_9998,acc_9998
phone_9999,acc_9999
phone_10000,acc_10000
phone_10001,acc_10001
phone_10002,acc_10002
phone_10003,acc_10003
phone_10004,acc_10004
phone_10005,acc_10005
phone_10006,acc_10006
phone_10007,acc_10007
phone_10008,acc_10008
phone_10009,acc_10009
phone_10010,acc_10010
phone_10011,acc_10011
phone_10012,acc_10012
phone_10013,acc_10013
phone_10014,acc_10014
phone_10015,acc_10015
phone_10016,acc_10016
phone_10017,acc_10017
phone_10018,acc_10018
phone_10019,acc_10019
phone_10020,acc_10020
phone_10021,acc_10021
phone_10022,acc_10022
phone_10023,acc_10023
phone_10024,acc_10024
phone_10025,acc_10025
phone_10026,acc_10026
phone_10027,acc_10027
phone_10028,acc_10028
phone_10029,acc_10029
phone_10030,acc_10030
phone_10031,acc_10031
phone_10032,acc_10032
phone_10033,acc_10033
phone_10034,acc_10034
phone_10035,acc_10035
phone_10036,acc_10036
phone_10037,acc_10037
phone_10038,acc_10038
phone_10039,acc_10039
phone_10040,acc_10040
phone_10041,acc_10041
phone_10042,acc_10042
phone_10043,acc_10043
phone_10044,acc_10044
phone_10045,acc_10045
phone_10046,acc_10046
phone_10047,acc_10047
phone_10048,acc_10048
phone_10049,acc_10049
phone_10050,acc_10050
phone_10051,acc_10051
phone_10052,acc_10052
phone_10053,acc_10053
phone_10054,acc_10054
phone_10055,acc_10055
phone_10056,acc_10056
phone_10057,acc_10057
phone_10058,acc_10058
phone_10059,acc_10059
phone_10060,acc_10060
phone_10061,acc_10061
phone_10062,acc_10062
phone_10063,acc_10063
phone_10064,acc_10064
phone_10065,acc_10065
phone_10066,acc_10066
phone_10067,acc_10067
phone_10068,acc_10068
phone_10069,acc_10069
phone_10070,acc_10070
phone_10071,acc_10071
phone_10072,acc_10072
phone_10073,acc_10073
phone_10074,acc_10074
phone_10075,acc_10075
phone_10076,acc_10076
phone_10077,acc_10077
phone_10078,acc_10078
phone_10079,acc_10079
phone_10080,acc_10080
phone_10081,acc_10081
phone_10082,acc_10082
phone_10083,acc_10083
phone_10084,acc_10084
phone_10085,acc_10085
phone_10086,acc_10086
phone_10087,acc_10087
phone_10088,acc_10088
phone_10089,acc_10089
phone_10090,acc_10090
phone_10091,acc_10091
phone_10092,acc_10092
phone_10093,acc_10093
phone_10094,acc_10094
phone_10095,acc_10095
phone_10096,acc_10096
phone_10097,acc_10097
phone_10098,acc_10098
phone_10099,acc_10099
phone_10100,acc_10100
phone_10101,acc_10101
phone_10102,acc_10102
phone_10103,acc_10103
phone_10104,acc_10104
phone_10105,acc_10105
phone_10106,acc_10106
phone_10107,acc_10107
phone_10108,acc_10108
phone_10109,acc_10109
phone_10110,acc_10110
phone_10111,acc_10111
phone_10112,acc_10112
phone_10113,acc_10113
phone_10114,acc_10114
phone_10115,acc_10115
phone_10116,acc_10116
phone_10117,acc_10117
phone_10118,acc_10118
phone_10119,acc_10119
phone_10120,acc_10120
phone_10121,acc_10121
phone_10122,acc_10122
phone_10123,acc_10123
phone_10124,acc_10124
phone_10125,acc_10125
phone_10126,acc_10126
phone_10127,acc_10127
phone_10128,acc_10128
phone_10129,acc_10129
phone_10130,acc_10130
phone_10131,acc_10131
phone_10132,acc_10132
phone_10133,acc_10133
phone_10134,acc_10134
phone_10135,acc_10135
phone_10136,acc_10136
phone_10137,acc_10137
phone_10138,acc_10138
phone_10139,acc_10139
phone_10140,acc_10140
phone_10141,acc_10141
phone_10142,acc_10142
phone_10143,acc_10143
phone_10144,acc_10144
phone_10145,acc_10145
phone_10146,acc_10146
phone_10147,acc_10147
phone_10148,acc_10148
phone_10149,acc_10149
phone_10150,acc_10150
phone_10151,acc_10151
phone_10152,acc_10152
phone_10153,acc_10153
phone_10154,acc_10154
phone_10155,acc_10155
phone_10156,acc_10156
phone_10157,acc_10157
phone_10158,acc_10158
phone_10159,acc_10159
phone_10160,acc_10160
phone_10161,acc_10161
phone_10162,acc_10162
phone_10163,acc_10163
phone_10164,acc_10164
phone_10165,acc_10165
phone_10166,acc_10166
phone_10167,acc_10167
phone_10168,acc_10168
phone_10169,acc_10169
phone_10170,acc_10170
phone_10171,acc_10171
phone_10172,acc_10172
phone_10173,acc_10173
phone_10174,acc_10174
phone_10175,acc_10175
phone_10176,acc_10176
phone_10177,acc_10177
phone_10178,acc_10178
phone_10179,acc_10179
phone_10180,acc_10180
phone_10181,acc_10181
phone_10182,acc_10182
phone_10183,acc_10183
phone_10184,acc_10184
phone_10185,acc_10185
phone_10186,acc_10186
phone_10187,acc_10187
phone_10188,acc_10188
phone_10189,acc_10189
phone_10190,acc_10190
phone_10191,acc_10191
phone_10192,acc_10192
phone_10193,acc_10193
phone_10194,acc_10194
phone_10195,acc_10195
phone_10196,acc_10196
phone_10197,acc_10197
phone_10198,acc_10198
phone_10199,acc_10199
phone_10200,acc_10200
phone_10201,acc_10201
phone_10202,acc_10202
phone_10203,acc_10203
phone_10204,acc_10204
phone_10205,acc_10205
phone_10206,acc_10206
phone_10207,acc_10207
phone_10208,acc_10208
phone_10209,acc_10209
phone_10210,acc_10210
phone_10211,acc_10211
phone_10212,acc_10212
phone_10213,acc_10213
phone_10214,acc_10214
phone_10215,acc_10215
phone_10216,acc_10216
phone_10217,acc_10217
phone_10218,acc_10218
phone_10219,acc_10219
phone_10220,acc_10220
phone_10221,acc_10221
phone_10222,acc_10222
phone_10223,acc_10223
phone_10224,acc_10224
phone_10225,acc_10225
phone_10226,acc_10226
phone_10227,acc_10227
phone_10228,acc_10228
phone_10229,acc_10229
phone_10230,acc_10230
phone_10231,acc_10231
phone_10232,acc_10232
phone_10233,acc_10233
phone_10234,acc_10234
phone_10235,acc_10235
phone_10236,acc_10236
phone_10237,acc_10237
phone_10238,acc_10238
phone_10239,acc_10239
phone_10240,acc_10240
phone_10241,acc_10241
phone_10242,acc_10242
phone_10243,acc_10243
phone_10244,acc_10244
phone_10245,acc_10245
phone_10246,acc_10246
phone_10247,acc_10247
phone_10248,acc_10248
phone_10249,acc_10249
phone_10250,acc_10250
phone_10251,acc_10251
phone_10252,acc_10252
phone_10253,acc_10253
phone_10254,acc_10254
phone_10255,acc_10255
phone_10256,acc_10256
phone_10257,acc_10257
phone_10258,acc_10258
phone_10259,acc_10259
phone_10260,acc_10260
phone_10261,acc_10261
phone_10262,acc_10262
phone_10263,acc_10263
phone_10264,acc_10264
phone_10265,acc_10265
phone_10266,acc_10266
phone_10267,acc_10267
phone_10268,acc_10268
phone_10269,acc_10269
phone_10270,acc_10270
phone_10271,acc_10271
phone_10272,acc_10272
phone_10273,acc_10273
phone_10274,acc_10274
phone_10275,acc_10275
phone_10276,acc_10276
phone_10277,acc_10277
phone_10278,acc_10278
phone_10279,acc_10279
phone_10280,acc_10280
phone_10281,acc_10281
phone_10282,acc_10282
phone_10283,acc_10283
phone_10284,acc_10284
phone_10285,acc_10285
phone_10286,acc_10286
phone_10287,acc_10287
phone_10288,acc_10288
phone_10289,acc_10289
phone_10290,acc_10290
phone_10291,acc_10291
phone_10292,acc_10292
phone_10293,acc_10293
phone_10294,acc_10294
phone_10295,acc_10295
phone_10296,acc_10296
phone_10297,acc_10297
phone_10298,acc_10298
phone_10299,acc_10299
phone_10300,acc_10300
phone_10301,acc_10301
phone_10302,acc_10302
phone_10303,acc_10303
phone_10304,acc_10304
phone_10305,acc_10305
phone_10306,acc_10306
phone_10307,acc_10307
phone_10308,acc_10308
phone_10309,acc_10309
phone_10310,acc_10310
phone_10311,acc_10311
phone_10312,acc_10312
phone_10313,acc_10313
phone_10314,acc_10314
phone_10315,acc_10315
phone_10316,acc_10316
phone_10317,acc_10317
phone_10318,acc_10318
phone_10319,acc_10319
phone_10320,acc_10320
phone_10321,acc_10321
phone_10322,acc_10322
phone_10323,acc_10323
phone_10324,acc_10324
phone_10325,acc_10325
phone_10326,acc_10326
phone_10327,acc_10327
phone_10328,acc_10328
phone_10329,acc_10329
phone_10330,acc_10330
phone_10331,acc_10331
phone_10332,acc_10332
phone_10333,acc_10333
phone_10334,acc_10334
phone_10335,acc_10335
phone_10336,acc_10336
phone_10337,acc_10337
phone_10338,acc_10338
phone_10339,acc_10339
phone_10340,acc_10340
phone_10341,acc_10341
phone_10342,acc_10342
phone_10343,acc_10343
phone_10344,acc_10344
phone_10345,acc_10345
phone_10346,acc_10346
phone_10347,acc_10347
phone_10348,acc_10348
phone_10349,acc_10349
phone_10350,acc_10350
phone_10351,acc_10351
phone_10352,acc_10352
phone_10353,acc_10353
phone_10354,acc_10354
phone_10355,acc_10355
phone_10356,acc_10356
phone_10357,acc_10357
phone_10358,acc_10358
phone_10359,acc_10359
phone_10360,acc_10360
phone_10361,acc_10361
phone_10362,acc_10362
phone_10363,acc_10363
phone_10364,acc_10364
phone_10365,acc_10365
phone_10366,acc_10366
phone_10367,acc_10367
phone_10368,acc_10368
phone_10369,acc_10369
phone_10370,acc_10370
phone_10371,acc_10371
phone_10372,acc_10372
phone_10373,acc_10373
phone_10374,acc_10374
phone_10375,acc_10375
phone_10376,acc_10376
phone_10377,acc_10377
phone_10378,acc_10378
phone_10379,acc_10379
phone_10380,acc_10380
phone_10381,acc_10381
phone_10382,acc_10382
phone_10383,acc_10383
phone_10384,acc_10384
phone_10385,acc_10385
phone_10386,acc_10386
phone_10387,acc_10387
phone_10388,acc_10388
phone_10389,acc_10389
phone_10390,acc_10390
phone_10391,acc_10391
phone_10392,acc_10392
phone_10393,acc_10393
phone_10394,acc_10394
phone_10395,acc_10395
phone_10396,acc_10396
phone_10397,acc_10397
phone_10398,acc_10398
phone_10399,acc_10399
phone_10400,acc_10400
phone_10401,acc_10401
phone_10402,acc_10402
phone_10403,acc_10403
phone_10404,acc_10404
phone_10405,acc_10405
phone_10406,acc_10406
phone_10407,acc_10407
phone_10408,acc_10408
phone_10409,acc_10409
phone_10410,acc_10410
phone_10411,acc_10411
phone_10412,acc_10412
phone_10413,acc_10413
phone_10414,acc_10414
phone_10415,acc_10415
phone_10416,acc_10416
phone_10417,acc_10417
phone_10418,acc_10418
phone_10419,acc_10419
phone_10420,acc_10420
phone_10421,acc_10421
phone_10422,acc_10422
phone_10423,acc_10423
phone_10424,acc_10424
phone_10425,acc_10425
phone_10426,acc_10426
phone_10427,acc_10427
phone_10428,acc_10428
phone_10429,acc_10429
phone_10430,acc_10430
phone_10431,acc_10431
phone_10432,acc_10432
phone_10433,acc_10433
phone_10434,acc_10434
phone_10435,acc_10435
phone_10436,acc_10436
phone_10437,acc_10437
phone_10438,acc_10438
phone_10439,acc_10439
phone_10440,acc_10440
phone_10441,acc_10441
phone_10442,acc_10442
phone_10443,acc_10443
phone_10444,acc_10444
phone_10445,acc_10445
phone_10446,acc_10446
phone_10447,acc_10447
phone_10448,acc_10448
phone_10449,acc_10449
phone_10450,acc_10450
phone_10451,acc_10451
phone_10452,acc_10452
phone_10453,acc_10453
phone_10454,acc_10454
phone_10455,acc_10455
phone_10456,acc_10456
phone_10457,acc_10457
phone_10458,acc_10458
phone_10459,acc_10459
phone_10460,acc_10460
phone_10461,acc_10461
phone_10462,acc_10462
phone_10463,acc_10463
phone_10464,acc_10464
phone_10465,acc_10465
phone_10466,acc_10466
phone_10467,acc_10467
phone_10468,acc_10468
phone_10469,acc_10469
phone_10470,acc_10470
phone_10471,acc_10471
phone_10472,acc_10472
phone_10473,acc_10473
phone_10474,acc_10474
phone_10475,acc_10475
phone_10476,acc_10476
phone_10477,acc_10477
phone_10478,acc_10478
phone_10479,acc_10479
phone_10480,acc_10480
phone_10481,acc_10481
phone_10482,acc_10482
phone_10483,acc_10483
phone_10484,acc_10484
phone_10485,acc_10485
phone_10486,acc_10486
phone_10487,acc_10487
phone_10488,acc_10488
phone_10489,acc_10489
phone_10490,acc_10490
phone_10491,acc_10491
phone_10492,acc_10492
phone_10493,acc_10493
phone_10494,acc_10494
phone_10495,acc_10495
phone_10496,acc_10496
phone_10497,acc_10497
phone_10498,acc_10498
phone_10499,acc_10499
phone_10500,acc_10500
phone_10501,acc_10501
phone_10502,acc_10502
phone_10503,acc_10503
phone_10504,acc_10504
phone_10505,acc_10505
phone_10506,acc_10506
phone_10507,acc_10507
phone_10508,acc_10508
phone_10509,acc_10509
phone_10510,acc_10510
phone_10511,acc_10511
phone_10512,acc_10512
phone_10513,acc_10513
phone_10514,acc_10514
phone_10515,acc_10515
phone_10516,acc_10516
phone_10517,acc_10517
phone_10518,acc_10518
phone_10519,acc_10519
phone_10520,acc_10520
phone_10521,acc_10521
phone_10522,acc_10522
phone_10523,acc_10523
phone_10524,acc_10524
phone_10525,acc_10525
phone_10526,acc_10526
phone_10527,acc_10527
phone_10528,acc_10528
phone_10529,acc_10529
phone_10530,acc_10530
phone_10531,acc_10531
phone_10532,acc_10532
phone_10533,acc_10533
phone_10534,acc_10534
phone_10535,acc_10535
phone_10536,acc_10536
phone_10537,acc_10537
phone_10538,acc_10538
phone_10539,acc_10539
phone_10540,acc_10540
phone_10541,acc_10541
phone_10542,acc_10542
phone_10543,acc_10543
phone_10544,acc_10544
phone_10545,acc_10545
phone_10546,acc_10546
phone_10547,acc_10547
phone_10548,acc_10548
phone_10549,acc_10549
phone_10550,acc_10550
phone_10551,acc_10551
phone_10552,acc_10552
phone_10553,acc_10553
phone_10554,acc_10554
phone_10555,acc_10555
phone_10556,acc_10556
phone_10557,acc_10557
phone_10558,acc_10558
phone_10559,acc_10559
phone_10560,acc_10560
phone_10561,acc_10561
phone_10562,acc_10562
phone_10563,acc_10563
phone_10564,acc_10564
phone_10565,acc_10565
phone_10566,acc_10566
phone_10567,acc_10567
phone_10568,acc_10568
phone_10569,acc_10569
phone_10570,acc_10570
phone_10571,acc_10571
phone_10572,acc_10572
phone_10573,acc_10573
phone_10574,acc_10574
phone_10575,acc_10575
phone_10576,acc_10576
phone_10577,acc_10577
phone_10578,acc_10578
phone_10579,acc_10579
phone_10580,acc_10580
phone_10581,acc_10581
phone_10582,acc_10582
phone_10583,acc_10583
phone_10584,acc_10584
phone_10585,acc_10585
phone_10586,acc_10586
phone_10587,acc_10587
phone_10588,acc_10588
phone_10589,acc_10589
phone_10590,acc_10590
phone_10591,acc_10591
phone_10592,acc_10592
phone_10593,acc_10593
phone_10594,acc_10594
phone_10595,acc_10595
phone_10596,acc_10596
phone_10597,acc_10597
phone_10598,acc_10598
phone_10599,acc_10599
phone_10600,acc_10600
phone_10601,acc_10601
phone_10602,acc_10602
phone_10603,acc_10603
phone_10604,acc_10604
phone_10605,acc_10605
phone_10606,acc_10606
phone_10607,acc_10607
phone_10608,acc_10608
phone_10609,acc_10609
phone_10610,acc_10610
phone_10611,acc_10611
phone_10612,acc_10612
phone_10613,acc_10613
phone_10614,acc_10614
phone_10615,acc_10615
phone_10616,acc_10616
phone_10617,acc_10617
phone_10618,acc_10618
phone_10619,acc_10619
phone_10620,acc_10620
phone_10621,acc_10621
phone_10622,acc_10622
phone_10623,acc_10623
phone_10624,acc_10624
phone_10625,acc_10625
phone_10626,acc_10626
phone_10627,acc_10627
phone_10628,acc_10628
phone_10629,acc_10629
phone_10630,acc_10630
phone_10631,acc_10631
phone_10632,acc_10632
phone_10633,acc_10633
phone_10634,acc_10634
phone_10635,acc_10635
phone_10636,acc_10636
phone_10637,acc_10637
phone_10638,acc_10638
phone_10639,acc_10639
phone_10640,acc_10640
phone_10641,acc_10641
phone_10642,acc_10642
phone_10643,acc_10643
phone_10644,acc_10644
phone_10645,acc_10645
phone_10646,acc_10646
phone_10647,acc_10647
phone_10648,acc_10648
phone_10649,acc_10649
phone_10650,acc_10650
phone_10651,acc_10651
phone_10652,acc_10652
phone_10653,acc_10653
phone_10654,acc_10654
phone_10655,acc_10655
phone_10656,acc_10656
phone_10657,acc_10657
phone_10658,acc_10658
phone_10659,acc_10659
phone_10660,acc_10660
phone_10661,acc_10661
phone_10662,acc_10662
phone_10663,acc_10663
phone_10664,acc_10664
phone_10665,acc_10665
phone_10666,acc_10666
phone_10667,acc_10667
phone_10668,acc_10668
phone_10669,acc_10669
phone_10670,acc_10670
phone_10671,acc_10671
phone_10672,acc_10672
phone_10673,acc_10673
phone_10674,acc_10674
phone_10675,acc_10675
phone_10676,acc_10676
phone_10677,acc_10677
phone_10678,acc_10678
phone_10679,acc_10679
phone_10680,acc_10680
phone_10681,acc_10681
phone_10682,acc_10682
phone_10683,acc_10683
phone_10684,acc_10684
phone_10685,acc_10685
phone_10686,acc_10686
phone_10687,acc_10687
phone_10688,acc_10688
phone_10689,acc_10689
phone_10690,acc_10690
phone_10691,acc_10691
phone_10692,acc_10692
phone_10693,acc_10693
phone_10694,acc_10694
phone_10695,acc_10695
phone_10696,acc_10696
phone_10697,acc_10697
phone_10698,acc_10698
phone_10699,acc_10699
phone_10700,acc_10700
phone_10701,acc_10701
phone_10702,acc_10702
phone_10703,acc_10703
phone_10704,acc_10704
phone_10705,acc_10705
phone_10706,acc_10706
phone_10707,acc_10707
phone_10708,acc_10708
phone_10709,acc_10709
phone_10710,acc_10710
phone_10711,acc_10711
phone_10712,acc_10712
phone_10713,acc_10713
phone_10714,acc_10714
phone_10715,acc_10715
phone_10716,acc_10716
phone_10717,acc_10717
phone_10718,acc_10718
phone_10719,acc_10719
phone_10720,acc_10720
phone_10721,acc_10721
phone_10722,acc_10722
phone_10723,acc_10723
phone_10724,acc_10724
phone_10725,acc_10725
phone_10726,acc_10726
phone_10727,acc_10727
phone_10728,acc_10728
phone_10729,acc_10729
phone_10730,acc_10730
phone_10731,acc_10731
phone_10732,acc_10732
phone_10733,acc_10733
phone_10734,acc_10734
phone_10735,acc_10735
phone_10736,acc_10736
phone_10737,acc_10737
phone_10738,acc_10738
phone_10739,acc_10739
phone_10740,acc_10740
phone_10741,acc_10741
phone_10742,acc_10742
phone_10743,acc_10743
phone_10744,acc_10744
phone_10745,acc_10745
phone_10746,acc_10746
phone_10747,acc_10747
phone_10748,acc_10748
phone_10749,acc_10749
phone_10750,acc_10750
phone_10751,acc_10751
phone_10752,acc_10752
phone_10753,acc_10753
phone_10754,acc_10754
phone_10755,acc_10755
phone_10756,acc_10756
phone_10757,acc_10757
phone_10758,acc_10758
phone_10759,acc_10759
phone_10760,acc_10760
phone_10761,acc_10761
phone_10762,acc_10762
phone_10763,acc_10763
phone_10764,acc_10764
phone_10765,acc_10765
phone_10766,acc_10766
phone_10767,acc_10767
phone_10768,acc_10768
phone_10769,acc_10769
phone_10770,acc_10770
phone_10771,acc_10771
phone_10772,acc_10772
phone_10773,acc_10773
phone_10774,acc_10774
phone_10775,acc_10775
phone_10776,acc_10776
phone_10777,acc_10777
phone_10778,acc_10778
phone_10779,acc_10779
phone_10780,acc_10780
phone_10781,acc_10781
phone_10782,acc_10782
phone_10783,acc_10783
phone_10784,acc_10784
phone_10785,acc_10785
phone_10786,acc_10786
phone_10787,acc_10787
phone_10788,acc_10788
phone_10789,acc_10789
phone_10790,acc_10790
phone_10791,acc_10791
phone_10792,acc_10792
phone_10793,acc_10793
phone_10794,acc_10794
phone_10795,acc_10795
phone_10796,acc_10796
phone_10797,acc_10797
phone_10798,acc_10798
phone_10799,acc_10799
phone_10800,acc_10800
phone_10801,acc_10801
phone_10802,acc_10802
phone_10803,acc_10803
phone_10804,acc_10804
phone_10805,acc_10805
phone_10806,acc_10806
phone_10807,acc_10807
phone_10808,acc_10808
phone_10809,acc_10809
phone_10810,acc_10810
phone_10811,acc_10811
phone_10812,acc_10812
phone_10813,acc_10813
phone_10814,acc_10814
phone_10815,acc_10815
phone_10816,acc_10816
phone_10817,acc_10817
phone_10818,acc_10818
phone_10819,acc_10819
phone_10820,acc_10820
phone_10821,acc_10821
phone_10822,acc_10822
phone_10823,acc_10823
phone_10824,acc_10824
phone_10825,acc_10825
phone_10826,acc_10826
phone_10827,acc_10827
phone_10828,acc_10828
phone_10829,acc_10829
phone_10830,acc_10830
phone_10831,acc_10831
phone_10832,acc_10832
phone_10833,acc_10833
phone_10834,acc_10834
phone_10835,acc_10835
phone_10836,acc_10836
phone_10837,acc_10837
phone_10838,acc_10838
phone_10839,acc_10839
phone_10840,acc_10840
phone_10841,acc_10841
phone_10842,acc_10842
phone_10843,acc_10843
phone_10844,acc_10844
phone_10845,acc_10845
phone_10846,acc_10846
phone_10847,acc_10847
phone_10848,acc_10848
phone_10849,acc_10849
phone_10850,acc_10850
phone_10851,acc_10851
phone_10852,acc_10852
phone_10853,acc_10853
phone_10854,acc_10854
phone_10855,acc_10855
phone_10856,acc_10856
phone_10857,acc_10857
phone_10858,acc_10858
phone_10859,acc_10859
phone_10860,acc_10860
phone_10861,acc_10861
phone_10862,acc_10862
phone_10863,acc_10863
phone_10864,acc_10864
phone_10865,acc_10865
phone_10866,acc_10866
phone_10867,acc_10867
phone_10868,acc_10868
phone_10869,acc_10869
phone_10870,acc_10870
phone_10871,acc_10871
phone_10872,acc_10872
phone_10873,acc_10873
phone_10874,acc_10874
phone_10875,acc_10875
phone_10876,acc_10876
phone_10877,acc_10877
phone_10878,acc_10878
phone_10879,acc_10879
phone_10880,acc_10880
phone_10881,acc_10881
phone_10882,acc_10882
phone_10883,acc_10883
phone_10884,acc_10884
phone_10885,acc_10885
phone_10886,acc_10886
phone_10887,acc_10887
phone_10888,acc_10888
phone_10889,acc_10889
phone_10890,acc_10890
phone_10891,acc_10891
phone_10892,acc_10892
phone_10893,acc_10893
phone_10894,acc_10894
phone_10895,acc_10895
phone_10896,acc_10896
phone_10897,acc_10897
phone_10898,acc_10898
phone_10899,acc_10899
phone_10900,acc_10900
phone_10901,acc_10901
phone_10902,acc_10902
phone_10903,acc_10903
phone_10904,acc_10904
phone_10905,acc_10905
phone_10906,acc_10906
phone_10907,acc_10907
phone_10908,acc_10908
phone_10909,acc_10909
phone_10910,acc_10910
phone_10911,acc_10911
phone_10912,acc_10912
phone_10913,acc_10913
phone_10914,acc_10914
phone_10915,acc_10915
phone_10916,acc_10916
phone_10917,acc_10917
phone_10918,acc_10918
phone_10919,acc_10919
phone_10920,acc_10920
phone_10921,acc_10921
phone_10922,acc_10922
phone_10923,acc_10923
phone_10924,acc_10924
phone_10925,acc_10925
phone_10926,acc_10926
phone_10927,acc_10927
phone_10928,acc_10928
phone_10929,acc_10929
phone_10930,acc_10930
phone_10931,acc_10931
phone_10932,acc_10932
phone_10933,acc_10933
phone_10934,acc_10934
phone_10935,acc_10935
phone_10936,acc_10936
phone_10937,acc_10937
phone_10938,acc_10938
phone_10939,acc_10939
phone_10940,acc_10940
phone_10941,acc_10941
phone_10942,acc_10942
phone_10943,acc_10943
phone_10944,acc_10944
phone_10945,acc_10945
phone_10946,acc_10946
phone_10947,acc_10947
phone_10948,acc_10948
phone_10949,acc_10949
phone_10950,acc_10950
phone_10951,acc_10951
phone_10952,acc_10952
phone_10953,acc_10953
phone_10954,acc_10954
phone_10955,acc_10955
phone_10956,acc_10956
phone_10957,acc_10957
phone_10958,acc_10958
phone_10959,acc_10959
phone_10960,acc_10960
phone_10961,acc_10961
phone_10962,acc_10962
phone_10963,acc_10963
phone_10964,acc_10964
phone_10965,acc_10965
phone_10966,acc_10966
phone_10967,acc_10967
phone_10968,acc_10968
phone_10969,acc_10969
phone_10970,acc_10970
phone_10971,acc_10971
phone_10972,acc_10972
phone_10973,acc_10973
phone_10974,acc_10974
phone_10975,acc_10975
phone_10976,acc_10976
phone_10977,acc_10977
phone_10978,acc_10978
phone_10979,acc_10979
phone_10980,acc_10980
phone_10981,acc_10981
phone_10982,acc_10982
phone_10983,acc_10983
phone_10984,acc_10984
phone_10985,acc_10985
phone_10986,acc_10986
phone_10987,acc_10987
phone_10988,acc_10988
phone_10989,acc_10989
phone_10990,acc_10990
phone_10991,acc_10991
phone_10992,acc_10992
phone_10993,acc_10993
phone_10994,acc_10994
phone_10995,acc_10995
phone_10996,acc_10996
phone_10997,acc_10997
phone_10998,acc_10998
phone_10999,acc_10999
phone_11000,acc_11000
phone_11001,acc_11001
phone_11002,acc_11002
phone_11003,acc_11003
phone_11004,acc_11004
phone_11005,acc_11005
phone_11006,acc_11006
phone_11007,acc_11007
phone_11008,acc_11008
phone_11009,acc_11009
phone_11010,acc_11010
phone_11011,acc_11011
phone_11012,acc_11012
phone_11013,acc_11013
phone_11014,acc_11014
phone_11015,acc_11015
phone_11016,acc_11016
phone_11017,acc_11017
phone_11018,acc_11018
phone_11019,acc_11019
phone_11020,acc_11020
phone_11021,acc_11021
phone_11022,acc_11022
phone_11023,acc_11023
phone_11024,acc_11024
phone_11025,acc_11025
phone_11026,acc_11026
phone_11027,acc_11027
phone_11028,acc_11028
phone_11029,acc_11029
phone_11030,acc_11030
phone_11031,acc_11031
phone_11032,acc_11032
phone_11033,acc_11033
phone_11034,acc_11034
phone_11035,acc_11035
phone_11036,acc_11036
phone_11037,acc_11037
phone_11038,acc_11038
phone_11039,acc_11039
phone_11040,acc_11040
phone_11041,acc_11041
phone_11042,acc_11042
phone_11043,acc_11043
phone_11044,acc_11044
phone_11045,acc_11045
phone_11046,acc_11046
phone_11047,acc_11047
phone_11048,acc_11048
phone_11049,acc_11049
phone_11050,acc_11050
phone_11051,acc_11051
phone_11052,acc_11052
phone_11053,acc_11053
phone_11054,acc_11054
phone_11055,acc_11055
phone_11056,acc_11056
phone_11057,acc_11057
phone_11058,acc_11058
phone_11059,acc_11059
phone_11060,acc_11060
phone_11061,acc_11061
phone_11062,acc_11062
phone_11063,acc_11063
phone_11064,acc_11064
phone_11065,acc_11065
phone_11066,acc_11066
phone_11067,acc_11067
phone_11068,acc_11068
phone_11069,acc_11069
phone_11070,acc_11070
phone_11071,acc_11071
phone_11072,acc_11072
phone_11073,acc_11073
phone_11074,acc_11074
phone_11075,acc_11075
phone_11076,acc_11076
phone_11077,acc_11077
phone_11078,acc_11078
phone_11079,acc_11079
phone_11080,acc_11080
phone_11081,acc_11081
phone_11082,acc_11082
phone_11083,acc_11083
phone_11084,acc_11084
phone_11085,acc_11085
phone_11086,acc_11086
phone_11087,acc_11087
phone_11088,acc_11088
phone_11089,acc_11089
phone_11090,acc_11090
phone_11091,acc_11091
phone_11092,acc_11092
phone_11093,acc_11093
phone_11094,acc_11094
phone_11095,acc_11095
phone_11096,acc_11096
phone_11097,acc_11097
phone_11098,acc_11098
phone_11099,acc_11099
phone_11100,acc_11100
phone_11101,acc_11101
phone_11102,acc_11102
phone_11103,acc_11103
phone_11104,acc_11104
phone_11105,acc_11105
phone_11106,acc_11106
phone_11107,acc_11107
phone_11108,acc_11108
phone_11109,acc_11109
phone_11110,acc_11110
phone_11111,acc_11111
phone_11112,acc_11112
phone_11113,acc_11113
phone_11114,acc_11114
phone_11115,acc_11115
phone_11116,acc_11116
phone_11117,acc_11117
phone_11118,acc_11118
phone_11119,acc_11119
phone_11120,acc_11120
phone_11121,acc_11121
phone_11122,acc_11122
phone_11123,acc_11123
phone_11124,acc_11124
phone_11125,acc_11125
phone_11126,acc_11126
phone_11127,acc_11127
phone_11128,acc_11128
phone_11129,acc_11129
phone_11130,acc_11130
phone_11131,acc_11131
phone_11132,acc_11132
phone_11133,acc_11133
phone_11134,acc_11134
phone_11135,acc_11135
phone_11136,acc_11136
phone_11137,acc_11137
phone_11138,acc_11138
phone_11139,acc_11139
phone_11140,acc_11140
phone_11141,acc_11141
phone_11142,acc_11142
phone_11143,acc_11143
phone_11144,acc_11144
phone_11145,acc_11145
phone_11146,acc_11146
phone_11147,acc_11147
phone_11148,acc_11148
phone_11149,acc_11149
phone_11150,acc_11150
phone_11151,acc_11151
phone_11152,acc_11152
phone_11153,acc_11153
phone_11154,acc_11154
phone_11155,acc_11155
phone_11156,acc_11156
phone_11157,acc_11157
phone_11158,acc_11158
phone_11159,acc_11159
phone_11160,acc_11160
phone_11161,acc_11161
phone_11162,acc_11162
phone_11163,acc_11163
phone_11164,acc_11164
phone_11165,acc_11165
phone_11166,acc_11166
phone_11167,acc_11167
phone_11168,acc_11168
phone_11169,acc_11169
phone_11170,acc_11170
phone_11171,acc_11171
phone_11172,acc_11172
phone_11173,acc_11173
phone_11174,acc_11174
phone_11175,acc_11175
phone_11176,acc_11176
phone_11177,acc_11177
phone_11178,acc_11178
phone_11179,acc_11179
phone_11180,acc_11180
phone_11181,acc_11181
phone_11182,acc_11182
phone_11183,acc_11183
phone_11184,acc_11184
phone_11185,acc_11185
phone_11186,acc_11186
phone_11187,acc_11187
phone_11188,acc_11188
phone_11189,acc_11189
phone_11190,acc_11190
phone_11191,acc_11191
phone_11192,acc_11192
phone_11193,acc_11193
phone_11194,acc_11194
phone_11195,acc_11195
phone_11196,acc_11196
phone_11197,acc_11197
phone_11198,acc_11198
phone_11199,acc_11199
phone_11200,acc_11200
phone_11201,acc_11201
phone_11202,acc_11202
phone_11203,acc_11203
phone_11204,acc_11204
phone_11205,acc_11205
phone_11206,acc_11206
phone_11207,acc_11207
phone_11208,acc_11208
phone_11209,acc_11209
phone_11210,acc_11210
phone_11211,acc_11211
phone_11212,acc_11212
phone_11213,acc_11213
phone_11214,acc_11214
phone_11215,acc_11215
phone_11216,acc_11216
phone_11217,acc_11217
phone_11218,acc_11218
phone_11219,acc_11219
phone_11220,acc_11220
phone_11221,acc_11221
phone_11222,acc_11222
phone_11223,acc_11223
phone_11224,acc_11224
phone_11225,acc_11225
phone_11226,acc_11226
phone_11227,acc_11227
phone_11228,acc_11228
phone_11229,acc_11229
phone_11230,acc_11230
phone_11231,acc_11231
phone_11232,acc_11232
phone_11233,acc_11233
phone_11234,acc_11234
phone_11235,acc_11235
phone_11236,acc_11236
phone_11237,acc_11237
phone_11238,acc_11238
phone_11239,acc_11239
phone_11240,acc_11240
phone_11241,acc_11241
phone_11242,acc_11242
phone_11243,acc_11243
phone_11244,acc_11244
phone_11245,acc_11245
phone_11246,acc_11246
phone_11247,acc_11247
phone_11248,acc_11248
phone_11249,acc_11249
phone_11250,acc_11250
phone_11251,acc_11251
phone_11252,acc_11252
phone_11253,acc_11253
phone_11254,acc_11254
phone_11255,acc_11255
phone_11256,acc_11256
phone_11257,acc_11257
phone_11258,acc_11258
phone_11259,acc_11259
phone_11260,acc_11260
phone_11261,acc_11261
phone_11262,acc_11262
phone_11263,acc_11263
phone_11264,acc_11264
phone_11265,acc_11265
phone_11266,acc_11266
phone_11267,acc_11267
phone_11268,acc_11268
phone_11269,acc_11269
phone_11270,acc_11270
phone_11271,acc_11271
phone_11272,acc_11272
phone_11273,acc_11273
phone_11274,acc_11274
phone_11275,acc_11275
phone_11276,acc_11276
phone_11277,acc_11277
phone_11278,acc_11278
phone_11279,acc_11279
phone_11280,acc_11280
phone_11281,acc_11281
phone_11282,acc_11282
phone_11283,acc_11283
phone_11284,acc_11284
phone_11285,acc_11285
phone_11286,acc_11286
phone_11287,acc_11287
phone_11288,acc_11288
phone_11289,acc_11289
phone_11290,acc_11290
phone_11291,acc_11291
phone_11292,acc_11292
phone_11293,acc_11293
phone_11294,acc_11294
phone_11295,acc_11295
phone_11296,acc_11296
phone_11297,acc_11297
phone_11298,acc_11298
phone_11299,acc_11299
phone_11300,acc_11300
phone_11301,acc_11301
phone_11302,acc_11302
phone_11303,acc_11303
phone_11304,acc_11304
phone_11305,acc_11305
phone_11306,acc_11306
phone_11307,acc_11307
phone_11308,acc_11308
phone_11309,acc_11309
phone_11310,acc_11310
phone_11311,acc_11311
phone_11312,acc_11312
phone_11313,acc_11313
phone_11314,acc_11314
phone_11315,acc_11315
phone_11316,acc_11316
phone_11317,acc_11317
phone_11318,acc_11318
phone_11319,acc_11319
phone_11320,acc_11320
phone_11321,acc_11321
phone_11322,acc_11322
phone_11323,acc_11323
phone_11324,acc_11324
phone_11325,acc_11325
phone_11326,acc_11326
phone_11327,acc_11327
phone_11328,acc_11328
phone_11329,acc_11329
phone_11330,acc_11330
phone_11331,acc_11331
phone_11332,acc_11332
phone_11333,acc_11333
phone_11334,acc_11334
phone_11335,acc_11335
phone_11336,acc_11336
phone_11337,acc_11337
phone_11338,acc_11338
phone_11339,acc_11339
phone_11340,acc_11340
phone_11341,acc_11341
phone_11342,acc_11342
phone_11343,acc_11343
phone_11344,acc_11344
phone_11345,acc_11345
phone_11346,acc_11346
phone_11347,acc_11347
phone_11348,acc_11348
phone_11349,acc_11349
phone_11350,acc_11350
phone_11351,acc_11351
phone_11352,acc_11352
phone_11353,acc_11353
phone_11354,acc_11354
phone_11355,acc_11355
phone_11356,acc_11356
phone_11357,acc_11357
phone_11358,acc_11358
phone_11359,acc_11359
phone_11360,acc_11360
phone_11361,acc_11361
phone_11362,acc_11362
phone_11363,acc_11363
phone_11364,acc_11364
phone_11365,acc_11365
phone_11366,acc_11366
phone_11367,acc_11367
phone_11368,acc_11368
phone_11369,acc_11369
phone_11370,acc_11370
phone_11371,acc_11371
phone_11372,acc_11372
phone_11373,acc_11373
phone_11374,acc_11374
phone_11375,acc_11375
phone_11376,acc_11376
phone_11377,acc_11377
phone_11378,acc_11378
phone_11379,acc_11379
phone_11380,acc_11380
phone_11381,acc_11381
phone_11382,acc_11382
phone_11383,acc_11383
phone_11384,acc_11384
phone_11385,acc_11385
phone_11386,acc_11386
phone_11387,acc_11387
phone_11388,acc_11388
phone_11389,acc_11389
phone_11390,acc_11390
phone_11391,acc_11391
phone_11392,acc_11392
phone_11393,acc_11393
phone_11394,acc_11394
phone_11395,acc_11395
phone_11396,acc_11396
phone_11397,acc_11397
phone_11398,acc_11398
phone_11399,acc_11399
phone_11400,acc_11400
phone_11401,acc_11401
phone_11402,acc_11402
phone_11403,acc_11403
phone_11404,acc_11404
phone_11405,acc_11405
phone_11406,acc_11406
phone_11407,acc_11407
phone_11408,acc_11408
phone_11409,acc_11409
phone_11410,acc_11410
phone_11411,acc_11411
phone_11412,acc_11412
phone_11413,acc_11413
phone_11414,acc_11414
phone_11415,acc_11415
phone_11416,acc_11416
phone_11417,acc_11417
phone_11418,acc_11418
phone_11419,acc_11419
phone_11420,acc_11420
phone_11421,acc_11421
phone_11422,acc_11422
phone_11423,acc_11423
phone_11424,acc_11424
phone_11425,acc_11425
phone_11426,acc_11426
phone_11427,acc_11427
phone_11428,acc_11428
phone_11429,acc_11429
phone_11430,acc_11430
phone_11431,acc_11431
phone_11432,acc_11432
phone_11433,acc_11433
phone_11434,acc_11434
phone_11435,acc_11435
phone_11436,acc_11436
phone_11437,acc_11437
phone_11438,acc_11438
phone_11439,acc_11439
phone_11440,acc_11440
phone_11441,acc_11441
phone_11442,acc_11442
phone_11443,acc_11443
phone_11444,acc_11444
phone_11445,acc_11445
phone_11446,acc_11446
phone_11447,acc_11447
phone_11448,acc_11448
phone_11449,acc_11449
phone_11450,acc_11450
phone_11451,acc_11451
phone_11452,acc_11452
phone_11453,acc_11453
phone_11454,acc_11454
phone_11455,acc_11455
phone_11456,acc_11456
phone_11457,acc_11457
phone_11458,acc_11458
phone_11459,acc_11459
phone_11460,acc_11460
phone_11461,acc_11461
phone_11462,acc_11462
phone_11463,acc_11463
phone_11464,acc_11464
phone_11465,acc_11465
phone_11466,acc_11466
phone_11467,acc_11467
phone_11468,acc_11468
phone_11469,acc_11469
phone_11470,acc_11470
phone_11471,acc_11471
phone_11472,acc_11472
phone_11473,acc_11473
phone_11474,acc_11474
phone_11475,acc_11475
phone_11476,acc_11476
phone_11477,acc_11477
phone_11478,acc_11478
phone_11479,acc_11479
phone_11480,acc_11480
phone_11481,acc_11481
phone_11482,acc_11482
phone_11483,acc_11483
phone_11484,acc_11484
phone_11485,acc_11485
phone_11486,acc_11486
phone_11487,acc_11487
phone_11488,acc_11488
phone_11489,acc_11489
phone_11490,acc_11490
phone_11491,acc_11491
phone_11492,acc_11492
phone_11493,acc_11493
phone_11494,acc_11494
phone_11495,acc_11495
phone_11496,acc_11496
phone_11497,acc_11497
phone_11498,acc_11498
phone_11499,acc_11499
phone_11500,acc_11500
phone_11501,acc_11501
phone_11502,acc_11502
phone_11503,acc_11503
phone_11504,acc_11504
phone_11505,acc_11505
phone_11506,acc_11506
phone_11507,acc_11507
phone_11508,acc_11508
phone_11509,acc_11509
phone_11510,acc_11510
phone_11511,acc_11511
phone_11512,acc_11512
phone_11513,acc_11513
phone_11514,acc_11514
phone_11515,acc_11515
phone_11516,acc_11516
phone_11517,acc_11517
phone_11518,acc_11518
phone_11519,acc_11519
phone_11520,acc_11520
phone_11521,acc_11521
phone_11522,acc_11522
phone_11523,acc_11523
phone_11524,acc_11524
phone_11525,acc_11525
phone_11526,acc_11526
phone_11527,acc_11527
phone_11528,acc_11528
phone_11529,acc_11529
phone_11530,acc_11530
phone_11531,acc_11531
phone_11532,acc_11532
phone_11533,acc_11533
phone_11534,acc_11534
phone_11535,acc_11535
phone_11536,acc_11536
phone_11537,acc_11537
phone_11538,acc_11538
phone_11539,acc_11539
phone_11540,acc_11540
phone_11541,acc_11541
phone_11542,acc_11542
phone_11543,acc_11543
phone_11544,acc_11544
phone_11545,acc_11545
phone_11546,acc_11546
phone_11547,acc_11547
phone_11548,acc_11548
phone_11549,acc_11549
phone_11550,acc_11550
phone_11551,acc_11551
phone_11552,acc_11552
phone_11553,acc_11553
phone_11554,acc_11554
phone_11555,acc_11555
phone_11556,acc_11556
phone_11557,acc_11557
phone_11558,acc_11558
phone_11559,acc_11559
phone_11560,acc_11560
phone_11561,acc_11561
phone_11562,acc_11562
phone_11563,acc_11563
phone_11564,acc_11564
phone_11565,acc_11565
phone_11566,acc_11566
phone_11567,acc_11567
phone_11568,acc_11568
phone_11569,acc_11569
phone_11570,acc_11570
phone_11571,acc_11571
phone_11572,acc_11572
phone_11573,acc_11573
phone_11574,acc_11574
phone_11575,acc_11575
phone_11576,acc_11576
phone_11577,acc_11577
phone_11578,acc_11578
phone_11579,acc_11579
phone_11580,acc_11580
phone_11581,acc_11581
phone_11582,acc_11582
phone_11583,acc_11583
phone_11584,acc_11584
phone_11585,acc_11585
phone_11586,acc_11586
phone_11587,acc_11587
phone_11588,acc_11588
phone_11589,acc_11589
phone_11590,acc_11590
phone_11591,acc_11591
phone_11592,acc_11592
phone_11593,acc_11593
phone_11594,acc_11594
phone_11595,acc_11595
phone_11596,acc_11596
phone_11597,acc_11597
phone_11598,acc_11598
phone_11599,acc_11599
phone_11600,acc_11600
phone_11601,acc_11601
phone_11602,acc_11602
phone_11603,acc_11603
phone_11604,acc_11604
phone_11605,acc_11605
phone_11606,acc_11606
phone_11607,acc_11607
phone_11608,acc_11608
phone_11609,acc_11609
phone_11610,acc_11610
phone_11611,acc_11611
phone_11612,acc_11612
phone_11613,acc_11613
phone_11614,acc_11614
phone_11615,acc_11615
phone_11616,acc_11616
phone_11617,acc_11617
phone_11618,acc_11618
phone_11619,acc_11619
phone_11620,acc_11620
phone_11621,acc_11621
phone_11622,acc_11622
phone_11623,acc_11623
phone_11624,acc_11624
phone_11625,acc_11625
phone_11626,acc_11626
phone_11627,acc_11627
phone_11628,acc_11628
phone_11629,acc_11629
phone_11630,acc_11630
phone_11631,acc_11631
phone_11632,acc_11632
phone_11633,acc_11633
phone_11634,acc_11634
phone_11635,acc_11635
phone_11636,acc_11636
phone_11637,acc_11637
phone_11638,acc_11638
phone_11639,acc_11639
phone_11640,acc_11640
phone_11641,acc_11641
phone_11642,acc_11642
phone_11643,acc_11643
phone_11644,acc_11644
phone_11645,acc_11645
phone_11646,acc_11646
phone_11647,acc_11647
phone_11648,acc_11648
phone_11649,acc_11649
phone_11650,acc_11650
phone_11651,acc_11651
phone_11652,acc_11652
phone_11653,acc_11653
phone_11654,acc_11654
phone_11655,acc_11655
phone_11656,acc_11656
phone_11657,acc_11657
phone_11658,acc_11658
phone_11659,acc_11659
phone_11660,acc_11660
phone_11661,acc_11661
phone_11662,acc_11662
phone_11663,acc_11663
phone_11664,acc_11664
phone_11665,acc_11665
phone_11666,acc_11666
phone_11667,acc_11667
phone_11668,acc_11668
phone_11669,acc_11669
phone_11670,acc_11670
phone_11671,acc_11671
phone_11672,acc_11672
phone_11673,acc_11673
phone_11674,acc_11674
phone_11675,acc_11675
phone_11676,acc_11676
phone_11677,acc_11677
phone_11678,acc_11678
phone_11679,acc_11679
phone_11680,acc_11680
phone_11681,acc_11681
phone_11682,acc_11682
phone_11683,acc_11683
phone_11684,acc_11684
phone_11685,acc_11685
phone_11686,acc_11686
phone_11687,acc_11687
phone_11688,acc_11688
phone_11689,acc_11689
phone_11690,acc_11690
phone_11691,acc_11691
phone_11692,acc_11692
phone_11693,acc_11693
phone_11694,acc_11694
phone_11695,acc_11695
phone_11696,acc_11696
phone_11697,acc_11697
phone_11698,acc_11698
phone_11699,acc_11699
phone_11700,acc_11700
phone_11701,acc_11701
phone_11702,acc_11702
phone_11703,acc_11703
phone_11704,acc_11704
phone_11705,acc_11705
phone_11706,acc_11706
phone_11707,acc_11707
phone_11708,acc_11708
phone_11709,acc_11709
phone_11710,acc_11710
phone_11711,acc_11711
phone_11712,acc_11712
phone_11713,acc_11713
phone_11714,acc_11714
phone_11715,acc_11715
phone_11716,acc_11716
phone_11717,acc_11717
phone_11718,acc_11718
phone_11719,acc_11719
phone_11720,acc_11720
phone_11721,acc_11721
phone_11722,acc_11722
phone_11723,acc_11723
phone_11724,acc_11724
phone_11725,acc_11725
phone_11726,acc_11726
phone_11727,acc_11727
phone_11728,acc_11728
phone_11729,acc_11729
phone_11730,acc_11730
phone_11731,acc_11731
phone_11732,acc_11732
phone_11733,acc_11733
phone_11734,acc_11734
phone_11735,acc_11735
phone_11736,acc_11736
phone_11737,acc_11737
phone_11738,acc_11738
phone_11739,acc_11739
phone_11740,acc_11740
phone_11741,acc_11741
phone_11742,acc_11742
phone_11743,acc_11743
phone_11744,acc_11744
phone_11745,acc_11745
phone_11746,acc_11746
phone_11747,acc_11747
phone_11748,acc_11748
phone_11749,acc_11749
phone_11750,acc_11750
phone_11751,acc_11751
phone_11752,acc_11752
phone_11753,acc_11753
phone_11754,acc_11754
phone_11755,acc_11755
phone_11756,acc_11756
phone_11757,acc_11757
phone_11758,acc_11758
phone_11759,acc_11759
phone_11760,acc_11760
phone_11761,acc_11761
phone_11762,acc_11762
phone_11763,acc_11763
phone_11764,acc_11764
phone_11765,acc_11765
phone_11766,acc_11766
phone_11767,acc_11767
phone_11768,acc_11768
phone_11769,acc_11769
phone_11770,acc_11770
phone_11771,acc_11771
phone_11772,acc_11772
phone_11773,acc_11773
phone_11774,acc_11774
phone_11775,acc_11775
phone_11776,acc_11776
phone_11777,acc_11777
phone_11778,acc_11778
phone_11779,acc_11779
phone_11780,acc_11780
phone_11781,acc_11781
phone_11782,acc_11782
phone_11783,acc_11783
phone_11784,acc_11784
phone_11785,acc_11785
phone_11786,acc_11786
phone_11787,acc_11787
phone_11788,acc_11788
phone_11789,acc_11789
phone_11790,acc_11790
phone_11791,acc_11791
phone_11792,acc_11792
phone_11793,acc_11793
phone_11794,acc_11794
phone_11795,acc_11795
phone_11796,acc_11796
phone_11797,acc_11797
phone_11798,acc_11798
phone_11799,acc_11799
phone_11800,acc_11800
phone_11801,acc_11801
phone_11802,acc_11802
phone_11803,acc_11803
phone_11804,acc_11804
phone_11805,acc_11805
phone_11806,acc_11806
phone_11807,acc_11807
phone_11808,acc_11808
phone_11809,acc_11809
phone_11810,acc_11810
phone_11811,acc_11811
phone_11812,acc_11812
phone_11813,acc_11813
phone_11814,acc_11814
phone_11815,acc_11815
phone_11816,acc_11816
phone_11817,acc_11817
phone_11818,acc_11818
phone_11819,acc_11819
phone_11820,acc_11820
phone_11821,acc_11821
phone_11822,acc_11822
phone_11823,acc_11823
phone_11824,acc_11824
phone_11825,acc_11825
phone_11826,acc_11826
phone_11827,acc_11827
phone_11828,acc_11828
phone_11829,acc_11829
phone_11830,acc_11830
phone_11831,acc_11831
phone_11832,acc_11832
phone_11833,acc_11833
phone_11834,acc_11834
phone_11835,acc_11835
phone_11836,acc_11836
phone_11837,acc_11837
phone_11838,acc_11838
phone_11839,acc_11839
phone_11840,acc_11840
phone_11841,acc_11841
phone_11842,acc_11842
phone_11843,acc_11843
phone_11844,acc_11844
phone_11845,acc_11845
phone_11846,acc_11846
phone_11847,acc_11847
phone_11848,acc_11848
phone_11849,acc_11849
phone_11850,acc_11850
phone_11851,acc_11851
phone_11852,acc_11852
phone_11853,acc_11853
phone_11854,acc_11854
phone_11855,acc_11855
phone_11856,acc_11856
phone_11857,acc_11857
phone_11858,acc_11858
phone_11859,acc_11859
phone_11860,acc_11860
phone_11861,acc_11861
phone_11862,acc_11862
phone_11863,acc_11863
phone_11864,acc_11864
phone_11865,acc_11865
phone_11866,acc_11866
phone_11867,acc_11867
phone_11868,acc_11868
phone_11869,acc_11869
phone_11870,acc_11870
phone_11871,acc_11871
phone_11872,acc_11872
phone_11873,acc_11873
phone_11874,acc_11874
phone_11875,acc_11875
phone_11876,acc_11876
phone_11877,acc_11877
phone_11878,acc_11878
phone_11879,acc_11879
phone_11880,acc_11880
phone_11881,acc_11881
phone_11882,acc_11882
phone_11883,acc_11883
phone_11884,acc_11884
phone_11885,acc_11885
phone_11886,acc_11886
phone_11887,acc_11887
phone_11888,acc_11888
phone_11889,acc_11889
phone_11890,acc_11890
phone_11891,acc_11891
phone_11892,acc_11892
phone_11893,acc_11893
phone_11894,acc_11894
phone_11895,acc_11895
phone_11896,acc_11896
phone_11897,acc_11897
phone_11898,acc_11898
phone_11899,acc_11899
phone_11900,acc_11900
phone_11901,acc_11901
phone_11902,acc_11902
phone_11903,acc_11903
phone_11904,acc_11904
phone_11905,acc_11905
phone_11906,acc_11906
phone_11907,acc_11907
phone_11908,acc_11908
phone_11909,acc_11909
phone_11910,acc_11910
phone_11911,acc_11911
phone_11912,acc_11912
phone_11913,acc_11913
phone_11914,acc_11914
phone_11915,acc_11915
phone_11916,acc_11916
phone_11917,acc_11917
phone_11918,acc_11918
phone_11919,acc_11919
phone_11920,acc_11920
phone_11921,acc_11921
phone_11922,acc_11922
phone_11923,acc_11923
phone_11924,acc_11924
phone_11925,acc_11925
phone_11926,acc_11926
phone_11927,acc_11927
phone_11928,acc_11928
phone_11929,acc_11929
phone_11930,acc_11930
phone_11931,acc_11931
phone_11932,acc_11932
phone_11933,acc_11933
phone_11934,acc_11934
phone_11935,acc_11935
phone_11936,acc_11936
phone_11937,acc_11937
phone_11938,acc_11938
phone_11939,acc_11939
phone_11940,acc_11940
phone_11941,acc_11941
phone_11942,acc_11942
phone_11943,acc_11943
phone_11944,acc_11944
phone_11945,acc_11945
phone_11946,acc_11946
phone_11947,acc_11947
phone_11948,acc_11948
phone_11949,acc_11949
phone_11950,acc_11950
phone_11951,acc_11951
phone_11952,acc_11952
phone_11953,acc_11953
phone_11954,acc_11954
phone_11955,acc_11955
phone_11956,acc_11956
phone_11957,acc_11957
phone_11958,acc_11958
phone_11959,acc_11959
phone_11960,acc_11960
phone_11961,acc_11961
phone_11962,acc_11962
phone_11963,acc_11963
phone_11964,acc_11964
phone_11965,acc_11965
phone_11966,acc_11966
phone_11967,acc_11967
phone_11968,acc_11968
phone_11969,acc_11969
phone_11970,acc_11970
phone_11971,acc_11971
phone_11972,acc_11972
phone_11973,acc_11973
phone_11974,acc_11974
phone_11975,acc_11975
phone_11976,acc_11976
phone_11977,acc_11977
phone_11978,acc_11978
phone_11979,acc_11979
phone_11980,acc_11980
phone_11981,acc_11981
phone_11982,acc_11982
phone_11983,acc_11983
phone_11984,acc_11984
phone_11985,acc_11985
phone_11986,acc_11986
phone_11987,acc_11987
phone_11988,acc_11988
phone_11989,acc_11989
phone_11990,acc_11990
phone_11991,acc_11991
phone_11992,acc_11992
phone_11993,acc_11993
phone_11994,acc_11994
phone_11995,acc_11995
phone_11996,acc_11996
phone_11997,acc_11997
phone_11998,acc_11998
phone_11999,acc_11999
phone_12000,acc_12000
phone_12001,acc_12001
phone_12002,acc_12002
phone_12003,acc_12003
phone_12004,acc_12004
phone_12005,acc_12005
phone_12006,acc_12006
phone_12007,acc_12007
phone_12008,acc_12008
phone_12009,acc_12009
phone_12010,acc_12010
phone_12011,acc_12011
phone_12012,acc_12012
phone_12013,acc_12013
phone_12014,acc_12014
phone_12015,acc_12015
phone_12016,acc_12016
phone_12017,acc_12017
phone_12018,acc_12018
phone_12019,acc_12019
phone_12020,acc_12020
phone_12021,acc_12021
phone_12022,acc_12022
phone_12023,acc_12023
phone_12024,acc_12024
phone_12025,acc_12025
phone_12026,acc_12026
phone_12027,acc_12027
phone_12028,acc_12028
phone_12029,acc_12029
phone_12030,acc_12030
phone_12031,acc_12031
phone_12032,acc_12032
phone_12033,acc_12033
phone_12034,acc_12034
phone_12035,acc_12035
phone_12036,acc_12036
phone_12037,acc_12037
phone_12038,acc_12038
phone_12039,acc_12039
phone_12040,acc_12040
phone_12041,acc_12041
phone_12042,acc_12042
phone_12043,acc_12043
phone_12044,acc_12044
phone_12045,acc_12045
phone_12046,acc_12046
phone_12047,acc_12047
phone_12048,acc_12048
phone_12049,acc_12049
phone_12050,acc_12050
phone_12051,acc_12051
phone_12052,acc_12052
phone_12053,acc_12053
phone_12054,acc_12054
phone_12055,acc_12055
phone_12056,acc_12056
phone_12057,acc_12057
phone_12058,acc_12058
phone_12059,acc_12059
phone_12060,acc_12060
phone_12061,acc_12061
phone_12062,acc_12062
phone_12063,acc_12063
phone_12064,acc_12064
phone_12065,acc_12065
phone_12066,acc_12066
phone_12067,acc_12067
phone_12068,acc_12068
phone_12069,acc_12069
phone_12070,acc_12070
phone_12071,acc_12071
phone_12072,acc_12072
phone_12073,acc_12073
phone_12074,acc_12074
phone_12075,acc_12075
phone_12076,acc_12076
phone_12077,acc_12077
phone_12078,acc_12078
phone_12079,acc_12079
phone_12080,acc_12080
phone_12081,acc_12081
phone_12082,acc_12082
phone_12083,acc_12083
phone_12084,acc_12084
phone_12085,acc_12085
phone_12086,acc_12086
phone_12087,acc_12087
phone_12088,acc_12088
phone_12089,acc_12089
phone_12090,acc_12090
phone_12091,acc_12091
phone_12092,acc_12092
phone_12093,acc_12093
phone_12094,acc_12094
phone_12095,acc_12095
phone_12096,acc_12096
phone_12097,acc_12097
phone_12098,acc_12098
phone_12099,acc_12099
phone_12100,acc_12100
phone_12101,acc_12101
phone_12102,acc_12102
phone_12103,acc_12103
phone_12104,acc_12104
phone_12105,acc_12105
phone_12106,acc_12106
phone_12107,acc_12107
phone_12108,acc_12108
phone_12109,acc_12109
phone_12110,acc_12110
phone_12111,acc_12111
phone_12112,acc_12112
phone_12113,acc_12113
phone_12114,acc_12114
phone_12115,acc_12115
phone_12116,acc_12116
phone_12117,acc_12117
phone_12118,acc_12118
phone_12119,acc_12119
phone_12120,acc_12120
phone_12121,acc_12121
phone_12122,acc_12122
phone_12123,acc_12123
phone_12124,acc_12124
phone_12125,acc_12125
phone_12126,acc_12126
phone_12127,acc_12127
phone_12128,acc_12128
phone_12129,acc_12129
phone_12130,acc_12130
phone_12131,acc_12131
phone_12132,acc_12132
phone_12133,acc_12133
phone_12134,acc_12134
phone_12135,acc_12135
phone_12136,acc_12136
phone_12137,acc_12137
phone_12138,acc_12138
phone_12139,acc_12139
phone_12140,acc_12140
phone_12141,acc_12141
phone_12142,acc_12142
phone_12143,acc_12143
phone_12144,acc_12144
phone_12145,acc_12145
phone_12146,acc_12146
phone_12147,acc_12147
phone_12148,acc_12148
phone_12149,acc_12149
phone_12150,acc_12150
phone_12151,acc_12151
phone_12152,acc_12152
phone_12153,acc_12153
phone_12154,acc_12154
phone_12155,acc_12155
phone_12156,acc_12156
phone_12157,acc_12157
phone_12158,acc_12158
phone_12159,acc_12159
phone_12160,acc_12160
phone_12161,acc_12161
phone_12162,acc_12162
phone_12163,acc_12163
phone_12164,acc_12164
phone_12165,acc_12165
phone_12166,acc_12166
phone_12167,acc_12167
phone_12168,acc_12168
phone_12169,acc_12169
phone_12170,acc_12170
phone_12171,acc_12171
phone_12172,acc_12172
phone_12173,acc_12173
phone_12174,acc_12174
phone_12175,acc_12175
phone_12176,acc_12176
phone_12177,acc_12177
phone_12178,acc_12178
phone_12179,acc_12179
phone_12180,acc_12180
phone_12181,acc_12181
phone_12182,acc_12182
phone_12183,acc_12183
phone_12184,acc_12184
phone_12185,acc_12185
phone_12186,acc_12186
phone_12187,acc_12187
phone_12188,acc_12188
phone_12189,acc_12189
phone_12190,acc_12190
phone_12191,acc_12191
phone_12192,acc_12192
phone_12193,acc_12193
phone_12194,acc_12194
phone_12195,acc_12195
phone_12196,acc_12196
phone_12197,acc_12197
phone_12198,acc_12198
phone_12199,acc_12199
phone_12200,acc_12200
phone_12201,acc_12201
phone_12202,acc_12202
phone_12203,acc_12203
phone_12204,acc_12204
phone_12205,acc_12205
phone_12206,acc_12206
phone_12207,acc_12207
phone_12208,acc_12208
phone_12209,acc_12209
phone_12210,acc_12210
phone_12211,acc_12211
phone_12212,acc_12212
phone_12213,acc_12213
phone_12214,acc_12214
phone_12215,acc_12215
phone_12216,acc_12216
phone_12217,acc_12217
phone_12218,acc_12218
phone_12219,acc_12219
phone_12220,acc_12220
phone_12221,acc_12221
phone_12222,acc_12222
phone_12223,acc_12223
phone_12224,acc_12224
phone_12225,acc_12225
phone_12226,acc_12226
phone_12227,acc_12227
phone_12228,acc_12228
phone_12229,acc_12229
phone_12230,acc_12230
phone_12231,acc_12231
phone_12232,acc_12232
phone_12233,acc_12233
phone_12234,acc_12234
phone_12235,acc_12235
phone_12236,acc_12236
phone_12237,acc_12237
phone_12238,acc_12238
phone_12239,acc_12239
phone_12240,acc_12240
phone_12241,acc_12241
phone_12242,acc_12242
phone_12243,acc_12243
phone_12244,acc_12244
phone_12245,acc_12245
phone_12246,acc_12246
phone_12247,acc_12247
phone_12248,acc_12248
phone_12249,acc_12249
phone_12250,acc_12250
phone_12251,acc_12251
phone_12252,acc_12252
phone_12253,acc_12253
phone_12254,acc_12254
phone_12255,acc_12255
phone_12256,acc_12256
phone_12257,acc_12257
phone_12258,acc_12258
phone_12259,acc_12259
phone_12260,acc_12260
phone_12261,acc_12261
phone_12262,acc_12262
phone_12263,acc_12263
phone_12264,acc_12264
phone_12265,acc_12265
phone_12266,acc_12266
phone_12267,acc_12267
phone_12268,acc_12268
phone_12269,acc_12269
phone_12270,acc_12270
phone_12271,acc_12271
phone_12272,acc_12272
phone_12273,acc_12273
phone_12274,acc_12274
phone_12275,acc_12275
phone_12276,acc_12276
phone_12277,acc_12277
phone_12278,acc_12278
phone_12279,acc_12279
phone_12280,acc_12280
phone_12281,acc_12281
phone_12282,acc_12282
phone_12283,acc_12283
phone_12284,acc_12284
phone_12285,acc_12285
phone_12286,acc_12286
phone_12287,acc_12287
phone_12288,acc_12288
phone_12289,acc_12289
phone_12290,acc_12290
phone_12291,acc_12291
phone_12292,acc_12292
phone_12293,acc_12293
phone_12294,acc_12294
phone_12295,acc_12295
phone_12296,acc_12296
phone_12297,acc_12297
phone_12298,acc_12298
phone_12299,acc_12299
phone_12300,acc_12300
phone_12301,acc_12301
phone_12302,acc_12302
phone_12303,acc_12303
phone_12304,acc_12304
phone_12305,acc_12305
phone_12306,acc_12306
phone_12307,acc_12307
phone_12308,acc_12308
phone_12309,acc_12309
phone_12310,acc_12310
phone_12311,acc_12311
phone_12312,acc_12312
phone_12313,acc_12313
phone_12314,acc_12314
phone_12315,acc_12315
phone_12316,acc_12316
phone_12317,acc_12317
phone_12318,acc_12318
phone_12319,acc_12319
phone_12320,acc_12320
phone_12321,acc_12321
phone_12322,acc_12322
phone_12323,acc_12323
phone_12324,acc_12324
phone_12325,acc_12325
phone_12326,acc_12326
phone_12327,acc_12327
phone_12328,acc_12328
phone_12329,acc_12329
phone_12330,acc_12330
phone_12331,acc_12331
phone_12332,acc_12332
phone_12333,acc_12333
phone_12334,acc_12334
phone_12335,acc_12335
phone_12336,acc_12336
phone_12337,acc_12337
phone_12338,acc_12338
phone_12339,acc_12339
phone_12340,acc_12340
phone_12341,acc_12341
phone_12342,acc_12342
phone_12343,acc_12343
phone_12344,acc_12344
phone_12345,acc_12345
phone_12346,acc_12346
phone_12347,acc_12347
phone_12348,acc_12348
phone_12349,acc_12349
phone_12350,acc_12350
phone_12351,acc_12351
phone_12352,acc_12352
phone_12353,acc_12353
phone_12354,acc_12354
phone_12355,acc_12355
phone_12356,acc_12356
phone_12357,acc_12357
phone_12358,acc_12358
phone_12359,acc_12359
phone_12360,acc_12360
phone_12361,acc_12361
phone_12362,acc_12362
phone_12363,acc_12363
phone_12364,acc_12364
phone_12365,acc_12365
phone_12366,acc_12366
phone_12367,acc_12367
phone_12368,acc_12368
phone_12369,acc_12369
phone_12370,acc_12370
phone_12371,acc_12371
phone_12372,acc_12372
phone_12373,acc_12373
phone_12374,acc_12374
phone_12375,acc_12375
phone_12376,acc_12376
phone_12377,acc_12377
phone_12378,acc_12378
phone_12379,acc_12379
phone_12380,acc_12380
phone_12381,acc_12381
phone_12382,acc_12382
phone_12383,acc_12383
phone_12384,acc_12384
phone_12385,acc_12385
phone_12386,acc_12386
phone_12387,acc_12387
phone_12388,acc_12388
phone_12389,acc_12389
phone_12390,acc_12390
phone_12391,acc_12391
phone_12392,acc_12392
phone_12393,acc_12393
phone_12394,acc_12394
phone_12395,acc_12395
phone_12396,acc_12396
phone_12397,acc_12397
phone_12398,acc_12398
phone_12399,acc_12399
phone_12400,acc_12400
phone_12401,acc_12401
phone_12402,acc_12402
phone_12403,acc_12403
phone_12404,acc_12404
phone_12405,acc_12405
phone_12406,acc_12406
phone_12407,acc_12407
phone_12408,acc_12408
phone_12409,acc_12409
phone_12410,acc_12410
phone_12411,acc_12411
phone_12412,acc_12412
phone_12413,acc_12413
phone_12414,acc_12414
phone_12415,acc_12415
phone_12416,acc_12416
phone_12417,acc_12417
phone_12418,acc_12418
phone_12419,acc_12419
phone_12420,acc_12420
phone_12421,acc_12421
phone_12422,acc_12422
phone_12423,acc_12423
phone_12424,acc_12424
phone_12425,acc_12425
phone_12426,acc_12426
phone_12427,acc_12427
phone_12428,acc_12428
phone_12429,acc_12429
phone_12430,acc_12430
phone_12431,acc_12431
phone_12432,acc_12432
phone_12433,acc_12433
phone_12434,acc_12434
phone_12435,acc_12435
phone_12436,acc_12436
phone_12437,acc_12437
phone_12438,acc_12438
phone_12439,acc_12439
phone_12440,acc_12440
phone_12441,acc_12441
phone_12442,acc_12442
phone_12443,acc_12443
phone_12444,acc_12444
phone_12445,acc_12445
phone_12446,acc_12446
phone_12447,acc_12447
phone_12448,acc_12448
phone_12449,acc_12449
phone_12450,acc_12450
phone_12451,acc_12451
phone_12452,acc_12452
phone_12453,acc_12453
phone_12454,acc_12454
phone_12455,acc_12455
phone_12456,acc_12456
phone_12457,acc_12457
phone_12458,acc_12458
phone_12459,acc_12459
phone_12460,acc_12460
phone_12461,acc_12461
phone_12462,acc_12462
phone_12463,acc_12463
phone_12464,acc_12464
phone_12465,acc_12465
phone_12466,acc_12466
phone_12467,acc_12467
phone_12468,acc_12468
phone_12469,acc_12469
phone_12470,acc_12470
phone_12471,acc_12471
phone_12472,acc_12472
phone_12473,acc_12473
phone_12474,acc_12474
phone_12475,acc_12475
phone_12476,acc_12476
phone_12477,acc_12477
phone_12478,acc_12478
phone_12479,acc_12479
phone_12480,acc_12480
phone_12481,acc_12481
phone_12482,acc_12482
phone_12483,acc_12483
phone_12484,acc_12484
phone_12485,acc_12485
phone_12486,acc_12486
phone_12487,acc_12487
phone_12488,acc_12488
phone_12489,acc_12489
phone_12490,acc_12490
phone_12491,acc_12491
phone_12492,acc_12492
phone_12493,acc_12493
phone_12494,acc_12494
phone_12495,acc_12495
phone_12496,acc_12496
phone_12497,acc_12497
phone_12498,acc_12498
phone_12499,acc_12499
phone_12500,acc_12500
phone_12501,acc_12501
phone_12502,acc_12502
phone_12503,acc_12503
phone_12504,acc_12504
phone_12505,acc_12505
phone_12506,acc_12506
phone_12507,acc_12507
phone_12508,acc_12508
phone_12509,acc_12509
phone_12510,acc_12510
phone_12511,acc_12511
phone_12512,acc_12512
phone_12513,acc_12513
phone_12514,acc_12514
phone_12515,acc_12515
phone_12516,acc_12516
phone_12517,acc_12517
phone_12518,acc_12518
phone_12519,acc_12519
phone_12520,acc_12520
phone_12521,acc_12521
phone_12522,acc_12522
phone_12523,acc_12523
phone_12524,acc_12524
phone_12525,acc_12525
phone_12526,acc_12526
phone_12527,acc_12527
phone_12528,acc_12528
phone_12529,acc_12529
phone_12530,acc_12530
phone_12531,acc_12531
phone_12532,acc_12532
phone_12533,acc_12533
phone_12534,acc_12534
phone_12535,acc_12535
phone_12536,acc_12536
phone_12537,acc_12537
phone_12538,acc_12538
phone_12539,acc_12539
phone_12540,acc_12540
phone_12541,acc_12541
phone_12542,acc_12542
phone_12543,acc_12543
phone_12544,acc_12544
phone_12545,acc_12545
phone_12546,acc_12546
phone_12547,acc_12547
phone_12548,acc_12548
phone_12549,acc_12549
phone_12550,acc_12550
phone_12551,acc_12551
phone_12552,acc_12552
phone_12553,acc_12553
phone_12554,acc_12554
phone_12555,acc_12555
phone_12556,acc_12556
phone_12557,acc_12557
phone_12558,acc_12558
phone_12559,acc_12559
phone_12560,acc_12560
phone_12561,acc_12561
phone_12562,acc_12562
phone_12563,acc_12563
phone_12564,acc_12564
phone_12565,acc_12565
phone_12566,acc_12566
phone_12567,acc_12567
phone_12568,acc_12568
phone_12569,acc_12569
phone_12570,acc_12570
phone_12571,acc_12571
phone_12572,acc_12572
phone_12573,acc_12573
phone_12574,acc_12574
phone_12575,acc_12575
phone_12576,acc_12576
phone_12577,acc_12577
phone_12578,acc_12578
phone_12579,acc_12579
phone_12580,acc_12580
phone_12581,acc_12581
phone_12582,acc_12582
phone_12583,acc_12583
phone_12584,acc_12584
phone_12585,acc_12585
phone_12586,acc_12586
phone_12587,acc_12587
phone_12588,acc_12588
phone_12589,acc_12589
phone_12590,acc_12590
phone_12591,acc_12591
phone_12592,acc_12592
phone_12593,acc_12593
phone_12594,acc_12594
phone_12595,acc_12595
phone_12596,acc_12596
phone_12597,acc_12597
phone_12598,acc_12598
phone_12599,acc_12599
phone_12600,acc_12600
phone_12601,acc_12601
phone_12602,acc_12602
phone_12603,acc_12603
phone_12604,acc_12604
phone_12605,acc_12605
phone_12606,acc_12606
phone_12607,acc_12607
phone_12608,acc_12608
phone_12609,acc_12609
phone_12610,acc_12610
phone_12611,acc_12611
phone_12612,acc_12612
phone_12613,acc_12613
phone_12614,acc_12614
phone_12615,acc_12615
phone_12616,acc_12616
phone_12617,acc_12617
phone_12618,acc_12618
phone_12619,acc_12619
phone_12620,acc_12620
phone_12621,acc_12621
phone_12622,acc_12622
phone_12623,acc_12623
phone_12624,acc_12624
phone_12625,acc_12625
phone_12626,acc_12626
phone_12627,acc_12627
phone_12628,acc_12628
phone_12629,acc_12629
phone_12630,acc_12630
phone_12631,acc_12631
phone_12632,acc_12632
phone_12633,acc_12633
phone_12634,acc_12634
phone_12635,acc_12635
phone_12636,acc_12636
phone_12637,acc_12637
phone_12638,acc_12638
phone_12639,acc_12639
phone_12640,acc_12640
phone_12641,acc_12641
phone_12642,acc_12642
phone_12643,acc_12643
phone_12644,acc_12644
phone_12645,acc_12645
phone_12646,acc_12646
phone_12647,acc_12647
phone_12648,acc_12648
phone_12649,acc_12649
phone_12650,acc_12650
phone_12651,acc_12651
phone_12652,acc_12652
phone_12653,acc_12653
phone_12654,acc_12654
phone_12655,acc_12655
phone_12656,acc_12656
phone_12657,acc_12657
phone_12658,acc_12658
phone_12659,acc_12659
phone_12660,acc_12660
phone_12661,acc_12661
phone_12662,acc_12662
phone_12663,acc_12663
phone_12664,acc_12664
phone_12665,acc_12665
phone_12666,acc_12666
phone_12667,acc_12667
phone_12668,acc_12668
phone_12669,acc_12669
phone_12670,acc_12670
phone_12671,acc_12671
phone_12672,acc_12672
phone_12673,acc_12673
phone_12674,acc_12674
phone_12675,acc_12675
phone_12676,acc_12676
phone_12677,acc_12677
phone_12678,acc_12678
phone_12679,acc_12679
phone_12680,acc_12680
phone_12681,acc_12681
phone_12682,acc_12682
phone_12683,acc_12683
phone_12684,acc_12684
phone_12685,acc_12685
phone_12686,acc_12686
phone_12687,acc_12687
phone_12688,acc_12688
phone_12689,acc_12689
phone_12690,acc_12690
phone_12691,acc_12691
phone_12692,acc_12692
phone_12693,acc_12693
phone_12694,acc_12694
phone_12695,acc_12695
phone_12696,acc_12696
phone_12697,acc_12697
phone_12698,acc_12698
phone_12699,acc_12699
phone_12700,acc_12700
phone_12701,acc_12701
phone_12702,acc_12702
phone_12703,acc_12703
phone_12704,acc_12704
phone_12705,acc_12705
phone_12706,acc_12706
phone_12707,acc_12707
phone_12708,acc_12708
phone_12709,acc_12709
phone_12710,acc_12710
phone_12711,acc_12711
phone_12712,acc_12712
phone_12713,acc_12713
phone_12714,acc_12714
phone_12715,acc_12715
phone_12716,acc_12716
phone_12717,acc_12717
phone_12718,acc_12718
phone_12719,acc_12719
phone_12720,acc_12720
phone_12721,acc_12721
phone_12722,acc_12722
phone_12723,acc_12723
phone_12724,acc_12724
phone_12725,acc_12725
phone_12726,acc_12726
phone_12727,acc_12727
phone_12728,acc_12728
phone_12729,acc_12729
phone_12730,acc_12730
phone_12731,acc_12731
phone_12732,acc_12732
phone_12733,acc_12733
phone_12734,acc_12734
phone_12735,acc_12735
phone_12736,acc_12736
phone_12737,acc_12737
phone_12738,acc_12738
phone_12739,acc_12739
phone_12740,acc_12740
phone_12741,acc_12741
phone_12742,acc_12742
phone_12743,acc_12743
phone_12744,acc_12744
phone_12745,acc_12745
phone_12746,acc_12746
phone_12747,acc_12747
phone_12748,acc_12748
phone_12749,acc_12749
phone_12750,acc_12750
phone_12751,acc_12751
phone_12752,acc_12752
phone_12753,acc_12753
phone_12754,acc_12754
phone_12755,acc_12755
phone_12756,acc_12756
phone_12757,acc_12757
phone_12758,acc_12758
phone_12759,acc_12759
phone_12760,acc_12760
phone_12761,acc_12761
phone_12762,acc_12762
phone_12763,acc_12763
phone_12764,acc_12764
phone_12765,acc_12765
phone_12766,acc_12766
phone_12767,acc_12767
phone_12768,acc_12768
phone_12769,acc_12769
phone_12770,acc_12770
phone_12771,acc_12771
phone_12772,acc_12772
phone_12773,acc_12773
phone_12774,acc_12774
phone_12775,acc_12775
phone_12776,acc_12776
phone_12777,acc_12777
phone_12778,acc_12778
phone_12779,acc_12779
phone_12780,acc_12780
phone_12781,acc_12781
phone_12782,acc_12782
phone_12783,acc_12783
phone_12784,acc_12784
phone_12785,acc_12785
phone_12786,acc_12786
phone_12787,acc_12787
phone_12788,acc_12788
phone_12789,acc_12789
phone_12790,acc_12790
phone_12791,acc_12791
phone_12792,acc_12792
phone_12793,acc_12793
phone_12794,acc_12794
phone_12795,acc_12795
phone_12796,acc_12796
phone_12797,acc_12797
phone_12798,acc_12798
phone_12799,acc_12799
phone_12800,acc_12800
phone_12801,acc_12801
phone_12802,acc_12802
phone_12803,acc_12803
phone_12804,acc_12804
phone_12805,acc_12805
phone_12806,acc_12806
phone_12807,acc_12807
phone_12808,acc_12808
phone_12809,acc_12809
phone_12810,acc_12810
phone_12811,acc_12811
phone_12812,acc_12812
phone_12813,acc_12813
phone_12814,acc_12814
phone_12815,acc_12815
phone_12816,acc_12816
phone_12817,acc_12817
phone_12818,acc_12818
phone_12819,acc_12819
phone_12820,acc_12820
phone_12821,acc_12821
phone_12822,acc_12822
phone_12823,acc_12823
phone_12824,acc_12824
phone_12825,acc_12825
phone_12826,acc_12826
phone_12827,acc_12827
phone_12828,acc_12828
phone_12829,acc_12829
phone_12830,acc_12830
phone_12831,acc_12831
phone_12832,acc_12832
phone_12833,acc_12833
phone_12834,acc_12834
phone_12835,acc_12835
phone_12836,acc_12836
phone_12837,acc_12837
phone_12838,acc_12838
phone_12839,acc_12839
phone_12840,acc_12840
phone_12841,acc_12841
phone_12842,acc_12842
phone_12843,acc_12843
phone_12844,acc_12844
phone_12845,acc_12845
phone_12846,acc_12846
phone_12847,acc_12847
phone_12848,acc_12848
phone_12849,acc_12849
phone_12850,acc_12850
phone_12851,acc_12851
phone_12852,acc_12852
phone_12853,acc_12853
phone_12854,acc_12854
phone_12855,acc_12855
phone_12856,acc_12856
phone_12857,acc_12857
phone_12858,acc_12858
phone_12859,acc_12859
phone_12860,acc_12860
phone_12861,acc_12861
phone_12862,acc_12862
phone_12863,acc_12863
phone_12864,acc_12864
phone_12865,acc_12865
phone_12866,acc_12866
phone_12867,acc_12867
phone_12868,acc_12868
phone_12869,acc_12869
phone_12870,acc_12870
phone_12871,acc_12871
phone_12872,acc_12872
phone_12873,acc_12873
phone_12874,acc_12874
phone_12875,acc_12875
phone_12876,acc_12876
phone_12877,acc_12877
phone_12878,acc_12878
phone_12879,acc_12879
phone_12880,acc_12880
phone_12881,acc_12881
phone_12882,acc_12882
phone_12883,acc_12883
phone_12884,acc_12884
phone_12885,acc_12885
phone_12886,acc_12886
phone_12887,acc_12887
phone_12888,acc_12888
phone_12889,acc_12889
phone_12890,acc_12890
phone_12891,acc_12891
phone_12892,acc_12892
phone_12893,acc_12893
phone_12894,acc_12894
phone_12895,acc_12895
phone_12896,acc_12896
phone_12897,acc_12897
phone_12898,acc_12898
phone_12899,acc_12899
phone_12900,acc_12900
phone_12901,acc_12901
phone_12902,acc_12902
phone_12903,acc_12903
phone_12904,acc_12904
phone_12905,acc_12905
phone_12906,acc_12906
phone_12907,acc_12907
phone_12908,acc_12908
phone_12909,acc_12909
phone_12910,acc_12910
phone_12911,acc_12911
phone_12912,acc_12912
phone_12913,acc_12913
phone_12914,acc_12914
phone_12915,acc_12915
phone_12916,acc_12916
phone_12917,acc_12917
phone_12918,acc_12918
phone_12919,acc_12919
phone_12920,acc_12920
phone_12921,acc_12921
phone_12922,acc_12922
phone_12923,acc_12923
phone_12924,acc_12924
phone_12925,acc_12925
phone_12926,acc_12926
phone_12927,acc_12927
phone_12928,acc_12928
phone_12929,acc_12929
phone_12930,acc_12930
phone_12931,acc_12931
phone_12932,acc_12932
phone_12933,acc_12933
phone_12934,acc_12934
phone_12935,acc_12935
phone_12936,acc_12936
phone_12937,acc_12937
phone_12938,acc_12938
phone_12939,acc_12939
phone_12940,acc_12940
phone_12941,acc_12941
phone_12942,acc_12942
phone_12943,acc_12943
phone_12944,acc_12944
phone_12945,acc_12945
phone_12946,acc_12946
phone_12947,acc_12947
phone_12948,acc_12948
phone_12949,acc_12949
phone_12950,acc_12950
phone_12951,acc_12951
phone_12952,acc_12952
phone_12953,acc_12953
phone_12954,acc_12954
phone_12955,acc_12955
phone_12956,acc_12956
phone_12957,acc_12957
phone_12958,acc_12958
phone_12959,acc_12959
phone_12960,acc_12960
phone_12961,acc_12961
phone_12962,acc_12962
phone_12963,acc_12963
phone_12964,acc_12964
phone_12965,acc_12965
phone_12966,acc_12966
phone_12967,acc_12967
phone_12968,acc_12968
phone_12969,acc_12969
phone_12970,acc_12970
phone_12971,acc_12971
phone_12972,acc_12972
phone_12973,acc_12973
phone_12974,acc_12974
phone_12975,acc_12975
phone_12976,acc_12976
phone_12977,acc_12977
phone_12978,acc_12978
phone_12979,acc_12979
phone_12980,acc_12980
phone_12981,acc_12981
phone_12982,acc_12982
phone_12983,acc_12983
phone_12984,acc_12984
phone_12985,acc_12985
phone_12986,acc_12986
phone_12987,acc_12987
phone_12988,acc_12988
phone_12989,acc_12989
phone_12990,acc_12990
phone_12991,acc_12991
phone_12992,acc_12992
phone_12993,acc_12993
phone_12994,acc_12994
phone_12995,acc_12995
phone_12996,acc_12996
phone_12997,acc_12997
phone_12998,acc_12998
phone_12999,acc_12999
phone_13000,acc_13000
phone_13001,acc_13001
phone_13002,acc_13002
phone_13003,acc_13003
phone_13004,acc_13004
phone_13005,acc_13005
phone_13006,acc_13006
phone_13007,acc_13007
phone_13008,acc_13008
phone_13009,acc_13009
phone_13010,acc_13010
phone_13011,acc_13011
phone_13012,acc_13012
phone_13013,acc_13013
phone_13014,acc_13014
phone_13015,acc_13015
phone_13016,acc_13016
phone_13017,acc_13017
phone_13018,acc_13018
phone_13019,acc_13019
phone_13020,acc_13020
phone_13021,acc_13021
phone_13022,acc_13022
phone_13023,acc_13023
phone_13024,acc_13024
phone_13025,acc_13025
phone_13026,acc_13026
phone_13027,acc_13027
phone_13028,acc_13028
phone_13029,acc_13029
phone_13030,acc_13030
phone_13031,acc_13031
phone_13032,acc_13032
phone_13033,acc_13033
phone_13034,acc_13034
phone_13035,acc_13035
phone_13036,acc_13036
phone_13037,acc_13037
phone_13038,acc_13038
phone_13039,acc_13039
phone_13040,acc_13040
phone_13041,acc_13041
phone_13042,acc_13042
phone_13043,acc_13043
phone_13044,acc_13044
phone_13045,acc_13045
phone_13046,acc_13046
phone_13047,acc_13047
phone_13048,acc_13048
phone_13049,acc_13049
phone_13050,acc_13050
phone_13051,acc_13051
phone_13052,acc_13052
phone_13053,acc_13053
phone_13054,acc_13054
phone_13055,acc_13055
phone_13056,acc_13056
phone_13057,acc_13057
phone_13058,acc_13058
phone_13059,acc_13059
phone_13060,acc_13060
phone_13061,acc_13061
phone_13062,acc_13062
phone_13063,acc_13063
phone_13064,acc_13064
phone_13065,acc_13065
phone_13066,acc_13066
phone_13067,acc_13067
phone_13068,acc_13068
phone_13069,acc_13069
phone_13070,acc_13070
phone_13071,acc_13071
phone_13072,acc_13072
phone_13073,acc_13073
phone_13074,acc_13074
phone_13075,acc_13075
phone_13076,acc_13076
phone_13077,acc_13077
phone_13078,acc_13078
phone_13079,acc_13079
phone_13080,acc_13080
phone_13081,acc_13081
phone_13082,acc_13082
phone_13083,acc_13083
phone_13084,acc_13084
phone_13085,acc_13085
phone_13086,acc_13086
phone_13087,acc_13087
phone_13088,acc_13088
phone_13089,acc_13089
phone_13090,acc_13090
phone_13091,acc_13091
phone_13092,acc_13092
phone_13093,acc_13093
phone_13094,acc_13094
phone_13095,acc_13095
phone_13096,acc_13096
phone_13097,acc_13097
phone_13098,acc_13098
phone_13099,acc_13099
phone_13100,acc_13100
phone_13101,acc_13101
phone_13102,acc_13102
phone_13103,acc_13103
phone_13104,acc_13104
phone_13105,acc_13105
phone_13106,acc_13106
phone_13107,acc_13107
phone_13108,acc_13108
phone_13109,acc_13109
phone_13110,acc_13110
phone_13111,acc_13111
phone_13112,acc_13112
phone_13113,acc_13113
phone_13114,acc_13114
phone_13115,acc_13115
phone_13116,acc_13116
phone_13117,acc_13117
phone_13118,acc_13118
phone_13119,acc_13119
phone_13120,acc_13120
phone_13121,acc_13121
phone_13122,acc_13122
phone_13123,acc_13123
phone_13124,acc_13124
phone_13125,acc_13125
phone_13126,acc_13126
phone_13127,acc_13127
phone_13128,acc_13128
phone_13129,acc_13129
phone_13130,acc_13130
phone_13131,acc_13131
phone_13132,acc_13132
phone_13133,acc_13133
phone_13134,acc_13134
phone_13135,acc_13135
phone_13136,acc_13136
phone_13137,acc_13137
phone_13138,acc_13138
phone_13139,acc_13139
phone_13140,acc_13140
phone_13141,acc_13141
phone_13142,acc_13142
phone_13143,acc_13143
phone_13144,acc_13144
phone_13145,acc_13145
phone_13146,acc_13146
phone_13147,acc_13147
phone_13148,acc_13148
phone_13149,acc_13149
phone_13150,acc_13150
phone_13151,acc_13151
phone_13152,acc_13152
phone_13153,acc_13153
phone_13154,acc_13154
phone_13155,acc_13155
phone_13156,acc_13156
phone_13157,acc_13157
phone_13158,acc_13158
phone_13159,acc_13159
phone_13160,acc_13160
phone_13161,acc_13161
phone_13162,acc_13162
phone_13163,acc_13163
phone_13164,acc_13164
phone_13165,acc_13165
phone_13166,acc_13166
phone_13167,acc_13167
phone_13168,acc_13168
phone_13169,acc_13169
phone_13170,acc_13170
phone_13171,acc_13171
phone_13172,acc_13172
phone_13173,acc_13173
phone_13174,acc_13174
phone_13175,acc_13175
phone_13176,acc_13176
phone_13177,acc_13177
phone_13178,acc_13178
phone_13179,acc_13179
phone_13180,acc_13180
phone_13181,acc_13181
phone_13182,acc_13182
phone_13183,acc_13183
phone_13184,acc_13184
phone_13185,acc_13185
phone_13186,acc_13186
phone_13187,acc_13187
phone_13188,acc_13188
phone_13189,acc_13189
phone_13190,acc_13190
phone_13191,acc_13191
phone_13192,acc_13192
phone_13193,acc_13193
phone_13194,acc_13194
phone_13195,acc_13195
phone_13196,acc_13196
phone_13197,acc_13197
phone_13198,acc_13198
phone_13199,acc_13199
phone_13200,acc_13200
phone_13201,acc_13201
phone_13202,acc_13202
phone_13203,acc_13203
phone_13204,acc_13204
phone_13205,acc_13205
phone_13206,acc_13206
phone_13207,acc_13207
phone_13208,acc_13208
phone_13209,acc_13209
phone_13210,acc_13210
phone_13211,acc_13211
phone_13212,acc_13212
phone_13213,acc_13213
phone_13214,acc_13214
phone_13215,acc_13215
phone_13216,acc_13216
phone_13217,acc_13217
phone_13218,acc_13218
phone_13219,acc_13219
phone_13220,acc_13220
phone_13221,acc_13221
phone_13222,acc_13222
phone_13223,acc_13223
phone_13224,acc_13224
phone_13225,acc_13225
phone_13226,acc_13226
phone_13227,acc_13227
phone_13228,acc_13228
phone_13229,acc_13229
phone_13230,acc_13230
phone_13231,acc_13231
phone_13232,acc_13232
phone_13233,acc_13233
phone_13234,acc_13234
phone_13235,acc_13235
phone_13236,acc_13236
phone_13237,acc_13237
phone_13238,acc_13238
phone_13239,acc_13239
phone_13240,acc_13240
phone_13241,acc_13241
phone_13242,acc_13242
phone_13243,acc_13243
phone_13244,acc_13244
phone_13245,acc_13245
phone_13246,acc_13246
phone_13247,acc_13247
phone_13248,acc_13248
phone_13249,acc_13249
phone_13250,acc_13250
phone_13251,acc_13251
phone_13252,acc_13252
phone_13253,acc_13253
phone_13254,acc_13254
phone_13255,acc_13255
phone_13256,acc_13256
phone_13257,acc_13257
phone_13258,acc_13258
phone_13259,acc_13259
phone_13260,acc_13260
phone_13261,acc_13261
phone_13262,acc_13262
phone_13263,acc_13263
phone_13264,acc_13264
phone_13265,acc_13265
phone_13266,acc_13266
phone_13267,acc_13267
phone_13268,acc_13268
phone_13269,acc_13269
phone_13270,acc_13270
phone_13271,acc_13271
phone_13272,acc_13272
phone_13273,acc_13273
phone_13274,acc_13274
phone_13275,acc_13275
phone_13276,acc_13276
phone_13277,acc_13277
phone_13278,acc_13278
phone_13279,acc_13279
phone_13280,acc_13280
phone_13281,acc_13281
phone_13282,acc_13282
phone_13283,acc_13283
phone_13284,acc_13284
phone_13285,acc_13285
phone_13286,acc_13286
phone_13287,acc_13287
phone_13288,acc_13288
phone_13289,acc_13289
phone_13290,acc_13290
phone_13291,acc_13291
phone_13292,acc_13292
phone_13293,acc_13293
phone_13294,acc_13294
phone_13295,acc_13295
phone_13296,acc_13296
phone_13297,acc_13297
phone_13298,acc_13298
phone_13299,acc_13299
phone_13300,acc_13300
phone_13301,acc_13301
phone_13302,acc_13302
phone_13303,acc_13303
phone_13304,acc_13304
phone_13305,acc_13305
phone_13306,acc_13306
phone_13307,acc_13307
phone_13308,acc_13308
phone_13309,acc_13309
phone_13310,acc_13310
phone_13311,acc_13311
phone_13312,acc_13312
phone_13313,acc_13313
phone_13314,acc_13314
phone_13315,acc_13315
phone_13316,acc_13316
phone_13317,acc_13317
phone_13318,acc_13318
phone_13319,acc_13319
phone_13320,acc_13320
phone_13321,acc_13321
phone_13322,acc_13322
phone_13323,acc_13323
phone_13324,acc_13324
phone_13325,acc_13325
phone_13326,acc_13326
phone_13327,acc_13327
phone_13328,acc_13328
phone_13329,acc_13329
phone_13330,acc_13330
phone_13331,acc_13331
phone_13332,acc_13332
phone_13333,acc_13333
phone_13334,acc_13334
phone_13335,acc_13335
phone_13336,acc_13336
phone_13337,acc_13337
phone_13338,acc_13338
phone_13339,acc_13339
phone_13340,acc_13340
phone_13341,acc_13341
phone_13342,acc_13342
phone_13343,acc_13343
phone_13344,acc_13344
phone_13345,acc_13345
phone_13346,acc_13346
phone_13347,acc_13347
phone_13348,acc_13348
phone_13349,acc_13349
phone_13350,acc_13350
phone_13351,acc_13351
phone_13352,acc_13352
phone_13353,acc_13353
phone_13354,acc_13354
phone_13355,acc_13355
phone_13356,acc_13356
phone_13357,acc_13357
phone_13358,acc_13358
phone_13359,acc_13359
phone_13360,acc_13360
phone_13361,acc_13361
phone_13362,acc_13362
phone_13363,acc_13363
phone_13364,acc_13364
phone_13365,acc_13365
phone_13366,acc_13366
phone_13367,acc_13367
phone_13368,acc_13368
phone_13369,acc_13369
phone_13370,acc_13370
phone_13371,acc_13371
phone_13372,acc_13372
phone_13373,acc_13373
phone_13374,acc_13374
phone_13375,acc_13375
phone_13376,acc_13376
phone_13377,acc_13377
phone_13378,acc_13378
phone_13379,acc_13379
phone_13380,acc_13380
phone_13381,acc_13381
phone_13382,acc_13382
phone_13383,acc_13383
phone_13384,acc_13384
phone_13385,acc_13385
phone_13386,acc_13386
phone_13387,acc_13387
phone_13388,acc_13388
phone_13389,acc_13389
phone_13390,acc_13390
phone_13391,acc_13391
phone_13392,acc_13392
phone_13393,acc_13393
phone_13394,acc_13394
phone_13395,acc_13395
phone_13396,acc_13396
phone_13397,acc_13397
phone_13398,acc_13398
phone_13399,acc_13399
phone_13400,acc_13400
phone_13401,acc_13401
phone_13402,acc_13402
phone_13403,acc_13403
phone_13404,acc_13404
phone_13405,acc_13405
phone_13406,acc_13406
phone_13407,acc_13407
phone_13408,acc_13408
phone_13409,acc_13409
phone_13410,acc_13410
phone_13411,acc_13411
phone_13412,acc_13412
phone_13413,acc_13413
phone_13414,acc_13414
phone_13415,acc_13415
phone_13416,acc_13416
phone_13417,acc_13417
phone_13418,acc_13418
phone_13419,acc_13419
phone_13420,acc_13420
phone_13421,acc_13421
phone_13422,acc_13422
phone_13423,acc_13423
phone_13424,acc_13424
phone_13425,acc_13425
phone_13426,acc_13426
phone_13427,acc_13427
phone_13428,acc_13428
phone_13429,acc_13429
phone_13430,acc_13430
phone_13431,acc_13431
phone_13432,acc_13432
phone_13433,acc_13433
phone_13434,acc_13434
phone_13435,acc_13435
phone_13436,acc_13436
phone_13437,acc_13437
phone_13438,acc_13438
phone_13439,acc_13439
phone_13440,acc_13440
phone_13441,acc_13441
phone_13442,acc_13442
phone_13443,acc_13443
phone_13444,acc_13444
phone_13445,acc_13445
phone_13446,acc_13446
phone_13447,acc_13447
phone_13448,acc_13448
phone_13449,acc_13449
phone_13450,acc_13450
phone_13451,acc_13451
phone_13452,acc_13452
phone_13453,acc_13453
phone_13454,acc_13454
phone_13455,acc_13455
phone_13456,acc_13456
phone_13457,acc_13457
phone_13458,acc_13458
phone_13459,acc_13459
phone_13460,acc_13460
phone_13461,acc_13461
phone_13462,acc_13462
phone_13463,acc_13463
phone_13464,acc_13464
phone_13465,acc_13465
phone_13466,acc_13466
phone_13467,acc_13467
phone_13468,acc_13468
phone_13469,acc_13469
phone_13470,acc_13470
phone_13471,acc_13471
phone_13472,acc_13472
phone_13473,acc_13473
phone_13474,acc_13474
phone_13475,acc_13475
phone_13476,acc_13476
phone_13477,acc_13477
phone_13478,acc_13478
phone_13479,acc_13479
phone_13480,acc_13480
phone_13481,acc_13481
phone_13482,acc_13482
phone_13483,acc_13483
phone_13484,acc_13484
phone_13485,acc_13485
phone_13486,acc_13486
phone_13487,acc_13487
phone_13488,acc_13488
phone_13489,acc_13489
phone_13490,acc_13490
phone_13491,acc_13491
phone_13492,acc_13492
phone_13493,acc_13493
phone_13494,acc_13494
phone_13495,acc_13495
phone_13496,acc_13496
phone_13497,acc_13497
phone_13498,acc_13498
phone_13499,acc_13499
phone_13500,acc_13500
phone_13501,acc_13501
phone_13502,acc_13502
phone_13503,acc_13503
phone_13504,acc_13504
phone_13505,acc_13505
phone_13506,acc_13506
phone_13507,acc_13507
phone_13508,acc_13508
phone_13509,acc_13509
phone_13510,acc_13510
phone_13511,acc_13511
phone_13512,acc_13512
phone_13513,acc_13513
phone_13514,acc_13514
phone_13515,acc_13515
phone_13516,acc_13516
phone_13517,acc_13517
phone_13518,acc_13518
phone_13519,acc_13519
phone_13520,acc_13520
phone_13521,acc_13521
phone_13522,acc_13522
phone_13523,acc_13523
phone_13524,acc_13524
phone_13525,acc_13525
phone_13526,acc_13526
phone_13527,acc_13527
phone_13528,acc_13528
phone_13529,acc_13529
phone_13530,acc_13530
phone_13531,acc_13531
phone_13532,acc_13532
phone_13533,acc_13533
phone_13534,acc_13534
phone_13535,acc_13535
phone_13536,acc_13536
phone_13537,acc_13537
phone_13538,acc_13538
phone_13539,acc_13539
phone_13540,acc_13540
phone_13541,acc_13541
phone_13542,acc_13542
phone_13543,acc_13543
phone_13544,acc_13544
phone_13545,acc_13545
phone_13546,acc_13546
phone_13547,acc_13547
phone_13548,acc_13548
phone_13549,acc_13549
phone_13550,acc_13550
phone_13551,acc_13551
phone_13552,acc_13552
phone_13553,acc_13553
phone_13554,acc_13554
phone_13555,acc_13555
phone_13556,acc_13556
phone_13557,acc_13557
phone_13558,acc_13558
phone_13559,acc_13559
phone_13560,acc_13560
phone_13561,acc_13561
phone_13562,acc_13562
phone_13563,acc_13563
phone_13564,acc_13564
phone_13565,acc_13565
phone_13566,acc_13566
phone_13567,acc_13567
phone_13568,acc_13568
phone_13569,acc_13569
phone_13570,acc_13570
phone_13571,acc_13571
phone_13572,acc_13572
phone_13573,acc_13573
phone_13574,acc_13574
phone_13575,acc_13575
phone_13576,acc_13576
phone_13577,acc_13577
phone_13578,acc_13578
phone_13579,acc_13579
phone_13580,acc_13580
phone_13581,acc_13581
phone_13582,acc_13582
phone_13583,acc_13583
phone_13584,acc_13584
phone_13585,acc_13585
phone_13586,acc_13586
phone_13587,acc_13587
phone_13588,acc_13588
phone_13589,acc_13589
phone_13590,acc_13590
phone_13591,acc_13591
phone_13592,acc_13592
phone_13593,acc_13593
phone_13594,acc_13594
phone_13595,acc_13595
phone_13596,acc_13596
phone_13597,acc_13597
phone_13598,acc_13598
phone_13599,acc_13599
phone_13600,acc_13600
phone_13601,acc_13601
phone_13602,acc_13602
phone_13603,acc_13603
phone_13604,acc_13604
phone_13605,acc_13605
phone_13606,acc_13606
phone_13607,acc_13607
phone_13608,acc_13608
phone_13609,acc_13609
phone_13610,acc_13610
phone_13611,acc_13611
phone_13612,acc_13612
phone_13613,acc_13613
phone_13614,acc_13614
phone_13615,acc_13615
phone_13616,acc_13616
phone_13617,acc_13617
phone_13618,acc_13618
phone_13619,acc_13619
phone_13620,acc_13620
phone_13621,acc_13621
phone_13622,acc_13622
phone_13623,acc_13623
phone_13624,acc_13624
phone_13625,acc_13625
phone_13626,acc_13626
phone_13627,acc_13627
phone_13628,acc_13628
phone_13629,acc_13629
phone_13630,acc_13630
phone_13631,acc_13631
phone_13632,acc_13632
phone_13633,acc_13633
phone_13634,acc_13634
phone_13635,acc_13635
phone_13636,acc_13636
phone_13637,acc_13637
phone_13638,acc_13638
phone_13639,acc_13639
phone_13640,acc_13640
phone_13641,acc_13641
phone_13642,acc_13642
phone_13643,acc_13643
phone_13644,acc_13644
phone_13645,acc_13645
phone_13646,acc_13646
phone_13647,acc_13647
phone_13648,acc_13648
phone_13649,acc_13649
phone_13650,acc_13650
phone_13651,acc_13651
phone_13652,acc_13652
phone_13653,acc_13653
phone_13654,acc_13654
phone_13655,acc_13655
phone_13656,acc_13656
phone_13657,acc_13657
phone_13658,acc_13658
phone_13659,acc_13659
phone_13660,acc_13660
phone_13661,acc_13661
phone_13662,acc_13662
phone_13663,acc_13663
phone_13664,acc_13664
phone_13665,acc_13665
phone_13666,acc_13666
phone_13667,acc_13667
phone_13668,acc_13668
phone_13669,acc_13669
phone_13670,acc_13670
phone_13671,acc_13671
phone_13672,acc_13672
phone_13673,acc_13673
phone_13674,acc_13674
phone_13675,acc_13675
phone_13676,acc_13676
phone_13677,acc_13677
phone_13678,acc_13678
phone_13679,acc_13679
phone_13680,acc_13680
phone_13681,acc_13681
phone_13682,acc_13682
phone_13683,acc_13683
phone_13684,acc_13684
phone_13685,acc_13685
phone_13686,acc_13686
phone_13687,acc_13687
phone_13688,acc_13688
phone_13689,acc_13689
phone_13690,acc_13690
phone_13691,acc_13691
phone_13692,acc_13692
phone_13693,acc_13693
phone_13694,acc_13694
phone_13695,acc_13695
phone_13696,acc_13696
phone_13697,acc_13697
phone_13698,acc_13698
phone_13699,acc_13699
phone_13700,acc_13700
phone_13701,acc_13701
phone_13702,acc_13702
phone_13703,acc_13703
phone_13704,acc_13704
phone_13705,acc_13705
phone_13706,acc_13706
phone_13707,acc_13707
phone_13708,acc_13708
phone_13709,acc_13709
phone_13710,acc_13710
phone_13711,acc_13711
phone_13712,acc_13712
phone_13713,acc_13713
phone_13714,acc_13714
phone_13715,acc_13715
phone_13716,acc_13716
phone_13717,acc_13717
phone_13718,acc_13718
phone_13719,acc_13719
phone_13720,acc_13720
phone_13721,acc_13721
phone_13722,acc_13722
phone_13723,acc_13723
phone_13724,acc_13724
phone_13725,acc_13725
phone_13726,acc_13726
phone_13727,acc_13727
phone_13728,acc_13728
phone_13729,acc_13729
phone_13730,acc_13730
phone_13731,acc_13731
phone_13732,acc_13732
phone_13733,acc_13733
phone_13734,acc_13734
phone_13735,acc_13735
phone_13736,acc_13736
phone_13737,acc_13737
phone_13738,acc_13738
phone_13739,acc_13739
phone_13740,acc_13740
phone_13741,acc_13741
phone_13742,acc_13742
phone_13743,acc_13743
phone_13744,acc_13744
phone_13745,acc_13745
phone_13746,acc_13746
phone_13747,acc_13747
phone_13748,acc_13748
phone_13749,acc_13749
phone_13750,acc_13750
phone_13751,acc_13751
phone_13752,acc_13752
phone_13753,acc_13753
phone_13754,acc_13754
phone_13755,acc_13755
phone_13756,acc_13756
phone_13757,acc_13757
phone_13758,acc_13758
phone_13759,acc_13759
phone_13760,acc_13760
phone_13761,acc_13761
phone_13762,acc_13762
phone_13763,acc_13763
phone_13764,acc_13764
phone_13765,acc_13765
phone_13766,acc_13766
phone_13767,acc_13767
phone_13768,acc_13768
phone_13769,acc_13769
phone_13770,acc_13770
phone_13771,acc_13771
phone_13772,acc_13772
phone_13773,acc_13773
phone_13774,acc_13774
phone_13775,acc_13775
phone_13776,acc_13776
phone_13777,acc_13777
phone_13778,acc_13778
phone_13779,acc_13779
phone_13780,acc_13780
phone_13781,acc_13781
phone_13782,acc_13782
phone_13783,acc_13783
phone_13784,acc_13784
phone_13785,acc_13785
phone_13786,acc_13786
phone_13787,acc_13787
phone_13788,acc_13788
phone_13789,acc_13789
phone_13790,acc_13790
phone_13791,acc_13791
phone_13792,acc_13792
phone_13793,acc_13793
phone_13794,acc_13794
phone_13795,acc_13795
phone_13796,acc_13796
phone_13797,acc_13797
phone_13798,acc_13798
phone_13799,acc_13799
phone_13800,acc_13800
phone_13801,acc_13801
phone_13802,acc_13802
phone_13803,acc_13803
phone_13804,acc_13804
phone_13805,acc_13805
phone_13806,acc_13806
phone_13807,acc_13807
phone_13808,acc_13808
phone_13809,acc_13809
phone_13810,acc_13810
phone_13811,acc_13811
phone_13812,acc_13812
phone_13813,acc_13813
phone_13814,acc_13814
phone_13815,acc_13815
phone_13816,acc_13816
phone_13817,acc_13817
phone_13818,acc_13818
phone_13819,acc_13819
phone_13820,acc_13820
phone_13821,acc_13821
phone_13822,acc_13822
phone_13823,acc_13823
phone_13824,acc_13824
phone_13825,acc_13825
phone_13826,acc_13826
phone_13827,acc_13827
phone_13828,acc_13828
phone_13829,acc_13829
phone_13830,acc_13830
phone_13831,acc_13831
phone_13832,acc_13832
phone_13833,acc_13833
phone_13834,acc_13834
phone_13835,acc_13835
phone_13836,acc_13836
phone_13837,acc_13837
phone_13838,acc_13838
phone_13839,acc_13839
phone_13840,acc_13840
phone_13841,acc_13841
phone_13842,acc_13842
phone_13843,acc_13843
phone_13844,acc_13844
phone_13845,acc_13845
phone_13846,acc_13846
phone_13847,acc_13847
phone_13848,acc_13848
phone_13849,acc_13849
phone_13850,acc_13850
phone_13851,acc_13851
phone_13852,acc_13852
phone_13853,acc_13853
phone_13854,acc_13854
phone_13855,acc_13855
phone_13856,acc_13856
phone_13857,acc_13857
phone_13858,acc_13858
phone_13859,acc_13859
phone_13860,acc_13860
phone_13861,acc_13861
phone_13862,acc_13862
phone_13863,acc_13863
phone_13864,acc_13864
phone_13865,acc_13865
phone_13866,acc_13866
phone_13867,acc_13867
phone_13868,acc_13868
phone_13869,acc_13869
phone_13870,acc_13870
phone_13871,acc_13871
phone_13872,acc_13872
phone_13873,acc_13873
phone_13874,acc_13874
phone_13875,acc_13875
phone_13876,acc_13876
phone_13877,acc_13877
phone_13878,acc_13878
phone_13879,acc_13879
phone_13880,acc_13880
phone_13881,acc_13881
phone_13882,acc_13882
phone_13883,acc_13883
phone_13884,acc_13884
phone_13885,acc_13885
phone_13886,acc_13886
phone_13887,acc_13887
phone_13888,acc_13888
phone_13889,acc_13889
phone_13890,acc_13890
phone_13891,acc_13891
phone_13892,acc_13892
phone_13893,acc_13893
phone_13894,acc_13894
phone_13895,acc_13895
phone_13896,acc_13896
phone_13897,acc_13897
phone_13898,acc_13898
phone_13899,acc_13899
phone_13900,acc_13900
phone_13901,acc_13901
phone_13902,acc_13902
phone_13903,acc_13903
phone_13904,acc_13904
phone_13905,acc_13905
phone_13906,acc_13906
phone_13907,acc_13907
phone_13908,acc_13908
phone_13909,acc_13909
phone_13910,acc_13910
phone_13911,acc_13911
phone_13912,acc_13912
phone_13913,acc_13913
phone_13914,acc_13914
phone_13915,acc_13915
phone_13916,acc_13916
phone_13917,acc_13917
phone_13918,acc_13918
phone_13919,acc_13919
phone_13920,acc_13920
phone_13921,acc_13921
phone_13922,acc_13922
phone_13923,acc_13923
phone_13924,acc_13924
phone_13925,acc_13925
phone_13926,acc_13926
phone_13927,acc_13927
phone_13928,acc_13928
phone_13929,acc_13929
phone_13930,acc_13930
phone_13931,acc_13931
phone_13932,acc_13932
phone_13933,acc_13933
phone_13934,acc_13934
phone_13935,acc_13935
phone_13936,acc_13936
phone_13937,acc_13937
phone_13938,acc_13938
phone_13939,acc_13939
phone_13940,acc_13940
phone_13941,acc_13941
phone_13942,acc_13942
phone_13943,acc_13943
phone_13944,acc_13944
phone_13945,acc_13945
phone_13946,acc_13946
phone_13947,acc_13947
phone_13948,acc_13948
phone_13949,acc_13949
phone_13950,acc_13950
phone_13951,acc_13951
phone_13952,acc_13952
phone_13953,acc_13953
phone_13954,acc_13954
phone_13955,acc_13955
phone_13956,acc_13956
phone_13957,acc_13957
phone_13958,acc_13958
phone_13959,acc_13959
phone_13960,acc_13960
phone_13961,acc_13961
phone_13962,acc_13962
phone_13963,acc_13963
phone_13964,acc_13964
phone_13965,acc_13965
phone_13966,acc_13966
phone_13967,acc_13967
phone_13968,acc_13968
phone_13969,acc_13969
phone_13970,acc_13970
phone_13971,acc_13971
phone_13972,acc_13972
phone_13973,acc_13973
phone_13974,acc_13974
phone_13975,acc_13975
phone_13976,acc_13976
phone_13977,acc_13977
phone_13978,acc_13978
phone_13979,acc_13979
phone_13980,acc_13980
phone_13981,acc_13981
phone_13982,acc_13982
phone_13983,acc_13983
phone_13984,acc_13984
phone_13985,acc_13985
phone_13986,acc_13986
phone_13987,acc_13987
phone_13988,acc_13988
phone_13989,acc_13989
phone_13990,acc_13990
phone_13991,acc_13991
phone_13992,acc_13992
phone_13993,acc_13993
phone_13994,acc_13994
phone_13995,acc_13995
phone_13996,acc_13996
phone_13997,acc_13997
phone_13998,acc_13998
phone_13999,acc_13999
phone_14000,acc_14000
phone_14001,acc_14001
phone_14002,acc_14002
phone_14003,acc_14003
phone_14004,acc_14004
phone_14005,acc_14005
phone_14006,acc_14006
phone_14007,acc_14007
phone_14008,acc_14008
phone_14009,acc_14009
phone_14010,acc_14010
phone_14011,acc_14011
phone_14012,acc_14012
phone_14013,acc_14013
phone_14014,acc_14014
phone_14015,acc_14015
phone_14016,acc_14016
phone_14017,acc_14017
phone_14018,acc_14018
phone_14019,acc_14019
phone_14020,acc_14020
phone_14021,acc_14021
phone_14022,acc_14022
phone_14023,acc_14023
phone_14024,acc_14024
phone_14025,acc_14025
phone_14026,acc_14026
phone_14027,acc_14027
phone_14028,acc_14028
phone_14029,acc_14029
phone_14030,acc_14030
phone_14031,acc_14031
phone_14032,acc_14032
phone_14033,acc_14033
phone_14034,acc_14034
phone_14035,acc_14035
phone_14036,acc_14036
phone_14037,acc_14037
phone_14038,acc_14038
phone_14039,acc_14039
phone_14040,acc_14040
phone_14041,acc_14041
phone_14042,acc_14042
phone_14043,acc_14043
phone_14044,acc_14044
phone_14045,acc_14045
phone_14046,acc_14046
phone_14047,acc_14047
phone_14048,acc_14048
phone_14049,acc_14049
phone_14050,acc_14050
phone_14051,acc_14051
phone_14052,acc_14052
phone_14053,acc_14053
phone_14054,acc_14054
phone_14055,acc_14055
phone_14056,acc_14056
phone_14057,acc_14057
phone_14058,acc_14058
phone_14059,acc_14059
phone_14060,acc_14060
phone_14061,acc_14061
phone_14062,acc_14062
phone_14063,acc_14063
phone_14064,acc_14064
phone_14065,acc_14065
phone_14066,acc_14066
phone_14067,acc_14067
phone_14068,acc_14068
phone_14069,acc_14069
phone_14070,acc_14070
phone_14071,acc_14071
phone_14072,acc_14072
phone_14073,acc_14073
phone_14074,acc_14074
phone_14075,acc_14075
phone_14076,acc_14076
phone_14077,acc_14077
phone_14078,acc_14078
phone_14079,acc_14079
phone_14080,acc_14080
phone_14081,acc_14081
phone_14082,acc_14082
phone_14083,acc_14083
phone_14084,acc_14084
phone_14085,acc_14085
phone_14086,acc_14086
phone_14087,acc_14087
phone_14088,acc_14088
phone_14089,acc_14089
phone_14090,acc_14090
phone_14091,acc_14091
phone_14092,acc_14092
phone_14093,acc_14093
phone_14094,acc_14094
phone_14095,acc_14095
phone_14096,acc_14096
phone_14097,acc_14097
phone_14098,acc_14098
phone_14099,acc_14099
phone_14100,acc_14100
phone_14101,acc_14101
phone_14102,acc_14102
phone_14103,acc_14103
phone_14104,acc_14104
phone_14105,acc_14105
phone_14106,acc_14106
phone_14107,acc_14107
phone_14108,acc_14108
phone_14109,acc_14109
phone_14110,acc_14110
phone_14111,acc_14111
phone_14112,acc_14112
phone_14113,acc_14113
phone_14114,acc_14114
phone_14115,acc_14115
phone_14116,acc_14116
phone_14117,acc_14117
phone_14118,acc_14118
phone_14119,acc_14119
phone_14120,acc_14120
phone_14121,acc_14121
phone_14122,acc_14122
phone_14123,acc_14123
phone_14124,acc_14124
phone_14125,acc_14125
phone_14126,acc_14126
phone_14127,acc_14127
phone_14128,acc_14128
phone_14129,acc_14129
phone_14130,acc_14130
phone_14131,acc_14131
phone_14132,acc_14132
phone_14133,acc_14133
phone_14134,acc_14134
phone_14135,acc_14135
phone_14136,acc_14136
phone_14137,acc_14137
phone_14138,acc_14138
phone_14139,acc_14139
phone_14140,acc_14140
phone_14141,acc_14141
phone_14142,acc_14142
phone_14143,acc_14143
phone_14144,acc_14144
phone_14145,acc_14145
phone_14146,acc_14146
phone_14147,acc_14147
phone_14148,acc_14148
phone_14149,acc_14149
phone_14150,acc_14150
phone_14151,acc_14151
phone_14152,acc_14152
phone_14153,acc_14153
phone_14154,acc_14154
phone_14155,acc_14155
phone_14156,acc_14156
phone_14157,acc_14157
phone_14158,acc_14158
phone_14159,acc_14159
phone_14160,acc_14160
phone_14161,acc_14161
phone_14162,acc_14162
phone_14163,acc_14163
phone_14164,acc_14164
phone_14165,acc_14165
phone_14166,acc_14166
phone_14167,acc_14167
phone_14168,acc_14168
phone_14169,acc_14169
phone_14170,acc_14170
phone_14171,acc_14171
phone_14172,acc_14172
phone_14173,acc_14173
phone_14174,acc_14174
phone_14175,acc_14175
phone_14176,acc_14176
phone_14177,acc_14177
phone_14178,acc_14178
phone_14179,acc_14179
phone_14180,acc_14180
phone_14181,acc_14181
phone_14182,acc_14182
phone_14183,acc_14183
phone_14184,acc_14184
phone_14185,acc_14185
phone_14186,acc_14186
phone_14187,acc_14187
phone_14188,acc_14188
phone_14189,acc_14189
phone_14190,acc_14190
phone_14191,acc_14191
phone_14192,acc_14192
phone_14193,acc_14193
phone_14194,acc_14194
phone_14195,acc_14195
phone_14196,acc_14196
phone_14197,acc_14197
phone_14198,acc_14198
phone_14199,acc_14199
phone_14200,acc_14200
phone_14201,acc_14201
phone_14202,acc_14202
phone_14203,acc_14203
phone_14204,acc_14204
phone_14205,acc_14205
phone_14206,acc_14206
phone_14207,acc_14207
phone_14208,acc_14208
phone_14209,acc_14209
phone_14210,acc_14210
phone_14211,acc_14211
phone_14212,acc_14212
phone_14213,acc_14213
phone_14214,acc_14214
phone_14215,acc_14215
phone_14216,acc_14216
phone_14217,acc_14217
phone_14218,acc_14218
phone_14219,acc_14219
phone_14220,acc_14220
phone_14221,acc_14221
phone_14222,acc_14222
phone_14223,acc_14223
phone_14224,acc_14224
phone_14225,acc_14225
phone_14226,acc_14226
phone_14227,acc_14227
phone_14228,acc_14228
phone_14229,acc_14229
phone_14230,acc_14230
phone_14231,acc_14231
phone_14232,acc_14232
phone_14233,acc_14233
phone_14234,acc_14234
phone_14235,acc_14235
phone_14236,acc_14236
phone_14237,acc_14237
phone_14238,acc_14238
phone_14239,acc_14239
phone_14240,acc_14240
phone_14241,acc_14241
phone_14242,acc_14242
phone_14243,acc_14243
phone_14244,acc_14244
phone_14245,acc_14245
phone_14246,acc_14246
phone_14247,acc_14247
phone_14248,acc_14248
phone_14249,acc_14249
phone_14250,acc_14250
phone_14251,acc_14251
phone_14252,acc_14252
phone_14253,acc_14253
phone_14254,acc_14254
phone_14255,acc_14255
phone_14256,acc_14256
phone_14257,acc_14257
phone_14258,acc_14258
phone_14259,acc_14259
phone_14260,acc_14260
phone_14261,acc_14261
phone_14262,acc_14262
phone_14263,acc_14263
phone_14264,acc_14264
phone_14265,acc_14265
phone_14266,acc_14266
phone_14267,acc_14267
phone_14268,acc_14268
phone_14269,acc_14269
phone_14270,acc_14270
phone_14271,acc_14271
phone_14272,acc_14272
phone_14273,acc_14273
phone_14274,acc_14274
phone_14275,acc_14275
phone_14276,acc_14276
phone_14277,acc_14277
phone_14278,acc_14278
phone_14279,acc_14279
phone_14280,acc_14280
phone_14281,acc_14281
phone_14282,acc_14282
phone_14283,acc_14283
phone_14284,acc_14284
phone_14285,acc_14285
phone_14286,acc_14286
phone_14287,acc_14287
phone_14288,acc_14288
phone_14289,acc_14289
phone_14290,acc_14290
phone_14291,acc_14291
phone_14292,acc_14292
phone_14293,acc_14293
phone_14294,acc_14294
phone_14295,acc_14295
phone_14296,acc_14296
phone_14297,acc_14297
phone_14298,acc_14298
phone_14299,acc_14299
phone_14300,acc_14300
phone_14301,acc_14301
phone_14302,acc_14302
phone_14303,acc_14303
phone_14304,acc_14304
phone_14305,acc_14305
phone_14306,acc_14306
phone_14307,acc_14307
phone_14308,acc_14308
phone_14309,acc_14309
phone_14310,acc_14310
phone_14311,acc_14311
phone_14312,acc_14312
phone_14313,acc_14313
phone_14314,acc_14314
phone_14315,acc_14315
phone_14316,acc_14316
phone_14317,acc_14317
phone_14318,acc_14318
phone_14319,acc_14319
phone_14320,acc_14320
phone_14321,acc_14321
phone_14322,acc_14322
phone_14323,acc_14323
phone_14324,acc_14324
phone_14325,acc_14325
phone_14326,acc_14326
phone_14327,acc_14327
phone_14328,acc_14328
phone_14329,acc_14329
phone_14330,acc_14330
phone_14331,acc_14331
phone_14332,acc_14332
phone_14333,acc_14333
phone_14334,acc_14334
phone_14335,acc_14335
phone_14336,acc_14336
phone_14337,acc_14337
phone_14338,acc_14338
phone_14339,acc_14339
phone_14340,acc_14340
phone_14341,acc_14341
phone_14342,acc_14342
phone_14343,acc_14343
phone_14344,acc_14344
phone_14345,acc_14345
phone_14346,acc_14346
phone_14347,acc_14347
phone_14348,acc_14348
phone_14349,acc_14349
phone_14350,acc_14350
phone_14351,acc_14351
phone_14352,acc_14352
phone_14353,acc_14353
phone_14354,acc_14354
phone_14355,acc_14355
phone_14356,acc_14356
phone_14357,acc_14357
phone_14358,acc_14358
phone_14359,acc_14359
phone_14360,acc_14360
phone_14361,acc_14361
phone_14362,acc_14362
phone_14363,acc_14363
phone_14364,acc_14364
phone_14365,acc_14365
phone_14366,acc_14366
phone_14367,acc_14367
phone_14368,acc_14368
phone_14369,acc_14369
phone_14370,acc_14370
phone_14371,acc_14371
phone_14372,acc_14372
phone_14373,acc_14373
phone_14374,acc_14374
phone_14375,acc_14375
phone_14376,acc_14376
phone_14377,acc_14377
phone_14378,acc_14378
phone_14379,acc_14379
phone_14380,acc_14380
phone_14381,acc_14381
phone_14382,acc_14382
phone_14383,acc_14383
phone_14384,acc_14384
phone_14385,acc_14385
phone_14386,acc_14386
phone_14387,acc_14387
phone_14388,acc_14388
phone_14389,acc_14389
phone_14390,acc_14390
phone_14391,acc_14391
phone_14392,acc_14392
phone_14393,acc_14393
phone_14394,acc_14394
phone_14395,acc_14395
phone_14396,acc_14396
phone_14397,acc_14397
phone_14398,acc_14398
phone_14399,acc_14399
phone_14400,acc_14400
phone_14401,acc_14401
phone_14402,acc_14402
phone_14403,acc_14403
phone_14404,acc_14404
phone_14405,acc_14405
phone_14406,acc_14406
phone_14407,acc_14407
phone_14408,acc_14408
phone_14409,acc_14409
phone_14410,acc_14410
phone_14411,acc_14411
phone_14412,acc_14412
phone_14413,acc_14413
phone_14414,acc_14414
phone_14415,acc_14415
phone_14416,acc_14416
phone_14417,acc_14417
phone_14418,acc_14418
phone_14419,acc_14419
phone_14420,acc_14420
phone_14421,acc_14421
phone_14422,acc_14422
phone_14423,acc_14423
phone_14424,acc_14424
phone_14425,acc_14425
phone_14426,acc_14426
phone_14427,acc_14427
phone_14428,acc_14428
phone_14429,acc_14429
phone_14430,acc_14430
phone_14431,acc_14431
phone_14432,acc_14432
phone_14433,acc_14433
phone_14434,acc_14434
phone_14435,acc_14435
phone_14436,acc_14436
phone_14437,acc_14437
phone_14438,acc_14438
phone_14439,acc_14439
phone_14440,acc_14440
phone_14441,acc_14441
phone_14442,acc_14442
phone_14443,acc_14443
phone_14444,acc_14444
phone_14445,acc_14445
phone_14446,acc_14446
phone_14447,acc_14447
phone_14448,acc_14448
phone_14449,acc_14449
phone_14450,acc_14450
phone_14451,acc_14451
phone_14452,acc_14452
phone_14453,acc_14453
phone_14454,acc_14454
phone_14455,acc_14455
phone_14456,acc_14456
phone_14457,acc_14457
phone_14458,acc_14458
phone_14459,acc_14459
phone_14460,acc_14460
phone_14461,acc_14461
phone_14462,acc_14462
phone_14463,acc_14463
phone_14464,acc_14464
phone_14465,acc_14465
phone_14466,acc_14466
phone_14467,acc_14467
phone_14468,acc_14468
phone_14469,acc_14469
phone_14470,acc_14470
phone_14471,acc_14471
phone_14472,acc_14472
phone_14473,acc_14473
phone_14474,acc_14474
phone_14475,acc_14475
phone_14476,acc_14476
phone_14477,acc_14477
phone_14478,acc_14478
phone_14479,acc_14479
phone_14480,acc_14480
phone_14481,acc_14481
phone_14482,acc_14482
phone_14483,acc_14483
phone_14484,acc_14484
phone_14485,acc_14485
phone_14486,acc_14486
phone_14487,acc_14487
phone_14488,acc_14488
phone_14489,acc_14489
phone_14490,acc_14490
phone_14491,acc_14491
phone_14492,acc_14492
phone_14493,acc_14493
phone_14494,acc_14494
phone_14495,acc_14495
phone_14496,acc_14496
phone_14497,acc_14497
phone_14498,acc_14498
phone_14499,acc_14499
phone_14500,acc_14500
phone_14501,acc_14501
phone_14502,acc_14502
phone_14503,acc_14503
phone_14504,acc_14504
phone_14505,acc_14505
phone_14506,acc_14506
phone_14507,acc_14507
phone_14508,acc_14508
phone_14509,acc_14509
phone_14510,acc_14510
phone_14511,acc_14511
phone_14512,acc_14512
phone_14513,acc_14513
phone_14514,acc_14514
phone_14515,acc_14515
phone_14516,acc_14516
phone_14517,acc_14517
phone_14518,acc_14518
phone_14519,acc_14519
phone_14520,acc_14520
phone_14521,acc_14521
phone_14522,acc_14522
phone_14523,acc_14523
phone_14524,acc_14524
phone_14525,acc_14525
phone_14526,acc_14526
phone_14527,acc_14527
phone_14528,acc_14528
phone_14529,acc_14529
phone_14530,acc_14530
phone_14531,acc_14531
phone_14532,acc_14532
phone_14533,acc_14533
phone_14534,acc_14534
phone_14535,acc_14535
phone_14536,acc_14536
phone_14537,acc_14537
phone_14538,acc_14538
phone_14539,acc_14539
phone_14540,acc_14540
phone_14541,acc_14541
phone_14542,acc_14542
phone_14543,acc_14543
phone_14544,acc_14544
phone_14545,acc_14545
phone_14546,acc_14546
phone_14547,acc_14547
phone_14548,acc_14548
phone_14549,acc_14549
phone_14550,acc_14550
phone_14551,acc_14551
phone_14552,acc_14552
phone_14553,acc_14553
phone_14554,acc_14554
phone_14555,acc_14555
phone_14556,acc_14556
phone_14557,acc_14557
phone_14558,acc_14558
phone_14559,acc_14559
phone_14560,acc_14560
phone_14561,acc_14561
phone_14562,acc_14562
phone_14563,acc_14563
phone_14564,acc_14564
phone_14565,acc_14565
phone_14566,acc_14566
phone_14567,acc_14567
phone_14568,acc_14568
phone_14569,acc_14569
phone_14570,acc_14570
phone_14571,acc_14571
phone_14572,acc_14572
phone_14573,acc_14573
phone_14574,acc_14574
phone_14575,acc_14575
phone_14576,acc_14576
phone_14577,acc_14577
phone_14578,acc_14578
phone_14579,acc_14579
phone_14580,acc_14580
phone_14581,acc_14581
phone_14582,acc_14582
phone_14583,acc_14583
phone_14584,acc_14584
phone_14585,acc_14585
phone_14586,acc_14586
phone_14587,acc_14587
phone_14588,acc_14588
phone_14589,acc_14589
phone_14590,acc_14590
phone_14591,acc_14591
phone_14592,acc_14592
phone_14593,acc_14593
phone_14594,acc_14594
phone_14595,acc_14595
phone_14596,acc_14596
phone_14597,acc_14597
phone_14598,acc_14598
phone_14599,acc_14599
phone_14600,acc_14600
phone_14601,acc_14601
phone_14602,acc_14602
phone_14603,acc_14603
phone_14604,acc_14604
phone_14605,acc_14605
phone_14606,acc_14606
phone_14607,acc_14607
phone_14608,acc_14608
phone_14609,acc_14609
phone_14610,acc_14610
phone_14611,acc_14611
phone_14612,acc_14612
phone_14613,acc_14613
phone_14614,acc_14614
phone_14615,acc_14615
phone_14616,acc_14616
phone_14617,acc_14617
phone_14618,acc_14618
phone_14619,acc_14619
phone_14620,acc_14620
phone_14621,acc_14621
phone_14622,acc_14622
phone_14623,acc_14623
phone_14624,acc_14624
phone_14625,acc_14625
phone_14626,acc_14626
phone_14627,acc_14627
phone_14628,acc_14628
phone_14629,acc_14629
phone_14630,acc_14630
phone_14631,acc_14631
phone_14632,acc_14632
phone_14633,acc_14633
phone_14634,acc_14634
phone_14635,acc_14635
phone_14636,acc_14636
phone_14637,acc_14637
phone_14638,acc_14638
phone_14639,acc_14639
phone_14640,acc_14640
phone_14641,acc_14641
phone_14642,acc_14642
phone_14643,acc_14643
phone_14644,acc_14644
phone_14645,acc_14645
phone_14646,acc_14646
phone_14647,acc_14647
phone_14648,acc_14648
phone_14649,acc_14649
phone_14650,acc_14650
phone_14651,acc_14651
phone_14652,acc_14652
phone_14653,acc_14653
phone_14654,acc_14654
phone_14655,acc_14655
phone_14656,acc_14656
phone_14657,acc_14657
phone_14658,acc_14658
phone_14659,acc_14659
phone_14660,acc_14660
phone_14661,acc_14661
phone_14662,acc_14662
phone_14663,acc_14663
phone_14664,acc_14664
phone_14665,acc_14665
phone_14666,acc_14666
phone_14667,acc_14667
phone_14668,acc_14668
phone_14669,acc_14669
phone_14670,acc_14670
phone_14671,acc_14671
phone_14672,acc_14672
phone_14673,acc_14673
phone_14674,acc_14674
phone_14675,acc_14675
phone_14676,acc_14676
phone_14677,acc_14677
phone_14678,acc_14678
phone_14679,acc_14679
phone_14680,acc_14680
phone_14681,acc_14681
phone_14682,acc_14682
phone_14683,acc_14683
phone_14684,acc_14684
phone_14685,acc_14685
phone_14686,acc_14686
phone_14687,acc_14687
phone_14688,acc_14688
phone_14689,acc_14689
phone_14690,acc_14690
phone_14691,acc_14691
phone_14692,acc_14692
phone_14693,acc_14693
phone_14694,acc_14694
phone_14695,acc_14695
phone_14696,acc_14696
phone_14697,acc_14697
phone_14698,acc_14698
phone_14699,acc_14699
phone_14700,acc_14700
phone_14701,acc_14701
phone_14702,acc_14702
phone_14703,acc_14703
phone_14704,acc_14704
phone_14705,acc_14705
phone_14706,acc_14706
phone_14707,acc_14707
phone_14708,acc_14708
phone_14709,acc_14709
phone_14710,acc_14710
phone_14711,acc_14711
phone_14712,acc_14712
phone_14713,acc_14713
phone_14714,acc_14714
phone_14715,acc_14715
phone_14716,acc_14716
phone_14717,acc_14717
phone_14718,acc_14718
phone_14719,acc_14719
phone_14720,acc_14720
phone_14721,acc_14721
phone_14722,acc_14722
phone_14723,acc_14723
phone_14724,acc_14724
phone_14725,acc_14725
phone_14726,acc_14726
phone_14727,acc_14727
phone_14728,acc_14728
phone_14729,acc_14729
phone_14730,acc_14730
phone_14731,acc_14731
phone_14732,acc_14732
phone_14733,acc_14733
phone_14734,acc_14734
phone_14735,acc_14735
phone_14736,acc_14736
phone_14737,acc_14737
phone_14738,acc_14738
phone_14739,acc_14739
phone_14740,acc_14740
phone_14741,acc_14741
phone_14742,acc_14742
phone_14743,acc_14743
phone_14744,acc_14744
phone_14745,acc_14745
phone_14746,acc_14746
phone_14747,acc_14747
phone_14748,acc_14748
phone_14749,acc_14749
phone_14750,acc_14750
phone_14751,acc_14751
phone_14752,acc_14752
phone_14753,acc_14753
phone_14754,acc_14754
phone_14755,acc_14755
phone_14756,acc_14756
phone_14757,acc_14757
phone_14758,acc_14758
phone_14759,acc_14759
phone_14760,acc_14760
phone_14761,acc_14761
phone_14762,acc_14762
phone_14763,acc_14763
phone_14764,acc_14764
phone_14765,acc_14765
phone_14766,acc_14766
phone_14767,acc_14767
phone_14768,acc_14768
phone_14769,acc_14769
phone_14770,acc_14770
phone_14771,acc_14771
phone_14772,acc_14772
phone_14773,acc_14773
phone_14774,acc_14774
phone_14775,acc_14775
phone_14776,acc_14776
phone_14777,acc_14777
phone_14778,acc_14778
phone_14779,acc_14779
phone_14780,acc_14780
phone_14781,acc_14781
phone_14782,acc_14782
phone_14783,acc_14783
phone_14784,acc_14784
phone_14785,acc_14785
phone_14786,acc_14786
phone_14787,acc_14787
phone_14788,acc_14788
phone_14789,acc_14789
phone_14790,acc_14790
phone_14791,acc_14791
phone_14792,acc_14792
phone_14793,acc_14793
phone_14794,acc_14794
phone_14795,acc_14795
phone_14796,acc_14796
phone_14797,acc_14797
phone_14798,acc_14798
phone_14799,acc_14799
phone_14800,acc_14800
phone_14801,acc_14801
phone_14802,acc_14802
phone_14803,acc_14803
phone_14804,acc_14804
phone_14805,acc_14805
phone_14806,acc_14806
phone_14807,acc_14807
phone_14808,acc_14808
phone_14809,acc_14809
phone_14810,acc_14810
phone_14811,acc_14811
phone_14812,acc_14812
phone_14813,acc_14813
phone_14814,acc_14814
phone_14815,acc_14815
phone_14816,acc_14816
phone_14817,acc_14817
phone_14818,acc_14818
phone_14819,acc_14819
phone_14820,acc_14820
phone_14821,acc_14821
phone_14822,acc_14822
phone_14823,acc_14823
phone_14824,acc_14824
phone_14825,acc_14825
phone_14826,acc_14826
phone_14827,acc_14827
phone_14828,acc_14828
phone_14829,acc_14829
phone_14830,acc_14830
phone_14831,acc_14831
phone_14832,acc_14832
phone_14833,acc_14833
phone_14834,acc_14834
phone_14835,acc_14835
phone_14836,acc_14836
phone_14837,acc_14837
phone_14838,acc_14838
phone_14839,acc_14839
phone_14840,acc_14840
phone_14841,acc_14841
phone_14842,acc_14842
phone_14843,acc_14843
phone_14844,acc_14844
phone_14845,acc_14845
phone_14846,acc_14846
phone_14847,acc_14847
phone_14848,acc_14848
phone_14849,acc_14849
phone_14850,acc_14850
phone_14851,acc_14851
phone_14852,acc_14852
phone_14853,acc_14853
phone_14854,acc_14854
phone_14855,acc_14855
phone_14856,acc_14856
phone_14857,acc_14857
phone_14858,acc_14858
phone_14859,acc_14859
phone_14860,acc_14860
phone_14861,acc_14861
phone_14862,acc_14862
phone_14863,acc_14863
phone_14864,acc_14864
phone_14865,acc_14865
phone_14866,acc_14866
phone_14867,acc_14867
phone_14868,acc_14868
phone_14869,acc_14869
phone_14870,acc_14870
phone_14871,acc_14871
phone_14872,acc_14872
phone_14873,acc_14873
phone_14874,acc_14874
phone_14875,acc_14875
phone_14876,acc_14876
phone_14877,acc_14877
phone_14878,acc_14878
phone_14879,acc_14879
phone_14880,acc_14880
phone_14881,acc_14881
phone_14882,acc_14882
phone_14883,acc_14883
phone_14884,acc_14884
phone_14885,acc_14885
phone_14886,acc_14886
phone_14887,acc_14887
phone_14888,acc_14888
phone_14889,acc_14889
phone_14890,acc_14890
phone_14891,acc_14891
phone_14892,acc_14892
phone_14893,acc_14893
phone_14894,acc_14894
phone_14895,acc_14895
phone_14896,acc_14896
phone_14897,acc_14897
phone_14898,acc_14898
phone_14899,acc_14899
phone_14900,acc_14900
phone_14901,acc_14901
phone_14902,acc_14902
phone_14903,acc_14903
phone_14904,acc_14904
phone_14905,acc_14905
phone_14906,acc_14906
phone_14907,acc_14907
phone_14908,acc_14908
phone_14909,acc_14909
phone_14910,acc_14910
phone_14911,acc_14911
phone_14912,acc_14912
phone_14913,acc_14913
phone_14914,acc_14914
phone_14915,acc_14915
phone_14916,acc_14916
phone_14917,acc_14917
phone_14918,acc_14918
phone_14919,acc_14919
phone_14920,acc_14920
phone_14921,acc_14921
phone_14922,acc_14922
phone_14923,acc_14923
phone_14924,acc_14924
phone_14925,acc_14925
phone_14926,acc_14926
phone_14927,acc_14927
phone_14928,acc_14928
phone_14929,acc_14929
phone_14930,acc_14930
phone_14931,acc_14931
phone_14932,acc_14932
phone_14933,acc_14933
phone_14934,acc_14934
phone_14935,acc_14935
phone_14936,acc_14936
phone_14937,acc_14937
phone_14938,acc_14938
phone_14939,acc_14939
phone_14940,acc_14940
phone_14941,acc_14941
phone_14942,acc_14942
phone_14943,acc_14943
phone_14944,acc_14944
phone_14945,acc_14945
phone_14946,acc_14946
phone_14947,acc_14947
phone_14948,acc_14948
phone_14949,acc_14949
phone_14950,acc_14950
phone_14951,acc_14951
phone_14952,acc_14952
phone_14953,acc_14953
phone_14954,acc_14954
phone_14955,acc_14955
phone_14956,acc_14956
phone_14957,acc_14957
phone_14958,acc_14958
phone_14959,acc_14959
phone_14960,acc_14960
phone_14961,acc_14961
phone_14962,acc_14962
phone_14963,acc_14963
phone_14964,acc_14964
phone_14965,acc_14965
phone_14966,acc_14966
phone_14967,acc_14967
phone_14968,acc_14968
phone_14969,acc_14969
phone_14970,acc_14970
phone_14971,acc_14971
phone_14972,acc_14972
phone_14973,acc_14973
phone_14974,acc_14974
phone_14975,acc_14975
phone_14976,acc_14976
phone_14977,acc_14977
phone_14978,acc_14978
phone_14979,acc_14979
phone_14980,acc_14980
phone_14981,acc_14981
phone_14982,acc_14982
phone_14983,acc_14983
phone_14984,acc_14984
phone_14985,acc_14985
phone_14986,acc_14986
phone_14987,acc_14987
phone_14988,acc_14988
phone_14989,acc_14989
phone_14990,acc_14990
phone_14991,acc_14991
phone_14992,acc_14992
phone_14993,acc_14993
phone_14994,acc_14994
phone_14995,acc_14995
phone_14996,acc_14996
phone_14997,acc_14997
phone_14998,acc_14998
phone_14999,acc_14999
phone_15000,acc_15000
phone_15001,acc_15001
phone_15002,acc_15002
phone_15003,acc_15003
phone_15004,acc_15004
phone_15005,acc_15005
phone_15006,acc_15006
phone_15007,acc_15007
phone_15008,acc_15008
phone_15009,acc_15009
phone_15010,acc_15010
phone_15011,acc_15011
phone_15012,acc_15012
phone_15013,acc_15013
phone_15014,acc_15014
phone_15015,acc_15015
phone_15016,acc_15016
phone_15017,acc_15017
phone_15018,acc_15018
phone_15019,acc_15019
phone_15020,acc_15020
phone_15021,acc_15021
phone_15022,acc_15022
phone_15023,acc_15023
phone_15024,acc_15024
phone_15025,acc_15025
phone_15026,acc_15026
phone_15027,acc_15027
phone_15028,acc_15028
phone_15029,acc_15029
phone_15030,acc_15030
phone_15031,acc_15031
phone_15032,acc_15032
phone_15033,acc_15033
phone_15034,acc_15034
phone_15035,acc_15035
phone_15036,acc_15036
phone_15037,acc_15037
phone_15038,acc_15038
phone_15039,acc_15039
phone_15040,acc_15040
phone_15041,acc_15041
phone_15042,acc_15042
phone_15043,acc_15043
phone_15044,acc_15044
phone_15045,acc_15045
phone_15046,acc_15046
phone_15047,acc_15047
phone_15048,acc_15048
phone_15049,acc_15049
phone_15050,acc_15050
phone_15051,acc_15051
phone_15052,acc_15052
phone_15053,acc_15053
phone_15054,acc_15054
phone_15055,acc_15055
phone_15056,acc_15056
phone_15057,acc_15057
phone_15058,acc_15058
phone_15059,acc_15059
phone_15060,acc_15060
phone_15061,acc_15061
phone_15062,acc_15062
phone_15063,acc_15063
phone_15064,acc_15064
phone_15065,acc_15065
phone_15066,acc_15066
phone_15067,acc_15067
phone_15068,acc_15068
phone_15069,acc_15069
phone_15070,acc_15070
phone_15071,acc_15071
phone_15072,acc_15072
phone_15073,acc_15073
phone_15074,acc_15074
phone_15075,acc_15075
phone_15076,acc_15076
phone_15077,acc_15077
phone_15078,acc_15078
phone_15079,acc_15079
phone_15080,acc_15080
phone_15081,acc_15081
phone_15082,acc_15082
phone_15083,acc_15083
phone_15084,acc_15084
phone_15085,acc_15085
phone_15086,acc_15086
phone_15087,acc_15087
phone_15088,acc_15088
phone_15089,acc_15089
phone_15090,acc_15090
phone_15091,acc_15091
phone_15092,acc_15092
phone_15093,acc_15093
phone_15094,acc_15094
phone_15095,acc_15095
phone_15096,acc_15096
phone_15097,acc_15097
phone_15098,acc_15098
phone_15099,acc_15099
phone_15100,acc_15100
phone_15101,acc_15101
phone_15102,acc_15102
phone_15103,acc_15103
phone_15104,acc_15104
phone_15105,acc_15105
phone_15106,acc_15106
phone_15107,acc_15107
phone_15108,acc_15108
phone_15109,acc_15109
phone_15110,acc_15110
phone_15111,acc_15111
phone_15112,acc_15112
phone_15113,acc_15113
phone_15114,acc_15114
phone_15115,acc_15115
phone_15116,acc_15116
phone_15117,acc_15117
phone_15118,acc_15118
phone_15119,acc_15119
phone_15120,acc_15120
phone_15121,acc_15121
phone_15122,acc_15122
phone_15123,acc_15123
phone_15124,acc_15124
phone_15125,acc_15125
phone_15126,acc_15126
phone_15127,acc_15127
phone_15128,acc_15128
phone_15129,acc_15129
phone_15130,acc_15130
phone_15131,acc_15131
phone_15132,acc_15132
phone_15133,acc_15133
phone_15134,acc_15134
phone_15135,acc_15135
phone_15136,acc_15136
phone_15137,acc_15137
phone_15138,acc_15138
phone_15139,acc_15139
phone_15140,acc_15140
phone_15141,acc_15141
phone_15142,acc_15142
phone_15143,acc_15143
phone_15144,acc_15144
phone_15145,acc_15145
phone_15146,acc_15146
phone_15147,acc_15147
phone_15148,acc_15148
phone_15149,acc_15149
phone_15150,acc_15150
phone_15151,acc_15151
phone_15152,acc_15152
phone_15153,acc_15153
phone_15154,acc_15154
phone_15155,acc_15155
phone_15156,acc_15156
phone_15157,acc_15157
phone_15158,acc_15158
phone_15159,acc_15159
phone_15160,acc_15160
phone_15161,acc_15161
phone_15162,acc_15162
phone_15163,acc_15163
phone_15164,acc_15164
phone_15165,acc_15165
phone_15166,acc_15166
phone_15167,acc_15167
phone_15168,acc_15168
phone_15169,acc_15169
phone_15170,acc_15170
phone_15171,acc_15171
phone_15172,acc_15172
phone_15173,acc_15173
phone_15174,acc_15174
phone_15175,acc_15175
phone_15176,acc_15176
phone_15177,acc_15177
phone_15178,acc_15178
phone_15179,acc_15179
phone_15180,acc_15180
phone_15181,acc_15181
phone_15182,acc_15182
phone_15183,acc_15183
phone_15184,acc_15184
phone_15185,acc_15185
phone_15186,acc_15186
phone_15187,acc_15187
phone_15188,acc_15188
phone_15189,acc_15189
phone_15190,acc_15190
phone_15191,acc_15191
phone_15192,acc_15192
phone_15193,acc_15193
phone_15194,acc_15194
phone_15195,acc_15195
phone_15196,acc_15196
phone_15197,acc_15197
phone_15198,acc_15198
phone_15199,acc_15199
phone_15200,acc_15200
phone_15201,acc_15201
phone_15202,acc_15202
phone_15203,acc_15203
phone_15204,acc_15204
phone_15205,acc_15205
phone_15206,acc_15206
phone_15207,acc_15207
phone_15208,acc_15208
phone_15209,acc_15209
phone_15210,acc_15210
phone_15211,acc_15211
phone_15212,acc_15212
phone_15213,acc_15213
phone_15214,acc_15214
phone_15215,acc_15215
phone_15216,acc_15216
phone_15217,acc_15217
phone_15218,acc_15218
phone_15219,acc_15219
phone_15220,acc_15220
phone_15221,acc_15221
phone_15222,acc_15222
phone_15223,acc_15223
phone_15224,acc_15224
phone_15225,acc_15225
phone_15226,acc_15226
phone_15227,acc_15227
phone_15228,acc_15228
phone_15229,acc_15229
phone_15230,acc_15230
phone_15231,acc_15231
phone_15232,acc_15232
phone_15233,acc_15233
phone_15234,acc_15234
phone_15235,acc_15235
phone_15236,acc_15236
phone_15237,acc_15237
phone_15238,acc_15238
phone_15239,acc_15239
phone_15240,acc_15240
phone_15241,acc_15241
phone_15242,acc_15242
phone_15243,acc_15243
phone_15244,acc_15244
phone_15245,acc_15245
phone_15246,acc_15246
phone_15247,acc_15247
phone_15248,acc_15248
phone_15249,acc_15249
phone_15250,acc_15250
phone_15251,acc_15251
phone_15252,acc_15252
phone_15253,acc_15253
phone_15254,acc_15254
phone_15255,acc_15255
phone_15256,acc_15256
phone_15257,acc_15257
phone_15258,acc_15258
phone_15259,acc_15259
phone_15260,acc_15260
phone_15261,acc_15261
phone_15262,acc_15262
phone_15263,acc_15263
phone_15264,acc_15264
phone_15265,acc_15265
phone_15266,acc_15266
phone_15267,acc_15267
phone_15268,acc_15268
phone_15269,acc_15269
phone_15270,acc_15270
phone_15271,acc_15271
phone_15272,acc_15272
phone_15273,acc_15273
phone_15274,acc_15274
phone_15275,acc_15275
phone_15276,acc_15276
phone_15277,acc_15277
phone_15278,acc_15278
phone_15279,acc_15279
phone_15280,acc_15280
phone_15281,acc_15281
phone_15282,acc_15282
phone_15283,acc_15283
phone_15284,acc_15284
phone_15285,acc_15285
phone_15286,acc_15286
phone_15287,acc_15287
phone_15288,acc_15288
phone_15289,acc_15289
phone_15290,acc_15290
phone_15291,acc_15291
phone_15292,acc_15292
phone_15293,acc_15293
phone_15294,acc_15294
phone_15295,acc_15295
phone_15296,acc_15296
phone_15297,acc_15297
phone_15298,acc_15298
phone_15299,acc_15299
phone_15300,acc_15300
phone_15301,acc_15301
phone_15302,acc_15302
phone_15303,acc_15303
phone_15304,acc_15304
phone_15305,acc_15305
phone_15306,acc_15306
phone_15307,acc_15307
phone_15308,acc_15308
phone_15309,acc_15309
phone_15310,acc_15310
phone_15311,acc_15311
phone_15312,acc_15312
phone_15313,acc_15313
phone_15314,acc_15314
phone_15315,acc_15315
phone_15316,acc_15316
phone_15317,acc_15317
phone_15318,acc_15318
phone_15319,acc_15319
phone_15320,acc_15320
phone_15321,acc_15321
phone_15322,acc_15322
phone_15323,acc_15323
phone_15324,acc_15324
phone_15325,acc_15325
phone_15326,acc_15326
phone_15327,acc_15327
phone_15328,acc_15328
phone_15329,acc_15329
phone_15330,acc_15330
phone_15331,acc_15331
phone_15332,acc_15332
phone_15333,acc_15333
phone_15334,acc_15334
phone_15335,acc_15335
phone_15336,acc_15336
phone_15337,acc_15337
phone_15338,acc_15338
phone_15339,acc_15339
phone_15340,acc_15340
phone_15341,acc_15341
phone_15342,acc_15342
phone_15343,acc_15343
phone_15344,acc_15344
phone_15345,acc_15345
phone_15346,acc_15346
phone_15347,acc_15347
phone_15348,acc_15348
phone_15349,acc_15349
phone_15350,acc_15350
phone_15351,acc_15351
phone_15352,acc_15352
phone_15353,acc_15353
phone_15354,acc_15354
phone_15355,acc_15355
phone_15356,acc_15356
phone_15357,acc_15357
phone_15358,acc_15358
phone_15359,acc_15359
phone_15360,acc_15360
phone_15361,acc_15361
phone_15362,acc_15362
phone_15363,acc_15363
phone_15364,acc_15364
phone_15365,acc_15365
phone_15366,acc_15366
phone_15367,acc_15367
phone_15368,acc_15368
phone_15369,acc_15369
phone_15370,acc_15370
phone_15371,acc_15371
phone_15372,acc_15372
phone_15373,acc_15373
phone_15374,acc_15374
phone_15375,acc_15375
phone_15376,acc_15376
phone_15377,acc_15377
phone_15378,acc_15378
phone_15379,acc_15379
phone_15380,acc_15380
phone_15381,acc_15381
phone_15382,acc_15382
phone_15383,acc_15383
phone_15384,acc_15384
phone_15385,acc_15385
phone_15386,acc_15386
phone_15387,acc_15387
phone_15388,acc_15388
phone_15389,acc_15389
phone_15390,acc_15390
phone_15391,acc_15391
phone_15392,acc_15392
phone_15393,acc_15393
phone_15394,acc_15394
phone_15395,acc_15395
phone_15396,acc_15396
phone_15397,acc_15397
phone_15398,acc_15398
phone_15399,acc_15399
phone_15400,acc_15400
phone_15401,acc_15401
phone_15402,acc_15402
phone_15403,acc_15403
phone_15404,acc_15404
phone_15405,acc_15405
phone_15406,acc_15406
phone_15407,acc_15407
phone_15408,acc_15408
phone_15409,acc_15409
phone_15410,acc_15410
phone_15411,acc_15411
phone_15412,acc_15412
phone_15413,acc_15413
phone_15414,acc_15414
phone_15415,acc_15415
phone_15416,acc_15416
phone_15417,acc_15417
phone_15418,acc_15418
phone_15419,acc_15419
phone_15420,acc_15420
phone_15421,acc_15421
phone_15422,acc_15422
phone_15423,acc_15423
phone_15424,acc_15424
phone_15425,acc_15425
phone_15426,acc_15426
phone_15427,acc_15427
phone_15428,acc_15428
phone_15429,acc_15429
phone_15430,acc_15430
phone_15431,acc_15431
phone_15432,acc_15432
phone_15433,acc_15433
phone_15434,acc_15434
phone_15435,acc_15435
phone_15436,acc_15436
phone_15437,acc_15437
phone_15438,acc_15438
phone_15439,acc_15439
phone_15440,acc_15440
phone_15441,acc_15441
phone_15442,acc_15442
phone_15443,acc_15443
phone_15444,acc_15444
phone_15445,acc_15445
phone_15446,acc_15446
phone_15447,acc_15447
phone_15448,acc_15448
phone_15449,acc_15449
phone_15450,acc_15450
phone_15451,acc_15451
phone_15452,acc_15452
phone_15453,acc_15453
phone_15454,acc_15454
phone_15455,acc_15455
phone_15456,acc_15456
phone_15457,acc_15457
phone_15458,acc_15458
phone_15459,acc_15459
phone_15460,acc_15460
phone_15461,acc_15461
phone_15462,acc_15462
phone_15463,acc_15463
phone_15464,acc_15464
phone_15465,acc_15465
phone_15466,acc_15466
phone_15467,acc_15467
phone_15468,acc_15468
phone_15469,acc_15469
phone_15470,acc_15470
phone_15471,acc_15471
phone_15472,acc_15472
phone_15473,acc_15473
phone_15474,acc_15474
phone_15475,acc_15475
phone_15476,acc_15476
phone_15477,acc_15477
phone_15478,acc_15478
phone_15479,acc_15479
phone_15480,acc_15480
phone_15481,acc_15481
phone_15482,acc_15482
phone_15483,acc_15483
phone_15484,acc_15484
phone_15485,acc_15485
phone_15486,acc_15486
phone_15487,acc_15487
phone_15488,acc_15488
phone_15489,acc_15489
phone_15490,acc_15490
phone_15491,acc_15491
phone_15492,acc_15492
phone_15493,acc_15493
phone_15494,acc_15494
phone_15495,acc_15495
phone_15496,acc_15496
phone_15497,acc_15497
phone_15498,acc_15498
phone_15499,acc_15499
phone_15500,acc_15500
phone_15501,acc_15501
phone_15502,acc_15502
phone_15503,acc_15503
phone_15504,acc_15504
phone_15505,acc_15505
phone_15506,acc_15506
phone_15507,acc_15507
phone_15508,acc_15508
phone_15509,acc_15509
phone_15510,acc_15510
phone_15511,acc_15511
phone_15512,acc_15512
phone_15513,acc_15513
phone_15514,acc_15514
phone_15515,acc_15515
phone_15516,acc_15516
phone_15517,acc_15517
phone_15518,acc_15518
phone_15519,acc_15519
phone_15520,acc_15520
phone_15521,acc_15521
phone_15522,acc_15522
phone_15523,acc_15523
phone_15524,acc_15524
phone_15525,acc_15525
phone_15526,acc_15526
phone_15527,acc_15527
phone_15528,acc_15528
phone_15529,acc_15529
phone_15530,acc_15530
phone_15531,acc_15531
phone_15532,acc_15532
phone_15533,acc_15533
phone_15534,acc_15534
phone_15535,acc_15535
phone_15536,acc_15536
phone_15537,acc_15537
phone_15538,acc_15538
phone_15539,acc_15539
phone_15540,acc_15540
phone_15541,acc_15541
phone_15542,acc_15542
phone_15543,acc_15543
phone_15544,acc_15544
phone_15545,acc_15545
phone_15546,acc_15546
phone_15547,acc_15547
phone_15548,acc_15548
phone_15549,acc_15549
phone_15550,acc_15550
phone_15551,acc_15551
phone_15552,acc_15552
phone_15553,acc_15553
phone_15554,acc_15554
phone_15555,acc_15555
phone_15556,acc_15556
phone_15557,acc_15557
phone_15558,acc_15558
phone_15559,acc_15559
phone_15560,acc_15560
phone_15561,acc_15561
phone_15562,acc_15562
phone_15563,acc_15563
phone_15564,acc_15564
phone_15565,acc_15565
phone_15566,acc_15566
phone_15567,acc_15567
phone_15568,acc_15568
phone_15569,acc_15569
phone_15570,acc_15570
phone_15571,acc_15571
phone_15572,acc_15572
phone_15573,acc_15573
phone_15574,acc_15574
phone_15575,acc_15575
phone_15576,acc_15576
phone_15577,acc_15577
phone_15578,acc_15578
phone_15579,acc_15579
phone_15580,acc_15580
phone_15581,acc_15581
phone_15582,acc_15582
phone_15583,acc_15583
phone_15584,acc_15584
phone_15585,acc_15585
phone_15586,acc_15586
phone_15587,acc_15587
phone_15588,acc_15588
phone_15589,acc_15589
phone_15590,acc_15590
phone_15591,acc_15591
phone_15592,acc_15592
phone_15593,acc_15593
phone_15594,acc_15594
phone_15595,acc_15595
phone_15596,acc_15596
phone_15597,acc_15597
phone_15598,acc_15598
phone_15599,acc_15599
phone_15600,acc_15600
phone_15601,acc_15601
phone_15602,acc_15602
phone_15603,acc_15603
phone_15604,acc_15604
phone_15605,acc_15605
phone_15606,acc_15606
phone_15607,acc_15607
phone_15608,acc_15608
phone_15609,acc_15609
phone_15610,acc_15610
phone_15611,acc_15611
phone_15612,acc_15612
phone_15613,acc_15613
phone_15614,acc_15614
phone_15615,acc_15615
phone_15616,acc_15616
phone_15617,acc_15617
phone_15618,acc_15618
phone_15619,acc_15619
phone_15620,acc_15620
phone_15621,acc_15621
phone_15622,acc_15622
phone_15623,acc_15623
phone_15624,acc_15624
phone_15625,acc_15625
phone_15626,acc_15626
phone_15627,acc_15627
phone_15628,acc_15628
phone_15629,acc_15629
phone_15630,acc_15630
phone_15631,acc_15631
phone_15632,acc_15632
phone_15633,acc_15633
phone_15634,acc_15634
phone_15635,acc_15635
phone_15636,acc_15636
phone_15637,acc_15637
phone_15638,acc_15638
phone_15639,acc_15639
phone_15640,acc_15640
phone_15641,acc_15641
phone_15642,acc_15642
phone_15643,acc_15643
phone_15644,acc_15644
phone_15645,acc_15645
phone_15646,acc_15646
phone_15647,acc_15647
phone_15648,acc_15648
phone_15649,acc_15649
phone_15650,acc_15650
phone_15651,acc_15651
phone_15652,acc_15652
phone_15653,acc_15653
phone_15654,acc_15654
phone_15655,acc_15655
phone_15656,acc_15656
phone_15657,acc_15657
phone_15658,acc_15658
phone_15659,acc_15659
phone_15660,acc_15660
phone_15661,acc_15661
phone_15662,acc_15662
phone_15663,acc_15663
phone_15664,acc_15664
phone_15665,acc_15665
phone_15666,acc_15666
phone_15667,acc_15667
phone_15668,acc_15668
phone_15669,acc_15669
phone_15670,acc_15670
phone_15671,acc_15671
phone_15672,acc_15672
phone_15673,acc_15673
phone_15674,acc_15674
phone_15675,acc_15675
phone_15676,acc_15676
phone_15677,acc_15677
phone_15678,acc_15678
phone_15679,acc_15679
phone_15680,acc_15680
phone_15681,acc_15681
phone_15682,acc_15682
phone_15683,acc_15683
phone_15684,acc_15684
phone_15685,acc_15685
phone_15686,acc_15686
phone_15687,acc_15687
phone_15688,acc_15688
phone_15689,acc_15689
phone_15690,acc_15690
phone_15691,acc_15691
phone_15692,acc_15692
phone_15693,acc_15693
phone_15694,acc_15694
phone_15695,acc_15695
phone_15696,acc_15696
phone_15697,acc_15697
phone_15698,acc_15698
phone_15699,acc_15699
phone_15700,acc_15700
phone_15701,acc_15701
phone_15702,acc_15702
phone_15703,acc_15703
phone_15704,acc_15704
phone_15705,acc_15705
phone_15706,acc_15706
phone_15707,acc_15707
phone_15708,acc_15708
phone_15709,acc_15709
phone_15710,acc_15710
phone_15711,acc_15711
phone_15712,acc_15712
phone_15713,acc_15713
phone_15714,acc_15714
phone_15715,acc_15715
phone_15716,acc_15716
phone_15717,acc_15717
phone_15718,acc_15718
phone_15719,acc_15719
phone_15720,acc_15720
phone_15721,acc_15721
phone_15722,acc_15722
phone_15723,acc_15723
phone_15724,acc_15724
phone_15725,acc_15725
phone_15726,acc_15726
phone_15727,acc_15727
phone_15728,acc_15728
phone_15729,acc_15729
phone_15730,acc_15730
phone_15731,acc_15731
phone_15732,acc_15732
phone_15733,acc_15733
phone_15734,acc_15734
phone_15735,acc_15735
phone_15736,acc_15736
phone_15737,acc_15737
phone_15738,acc_15738
phone_15739,acc_15739
phone_15740,acc_15740
phone_15741,acc_15741
phone_15742,acc_15742
phone_15743,acc_15743
phone_15744,acc_15744
phone_15745,acc_15745
phone_15746,acc_15746
phone_15747,acc_15747
phone_15748,acc_15748
phone_15749,acc_15749
phone_15750,acc_15750
phone_15751,acc_15751
phone_15752,acc_15752
phone_15753,acc_15753
phone_15754,acc_15754
phone_15755,acc_15755
phone_15756,acc_15756
phone_15757,acc_15757
phone_15758,acc_15758
phone_15759,acc_15759
phone_15760,acc_15760
phone_15761,acc_15761
phone_15762,acc_15762
phone_15763,acc_15763
phone_15764,acc_15764
phone_15765,acc_15765
phone_15766,acc_15766
phone_15767,acc_15767
phone_15768,acc_15768
phone_15769,acc_15769
phone_15770,acc_15770
phone_15771,acc_15771
phone_15772,acc_15772
phone_15773,acc_15773
phone_15774,acc_15774
phone_15775,acc_15775
phone_15776,acc_15776
phone_15777,acc_15777
phone_15778,acc_15778
phone_15779,acc_15779
phone_15780,acc_15780
phone_15781,acc_15781
phone_15782,acc_15782
phone_15783,acc_15783
phone_15784,acc_15784
phone_15785,acc_15785
phone_15786,acc_15786
phone_15787,acc_15787
phone_15788,acc_15788
phone_15789,acc_15789
phone_15790,acc_15790
phone_15791,acc_15791
phone_15792,acc_15792
phone_15793,acc_15793
phone_15794,acc_15794
phone_15795,acc_15795
phone_15796,acc_15796
phone_15797,acc_15797
phone_15798,acc_15798
phone_15799,acc_15799
phone_15800,acc_15800
phone_15801,acc_15801
phone_15802,acc_15802
phone_15803,acc_15803
phone_15804,acc_15804
phone_15805,acc_15805
phone_15806,acc_15806
phone_15807,acc_15807
phone_15808,acc_15808
phone_15809,acc_15809
phone_15810,acc_15810
phone_15811,acc_15811
phone_15812,acc_15812
phone_15813,acc_15813
phone_15814,acc_15814
phone_15815,acc_15815
phone_15816,acc_15816
phone_15817,acc_15817
phone_15818,acc_15818
phone_15819,acc_15819
phone_15820,acc_15820
phone_15821,acc_15821
phone_15822,acc_15822
phone_15823,acc_15823
phone_15824,acc_15824
phone_15825,acc_15825
phone_15826,acc_15826
phone_15827,acc_15827
phone_15828,acc_15828
phone_15829,acc_15829
phone_15830,acc_15830
phone_15831,acc_15831
phone_15832,acc_15832
phone_15833,acc_15833
phone_15834,acc_15834
phone_15835,acc_15835
phone_15836,acc_15836
phone_15837,acc_15837
phone_15838,acc_15838
phone_15839,acc_15839
phone_15840,acc_15840
phone_15841,acc_15841
phone_15842,acc_15842
phone_15843,acc_15843
phone_15844,acc_15844
phone_15845,acc_15845
phone_15846,acc_15846
phone_15847,acc_15847
phone_15848,acc_15848
phone_15849,acc_15849
phone_15850,acc_15850
phone_15851,acc_15851
phone_15852,acc_15852
phone_15853,acc_15853
phone_15854,acc_15854
phone_15855,acc_15855
phone_15856,acc_15856
phone_15857,acc_15857
phone_15858,acc_15858
phone_15859,acc_15859
phone_15860,acc_15860
phone_15861,acc_15861
phone_15862,acc_15862
phone_15863,acc_15863
phone_15864,acc_15864
phone_15865,acc_15865
phone_15866,acc_15866
phone_15867,acc_15867
phone_15868,acc_15868
phone_15869,acc_15869
phone_15870,acc_15870
phone_15871,acc_15871
phone_15872,acc_15872
phone_15873,acc_15873
phone_15874,acc_15874
phone_15875,acc_15875
phone_15876,acc_15876
phone_15877,acc_15877
phone_15878,acc_15878
phone_15879,acc_15879
phone_15880,acc_15880
phone_15881,acc_15881
phone_15882,acc_15882
phone_15883,acc_15883
phone_15884,acc_15884
phone_15885,acc_15885
phone_15886,acc_15886
phone_15887,acc_15887
phone_15888,acc_15888
phone_15889,acc_15889
phone_15890,acc_15890
phone_15891,acc_15891
phone_15892,acc_15892
phone_15893,acc_15893
phone_15894,acc_15894
phone_15895,acc_15895
phone_15896,acc_15896
phone_15897,acc_15897
phone_15898,acc_15898
phone_15899,acc_15899
phone_15900,acc_15900
phone_15901,acc_15901
phone_15902,acc_15902
phone_15903,acc_15903
phone_15904,acc_15904
phone_15905,acc_15905
phone_15906,acc_15906
phone_15907,acc_15907
phone_15908,acc_15908
phone_15909,acc_15909
phone_15910,acc_15910
phone_15911,acc_15911
phone_15912,acc_15912
phone_15913,acc_15913
phone_15914,acc_15914
phone_15915,acc_15915
phone_15916,acc_15916
phone_15917,acc_15917
phone_15918,acc_15918
phone_15919,acc_15919
phone_15920,acc_15920
phone_15921,acc_15921
phone_15922,acc_15922
phone_15923,acc_15923
phone_15924,acc_15924
phone_15925,acc_15925
phone_15926,acc_15926
phone_15927,acc_15927
phone_15928,acc_15928
phone_15929,acc_15929
phone_15930,acc_15930
phone_15931,acc_15931
phone_15932,acc_15932
phone_15933,acc_15933
phone_15934,acc_15934
phone_15935,acc_15935
phone_15936,acc_15936
phone_15937,acc_15937
phone_15938,acc_15938
phone_15939,acc_15939
phone_15940,acc_15940
phone_15941,acc_15941
phone_15942,acc_15942
phone_15943,acc_15943
phone_15944,acc_15944
phone_15945,acc_15945
phone_15946,acc_15946
phone_15947,acc_15947
phone_15948,acc_15948
phone_15949,acc_15949
phone_15950,acc_15950
phone_15951,acc_15951
phone_15952,acc_15952
phone_15953,acc_15953
phone_15954,acc_15954
phone_15955,acc_15955
phone_15956,acc_15956
phone_15957,acc_15957
phone_15958,acc_15958
phone_15959,acc_15959
phone_15960,acc_15960
phone_15961,acc_15961
phone_15962,acc_15962
phone_15963,acc_15963
phone_15964,acc_15964
phone_15965,acc_15965
phone_15966,acc_15966
phone_15967,acc_15967
phone_15968,acc_15968
phone_15969,acc_15969
phone_15970,acc_15970
phone_15971,acc_15971
phone_15972,acc_15972
phone_15973,acc_15973
phone_15974,acc_15974
phone_15975,acc_15975
phone_15976,acc_15976
phone_15977,acc_15977
phone_15978,acc_15978
phone_15979,acc_15979
phone_15980,acc_15980
phone_15981,acc_15981
phone_15982,acc_15982
phone_15983,acc_15983
phone_15984,acc_15984
phone_15985,acc_15985
phone_15986,acc_15986
phone_15987,acc_15987
phone_15988,acc_15988
phone_15989,acc_15989
phone_15990,acc_15990
phone_15991,acc_15991
phone_15992,acc_15992
phone_15993,acc_15993
phone_15994,acc_15994
phone_15995,acc_15995
phone_15996,acc_15996
phone_15997,acc_15997
phone_15998,acc_15998
phone_15999,acc_15999
phone_16000,acc_16000
phone_16001,acc_16001
phone_16002,acc_16002
phone_16003,acc_16003
phone_16004,acc_16004
phone_16005,acc_16005
phone_16006,acc_16006
phone_16007,acc_16007
phone_16008,acc_16008
phone_16009,acc_16009
phone_16010,acc_16010
phone_16011,acc_16011
phone_16012,acc_16012
phone_16013,acc_16013
phone_16014,acc_16014
phone_16015,acc_16015
phone_16016,acc_16016
phone_16017,acc_16017
phone_16018,acc_16018
phone_16019,acc_16019
phone_16020,acc_16020
phone_16021,acc_16021
phone_16022,acc_16022
phone_16023,acc_16023
phone_16024,acc_16024
phone_16025,acc_16025
phone_16026,acc_16026
phone_16027,acc_16027
phone_16028,acc_16028
phone_16029,acc_16029
phone_16030,acc_16030
phone_16031,acc_16031
phone_16032,acc_16032
phone_16033,acc_16033
phone_16034,acc_16034
phone_16035,acc_16035
phone_16036,acc_16036
phone_16037,acc_16037
phone_16038,acc_16038
phone_16039,acc_16039
phone_16040,acc_16040
phone_16041,acc_16041
phone_16042,acc_16042
phone_16043,acc_16043
phone_16044,acc_16044
phone_16045,acc_16045
phone_16046,acc_16046
phone_16047,acc_16047
phone_16048,acc_16048
phone_16049,acc_16049
phone_16050,acc_16050
phone_16051,acc_16051
phone_16052,acc_16052
phone_16053,acc_16053
phone_16054,acc_16054
phone_16055,acc_16055
phone_16056,acc_16056
phone_16057,acc_16057
phone_16058,acc_16058
phone_16059,acc_16059
phone_16060,acc_16060
phone_16061,acc_16061
phone_16062,acc_16062
phone_16063,acc_16063
phone_16064,acc_16064
phone_16065,acc_16065
phone_16066,acc_16066
phone_16067,acc_16067
phone_16068,acc_16068
phone_16069,acc_16069
phone_16070,acc_16070
phone_16071,acc_16071
phone_16072,acc_16072
phone_16073,acc_16073
phone_16074,acc_16074
phone_16075,acc_16075
phone_16076,acc_16076
phone_16077,acc_16077
phone_16078,acc_16078
phone_16079,acc_16079
phone_16080,acc_16080
phone_16081,acc_16081
phone_16082,acc_16082
phone_16083,acc_16083
phone_16084,acc_16084
phone_16085,acc_16085
phone_16086,acc_16086
phone_16087,acc_16087
phone_16088,acc_16088
phone_16089,acc_16089
phone_16090,acc_16090
phone_16091,acc_16091
phone_16092,acc_16092
phone_16093,acc_16093
phone_16094,acc_16094
phone_16095,acc_16095
phone_16096,acc_16096
phone_16097,acc_16097
phone_16098,acc_16098
phone_16099,acc_16099
phone_16100,acc_16100
phone_16101,acc_16101
phone_16102,acc_16102
phone_16103,acc_16103
phone_16104,acc_16104
phone_16105,acc_16105
phone_16106,acc_16106
phone_16107,acc_16107
phone_16108,acc_16108
phone_16109,acc_16109
phone_16110,acc_16110
phone_16111,acc_16111
phone_16112,acc_16112
phone_16113,acc_16113
phone_16114,acc_16114
phone_16115,acc_16115
phone_16116,acc_16116
phone_16117,acc_16117
phone_16118,acc_16118
phone_16119,acc_16119
phone_16120,acc_16120
phone_16121,acc_16121
phone_16122,acc_16122
phone_16123,acc_16123
phone_16124,acc_16124
phone_16125,acc_16125
phone_16126,acc_16126
phone_16127,acc_16127
phone_16128,acc_16128
phone_16129,acc_16129
phone_16130,acc_16130
phone_16131,acc_16131
phone_16132,acc_16132
phone_16133,acc_16133
phone_16134,acc_16134
phone_16135,acc_16135
phone_16136,acc_16136
phone_16137,acc_16137
phone_16138,acc_16138
phone_16139,acc_16139
phone_16140,acc_16140
phone_16141,acc_16141
phone_16142,acc_16142
phone_16143,acc_16143
phone_16144,acc_16144
phone_16145,acc_16145
phone_16146,acc_16146
phone_16147,acc_16147
phone_16148,acc_16148
phone_16149,acc_16149
phone_16150,acc_16150
phone_16151,acc_16151
phone_16152,acc_16152
phone_16153,acc_16153
phone_16154,acc_16154
phone_16155,acc_16155
phone_16156,acc_16156
phone_16157,acc_16157
phone_16158,acc_16158
phone_16159,acc_16159
phone_16160,acc_16160
phone_16161,acc_16161
phone_16162,acc_16162
phone_16163,acc_16163
phone_16164,acc_16164
phone_16165,acc_16165
phone_16166,acc_16166
phone_16167,acc_16167
phone_16168,acc_16168
phone_16169,acc_16169
phone_16170,acc_16170
phone_16171,acc_16171
phone_16172,acc_16172
phone_16173,acc_16173
phone_16174,acc_16174
phone_16175,acc_16175
phone_16176,acc_16176
phone_16177,acc_16177
phone_16178,acc_16178
phone_16179,acc_16179
phone_16180,acc_16180
phone_16181,acc_16181
phone_16182,acc_16182
phone_16183,acc_16183
phone_16184,acc_16184
phone_16185,acc_16185
phone_16186,acc_16186
phone_16187,acc_16187
phone_16188,acc_16188
phone_16189,acc_16189
phone_16190,acc_16190
phone_16191,acc_16191
phone_16192,acc_16192
phone_16193,acc_16193
phone_16194,acc_16194
phone_16195,acc_16195
phone_16196,acc_16196
phone_16197,acc_16197
phone_16198,acc_16198
phone_16199,acc_16199
phone_16200,acc_16200
phone_16201,acc_16201
phone_16202,acc_16202
phone_16203,acc_16203
phone_16204,acc_16204
phone_16205,acc_16205
phone_16206,acc_16206
phone_16207,acc_16207
phone_16208,acc_16208
phone_16209,acc_16209
phone_16210,acc_16210
phone_16211,acc_16211
phone_16212,acc_16212
phone_16213,acc_16213
phone_16214,acc_16214
phone_16215,acc_16215
phone_16216,acc_16216
phone_16217,acc_16217
phone_16218,acc_16218
phone_16219,acc_16219
phone_16220,acc_16220
phone_16221,acc_16221
phone_16222,acc_16222
phone_16223,acc_16223
phone_16224,acc_16224
phone_16225,acc_16225
phone_16226,acc_16226
phone_16227,acc_16227
phone_16228,acc_16228
phone_16229,acc_16229
phone_16230,acc_16230
phone_16231,acc_16231
phone_16232,acc_16232
phone_16233,acc_16233
phone_16234,acc_16234
phone_16235,acc_16235
phone_16236,acc_16236
phone_16237,acc_16237
phone_16238,acc_16238
phone_16239,acc_16239
phone_16240,acc_16240
phone_16241,acc_16241
phone_16242,acc_16242
phone_16243,acc_16243
phone_16244,acc_16244
phone_16245,acc_16245
phone_16246,acc_16246
phone_16247,acc_16247
phone_16248,acc_16248
phone_16249,acc_16249
phone_16250,acc_16250
phone_16251,acc_16251
phone_16252,acc_16252
phone_16253,acc_16253
phone_16254,acc_16254
phone_16255,acc_16255
phone_16256,acc_16256
phone_16257,acc_16257
phone_16258,acc_16258
phone_16259,acc_16259
phone_16260,acc_16260
phone_16261,acc_16261
phone_16262,acc_16262
phone_16263,acc_16263
phone_16264,acc_16264
phone_16265,acc_16265
phone_16266,acc_16266
phone_16267,acc_16267
phone_16268,acc_16268
phone_16269,acc_16269
phone_16270,acc_16270
phone_16271,acc_16271
phone_16272,acc_16272
phone_16273,acc_16273
phone_16274,acc_16274
phone_16275,acc_16275
phone_16276,acc_16276
phone_16277,acc_16277
phone_16278,acc_16278
phone_16279,acc_16279
phone_16280,acc_16280
phone_16281,acc_16281
phone_16282,acc_16282
phone_16283,acc_16283
phone_16284,acc_16284
phone_16285,acc_16285
phone_16286,acc_16286
phone_16287,acc_16287
phone_16288,acc_16288
phone_16289,acc_16289
phone_16290,acc_16290
phone_16291,acc_16291
phone_16292,acc_16292
phone_16293,acc_16293
phone_16294,acc_16294
phone_16295,acc_16295
phone_16296,acc_16296
phone_16297,acc_16297
phone_16298,acc_16298
phone_16299,acc_16299
phone_16300,acc_16300
phone_16301,acc_16301
phone_16302,acc_16302
phone_16303,acc_16303
phone_16304,acc_16304
phone_16305,acc_16305
phone_16306,acc_16306
phone_16307,acc_16307
phone_16308,acc_16308
phone_16309,acc_16309
phone_16310,acc_16310
phone_16311,acc_16311
phone_16312,acc_16312
phone_16313,acc_16313
phone_16314,acc_16314
phone_16315,acc_16315
phone_16316,acc_16316
phone_16317,acc_16317
phone_16318,acc_16318
phone_16319,acc_16319
phone_16320,acc_16320
phone_16321,acc_16321
phone_16322,acc_16322
phone_16323,acc_16323
phone_16324,acc_16324
phone_16325,acc_16325
phone_16326,acc_16326
phone_16327,acc_16327
phone_16328,acc_16328
phone_16329,acc_16329
phone_16330,acc_16330
phone_16331,acc_16331
phone_16332,acc_16332
phone_16333,acc_16333
phone_16334,acc_16334
phone_16335,acc_16335
phone_16336,acc_16336
phone_16337,acc_16337
phone_16338,acc_16338
phone_16339,acc_16339
phone_16340,acc_16340
phone_16341,acc_16341
phone_16342,acc_16342
phone_16343,acc_16343
phone_16344,acc_16344
phone_16345,acc_16345
phone_16346,acc_16346
phone_16347,acc_16347
phone_16348,acc_16348
phone_16349,acc_16349
phone_16350,acc_16350
phone_16351,acc_16351
phone_16352,acc_16352
phone_16353,acc_16353
phone_16354,acc_16354
phone_16355,acc_16355
phone_16356,acc_16356
phone_16357,acc_16357
phone_16358,acc_16358
phone_16359,acc_16359
phone_16360,acc_16360
phone_16361,acc_16361
phone_16362,acc_16362
phone_16363,acc_16363
phone_16364,acc_16364
phone_16365,acc_16365
phone_16366,acc_16366
phone_16367,acc_16367
phone_16368,acc_16368
phone_16369,acc_16369
phone_16370,acc_16370
phone_16371,acc_16371
phone_16372,acc_16372
phone_16373,acc_16373
phone_16374,acc_16374
phone_16375,acc_16375
phone_16376,acc_16376
phone_16377,acc_16377
phone_16378,acc_16378
phone_16379,acc_16379
phone_16380,acc_16380
phone_16381,acc_16381
phone_16382,acc_16382
phone_16383,acc_16383
phone_16384,acc_16384
phone_16385,acc_16385
phone_16386,acc_16386
phone_16387,acc_16387
phone_16388,acc_16388
phone_16389,acc_16389
phone_16390,acc_16390
phone_16391,acc_16391
phone_16392,acc_16392
phone_16393,acc_16393
phone_16394,acc_16394
phone_16395,acc_16395
phone_16396,acc_16396
phone_16397,acc_16397
phone_16398,acc_16398
phone_16399,acc_16399
phone_16400,acc_16400
phone_16401,acc_16401
phone_16402,acc_16402
phone_16403,acc_16403
phone_16404,acc_16404
phone_16405,acc_16405
phone_16406,acc_16406
phone_16407,acc_16407
phone_16408,acc_16408
phone_16409,acc_16409
phone_16410,acc_16410
phone_16411,acc_16411
phone_16412,acc_16412
phone_16413,acc_16413
phone_16414,acc_16414
phone_16415,acc_16415
phone_16416,acc_16416
phone_16417,acc_16417
phone_16418,acc_16418
phone_16419,acc_16419
phone_16420,acc_16420
phone_16421,acc_16421
phone_16422,acc_16422
phone_16423,acc_16423
phone_16424,acc_16424
phone_16425,acc_16425
phone_16426,acc_16426
phone_16427,acc_16427
phone_16428,acc_16428
phone_16429,acc_16429
phone_16430,acc_16430
phone_16431,acc_16431
phone_16432,acc_16432
phone_16433,acc_16433
phone_16434,acc_16434
phone_16435,acc_16435
phone_16436,acc_16436
phone_16437,acc_16437
phone_16438,acc_16438
phone_16439,acc_16439
phone_16440,acc_16440
phone_16441,acc_16441
phone_16442,acc_16442
phone_16443,acc_16443
phone_16444,acc_16444
phone_16445,acc_16445
phone_16446,acc_16446
phone_16447,acc_16447
phone_16448,acc_16448
phone_16449,acc_16449
phone_16450,acc_16450
phone_16451,acc_16451
phone_16452,acc_16452
phone_16453,acc_16453
phone_16454,acc_16454
phone_16455,acc_16455
phone_16456,acc_16456
phone_16457,acc_16457
phone_16458,acc_16458
phone_16459,acc_16459
phone_16460,acc_16460
phone_16461,acc_16461
phone_16462,acc_16462
phone_16463,acc_16463
phone_16464,acc_16464
phone_16465,acc_16465
phone_16466,acc_16466
phone_16467,acc_16467
phone_16468,acc_16468
phone_16469,acc_16469
phone_16470,acc_16470
phone_16471,acc_16471
phone_16472,acc_16472
phone_16473,acc_16473
phone_16474,acc_16474
phone_16475,acc_16475
phone_16476,acc_16476
phone_16477,acc_16477
phone_16478,acc_16478
phone_16479,acc_16479
phone_16480,acc_16480
phone_16481,acc_16481
phone_16482,acc_16482
phone_16483,acc_16483
phone_16484,acc_16484
phone_16485,acc_16485
phone_16486,acc_16486
phone_16487,acc_16487
phone_16488,acc_16488
phone_16489,acc_16489
phone_16490,acc_16490
phone_16491,acc_16491
phone_16492,acc_16492
phone_16493,acc_16493
phone_16494,acc_16494
phone_16495,acc_16495
phone_16496,acc_16496
phone_16497,acc_16497
phone_16498,acc_16498
phone_16499,acc_16499
phone_16500,acc_16500
phone_16501,acc_16501
phone_16502,acc_16502
phone_16503,acc_16503
phone_16504,acc_16504
phone_16505,acc_16505
phone_16506,acc_16506
phone_16507,acc_16507
phone_16508,acc_16508
phone_16509,acc_16509
phone_16510,acc_16510
phone_16511,acc_16511
phone_16512,acc_16512
phone_16513,acc_16513
phone_16514,acc_16514
phone_16515,acc_16515
phone_16516,acc_16516
phone_16517,acc_16517
phone_16518,acc_16518
phone_16519,acc_16519
phone_16520,acc_16520
phone_16521,acc_16521
phone_16522,acc_16522
phone_16523,acc_16523
phone_16524,acc_16524
phone_16525,acc_16525
phone_16526,acc_16526
phone_16527,acc_16527
phone_16528,acc_16528
phone_16529,acc_16529
phone_16530,acc_16530
phone_16531,acc_16531
phone_16532,acc_16532
phone_16533,acc_16533
phone_16534,acc_16534
phone_16535,acc_16535
phone_16536,acc_16536
phone_16537,acc_16537
phone_16538,acc_16538
phone_16539,acc_16539
phone_16540,acc_16540
phone_16541,acc_16541
phone_16542,acc_16542
phone_16543,acc_16543
phone_16544,acc_16544
phone_16545,acc_16545
phone_16546,acc_16546
phone_16547,acc_16547
phone_16548,acc_16548
phone_16549,acc_16549
phone_16550,acc_16550
phone_16551,acc_16551
phone_16552,acc_16552
phone_16553,acc_16553
phone_16554,acc_16554
phone_16555,acc_16555
phone_16556,acc_16556
phone_16557,acc_16557
phone_16558,acc_16558
phone_16559,acc_16559
phone_16560,acc_16560
phone_16561,acc_16561
phone_16562,acc_16562
phone_16563,acc_16563
phone_16564,acc_16564
phone_16565,acc_16565
phone_16566,acc_16566
phone_16567,acc_16567
phone_16568,acc_16568
phone_16569,acc_16569
phone_16570,acc_16570
phone_16571,acc_16571
phone_16572,acc_16572
phone_16573,acc_16573
phone_16574,acc_16574
phone_16575,acc_16575
phone_16576,acc_16576
phone_16577,acc_16577
phone_16578,acc_16578
phone_16579,acc_16579
phone_16580,acc_16580
phone_16581,acc_16581
phone_16582,acc_16582
phone_16583,acc_16583
phone_16584,acc_16584
phone_16585,acc_16585
phone_16586,acc_16586
phone_16587,acc_16587
phone_16588,acc_16588
phone_16589,acc_16589
phone_16590,acc_16590
phone_16591,acc_16591
phone_16592,acc_16592
phone_16593,acc_16593
phone_16594,acc_16594
phone_16595,acc_16595
phone_16596,acc_16596
phone_16597,acc_16597
phone_16598,acc_16598
phone_16599,acc_16599
phone_16600,acc_16600
phone_16601,acc_16601
phone_16602,acc_16602
phone_16603,acc_16603
phone_16604,acc_16604
phone_16605,acc_16605
phone_16606,acc_16606
phone_16607,acc_16607
phone_16608,acc_16608
phone_16609,acc_16609
phone_16610,acc_16610
phone_16611,acc_16611
phone_16612,acc_16612
phone_16613,acc_16613
phone_16614,acc_16614
phone_16615,acc_16615
phone_16616,acc_16616
phone_16617,acc_16617
phone_16618,acc_16618
phone_16619,acc_16619
phone_16620,acc_16620
phone_16621,acc_16621
phone_16622,acc_16622
phone_16623,acc_16623
phone_16624,acc_16624
phone_16625,acc_16625
phone_16626,acc_16626
phone_16627,acc_16627
phone_16628,acc_16628
phone_16629,acc_16629
phone_16630,acc_16630
phone_16631,acc_16631
phone_16632,acc_16632
phone_16633,acc_16633
phone_16634,acc_16634
phone_16635,acc_16635
phone_16636,acc_16636
phone_16637,acc_16637
phone_16638,acc_16638
phone_16639,acc_16639
phone_16640,acc_16640
phone_16641,acc_16641
phone_16642,acc_16642
phone_16643,acc_16643
phone_16644,acc_16644
phone_16645,acc_16645
phone_16646,acc_16646
phone_16647,acc_16647
phone_16648,acc_16648
phone_16649,acc_16649
phone_16650,acc_16650
phone_16651,acc_16651
phone_16652,acc_16652
phone_16653,acc_16653
phone_16654,acc_16654
phone_16655,acc_16655
phone_16656,acc_16656
phone_16657,acc_16657
phone_16658,acc_16658
phone_16659,acc_16659
phone_16660,acc_16660
phone_16661,acc_16661
phone_16662,acc_16662
phone_16663,acc_16663
phone_16664,acc_16664
phone_16665,acc_16665
phone_16666,acc_16666
phone_16667,acc_16667
phone_16668,acc_16668
phone_16669,acc_16669
phone_16670,acc_16670
phone_16671,acc_16671
phone_16672,acc_16672
phone_16673,acc_16673
phone_16674,acc_16674
phone_16675,acc_16675
phone_16676,acc_16676
phone_16677,acc_16677
phone_16678,acc_16678
phone_16679,acc_16679
phone_16680,acc_16680
phone_16681,acc_16681
phone_16682,acc_16682
phone_16683,acc_16683
phone_16684,acc_16684
phone_16685,acc_16685
phone_16686,acc_16686
phone_16687,acc_16687
phone_16688,acc_16688
phone_16689,acc_16689
phone_16690,acc_16690
phone_16691,acc_16691
phone_16692,acc_16692
phone_16693,acc_16693
phone_16694,acc_16694
phone_16695,acc_16695
phone_16696,acc_16696
phone_16697,acc_16697
phone_16698,acc_16698
phone_16699,acc_16699
phone_16700,acc_16700
phone_16701,acc_16701
phone_16702,acc_16702
phone_16703,acc_16703
phone_16704,acc_16704
phone_16705,acc_16705
phone_16706,acc_16706
phone_16707,acc_16707
phone_16708,acc_16708
phone_16709,acc_16709
phone_16710,acc_16710
phone_16711,acc_16711
phone_16712,acc_16712
phone_16713,acc_16713
phone_16714,acc_16714
phone_16715,acc_16715
phone_16716,acc_16716
phone_16717,acc_16717
phone_16718,acc_16718
phone_16719,acc_16719
phone_16720,acc_16720
phone_16721,acc_16721
phone_16722,acc_16722
phone_16723,acc_16723
phone_16724,acc_16724
phone_16725,acc_16725
phone_16726,acc_16726
phone_16727,acc_16727
phone_16728,acc_16728
phone_16729,acc_16729
phone_16730,acc_16730
phone_16731,acc_16731
phone_16732,acc_16732
phone_16733,acc_16733
phone_16734,acc_16734
phone_16735,acc_16735
phone_16736,acc_16736
phone_16737,acc_16737
phone_16738,acc_16738
phone_16739,acc_16739
phone_16740,acc_16740
phone_16741,acc_16741
phone_16742,acc_16742
phone_16743,acc_16743
phone_16744,acc_16744
phone_16745,acc_16745
phone_16746,acc_16746
phone_16747,acc_16747
phone_16748,acc_16748
phone_16749,acc_16749
phone_16750,acc_16750
phone_16751,acc_16751
phone_16752,acc_16752
phone_16753,acc_16753
phone_16754,acc_16754
phone_16755,acc_16755
phone_16756,acc_16756
phone_16757,acc_16757
phone_16758,acc_16758
phone_16759,acc_16759
phone_16760,acc_16760
phone_16761,acc_16761
phone_16762,acc_16762
phone_16763,acc_16763
phone_16764,acc_16764
phone_16765,acc_16765
phone_16766,acc_16766
phone_16767,acc_16767
phone_16768,acc_16768
phone_16769,acc_16769
phone_16770,acc_16770
phone_16771,acc_16771
phone_16772,acc_16772
phone_16773,acc_16773
phone_16774,acc_16774
phone_16775,acc_16775
phone_16776,acc_16776
phone_16777,acc_16777
phone_16778,acc_16778
phone_16779,acc_16779
phone_16780,acc_16780
phone_16781,acc_16781
phone_16782,acc_16782
phone_16783,acc_16783
phone_16784,acc_16784
phone_16785,acc_16785
phone_16786,acc_16786
phone_16787,acc_16787
phone_16788,acc_16788
phone_16789,acc_16789
phone_16790,acc_16790
phone_16791,acc_16791
phone_16792,acc_16792
phone_16793,acc_16793
phone_16794,acc_16794
phone_16795,acc_16795
phone_16796,acc_16796
phone_16797,acc_16797
phone_16798,acc_16798
phone_16799,acc_16799
phone_16800,acc_16800
phone_16801,acc_16801
phone_16802,acc_16802
phone_16803,acc_16803
phone_16804,acc_16804
phone_16805,acc_16805
phone_16806,acc_16806
phone_16807,acc_16807
phone_16808,acc_16808
phone_16809,acc_16809
phone_16810,acc_16810
phone_16811,acc_16811
phone_16812,acc_16812
phone_16813,acc_16813
phone_16814,acc_16814
phone_16815,acc_16815
phone_16816,acc_16816
phone_16817,acc_16817
phone_16818,acc_16818
phone_16819,acc_16819
phone_16820,acc_16820
phone_16821,acc_16821
phone_16822,acc_16822
phone_16823,acc_16823
phone_16824,acc_16824
phone_16825,acc_16825
phone_16826,acc_16826
phone_16827,acc_16827
phone_16828,acc_16828
phone_16829,acc_16829
phone_16830,acc_16830
phone_16831,acc_16831
phone_16832,acc_16832
phone_16833,acc_16833
phone_16834,acc_16834
phone_16835,acc_16835
phone_16836,acc_16836
phone_16837,acc_16837
phone_16838,acc_16838
phone_16839,acc_16839
phone_16840,acc_16840
phone_16841,acc_16841
phone_16842,acc_16842
phone_16843,acc_16843
phone_16844,acc_16844
phone_16845,acc_16845
phone_16846,acc_16846
phone_16847,acc_16847
phone_16848,acc_16848
phone_16849,acc_16849
phone_16850,acc_16850
phone_16851,acc_16851
phone_16852,acc_16852
phone_16853,acc_16853
phone_16854,acc_16854
phone_16855,acc_16855
phone_16856,acc_16856
phone_16857,acc_16857
phone_16858,acc_16858
phone_16859,acc_16859
phone_16860,acc_16860
phone_16861,acc_16861
phone_16862,acc_16862
phone_16863,acc_16863
phone_16864,acc_16864
phone_16865,acc_16865
phone_16866,acc_16866
phone_16867,acc_16867
phone_16868,acc_16868
phone_16869,acc_16869
phone_16870,acc_16870
phone_16871,acc_16871
phone_16872,acc_16872
phone_16873,acc_16873
phone_16874,acc_16874
phone_16875,acc_16875
phone_16876,acc_16876
phone_16877,acc_16877
phone_16878,acc_16878
phone_16879,acc_16879
phone_16880,acc_16880
phone_16881,acc_16881
phone_16882,acc_16882
phone_16883,acc_16883
phone_16884,acc_16884
phone_16885,acc_16885
phone_16886,acc_16886
phone_16887,acc_16887
phone_16888,acc_16888
phone_16889,acc_16889
phone_16890,acc_16890
phone_16891,acc_16891
phone_16892,acc_16892
phone_16893,acc_16893
phone_16894,acc_16894
phone_16895,acc_16895
phone_16896,acc_16896
phone_16897,acc_16897
phone_16898,acc_16898
phone_16899,acc_16899
phone_16900,acc_16900
phone_16901,acc_16901
phone_16902,acc_16902
phone_16903,acc_16903
phone_16904,acc_16904
phone_16905,acc_16905
phone_16906,acc_16906
phone_16907,acc_16907
phone_16908,acc_16908
phone_16909,acc_16909
phone_16910,acc_16910
phone_16911,acc_16911
phone_16912,acc_16912
phone_16913,acc_16913
phone_16914,acc_16914
phone_16915,acc_16915
phone_16916,acc_16916
phone_16917,acc_16917
phone_16918,acc_16918
phone_16919,acc_16919
phone_16920,acc_16920
phone_16921,acc_16921
phone_16922,acc_16922
phone_16923,acc_16923
phone_16924,acc_16924
phone_16925,acc_16925
phone_16926,acc_16926
phone_16927,acc_16927
phone_16928,acc_16928
phone_16929,acc_16929
phone_16930,acc_16930
phone_16931,acc_16931
phone_16932,acc_16932
phone_16933,acc_16933
phone_16934,acc_16934
phone_16935,acc_16935
phone_16936,acc_16936
phone_16937,acc_16937
phone_16938,acc_16938
phone_16939,acc_16939
phone_16940,acc_16940
phone_16941,acc_16941
phone_16942,acc_16942
phone_16943,acc_16943
phone_16944,acc_16944
phone_16945,acc_16945
phone_16946,acc_16946
phone_16947,acc_16947
phone_16948,acc_16948
phone_16949,acc_16949
phone_16950,acc_16950
phone_16951,acc_16951
phone_16952,acc_16952
phone_16953,acc_16953
phone_16954,acc_16954
phone_16955,acc_16955
phone_16956,acc_16956
phone_16957,acc_16957
phone_16958,acc_16958
phone_16959,acc_16959
phone_16960,acc_16960
phone_16961,acc_16961
phone_16962,acc_16962
phone_16963,acc_16963
phone_16964,acc_16964
phone_16965,acc_16965
phone_16966,acc_16966
phone_16967,acc_16967
phone_16968,acc_16968
phone_16969,acc_16969
phone_16970,acc_16970
phone_16971,acc_16971
phone_16972,acc_16972
phone_16973,acc_16973
phone_16974,acc_16974
phone_16975,acc_16975
phone_16976,acc_16976
phone_16977,acc_16977
phone_16978,acc_16978
phone_16979,acc_16979
phone_16980,acc_16980
phone_16981,acc_16981
phone_16982,acc_16982
phone_16983,acc_16983
phone_16984,acc_16984
phone_16985,acc_16985
phone_16986,acc_16986
phone_16987,acc_16987
phone_16988,acc_16988
phone_16989,acc_16989
phone_16990,acc_16990
phone_16991,acc_16991
phone_16992,acc_16992
phone_16993,acc_16993
phone_16994,acc_16994
phone_16995,acc_16995
phone_16996,acc_16996
phone_16997,acc_16997
phone_16998,acc_16998
phone_16999,acc_16999
phone_17000,acc_17000
phone_17001,acc_17001
phone_17002,acc_17002
phone_17003,acc_17003
phone_17004,acc_17004
phone_17005,acc_17005
phone_17006,acc_17006
phone_17007,acc_17007
phone_17008,acc_17008
phone_17009,acc_17009
phone_17010,acc_17010
phone_17011,acc_17011
phone_17012,acc_17012
phone_17013,acc_17013
phone_17014,acc_17014
phone_17015,acc_17015
phone_17016,acc_17016
phone_17017,acc_17017
phone_17018,acc_17018
phone_17019,acc_17019
phone_17020,acc_17020
phone_17021,acc_17021
phone_17022,acc_17022
phone_17023,acc_17023
phone_17024,acc_17024
phone_17025,acc_17025
phone_17026,acc_17026
phone_17027,acc_17027
phone_17028,acc_17028
phone_17029,acc_17029
phone_17030,acc_17030
phone_17031,acc_17031
phone_17032,acc_17032
phone_17033,acc_17033
phone_17034,acc_17034
phone_17035,acc_17035
phone_17036,acc_17036
phone_17037,acc_17037
phone_17038,acc_17038
phone_17039,acc_17039
phone_17040,acc_17040
phone_17041,acc_17041
phone_17042,acc_17042
phone_17043,acc_17043
phone_17044,acc_17044
phone_17045,acc_17045
phone_17046,acc_17046
phone_17047,acc_17047
phone_17048,acc_17048
phone_17049,acc_17049
phone_17050,acc_17050
phone_17051,acc_17051
phone_17052,acc_17052
phone_17053,acc_17053
phone_17054,acc_17054
phone_17055,acc_17055
phone_17056,acc_17056
phone_17057,acc_17057
phone_17058,acc_17058
phone_17059,acc_17059
phone_17060,acc_17060
phone_17061,acc_17061
phone_17062,acc_17062
phone_17063,acc_17063
phone_17064,acc_17064
phone_17065,acc_17065
phone_17066,acc_17066
phone_17067,acc_17067
phone_17068,acc_17068
phone_17069,acc_17069
phone_17070,acc_17070
phone_17071,acc_17071
phone_17072,acc_17072
phone_17073,acc_17073
phone_17074,acc_17074
phone_17075,acc_17075
phone_17076,acc_17076
phone_17077,acc_17077
phone_17078,acc_17078
phone_17079,acc_17079
phone_17080,acc_17080
phone_17081,acc_17081
phone_17082,acc_17082
phone_17083,acc_17083
phone_17084,acc_17084
phone_17085,acc_17085
phone_17086,acc_17086
phone_17087,acc_17087
phone_17088,acc_17088
phone_17089,acc_17089
phone_17090,acc_17090
phone_17091,acc_17091
phone_17092,acc_17092
phone_17093,acc_17093
phone_17094,acc_17094
phone_17095,acc_17095
phone_17096,acc_17096
phone_17097,acc_17097
phone_17098,acc_17098
phone_17099,acc_17099
phone_17100,acc_17100
phone_17101,acc_17101
phone_17102,acc_17102
phone_17103,acc_17103
phone_17104,acc_17104
phone_17105,acc_17105
phone_17106,acc_17106
phone_17107,acc_17107
phone_17108,acc_17108
phone_17109,acc_17109
phone_17110,acc_17110
phone_17111,acc_17111
phone_17112,acc_17112
phone_17113,acc_17113
phone_17114,acc_17114
phone_17115,acc_17115
phone_17116,acc_17116
phone_17117,acc_17117
phone_17118,acc_17118
phone_17119,acc_17119
phone_17120,acc_17120
phone_17121,acc_17121
phone_17122,acc_17122
phone_17123,acc_17123
phone_17124,acc_17124
phone_17125,acc_17125
phone_17126,acc_17126
phone_17127,acc_17127
phone_17128,acc_17128
phone_17129,acc_17129
phone_17130,acc_17130
phone_17131,acc_17131
phone_17132,acc_17132
phone_17133,acc_17133
phone_17134,acc_17134
phone_17135,acc_17135
phone_17136,acc_17136
phone_17137,acc_17137
phone_17138,acc_17138
phone_17139,acc_17139
phone_17140,acc_17140
phone_17141,acc_17141
phone_17142,acc_17142
phone_17143,acc_17143
phone_17144,acc_17144
phone_17145,acc_17145
phone_17146,acc_17146
phone_17147,acc_17147
phone_17148,acc_17148
phone_17149,acc_17149
phone_17150,acc_17150
phone_17151,acc_17151
phone_17152,acc_17152
phone_17153,acc_17153
phone_17154,acc_17154
phone_17155,acc_17155
phone_17156,acc_17156
phone_17157,acc_17157
phone_17158,acc_17158
phone_17159,acc_17159
phone_17160,acc_17160
phone_17161,acc_17161
phone_17162,acc_17162
phone_17163,acc_17163
phone_17164,acc_17164
phone_17165,acc_17165
phone_17166,acc_17166
phone_17167,acc_17167
phone_17168,acc_17168
phone_17169,acc_17169
phone_17170,acc_17170
phone_17171,acc_17171
phone_17172,acc_17172
phone_17173,acc_17173
phone_17174,acc_17174
phone_17175,acc_17175
phone_17176,acc_17176
phone_17177,acc_17177
phone_17178,acc_17178
phone_17179,acc_17179
phone_17180,acc_17180
phone_17181,acc_17181
phone_17182,acc_17182
phone_17183,acc_17183
phone_17184,acc_17184
phone_17185,acc_17185
phone_17186,acc_17186
phone_17187,acc_17187
phone_17188,acc_17188
phone_17189,acc_17189
phone_17190,acc_17190
phone_17191,acc_17191
phone_17192,acc_17192
phone_17193,acc_17193
phone_17194,acc_17194
phone_17195,acc_17195
phone_17196,acc_17196
phone_17197,acc_17197
phone_17198,acc_17198
phone_17199,acc_17199
phone_17200,acc_17200
phone_17201,acc_17201
phone_17202,acc_17202
phone_17203,acc_17203
phone_17204,acc_17204
phone_17205,acc_17205
phone_17206,acc_17206
phone_17207,acc_17207
phone_17208,acc_17208
phone_17209,acc_17209
phone_17210,acc_17210
phone_17211,acc_17211
phone_17212,acc_17212
phone_17213,acc_17213
phone_17214,acc_17214
phone_17215,acc_17215
phone_17216,acc_17216
phone_17217,acc_17217
phone_17218,acc_17218
phone_17219,acc_17219
phone_17220,acc_17220
phone_17221,acc_17221
phone_17222,acc_17222
phone_17223,acc_17223
phone_17224,acc_17224
phone_17225,acc_17225
phone_17226,acc_17226
phone_17227,acc_17227
phone_17228,acc_17228
phone_17229,acc_17229
phone_17230,acc_17230
phone_17231,acc_17231
phone_17232,acc_17232
phone_17233,acc_17233
phone_17234,acc_17234
phone_17235,acc_17235
phone_17236,acc_17236
phone_17237,acc_17237
phone_17238,acc_17238
phone_17239,acc_17239
phone_17240,acc_17240
phone_17241,acc_17241
phone_17242,acc_17242
phone_17243,acc_17243
phone_17244,acc_17244
phone_17245,acc_17245
phone_17246,acc_17246
phone_17247,acc_17247
phone_17248,acc_17248
phone_17249,acc_17249
phone_17250,acc_17250
phone_17251,acc_17251
phone_17252,acc_17252
phone_17253,acc_17253
phone_17254,acc_17254
phone_17255,acc_17255
phone_17256,acc_17256
phone_17257,acc_17257
phone_17258,acc_17258
phone_17259,acc_17259
phone_17260,acc_17260
phone_17261,acc_17261
phone_17262,acc_17262
phone_17263,acc_17263
phone_17264,acc_17264
phone_17265,acc_17265
phone_17266,acc_17266
phone_17267,acc_17267
phone_17268,acc_17268
phone_17269,acc_17269
phone_17270,acc_17270
phone_17271,acc_17271
phone_17272,acc_17272
phone_17273,acc_17273
phone_17274,acc_17274
phone_17275,acc_17275
phone_17276,acc_17276
phone_17277,acc_17277
phone_17278,acc_17278
phone_17279,acc_17279
phone_17280,acc_17280
phone_17281,acc_17281
phone_17282,acc_17282
phone_17283,acc_17283
phone_17284,acc_17284
phone_17285,acc_17285
phone_17286,acc_17286
phone_17287,acc_17287
phone_17288,acc_17288
phone_17289,acc_17289
phone_17290,acc_17290
phone_17291,acc_17291
phone_17292,acc_17292
phone_17293,acc_17293
phone_17294,acc_17294
phone_17295,acc_17295
phone_17296,acc_17296
phone_17297,acc_17297
phone_17298,acc_17298
phone_17299,acc_17299
phone_17300,acc_17300
phone_17301,acc_17301
phone_17302,acc_17302
phone_17303,acc_17303
phone_17304,acc_17304
phone_17305,acc_17305
phone_17306,acc_17306
phone_17307,acc_17307
phone_17308,acc_17308
phone_17309,acc_17309
phone_17310,acc_17310
phone_17311,acc_17311
phone_17312,acc_17312
phone_17313,acc_17313
phone_17314,acc_17314
phone_17315,acc_17315
phone_17316,acc_17316
phone_17317,acc_17317
phone_17318,acc_17318
phone_17319,acc_17319
phone_17320,acc_17320
phone_17321,acc_17321
phone_17322,acc_17322
phone_17323,acc_17323
phone_17324,acc_17324
phone_17325,acc_17325
phone_17326,acc_17326
phone_17327,acc_17327
phone_17328,acc_17328
phone_17329,acc_17329
phone_17330,acc_17330
phone_17331,acc_17331
phone_17332,acc_17332
phone_17333,acc_17333
phone_17334,acc_17334
phone_17335,acc_17335
phone_17336,acc_17336
phone_17337,acc_17337
phone_17338,acc_17338
phone_17339,acc_17339
phone_17340,acc_17340
phone_17341,acc_17341
phone_17342,acc_17342
phone_17343,acc_17343
phone_17344,acc_17344
phone_17345,acc_17345
phone_17346,acc_17346
phone_17347,acc_17347
phone_17348,acc_17348
phone_17349,acc_17349
phone_17350,acc_17350
phone_17351,acc_17351
phone_17352,acc_17352
phone_17353,acc_17353
phone_17354,acc_17354
phone_17355,acc_17355
phone_17356,acc_17356
phone_17357,acc_17357
phone_17358,acc_17358
phone_17359,acc_17359
phone_17360,acc_17360
phone_17361,acc_17361
phone_17362,acc_17362
phone_17363,acc_17363
phone_17364,acc_17364
phone_17365,acc_17365
phone_17366,acc_17366
phone_17367,acc_17367
phone_17368,acc_17368
phone_17369,acc_17369
phone_17370,acc_17370
phone_17371,acc_17371
phone_17372,acc_17372
phone_17373,acc_17373
phone_17374,acc_17374
phone_17375,acc_17375
phone_17376,acc_17376
phone_17377,acc_17377
phone_17378,acc_17378
phone_17379,acc_17379
phone_17380,acc_17380
phone_17381,acc_17381
phone_17382,acc_17382
phone_17383,acc_17383
phone_17384,acc_17384
phone_17385,acc_17385
phone_17386,acc_17386
phone_17387,acc_17387
phone_17388,acc_17388
phone_17389,acc_17389
phone_17390,acc_17390
phone_17391,acc_17391
phone_17392,acc_17392
phone_17393,acc_17393
phone_17394,acc_17394
phone_17395,acc_17395
phone_17396,acc_17396
phone_17397,acc_17397
phone_17398,acc_17398
phone_17399,acc_17399
phone_17400,acc_17400
phone_17401,acc_17401
phone_17402,acc_17402
phone_17403,acc_17403
phone_17404,acc_17404
phone_17405,acc_17405
phone_17406,acc_17406
phone_17407,acc_17407
phone_17408,acc_17408
phone_17409,acc_17409
phone_17410,acc_17410
phone_17411,acc_17411
phone_17412,acc_17412
phone_17413,acc_17413
phone_17414,acc_17414
phone_17415,acc_17415
phone_17416,acc_17416
phone_17417,acc_17417
phone_17418,acc_17418
phone_17419,acc_17419
phone_17420,acc_17420
phone_17421,acc_17421
phone_17422,acc_17422
phone_17423,acc_17423
phone_17424,acc_17424
phone_17425,acc_17425
phone_17426,acc_17426
phone_17427,acc_17427
phone_17428,acc_17428
phone_17429,acc_17429
phone_17430,acc_17430
phone_17431,acc_17431
phone_17432,acc_17432
phone_17433,acc_17433
phone_17434,acc_17434
phone_17435,acc_17435
phone_17436,acc_17436
phone_17437,acc_17437
phone_17438,acc_17438
phone_17439,acc_17439
phone_17440,acc_17440
phone_17441,acc_17441
phone_17442,acc_17442
phone_17443,acc_17443
phone_17444,acc_17444
phone_17445,acc_17445
phone_17446,acc_17446
phone_17447,acc_17447
phone_17448,acc_17448
phone_17449,acc_17449
phone_17450,acc_17450
phone_17451,acc_17451
phone_17452,acc_17452
phone_17453,acc_17453
phone_17454,acc_17454
phone_17455,acc_17455
phone_17456,acc_17456
phone_17457,acc_17457
phone_17458,acc_17458
phone_17459,acc_17459
phone_17460,acc_17460
phone_17461,acc_17461
phone_17462,acc_17462
phone_17463,acc_17463
phone_17464,acc_17464
phone_17465,acc_17465
phone_17466,acc_17466
phone_17467,acc_17467
phone_17468,acc_17468
phone_17469,acc_17469
phone_17470,acc_17470
phone_17471,acc_17471
phone_17472,acc_17472
phone_17473,acc_17473
phone_17474,acc_17474
phone_17475,acc_17475
phone_17476,acc_17476
phone_17477,acc_17477
phone_17478,acc_17478
phone_17479,acc_17479
phone_17480,acc_17480
phone_17481,acc_17481
phone_17482,acc_17482
phone_17483,acc_17483
phone_17484,acc_17484
phone_17485,acc_17485
phone_17486,acc_17486
phone_17487,acc_17487
phone_17488,acc_17488
phone_17489,acc_17489
phone_17490,acc_17490
phone_17491,acc_17491
phone_17492,acc_17492
phone_17493,acc_17493
phone_17494,acc_17494
phone_17495,acc_17495
phone_17496,acc_17496
phone_17497,acc_17497
phone_17498,acc_17498
phone_17499,acc_17499
phone_17500,acc_17500
phone_17501,acc_17501
phone_17502,acc_17502
phone_17503,acc_17503
phone_17504,acc_17504
phone_17505,acc_17505
phone_17506,acc_17506
phone_17507,acc_17507
phone_17508,acc_17508
phone_17509,acc_17509
phone_17510,acc_17510
phone_17511,acc_17511
phone_17512,acc_17512
phone_17513,acc_17513
phone_17514,acc_17514
phone_17515,acc_17515
phone_17516,acc_17516
phone_17517,acc_17517
phone_17518,acc_17518
phone_17519,acc_17519
phone_17520,acc_17520
phone_17521,acc_17521
phone_17522,acc_17522
phone_17523,acc_17523
phone_17524,acc_17524
phone_17525,acc_17525
phone_17526,acc_17526
phone_17527,acc_17527
phone_17528,acc_17528
phone_17529,acc_17529
phone_17530,acc_17530
phone_17531,acc_17531
phone_17532,acc_17532
phone_17533,acc_17533
phone_17534,acc_17534
phone_17535,acc_17535
phone_17536,acc_17536
phone_17537,acc_17537
phone_17538,acc_17538
phone_17539,acc_17539
phone_17540,acc_17540
phone_17541,acc_17541
phone_17542,acc_17542
phone_17543,acc_17543
phone_17544,acc_17544
phone_17545,acc_17545
phone_17546,acc_17546
phone_17547,acc_17547
phone_17548,acc_17548
phone_17549,acc_17549
phone_17550,acc_17550
phone_17551,acc_17551
phone_17552,acc_17552
phone_17553,acc_17553
phone_17554,acc_17554
phone_17555,acc_17555
phone_17556,acc_17556
phone_17557,acc_17557
phone_17558,acc_17558
phone_17559,acc_17559
phone_17560,acc_17560
phone_17561,acc_17561
phone_17562,acc_17562
phone_17563,acc_17563
phone_17564,acc_17564
phone_17565,acc_17565
phone_17566,acc_17566
phone_17567,acc_17567
phone_17568,acc_17568
phone_17569,acc_17569
phone_17570,acc_17570
phone_17571,acc_17571
phone_17572,acc_17572
phone_17573,acc_17573
phone_17574,acc_17574
phone_17575,acc_17575
phone_17576,acc_17576
phone_17577,acc_17577
phone_17578,acc_17578
phone_17579,acc_17579
phone_17580,acc_17580
phone_17581,acc_17581
phone_17582,acc_17582
phone_17583,acc_17583
phone_17584,acc_17584
phone_17585,acc_17585
phone_17586,acc_17586
phone_17587,acc_17587
phone_17588,acc_17588
phone_17589,acc_17589
phone_17590,acc_17590
phone_17591,acc_17591
phone_17592,acc_17592
phone_17593,acc_17593
phone_17594,acc_17594
phone_17595,acc_17595
phone_17596,acc_17596
phone_17597,acc_17597
phone_17598,acc_17598
phone_17599,acc_17599
phone_17600,acc_17600
phone_17601,acc_17601
phone_17602,acc_17602
phone_17603,acc_17603
phone_17604,acc_17604
phone_17605,acc_17605
phone_17606,acc_17606
phone_17607,acc_17607
phone_17608,acc_17608
phone_17609,acc_17609
phone_17610,acc_17610
phone_17611,acc_17611
phone_17612,acc_17612
phone_17613,acc_17613
phone_17614,acc_17614
phone_17615,acc_17615
phone_17616,acc_17616
phone_17617,acc_17617
phone_17618,acc_17618
phone_17619,acc_17619
phone_17620,acc_17620
phone_17621,acc_17621
phone_17622,acc_17622
phone_17623,acc_17623
phone_17624,acc_17624
phone_17625,acc_17625
phone_17626,acc_17626
phone_17627,acc_17627
phone_17628,acc_17628
phone_17629,acc_17629
phone_17630,acc_17630
phone_17631,acc_17631
phone_17632,acc_17632
phone_17633,acc_17633
phone_17634,acc_17634
phone_17635,acc_17635
phone_17636,acc_17636
phone_17637,acc_17637
phone_17638,acc_17638
phone_17639,acc_17639
phone_17640,acc_17640
phone_17641,acc_17641
phone_17642,acc_17642
phone_17643,acc_17643
phone_17644,acc_17644
phone_17645,acc_17645
phone_17646,acc_17646
phone_17647,acc_17647
phone_17648,acc_17648
phone_17649,acc_17649
phone_17650,acc_17650
phone_17651,acc_17651
phone_17652,acc_17652
phone_17653,acc_17653
phone_17654,acc_17654
phone_17655,acc_17655
phone_17656,acc_17656
phone_17657,acc_17657
phone_17658,acc_17658
phone_17659,acc_17659
phone_17660,acc_17660
phone_17661,acc_17661
phone_17662,acc_17662
phone_17663,acc_17663
phone_17664,acc_17664
phone_17665,acc_17665
phone_17666,acc_17666
phone_17667,acc_17667
phone_17668,acc_17668
phone_17669,acc_17669
phone_17670,acc_17670
phone_17671,acc_17671
phone_17672,acc_17672
phone_17673,acc_17673
phone_17674,acc_17674
phone_17675,acc_17675
phone_17676,acc_17676
phone_17677,acc_17677
phone_17678,acc_17678
phone_17679,acc_17679
phone_17680,acc_17680
phone_17681,acc_17681
phone_17682,acc_17682
phone_17683,acc_17683
phone_17684,acc_17684
phone_17685,acc_17685
phone_17686,acc_17686
phone_17687,acc_17687
phone_17688,acc_17688
phone_17689,acc_17689
phone_17690,acc_17690
phone_17691,acc_17691
phone_17692,acc_17692
phone_17693,acc_17693
phone_17694,acc_17694
phone_17695,acc_17695
phone_17696,acc_17696
phone_17697,acc_17697
phone_17698,acc_17698
phone_17699,acc_17699
phone_17700,acc_17700
phone_17701,acc_17701
phone_17702,acc_17702
phone_17703,acc_17703
phone_17704,acc_17704
phone_17705,acc_17705
phone_17706,acc_17706
phone_17707,acc_17707
phone_17708,acc_17708
phone_17709,acc_17709
phone_17710,acc_17710
phone_17711,acc_17711
phone_17712,acc_17712
phone_17713,acc_17713
phone_17714,acc_17714
phone_17715,acc_17715
phone_17716,acc_17716
phone_17717,acc_17717
phone_17718,acc_17718
phone_17719,acc_17719
phone_17720,acc_17720
phone_17721,acc_17721
phone_17722,acc_17722
phone_17723,acc_17723
phone_17724,acc_17724
phone_17725,acc_17725
phone_17726,acc_17726
phone_17727,acc_17727
phone_17728,acc_17728
phone_17729,acc_17729
phone_17730,acc_17730
phone_17731,acc_17731
phone_17732,acc_17732
phone_17733,acc_17733
phone_17734,acc_17734
phone_17735,acc_17735
phone_17736,acc_17736
phone_17737,acc_17737
phone_17738,acc_17738
phone_17739,acc_17739
phone_17740,acc_17740
phone_17741,acc_17741
phone_17742,acc_17742
phone_17743,acc_17743
phone_17744,acc_17744
phone_17745,acc_17745
phone_17746,acc_17746
phone_17747,acc_17747
phone_17748,acc_17748
phone_17749,acc_17749
phone_17750,acc_17750
phone_17751,acc_17751
phone_17752,acc_17752
phone_17753,acc_17753
phone_17754,acc_17754
phone_17755,acc_17755
phone_17756,acc_17756
phone_17757,acc_17757
phone_17758,acc_17758
phone_17759,acc_17759
phone_17760,acc_17760
phone_17761,acc_17761
phone_17762,acc_17762
phone_17763,acc_17763
phone_17764,acc_17764
phone_17765,acc_17765
phone_17766,acc_17766
phone_17767,acc_17767
phone_17768,acc_17768
phone_17769,acc_17769
phone_17770,acc_17770
phone_17771,acc_17771
phone_17772,acc_17772
phone_17773,acc_17773
phone_17774,acc_17774
phone_17775,acc_17775
phone_17776,acc_17776
phone_17777,acc_17777
phone_17778,acc_17778
phone_17779,acc_17779
phone_17780,acc_17780
phone_17781,acc_17781
phone_17782,acc_17782
phone_17783,acc_17783
phone_17784,acc_17784
phone_17785,acc_17785
phone_17786,acc_17786
phone_17787,acc_17787
phone_17788,acc_17788
phone_17789,acc_17789
phone_17790,acc_17790
phone_17791,acc_17791
phone_17792,acc_17792
phone_17793,acc_17793
phone_17794,acc_17794
phone_17795,acc_17795
phone_17796,acc_17796
phone_17797,acc_17797
phone_17798,acc_17798
phone_17799,acc_17799
phone_17800,acc_17800
phone_17801,acc_17801
phone_17802,acc_17802
phone_17803,acc_17803
phone_17804,acc_17804
phone_17805,acc_17805
phone_17806,acc_17806
phone_17807,acc_17807
phone_17808,acc_17808
phone_17809,acc_17809
phone_17810,acc_17810
phone_17811,acc_17811
phone_17812,acc_17812
phone_17813,acc_17813
phone_17814,acc_17814
phone_17815,acc_17815
phone_17816,acc_17816
phone_17817,acc_17817
phone_17818,acc_17818
phone_17819,acc_17819
phone_17820,acc_17820
phone_17821,acc_17821
phone_17822,acc_17822
phone_17823,acc_17823
phone_17824,acc_17824
phone_17825,acc_17825
phone_17826,acc_17826
phone_17827,acc_17827
phone_17828,acc_17828
phone_17829,acc_17829
phone_17830,acc_17830
phone_17831,acc_17831
phone_17832,acc_17832
phone_17833,acc_17833
phone_17834,acc_17834
phone_17835,acc_17835
phone_17836,acc_17836
phone_17837,acc_17837
phone_17838,acc_17838
phone_17839,acc_17839
phone_17840,acc_17840
phone_17841,acc_17841
phone_17842,acc_17842
phone_17843,acc_17843
phone_17844,acc_17844
phone_17845,acc_17845
phone_17846,acc_17846
phone_17847,acc_17847
phone_17848,acc_17848
phone_17849,acc_17849
phone_17850,acc_17850
phone_17851,acc_17851
phone_17852,acc_17852
phone_17853,acc_17853
phone_17854,acc_17854
phone_17855,acc_17855
phone_17856,acc_17856
phone_17857,acc_17857
phone_17858,acc_17858
phone_17859,acc_17859
phone_17860,acc_17860
phone_17861,acc_17861
phone_17862,acc_17862
phone_17863,acc_17863
phone_17864,acc_17864
phone_17865,acc_17865
phone_17866,acc_17866
phone_17867,acc_17867
phone_17868,acc_17868
phone_17869,acc_17869
phone_17870,acc_17870
phone_17871,acc_17871
phone_17872,acc_17872
phone_17873,acc_17873
phone_17874,acc_17874
phone_17875,acc_17875
phone_17876,acc_17876
phone_17877,acc_17877
phone_17878,acc_17878
phone_17879,acc_17879
phone_17880,acc_17880
phone_17881,acc_17881
phone_17882,acc_17882
phone_17883,acc_17883
phone_17884,acc_17884
phone_17885,acc_17885
phone_17886,acc_17886
phone_17887,acc_17887
phone_17888,acc_17888
phone_17889,acc_17889
phone_17890,acc_17890
phone_17891,acc_17891
phone_17892,acc_17892
phone_17893,acc_17893
phone_17894,acc_17894
phone_17895,acc_17895
phone_17896,acc_17896
phone_17897,acc_17897
phone_17898,acc_17898
phone_17899,acc_17899
phone_17900,acc_17900
phone_17901,acc_17901
phone_17902,acc_17902
phone_17903,acc_17903
phone_17904,acc_17904
phone_17905,acc_17905
phone_17906,acc_17906
phone_17907,acc_17907
phone_17908,acc_17908
phone_17909,acc_17909
phone_17910,acc_17910
phone_17911,acc_17911
phone_17912,acc_17912
phone_17913,acc_17913
phone_17914,acc_17914
phone_17915,acc_17915
phone_17916,acc_17916
phone_17917,acc_17917
phone_17918,acc_17918
phone_17919,acc_17919
phone_17920,acc_17920
phone_17921,acc_17921
phone_17922,acc_17922
phone_17923,acc_17923
phone_17924,acc_17924
phone_17925,acc_17925
phone_17926,acc_17926
phone_17927,acc_17927
phone_17928,acc_17928
phone_17929,acc_17929
phone_17930,acc_17930
phone_17931,acc_17931
phone_17932,acc_17932
phone_17933,acc_17933
phone_17934,acc_17934
phone_17935,acc_17935
phone_17936,acc_17936
phone_17937,acc_17937
phone_17938,acc_17938
phone_17939,acc_17939
phone_17940,acc_17940
phone_17941,acc_17941
phone_17942,acc_17942
phone_17943,acc_17943
phone_17944,acc_17944
phone_17945,acc_17945
phone_17946,acc_17946
phone_17947,acc_17947
phone_17948,acc_17948
phone_17949,acc_17949
phone_17950,acc_17950
phone_17951,acc_17951
phone_17952,acc_17952
phone_17953,acc_17953
phone_17954,acc_17954
phone_17955,acc_17955
phone_17956,acc_17956
phone_17957,acc_17957
phone_17958,acc_17958
phone_17959,acc_17959
phone_17960,acc_17960
phone_17961,acc_17961
phone_17962,acc_17962
phone_17963,acc_17963
phone_17964,acc_17964
phone_17965,acc_17965
phone_17966,acc_17966
phone_17967,acc_17967
phone_17968,acc_17968
phone_17969,acc_17969
phone_17970,acc_17970
phone_17971,acc_17971
phone_17972,acc_17972
phone_17973,acc_17973
phone_17974,acc_17974
phone_17975,acc_17975
phone_17976,acc_17976
phone_17977,acc_17977
phone_17978,acc_17978
phone_17979,acc_17979
phone_17980,acc_17980
phone_17981,acc_17981
phone_17982,acc_17982
phone_17983,acc_17983
phone_17984,acc_17984
phone_17985,acc_17985
phone_17986,acc_17986
phone_17987,acc_17987
phone_17988,acc_17988
phone_17989,acc_17989
phone_17990,acc_17990
phone_17991,acc_17991
phone_17992,acc_17992
phone_17993,acc_17993
phone_17994,acc_17994
phone_17995,acc_17995
phone_17996,acc_17996
phone_17997,acc_17997
phone_17998,acc_17998
phone_17999,acc_17999
phone_18000,acc_18000
phone_18001,acc_18001
phone_18002,acc_18002
phone_18003,acc_18003
phone_18004,acc_18004
phone_18005,acc_18005
phone_18006,acc_18006
phone_18007,acc_18007
phone_18008,acc_18008
phone_18009,acc_18009
phone_18010,acc_18010
phone_18011,acc_18011
phone_18012,acc_18012
phone_18013,acc_18013
phone_18014,acc_18014
phone_18015,acc_18015
phone_18016,acc_18016
phone_18017,acc_18017
phone_18018,acc_18018
phone_18019,acc_18019
phone_18020,acc_18020
phone_18021,acc_18021
phone_18022,acc_18022
phone_18023,acc_18023
phone_18024,acc_18024
phone_18025,acc_18025
phone_18026,acc_18026
phone_18027,acc_18027
phone_18028,acc_18028
phone_18029,acc_18029
phone_18030,acc_18030
phone_18031,acc_18031
phone_18032,acc_18032
phone_18033,acc_18033
phone_18034,acc_18034
phone_18035,acc_18035
phone_18036,acc_18036
phone_18037,acc_18037
phone_18038,acc_18038
phone_18039,acc_18039
phone_18040,acc_18040
phone_18041,acc_18041
phone_18042,acc_18042
phone_18043,acc_18043
phone_18044,acc_18044
phone_18045,acc_18045
phone_18046,acc_18046
phone_18047,acc_18047
phone_18048,acc_18048
phone_18049,acc_18049
phone_18050,acc_18050
phone_18051,acc_18051
phone_18052,acc_18052
phone_18053,acc_18053
phone_18054,acc_18054
phone_18055,acc_18055
phone_18056,acc_18056
phone_18057,acc_18057
phone_18058,acc_18058
phone_18059,acc_18059
phone_18060,acc_18060
phone_18061,acc_18061
phone_18062,acc_18062
phone_18063,acc_18063
phone_18064,acc_18064
phone_18065,acc_18065
phone_18066,acc_18066
phone_18067,acc_18067
phone_18068,acc_18068
phone_18069,acc_18069
phone_18070,acc_18070
phone_18071,acc_18071
phone_18072,acc_18072
phone_18073,acc_18073
phone_18074,acc_18074
phone_18075,acc_18075
phone_18076,acc_18076
phone_18077,acc_18077
phone_18078,acc_18078
phone_18079,acc_18079
phone_18080,acc_18080
phone_18081,acc_18081
phone_18082,acc_18082
phone_18083,acc_18083
phone_18084,acc_18084
phone_18085,acc_18085
phone_18086,acc_18086
phone_18087,acc_18087
phone_18088,acc_18088
phone_18089,acc_18089
phone_18090,acc_18090
phone_18091,acc_18091
phone_18092,acc_18092
phone_18093,acc_18093
phone_18094,acc_18094
phone_18095,acc_18095
phone_18096,acc_18096
phone_18097,acc_18097
phone_18098,acc_18098
phone_18099,acc_18099
phone_18100,acc_18100
phone_18101,acc_18101
phone_18102,acc_18102
phone_18103,acc_18103
phone_18104,acc_18104
phone_18105,acc_18105
phone_18106,acc_18106
phone_18107,acc_18107
phone_18108,acc_18108
phone_18109,acc_18109
phone_18110,acc_18110
phone_18111,acc_18111
phone_18112,acc_18112
phone_18113,acc_18113
phone_18114,acc_18114
phone_18115,acc_18115
phone_18116,acc_18116
phone_18117,acc_18117
phone_18118,acc_18118
phone_18119,acc_18119
phone_18120,acc_18120
phone_18121,acc_18121
phone_18122,acc_18122
phone_18123,acc_18123
phone_18124,acc_18124
phone_18125,acc_18125
phone_18126,acc_18126
phone_18127,acc_18127
phone_18128,acc_18128
phone_18129,acc_18129
phone_18130,acc_18130
phone_18131,acc_18131
phone_18132,acc_18132
phone_18133,acc_18133
phone_18134,acc_18134
phone_18135,acc_18135
phone_18136,acc_18136
phone_18137,acc_18137
phone_18138,acc_18138
phone_18139,acc_18139
phone_18140,acc_18140
phone_18141,acc_18141
phone_18142,acc_18142
phone_18143,acc_18143
phone_18144,acc_18144
phone_18145,acc_18145
phone_18146,acc_18146
phone_18147,acc_18147
phone_18148,acc_18148
phone_18149,acc_18149
phone_18150,acc_18150
phone_18151,acc_18151
phone_18152,acc_18152
phone_18153,acc_18153
phone_18154,acc_18154
phone_18155,acc_18155
phone_18156,acc_18156
phone_18157,acc_18157
phone_18158,acc_18158
phone_18159,acc_18159
phone_18160,acc_18160
phone_18161,acc_18161
phone_18162,acc_18162
phone_18163,acc_18163
phone_18164,acc_18164
phone_18165,acc_18165
phone_18166,acc_18166
phone_18167,acc_18167
phone_18168,acc_18168
phone_18169,acc_18169
phone_18170,acc_18170
phone_18171,acc_18171
phone_18172,acc_18172
phone_18173,acc_18173
phone_18174,acc_18174
phone_18175,acc_18175
phone_18176,acc_18176
phone_18177,acc_18177
phone_18178,acc_18178
phone_18179,acc_18179
phone_18180,acc_18180
phone_18181,acc_18181
phone_18182,acc_18182
phone_18183,acc_18183
phone_18184,acc_18184
phone_18185,acc_18185
phone_18186,acc_18186
phone_18187,acc_18187
phone_18188,acc_18188
phone_18189,acc_18189
phone_18190,acc_18190
phone_18191,acc_18191
phone_18192,acc_18192
phone_18193,acc_18193
phone_18194,acc_18194
phone_18195,acc_18195
phone_18196,acc_18196
phone_18197,acc_18197
phone_18198,acc_18198
phone_18199,acc_18199
phone_18200,acc_18200
phone_18201,acc_18201
phone_18202,acc_18202
phone_18203,acc_18203
phone_18204,acc_18204
phone_18205,acc_18205
phone_18206,acc_18206
phone_18207,acc_18207
phone_18208,acc_18208
phone_18209,acc_18209
phone_18210,acc_18210
phone_18211,acc_18211
phone_18212,acc_18212
phone_18213,acc_18213
phone_18214,acc_18214
phone_18215,acc_18215
phone_18216,acc_18216
phone_18217,acc_18217
phone_18218,acc_18218
phone_18219,acc_18219
phone_18220,acc_18220
phone_18221,acc_18221
phone_18222,acc_18222
phone_18223,acc_18223
phone_18224,acc_18224
phone_18225,acc_18225
phone_18226,acc_18226
phone_18227,acc_18227
phone_18228,acc_18228
phone_18229,acc_18229
phone_18230,acc_18230
phone_18231,acc_18231
phone_18232,acc_18232
phone_18233,acc_18233
phone_18234,acc_18234
phone_18235,acc_18235
phone_18236,acc_18236
phone_18237,acc_18237
phone_18238,acc_18238
phone_18239,acc_18239
phone_18240,acc_18240
phone_18241,acc_18241
phone_18242,acc_18242
phone_18243,acc_18243
phone_18244,acc_18244
phone_18245,acc_18245
phone_18246,acc_18246
phone_18247,acc_18247
phone_18248,acc_18248
phone_18249,acc_18249
phone_18250,acc_18250
phone_18251,acc_18251
phone_18252,acc_18252
phone_18253,acc_18253
phone_18254,acc_18254
phone_18255,acc_18255
phone_18256,acc_18256
phone_18257,acc_18257
phone_18258,acc_18258
phone_18259,acc_18259
phone_18260,acc_18260
phone_18261,acc_18261
phone_18262,acc_18262
phone_18263,acc_18263
phone_18264,acc_18264
phone_18265,acc_18265
phone_18266,acc_18266
phone_18267,acc_18267
phone_18268,acc_18268
phone_18269,acc_18269
phone_18270,acc_18270
phone_18271,acc_18271
phone_18272,acc_18272
phone_18273,acc_18273
phone_18274,acc_18274
phone_18275,acc_18275
phone_18276,acc_18276
phone_18277,acc_18277
phone_18278,acc_18278
phone_18279,acc_18279
phone_18280,acc_18280
phone_18281,acc_18281
phone_18282,acc_18282
phone_18283,acc_18283
phone_18284,acc_18284
phone_18285,acc_18285
phone_18286,acc_18286
phone_18287,acc_18287
phone_18288,acc_18288
phone_18289,acc_18289
phone_18290,acc_18290
phone_18291,acc_18291
phone_18292,acc_18292
phone_18293,acc_18293
phone_18294,acc_18294
phone_18295,acc_18295
phone_18296,acc_18296
phone_18297,acc_18297
phone_18298,acc_18298
phone_18299,acc_18299
phone_18300,acc_18300
phone_18301,acc_18301
phone_18302,acc_18302
phone_18303,acc_18303
phone_18304,acc_18304
phone_18305,acc_18305
phone_18306,acc_18306
phone_18307,acc_18307
phone_18308,acc_18308
phone_18309,acc_18309
phone_18310,acc_18310
phone_18311,acc_18311
phone_18312,acc_18312
phone_18313,acc_18313
phone_18314,acc_18314
phone_18315,acc_18315
phone_18316,acc_18316
phone_18317,acc_18317
phone_18318,acc_18318
phone_18319,acc_18319
phone_18320,acc_18320
phone_18321,acc_18321
phone_18322,acc_18322
phone_18323,acc_18323
phone_18324,acc_18324
phone_18325,acc_18325
phone_18326,acc_18326
phone_18327,acc_18327
phone_18328,acc_18328
phone_18329,acc_18329
phone_18330,acc_18330
phone_18331,acc_18331
phone_18332,acc_18332
phone_18333,acc_18333
phone_18334,acc_18334
phone_18335,acc_18335
phone_18336,acc_18336
phone_18337,acc_18337
phone_18338,acc_18338
phone_18339,acc_18339
phone_18340,acc_18340
phone_18341,acc_18341
phone_18342,acc_18342
phone_18343,acc_18343
phone_18344,acc_18344
phone_18345,acc_18345
phone_18346,acc_18346
phone_18347,acc_18347
phone_18348,acc_18348
phone_18349,acc_18349
phone_18350,acc_18350
phone_18351,acc_18351
phone_18352,acc_18352
phone_18353,acc_18353
phone_18354,acc_18354
phone_18355,acc_18355
phone_18356,acc_18356
phone_18357,acc_18357
phone_18358,acc_18358
phone_18359,acc_18359
phone_18360,acc_18360
phone_18361,acc_18361
phone_18362,acc_18362
phone_18363,acc_18363
phone_18364,acc_18364
phone_18365,acc_18365
phone_18366,acc_18366
phone_18367,acc_18367
phone_18368,acc_18368
phone_18369,acc_18369
phone_18370,acc_18370
phone_18371,acc_18371
phone_18372,acc_18372
phone_18373,acc_18373
phone_18374,acc_18374
phone_18375,acc_18375
phone_18376,acc_18376
phone_18377,acc_18377
phone_18378,acc_18378
phone_18379,acc_18379
phone_18380,acc_18380
phone_18381,acc_18381
phone_18382,acc_18382
phone_18383,acc_18383
phone_18384,acc_18384
phone_18385,acc_18385
phone_18386,acc_18386
phone_18387,acc_18387
phone_18388,acc_18388
phone_18389,acc_18389
phone_18390,acc_18390
phone_18391,acc_18391
phone_18392,acc_18392
phone_18393,acc_18393
phone_18394,acc_18394
phone_18395,acc_18395
phone_18396,acc_18396
phone_18397,acc_18397
phone_18398,acc_18398
phone_18399,acc_18399
phone_18400,acc_18400
phone_18401,acc_18401
phone_18402,acc_18402
phone_18403,acc_18403
phone_18404,acc_18404
phone_18405,acc_18405
phone_18406,acc_18406
phone_18407,acc_18407
phone_18408,acc_18408
phone_18409,acc_18409
phone_18410,acc_18410
phone_18411,acc_18411
phone_18412,acc_18412
phone_18413,acc_18413
phone_18414,acc_18414
phone_18415,acc_18415
phone_18416,acc_18416
phone_18417,acc_18417
phone_18418,acc_18418
phone_18419,acc_18419
phone_18420,acc_18420
phone_18421,acc_18421
phone_18422,acc_18422
phone_18423,acc_18423
phone_18424,acc_18424
phone_18425,acc_18425
phone_18426,acc_18426
phone_18427,acc_18427
phone_18428,acc_18428
phone_18429,acc_18429
phone_18430,acc_18430
phone_18431,acc_18431
phone_18432,acc_18432
phone_18433,acc_18433
phone_18434,acc_18434
phone_18435,acc_18435
phone_18436,acc_18436
phone_18437,acc_18437
phone_18438,acc_18438
phone_18439,acc_18439
phone_18440,acc_18440
phone_18441,acc_18441
phone_18442,acc_18442
phone_18443,acc_18443
phone_18444,acc_18444
phone_18445,acc_18445
phone_18446,acc_18446
phone_18447,acc_18447
phone_18448,acc_18448
phone_18449,acc_18449
phone_18450,acc_18450
phone_18451,acc_18451
phone_18452,acc_18452
phone_18453,acc_18453
phone_18454,acc_18454
phone_18455,acc_18455
phone_18456,acc_18456
phone_18457,acc_18457
phone_18458,acc_18458
phone_18459,acc_18459
phone_18460,acc_18460
phone_18461,acc_18461
phone_18462,acc_18462
phone_18463,acc_18463
phone_18464,acc_18464
phone_18465,acc_18465
phone_18466,acc_18466
phone_18467,acc_18467
phone_18468,acc_18468
phone_18469,acc_18469
phone_18470,acc_18470
phone_18471,acc_18471
phone_18472,acc_18472
phone_18473,acc_18473
phone_18474,acc_18474
phone_18475,acc_18475
phone_18476,acc_18476
phone_18477,acc_18477
phone_18478,acc_18478
phone_18479,acc_18479
phone_18480,acc_18480
phone_18481,acc_18481
phone_18482,acc_18482
phone_18483,acc_18483
phone_18484,acc_18484
phone_18485,acc_18485
phone_18486,acc_18486
phone_18487,acc_18487
phone_18488,acc_18488
phone_18489,acc_18489
phone_18490,acc_18490
phone_18491,acc_18491
phone_18492,acc_18492
phone_18493,acc_18493
phone_18494,acc_18494
phone_18495,acc_18495
phone_18496,acc_18496
phone_18497,acc_18497
phone_18498,acc_18498
phone_18499,acc_18499
phone_18500,acc_18500
phone_18501,acc_18501
phone_18502,acc_18502
phone_18503,acc_18503
phone_18504,acc_18504
phone_18505,acc_18505
phone_18506,acc_18506
phone_18507,acc_18507
phone_18508,acc_18508
phone_18509,acc_18509
phone_18510,acc_18510
phone_18511,acc_18511
phone_18512,acc_18512
phone_18513,acc_18513
phone_18514,acc_18514
phone_18515,acc_18515
phone_18516,acc_18516
phone_18517,acc_18517
phone_18518,acc_18518
phone_18519,acc_18519
phone_18520,acc_18520
phone_18521,acc_18521
phone_18522,acc_18522
phone_18523,acc_18523
phone_18524,acc_18524
phone_18525,acc_18525
phone_18526,acc_18526
phone_18527,acc_18527
phone_18528,acc_18528
phone_18529,acc_18529
phone_18530,acc_18530
phone_18531,acc_18531
phone_18532,acc_18532
phone_18533,acc_18533
phone_18534,acc_18534
phone_18535,acc_18535
phone_18536,acc_18536
phone_18537,acc_18537
phone_18538,acc_18538
phone_18539,acc_18539
phone_18540,acc_18540
phone_18541,acc_18541
phone_18542,acc_18542
phone_18543,acc_18543
phone_18544,acc_18544
phone_18545,acc_18545
phone_18546,acc_18546
phone_18547,acc_18547
phone_18548,acc_18548
phone_18549,acc_18549
phone_18550,acc_18550
phone_18551,acc_18551
phone_18552,acc_18552
phone_18553,acc_18553
phone_18554,acc_18554
phone_18555,acc_18555
phone_18556,acc_18556
phone_18557,acc_18557
phone_18558,acc_18558
phone_18559,acc_18559
phone_18560,acc_18560
phone_18561,acc_18561
phone_18562,acc_18562
phone_18563,acc_18563
phone_18564,acc_18564
phone_18565,acc_18565
phone_18566,acc_18566
phone_18567,acc_18567
phone_18568,acc_18568
phone_18569,acc_18569
phone_18570,acc_18570
phone_18571,acc_18571
phone_18572,acc_18572
phone_18573,acc_18573
phone_18574,acc_18574
phone_18575,acc_18575
phone_18576,acc_18576
phone_18577,acc_18577
phone_18578,acc_18578
phone_18579,acc_18579
phone_18580,acc_18580
phone_18581,acc_18581
phone_18582,acc_18582
phone_18583,acc_18583
phone_18584,acc_18584
phone_18585,acc_18585
phone_18586,acc_18586
phone_18587,acc_18587
phone_18588,acc_18588
phone_18589,acc_18589
phone_18590,acc_18590
phone_18591,acc_18591
phone_18592,acc_18592
phone_18593,acc_18593
phone_18594,acc_18594
phone_18595,acc_18595
phone_18596,acc_18596
phone_18597,acc_18597
phone_18598,acc_18598
phone_18599,acc_18599
phone_18600,acc_18600
phone_18601,acc_18601
phone_18602,acc_18602
phone_18603,acc_18603
phone_18604,acc_18604
phone_18605,acc_18605
phone_18606,acc_18606
phone_18607,acc_18607
phone_18608,acc_18608
phone_18609,acc_18609
phone_18610,acc_18610
phone_18611,acc_18611
phone_18612,acc_18612
phone_18613,acc_18613
phone_18614,acc_18614
phone_18615,acc_18615
phone_18616,acc_18616
phone_18617,acc_18617
phone_18618,acc_18618
phone_18619,acc_18619
phone_18620,acc_18620
phone_18621,acc_18621
phone_18622,acc_18622
phone_18623,acc_18623
phone_18624,acc_18624
phone_18625,acc_18625
phone_18626,acc_18626
phone_18627,acc_18627
phone_18628,acc_18628
phone_18629,acc_18629
phone_18630,acc_18630
phone_18631,acc_18631
phone_18632,acc_18632
phone_18633,acc_18633
phone_18634,acc_18634
phone_18635,acc_18635
phone_18636,acc_18636
phone_18637,acc_18637
phone_18638,acc_18638
phone_18639,acc_18639
phone_18640,acc_18640
phone_18641,acc_18641
phone_18642,acc_18642
phone_18643,acc_18643
phone_18644,acc_18644
phone_18645,acc_18645
phone_18646,acc_18646
phone_18647,acc_18647
phone_18648,acc_18648
phone_18649,acc_18649
phone_18650,acc_18650
phone_18651,acc_18651
phone_18652,acc_18652
phone_18653,acc_18653
phone_18654,acc_18654
phone_18655,acc_18655
phone_18656,acc_18656
phone_18657,acc_18657
phone_18658,acc_18658
phone_18659,acc_18659
phone_18660,acc_18660
phone_18661,acc_18661
phone_18662,acc_18662
phone_18663,acc_18663
phone_18664,acc_18664
phone_18665,acc_18665
phone_18666,acc_18666
phone_18667,acc_18667
phone_18668,acc_18668
phone_18669,acc_18669
phone_18670,acc_18670
phone_18671,acc_18671
phone_18672,acc_18672
phone_18673,acc_18673
phone_18674,acc_18674
phone_18675,acc_18675
phone_18676,acc_18676
phone_18677,acc_18677
phone_18678,acc_18678
phone_18679,acc_18679
phone_18680,acc_18680
phone_18681,acc_18681
phone_18682,acc_18682
phone_18683,acc_18683
phone_18684,acc_18684
phone_18685,acc_18685
phone_18686,acc_18686
phone_18687,acc_18687
phone_18688,acc_18688
phone_18689,acc_18689
phone_18690,acc_18690
phone_18691,acc_18691
phone_18692,acc_18692
phone_18693,acc_18693
phone_18694,acc_18694
phone_18695,acc_18695
phone_18696,acc_18696
phone_18697,acc_18697
phone_18698,acc_18698
phone_18699,acc_18699
phone_18700,acc_18700
phone_18701,acc_18701
phone_18702,acc_18702
phone_18703,acc_18703
phone_18704,acc_18704
phone_18705,acc_18705
phone_18706,acc_18706
phone_18707,acc_18707
phone_18708,acc_18708
phone_18709,acc_18709
phone_18710,acc_18710
phone_18711,acc_18711
phone_18712,acc_18712
phone_18713,acc_18713
phone_18714,acc_18714
phone_18715,acc_18715
phone_18716,acc_18716
phone_18717,acc_18717
phone_18718,acc_18718
phone_18719,acc_18719
phone_18720,acc_18720
phone_18721,acc_18721
phone_18722,acc_18722
phone_18723,acc_18723
phone_18724,acc_18724
phone_18725,acc_18725
phone_18726,acc_18726
phone_18727,acc_18727
phone_18728,acc_18728
phone_18729,acc_18729
phone_18730,acc_18730
phone_18731,acc_18731
phone_18732,acc_18732
phone_18733,acc_18733
phone_18734,acc_18734
phone_18735,acc_18735
phone_18736,acc_18736
phone_18737,acc_18737
phone_18738,acc_18738
phone_18739,acc_18739
phone_18740,acc_18740
phone_18741,acc_18741
phone_18742,acc_18742
phone_18743,acc_18743
phone_18744,acc_18744
phone_18745,acc_18745
phone_18746,acc_18746
phone_18747,acc_18747
phone_18748,acc_18748
phone_18749,acc_18749
phone_18750,acc_18750
phone_18751,acc_18751
phone_18752,acc_18752
phone_18753,acc_18753
phone_18754,acc_18754
phone_18755,acc_18755
phone_18756,acc_18756
phone_18757,acc_18757
phone_18758,acc_18758
phone_18759,acc_18759
phone_18760,acc_18760
phone_18761,acc_18761
phone_18762,acc_18762
phone_18763,acc_18763
phone_18764,acc_18764
phone_18765,acc_18765
phone_18766,acc_18766
phone_18767,acc_18767
phone_18768,acc_18768
phone_18769,acc_18769
phone_18770,acc_18770
phone_18771,acc_18771
phone_18772,acc_18772
phone_18773,acc_18773
phone_18774,acc_18774
phone_18775,acc_18775
phone_18776,acc_18776
phone_18777,acc_18777
phone_18778,acc_18778
phone_18779,acc_18779
phone_18780,acc_18780
phone_18781,acc_18781
phone_18782,acc_18782
phone_18783,acc_18783
phone_18784,acc_18784
phone_18785,acc_18785
phone_18786,acc_18786
phone_18787,acc_18787
phone_18788,acc_18788
phone_18789,acc_18789
phone_18790,acc_18790
phone_18791,acc_18791
phone_18792,acc_18792
phone_18793,acc_18793
phone_18794,acc_18794
phone_18795,acc_18795
phone_18796,acc_18796
phone_18797,acc_18797
phone_18798,acc_18798
phone_18799,acc_18799
phone_18800,acc_18800
phone_18801,acc_18801
phone_18802,acc_18802
phone_18803,acc_18803
phone_18804,acc_18804
phone_18805,acc_18805
phone_18806,acc_18806
phone_18807,acc_18807
phone_18808,acc_18808
phone_18809,acc_18809
phone_18810,acc_18810
phone_18811,acc_18811
phone_18812,acc_18812
phone_18813,acc_18813
phone_18814,acc_18814
phone_18815,acc_18815
phone_18816,acc_18816
phone_18817,acc_18817
phone_18818,acc_18818
phone_18819,acc_18819
phone_18820,acc_18820
phone_18821,acc_18821
phone_18822,acc_18822
phone_18823,acc_18823
phone_18824,acc_18824
phone_18825,acc_18825
phone_18826,acc_18826
phone_18827,acc_18827
phone_18828,acc_18828
phone_18829,acc_18829
phone_18830,acc_18830
phone_18831,acc_18831
phone_18832,acc_18832
phone_18833,acc_18833
phone_18834,acc_18834
phone_18835,acc_18835
phone_18836,acc_18836
phone_18837,acc_18837
phone_18838,acc_18838
phone_18839,acc_18839
phone_18840,acc_18840
phone_18841,acc_18841
phone_18842,acc_18842
phone_18843,acc_18843
phone_18844,acc_18844
phone_18845,acc_18845
phone_18846,acc_18846
phone_18847,acc_18847
phone_18848,acc_18848
phone_18849,acc_18849
phone_18850,acc_18850
phone_18851,acc_18851
phone_18852,acc_18852
phone_18853,acc_18853
phone_18854,acc_18854
phone_18855,acc_18855
phone_18856,acc_18856
phone_18857,acc_18857
phone_18858,acc_18858
phone_18859,acc_18859
phone_18860,acc_18860
phone_18861,acc_18861
phone_18862,acc_18862
phone_18863,acc_18863
phone_18864,acc_18864
phone_18865,acc_18865
phone_18866,acc_18866
phone_18867,acc_18867
phone_18868,acc_18868
phone_18869,acc_18869
phone_18870,acc_18870
phone_18871,acc_18871
phone_18872,acc_18872
phone_18873,acc_18873
phone_18874,acc_18874
phone_18875,acc_18875
phone_18876,acc_18876
phone_18877,acc_18877
phone_18878,acc_18878
phone_18879,acc_18879
phone_18880,acc_18880
phone_18881,acc_18881
phone_18882,acc_18882
phone_18883,acc_18883
phone_18884,acc_18884
phone_18885,acc_18885
phone_18886,acc_18886
phone_18887,acc_18887
phone_18888,acc_18888
phone_18889,acc_18889
phone_18890,acc_18890
phone_18891,acc_18891
phone_18892,acc_18892
phone_18893,acc_18893
phone_18894,acc_18894
phone_18895,acc_18895
phone_18896,acc_18896
phone_18897,acc_18897
phone_18898,acc_18898
phone_18899,acc_18899
phone_18900,acc_18900
phone_18901,acc_18901
phone_18902,acc_18902
phone_18903,acc_18903
phone_18904,acc_18904
phone_18905,acc_18905
phone_18906,acc_18906
phone_18907,acc_18907
phone_18908,acc_18908
phone_18909,acc_18909
phone_18910,acc_18910
phone_18911,acc_18911
phone_18912,acc_18912
phone_18913,acc_18913
phone_18914,acc_18914
phone_18915,acc_18915
phone_18916,acc_18916
phone_18917,acc_18917
phone_18918,acc_18918
phone_18919,acc_18919
phone_18920,acc_18920
phone_18921,acc_18921
phone_18922,acc_18922
phone_18923,acc_18923
phone_18924,acc_18924
phone_18925,acc_18925
phone_18926,acc_18926
phone_18927,acc_18927
phone_18928,acc_18928
phone_18929,acc_18929
phone_18930,acc_18930
phone_18931,acc_18931
phone_18932,acc_18932
phone_18933,acc_18933
phone_18934,acc_18934
phone_18935,acc_18935
phone_18936,acc_18936
phone_18937,acc_18937
phone_18938,acc_18938
phone_18939,acc_18939
phone_18940,acc_18940
phone_18941,acc_18941
phone_18942,acc_18942
phone_18943,acc_18943
phone_18944,acc_18944
phone_18945,acc_18945
phone_18946,acc_18946
phone_18947,acc_18947
phone_18948,acc_18948
phone_18949,acc_18949
phone_18950,acc_18950
phone_18951,acc_18951
phone_18952,acc_18952
phone_18953,acc_18953
phone_18954,acc_18954
phone_18955,acc_18955
phone_18956,acc_18956
phone_18957,acc_18957
phone_18958,acc_18958
phone_18959,acc_18959
phone_18960,acc_18960
phone_18961,acc_18961
phone_18962,acc_18962
phone_18963,acc_18963
phone_18964,acc_18964
phone_18965,acc_18965
phone_18966,acc_18966
phone_18967,acc_18967
phone_18968,acc_18968
phone_18969,acc_18969
phone_18970,acc_18970
phone_18971,acc_18971
phone_18972,acc_18972
phone_18973,acc_18973
phone_18974,acc_18974
phone_18975,acc_18975
phone_18976,acc_18976
phone_18977,acc_18977
phone_18978,acc_18978
phone_18979,acc_18979
phone_18980,acc_18980
phone_18981,acc_18981
phone_18982,acc_18982
phone_18983,acc_18983
phone_18984,acc_18984
phone_18985,acc_18985
phone_18986,acc_18986
phone_18987,acc_18987
phone_18988,acc_18988
phone_18989,acc_18989
phone_18990,acc_18990
phone_18991,acc_18991
phone_18992,acc_18992
phone_18993,acc_18993
phone_18994,acc_18994
phone_18995,acc_18995
phone_18996,acc_18996
phone_18997,acc_18997
phone_18998,acc_18998
phone_18999,acc_18999
phone_19000,acc_19000
phone_19001,acc_19001
phone_19002,acc_19002
phone_19003,acc_19003
phone_19004,acc_19004
phone_19005,acc_19005
phone_19006,acc_19006
phone_19007,acc_19007
phone_19008,acc_19008
phone_19009,acc_19009
phone_19010,acc_19010
phone_19011,acc_19011
phone_19012,acc_19012
phone_19013,acc_19013
phone_19014,acc_19014
phone_19015,acc_19015
phone_19016,acc_19016
phone_19017,acc_19017
phone_19018,acc_19018
phone_19019,acc_19019
phone_19020,acc_19020
phone_19021,acc_19021
phone_19022,acc_19022
phone_19023,acc_19023
phone_19024,acc_19024
phone_19025,acc_19025
phone_19026,acc_19026
phone_19027,acc_19027
phone_19028,acc_19028
phone_19029,acc_19029
phone_19030,acc_19030
phone_19031,acc_19031
phone_19032,acc_19032
phone_19033,acc_19033
phone_19034,acc_19034
phone_19035,acc_19035
phone_19036,acc_19036
phone_19037,acc_19037
phone_19038,acc_19038
phone_19039,acc_19039
phone_19040,acc_19040
phone_19041,acc_19041
phone_19042,acc_19042
phone_19043,acc_19043
phone_19044,acc_19044
phone_19045,acc_19045
phone_19046,acc_19046
phone_19047,acc_19047
phone_19048,acc_19048
phone_19049,acc_19049
phone_19050,acc_19050
phone_19051,acc_19051
phone_19052,acc_19052
phone_19053,acc_19053
phone_19054,acc_19054
phone_19055,acc_19055
phone_19056,acc_19056
phone_19057,acc_19057
phone_19058,acc_19058
phone_19059,acc_19059
phone_19060,acc_19060
phone_19061,acc_19061
phone_19062,acc_19062
phone_19063,acc_19063
phone_19064,acc_19064
phone_19065,acc_19065
phone_19066,acc_19066
phone_19067,acc_19067
phone_19068,acc_19068
phone_19069,acc_19069
phone_19070,acc_19070
phone_19071,acc_19071
phone_19072,acc_19072
phone_19073,acc_19073
phone_19074,acc_19074
phone_19075,acc_19075
phone_19076,acc_19076
phone_19077,acc_19077
phone_19078,acc_19078
phone_19079,acc_19079
phone_19080,acc_19080
phone_19081,acc_19081
phone_19082,acc_19082
phone_19083,acc_19083
phone_19084,acc_19084
phone_19085,acc_19085
phone_19086,acc_19086
phone_19087,acc_19087
phone_19088,acc_19088
phone_19089,acc_19089
phone_19090,acc_19090
phone_19091,acc_19091
phone_19092,acc_19092
phone_19093,acc_19093
phone_19094,acc_19094
phone_19095,acc_19095
phone_19096,acc_19096
phone_19097,acc_19097
phone_19098,acc_19098
phone_19099,acc_19099
phone_19100,acc_19100
phone_19101,acc_19101
phone_19102,acc_19102
phone_19103,acc_19103
phone_19104,acc_19104
phone_19105,acc_19105
phone_19106,acc_19106
phone_19107,acc_19107
phone_19108,acc_19108
phone_19109,acc_19109
phone_19110,acc_19110
phone_19111,acc_19111
phone_19112,acc_19112
phone_19113,acc_19113
phone_19114,acc_19114
phone_19115,acc_19115
phone_19116,acc_19116
phone_19117,acc_19117
phone_19118,acc_19118
phone_19119,acc_19119
phone_19120,acc_19120
phone_19121,acc_19121
phone_19122,acc_19122
phone_19123,acc_19123
phone_19124,acc_19124
phone_19125,acc_19125
phone_19126,acc_19126
phone_19127,acc_19127
phone_19128,acc_19128
phone_19129,acc_19129
phone_19130,acc_19130
phone_19131,acc_19131
phone_19132,acc_19132
phone_19133,acc_19133
phone_19134,acc_19134
phone_19135,acc_19135
phone_19136,acc_19136
phone_19137,acc_19137
phone_19138,acc_19138
phone_19139,acc_19139
phone_19140,acc_19140
phone_19141,acc_19141
phone_19142,acc_19142
phone_19143,acc_19143
phone_19144,acc_19144
phone_19145,acc_19145
phone_19146,acc_19146
phone_19147,acc_19147
phone_19148,acc_19148
phone_19149,acc_19149
phone_19150,acc_19150
phone_19151,acc_19151
phone_19152,acc_19152
phone_19153,acc_19153
phone_19154,acc_19154
phone_19155,acc_19155
phone_19156,acc_19156
phone_19157,acc_19157
phone_19158,acc_19158
phone_19159,acc_19159
phone_19160,acc_19160
phone_19161,acc_19161
phone_19162,acc_19162
phone_19163,acc_19163
phone_19164,acc_19164
phone_19165,acc_19165
phone_19166,acc_19166
phone_19167,acc_19167
phone_19168,acc_19168
phone_19169,acc_19169
phone_19170,acc_19170
phone_19171,acc_19171
phone_19172,acc_19172
phone_19173,acc_19173
phone_19174,acc_19174
phone_19175,acc_19175
phone_19176,acc_19176
phone_19177,acc_19177
phone_19178,acc_19178
phone_19179,acc_19179
phone_19180,acc_19180
phone_19181,acc_19181
phone_19182,acc_19182
phone_19183,acc_19183
phone_19184,acc_19184
phone_19185,acc_19185
phone_19186,acc_19186
phone_19187,acc_19187
phone_19188,acc_19188
phone_19189,acc_19189
phone_19190,acc_19190
phone_19191,acc_19191
phone_19192,acc_19192
phone_19193,acc_19193
phone_19194,acc_19194
phone_19195,acc_19195
phone_19196,acc_19196
phone_19197,acc_19197
phone_19198,acc_19198
phone_19199,acc_19199
phone_19200,acc_19200
phone_19201,acc_19201
phone_19202,acc_19202
phone_19203,acc_19203
phone_19204,acc_19204
phone_19205,acc_19205
phone_19206,acc_19206
phone_19207,acc_19207
phone_19208,acc_19208
phone_19209,acc_19209
phone_19210,acc_19210
phone_19211,acc_19211
phone_19212,acc_19212
phone_19213,acc_19213
phone_19214,acc_19214
phone_19215,acc_19215
phone_19216,acc_19216
phone_19217,acc_19217
phone_19218,acc_19218
phone_19219,acc_19219
phone_19220,acc_19220
phone_19221,acc_19221
phone_19222,acc_19222
phone_19223,acc_19223
phone_19224,acc_19224
phone_19225,acc_19225
phone_19226,acc_19226
phone_19227,acc_19227
phone_19228,acc_19228
phone_19229,acc_19229
phone_19230,acc_19230
phone_19231,acc_19231
phone_19232,acc_19232
phone_19233,acc_19233
phone_19234,acc_19234
phone_19235,acc_19235
phone_19236,acc_19236
phone_19237,acc_19237
phone_19238,acc_19238
phone_19239,acc_19239
phone_19240,acc_19240
phone_19241,acc_19241
phone_19242,acc_19242
phone_19243,acc_19243
phone_19244,acc_19244
phone_19245,acc_19245
phone_19246,acc_19246
phone_19247,acc_19247
phone_19248,acc_19248
phone_19249,acc_19249
phone_19250,acc_19250
phone_19251,acc_19251
phone_19252,acc_19252
phone_19253,acc_19253
phone_19254,acc_19254
phone_19255,acc_19255
phone_19256,acc_19256
phone_19257,acc_19257
phone_19258,acc_19258
phone_19259,acc_19259
phone_19260,acc_19260
phone_19261,acc_19261
phone_19262,acc_19262
phone_19263,acc_19263
phone_19264,acc_19264
phone_19265,acc_19265
phone_19266,acc_19266
phone_19267,acc_19267
phone_19268,acc_19268
phone_19269,acc_19269
phone_19270,acc_19270
phone_19271,acc_19271
phone_19272,acc_19272
phone_19273,acc_19273
phone_19274,acc_19274
phone_19275,acc_19275
phone_19276,acc_19276
phone_19277,acc_19277
phone_19278,acc_19278
phone_19279,acc_19279
phone_19280,acc_19280
phone_19281,acc_19281
phone_19282,acc_19282
phone_19283,acc_19283
phone_19284,acc_19284
phone_19285,acc_19285
phone_19286,acc_19286
phone_19287,acc_19287
phone_19288,acc_19288
phone_19289,acc_19289
phone_19290,acc_19290
phone_19291,acc_19291
phone_19292,acc_19292
phone_19293,acc_19293
phone_19294,acc_19294
phone_19295,acc_19295
phone_19296,acc_19296
phone_19297,acc_19297
phone_19298,acc_19298
phone_19299,acc_19299
phone_19300,acc_19300
phone_19301,acc_19301
phone_19302,acc_19302
phone_19303,acc_19303
phone_19304,acc_19304
phone_19305,acc_19305
phone_19306,acc_19306
phone_19307,acc_19307
phone_19308,acc_19308
phone_19309,acc_19309
phone_19310,acc_19310
phone_19311,acc_19311
phone_19312,acc_19312
phone_19313,acc_19313
phone_19314,acc_19314
phone_19315,acc_19315
phone_19316,acc_19316
phone_19317,acc_19317
phone_19318,acc_19318
phone_19319,acc_19319
phone_19320,acc_19320
phone_19321,acc_19321
phone_19322,acc_19322
phone_19323,acc_19323
phone_19324,acc_19324
phone_19325,acc_19325
phone_19326,acc_19326
phone_19327,acc_19327
phone_19328,acc_19328
phone_19329,acc_19329
phone_19330,acc_19330
phone_19331,acc_19331
phone_19332,acc_19332
phone_19333,acc_19333
phone_19334,acc_19334
phone_19335,acc_19335
phone_19336,acc_19336
phone_19337,acc_19337
phone_19338,acc_19338
phone_19339,acc_19339
phone_19340,acc_19340
phone_19341,acc_19341
phone_19342,acc_19342
phone_19343,acc_19343
phone_19344,acc_19344
phone_19345,acc_19345
phone_19346,acc_19346
phone_19347,acc_19347
phone_19348,acc_19348
phone_19349,acc_19349
phone_19350,acc_19350
phone_19351,acc_19351
phone_19352,acc_19352
phone_19353,acc_19353
phone_19354,acc_19354
phone_19355,acc_19355
phone_19356,acc_19356
phone_19357,acc_19357
phone_19358,acc_19358
phone_19359,acc_19359
phone_19360,acc_19360
phone_19361,acc_19361
phone_19362,acc_19362
phone_19363,acc_19363
phone_19364,acc_19364
phone_19365,acc_19365
phone_19366,acc_19366
phone_19367,acc_19367
phone_19368,acc_19368
phone_19369,acc_19369
phone_19370,acc_19370
phone_19371,acc_19371
phone_19372,acc_19372
phone_19373,acc_19373
phone_19374,acc_19374
phone_19375,acc_19375
phone_19376,acc_19376
phone_19377,acc_19377
phone_19378,acc_19378
phone_19379,acc_19379
phone_19380,acc_19380
phone_19381,acc_19381
phone_19382,acc_19382
phone_19383,acc_19383
phone_19384,acc_19384
phone_19385,acc_19385
phone_19386,acc_19386
phone_19387,acc_19387
phone_19388,acc_19388
phone_19389,acc_19389
phone_19390,acc_19390
phone_19391,acc_19391
phone_19392,acc_19392
phone_19393,acc_19393
phone_19394,acc_19394
phone_19395,acc_19395
phone_19396,acc_19396
phone_19397,acc_19397
phone_19398,acc_19398
phone_19399,acc_19399
phone_19400,acc_19400
phone_19401,acc_19401
phone_19402,acc_19402
phone_19403,acc_19403
phone_19404,acc_19404
phone_19405,acc_19405
phone_19406,acc_19406
phone_19407,acc_19407
phone_19408,acc_19408
phone_19409,acc_19409
phone_19410,acc_19410
phone_19411,acc_19411
phone_19412,acc_19412
phone_19413,acc_19413
phone_19414,acc_19414
phone_19415,acc_19415
phone_19416,acc_19416
phone_19417,acc_19417
phone_19418,acc_19418
phone_19419,acc_19419
phone_19420,acc_19420
phone_19421,acc_19421
phone_19422,acc_19422
phone_19423,acc_19423
phone_19424,acc_19424
phone_19425,acc_19425
phone_19426,acc_19426
phone_19427,acc_19427
phone_19428,acc_19428
phone_19429,acc_19429
phone_19430,acc_19430
phone_19431,acc_19431
phone_19432,acc_19432
phone_19433,acc_19433
phone_19434,acc_19434
phone_19435,acc_19435
phone_19436,acc_19436
phone_19437,acc_19437
phone_19438,acc_19438
phone_19439,acc_19439
phone_19440,acc_19440
phone_19441,acc_19441
phone_19442,acc_19442
phone_19443,acc_19443
phone_19444,acc_19444
phone_19445,acc_19445
phone_19446,acc_19446
phone_19447,acc_19447
phone_19448,acc_19448
phone_19449,acc_19449
phone_19450,acc_19450
phone_19451,acc_19451
phone_19452,acc_19452
phone_19453,acc_19453
phone_19454,acc_19454
phone_19455,acc_19455
phone_19456,acc_19456
phone_19457,acc_19457
phone_19458,acc_19458
phone_19459,acc_19459
phone_19460,acc_19460
phone_19461,acc_19461
phone_19462,acc_19462
phone_19463,acc_19463
phone_19464,acc_19464
phone_19465,acc_19465
phone_19466,acc_19466
phone_19467,acc_19467
phone_19468,acc_19468
phone_19469,acc_19469
phone_19470,acc_19470
phone_19471,acc_19471
phone_19472,acc_19472
phone_19473,acc_19473
phone_19474,acc_19474
phone_19475,acc_19475
phone_19476,acc_19476
phone_19477,acc_19477
phone_19478,acc_19478
phone_19479,acc_19479
phone_19480,acc_19480
phone_19481,acc_19481
phone_19482,acc_19482
phone_19483,acc_19483
phone_19484,acc_19484
phone_19485,acc_19485
phone_19486,acc_19486
phone_19487,acc_19487
phone_19488,acc_19488
phone_19489,acc_19489
phone_19490,acc_19490
phone_19491,acc_19491
phone_19492,acc_19492
phone_19493,acc_19493
phone_19494,acc_19494
phone_19495,acc_19495
phone_19496,acc_19496
phone_19497,acc_19497
phone_19498,acc_19498
phone_19499,acc_19499
phone_19500,acc_19500
phone_19501,acc_19501
phone_19502,acc_19502
phone_19503,acc_19503
phone_19504,acc_19504
phone_19505,acc_19505
phone_19506,acc_19506
phone_19507,acc_19507
phone_19508,acc_19508
phone_19509,acc_19509
phone_19510,acc_19510
phone_19511,acc_19511
phone_19512,acc_19512
phone_19513,acc_19513
phone_19514,acc_19514
phone_19515,acc_19515
phone_19516,acc_19516
phone_19517,acc_19517
phone_19518,acc_19518
phone_19519,acc_19519
phone_19520,acc_19520
phone_19521,acc_19521
phone_19522,acc_19522
phone_19523,acc_19523
phone_19524,acc_19524
phone_19525,acc_19525
phone_19526,acc_19526
phone_19527,acc_19527
phone_19528,acc_19528
phone_19529,acc_19529
phone_19530,acc_19530
phone_19531,acc_19531
phone_19532,acc_19532
phone_19533,acc_19533
phone_19534,acc_19534
phone_19535,acc_19535
phone_19536,acc_19536
phone_19537,acc_19537
phone_19538,acc_19538
phone_19539,acc_19539
phone_19540,acc_19540
phone_19541,acc_19541
phone_19542,acc_19542
phone_19543,acc_19543
phone_19544,acc_19544
phone_19545,acc_19545
phone_19546,acc_19546
phone_19547,acc_19547
phone_19548,acc_19548
phone_19549,acc_19549
phone_19550,acc_19550
phone_19551,acc_19551
phone_19552,acc_19552
phone_19553,acc_19553
phone_19554,acc_19554
phone_19555,acc_19555
phone_19556,acc_19556
phone_19557,acc_19557
phone_19558,acc_19558
phone_19559,acc_19559
phone_19560,acc_19560
phone_19561,acc_19561
phone_19562,acc_19562
phone_19563,acc_19563
phone_19564,acc_19564
phone_19565,acc_19565
phone_19566,acc_19566
phone_19567,acc_19567
phone_19568,acc_19568
phone_19569,acc_19569
phone_19570,acc_19570
phone_19571,acc_19571
phone_19572,acc_19572
phone_19573,acc_19573
phone_19574,acc_19574
phone_19575,acc_19575
phone_19576,acc_19576
phone_19577,acc_19577
phone_19578,acc_19578
phone_19579,acc_19579
phone_19580,acc_19580
phone_19581,acc_19581
phone_19582,acc_19582
phone_19583,acc_19583
phone_19584,acc_19584
phone_19585,acc_19585
phone_19586,acc_19586
phone_19587,acc_19587
phone_19588,acc_19588
phone_19589,acc_19589
phone_19590,acc_19590
phone_19591,acc_19591
phone_19592,acc_19592
phone_19593,acc_19593
phone_19594,acc_19594
phone_19595,acc_19595
phone_19596,acc_19596
phone_19597,acc_19597
phone_19598,acc_19598
phone_19599,acc_19599
phone_19600,acc_19600
phone_19601,acc_19601
phone_19602,acc_19602
phone_19603,acc_19603
phone_19604,acc_19604
phone_19605,acc_19605
phone_19606,acc_19606
phone_19607,acc_19607
phone_19608,acc_19608
phone_19609,acc_19609
phone_19610,acc_19610
phone_19611,acc_19611
phone_19612,acc_19612
phone_19613,acc_19613
phone_19614,acc_19614
phone_19615,acc_19615
phone_19616,acc_19616
phone_19617,acc_19617
phone_19618,acc_19618
phone_19619,acc_19619
phone_19620,acc_19620
phone_19621,acc_19621
phone_19622,acc_19622
phone_19623,acc_19623
phone_19624,acc_19624
phone_19625,acc_19625
phone_19626,acc_19626
phone_19627,acc_19627
phone_19628,acc_19628
phone_19629,acc_19629
phone_19630,acc_19630
phone_19631,acc_19631
phone_19632,acc_19632
phone_19633,acc_19633
phone_19634,acc_19634
phone_19635,acc_19635
phone_19636,acc_19636
phone_19637,acc_19637
phone_19638,acc_19638
phone_19639,acc_19639
phone_19640,acc_19640
phone_19641,acc_19641
phone_19642,acc_19642
phone_19643,acc_19643
phone_19644,acc_19644
phone_19645,acc_19645
phone_19646,acc_19646
phone_19647,acc_19647
phone_19648,acc_19648
phone_19649,acc_19649
phone_19650,acc_19650
phone_19651,acc_19651
phone_19652,acc_19652
phone_19653,acc_19653
phone_19654,acc_19654
phone_19655,acc_19655
phone_19656,acc_19656
phone_19657,acc_19657
phone_19658,acc_19658
phone_19659,acc_19659
phone_19660,acc_19660
phone_19661,acc_19661
phone_19662,acc_19662
phone_19663,acc_19663
phone_19664,acc_19664
phone_19665,acc_19665
phone_19666,acc_19666
phone_19667,acc_19667
phone_19668,acc_19668
phone_19669,acc_19669
phone_19670,acc_19670
phone_19671,acc_19671
phone_19672,acc_19672
phone_19673,acc_19673
phone_19674,acc_19674
phone_19675,acc_19675
phone_19676,acc_19676
phone_19677,acc_19677
phone_19678,acc_19678
phone_19679,acc_19679
phone_19680,acc_19680
phone_19681,acc_19681
phone_19682,acc_19682
phone_19683,acc_19683
phone_19684,acc_19684
phone_19685,acc_19685
phone_19686,acc_19686
phone_19687,acc_19687
phone_19688,acc_19688
phone_19689,acc_19689
phone_19690,acc_19690
phone_19691,acc_19691
phone_19692,acc_19692
phone_19693,acc_19693
phone_19694,acc_19694
phone_19695,acc_19695
phone_19696,acc_19696
phone_19697,acc_19697
phone_19698,acc_19698
phone_19699,acc_19699
phone_19700,acc_19700
phone_19701,acc_19701
phone_19702,acc_19702
phone_19703,acc_19703
phone_19704,acc_19704
phone_19705,acc_19705
phone_19706,acc_19706
phone_19707,acc_19707
phone_19708,acc_19708
phone_19709,acc_19709
phone_19710,acc_19710
phone_19711,acc_19711
phone_19712,acc_19712
phone_19713,acc_19713
phone_19714,acc_19714
phone_19715,acc_19715
phone_19716,acc_19716
phone_19717,acc_19717
phone_19718,acc_19718
phone_19719,acc_19719
phone_19720,acc_19720
phone_19721,acc_19721
phone_19722,acc_19722
phone_19723,acc_19723
phone_19724,acc_19724
phone_19725,acc_19725
phone_19726,acc_19726
phone_19727,acc_19727
phone_19728,acc_19728
phone_19729,acc_19729
phone_19730,acc_19730
phone_19731,acc_19731
phone_19732,acc_19732
phone_19733,acc_19733
phone_19734,acc_19734
phone_19735,acc_19735
phone_19736,acc_19736
phone_19737,acc_19737
phone_19738,acc_19738
phone_19739,acc_19739
phone_19740,acc_19740
phone_19741,acc_19741
phone_19742,acc_19742
phone_19743,acc_19743
phone_19744,acc_19744
phone_19745,acc_19745
phone_19746,acc_19746
phone_19747,acc_19747
phone_19748,acc_19748
phone_19749,acc_19749
phone_19750,acc_19750
phone_19751,acc_19751
phone_19752,acc_19752
phone_19753,acc_19753
phone_19754,acc_19754
phone_19755,acc_19755
phone_19756,acc_19756
phone_19757,acc_19757
phone_19758,acc_19758
phone_19759,acc_19759
phone_19760,acc_19760
phone_19761,acc_19761
phone_19762,acc_19762
phone_19763,acc_19763
phone_19764,acc_19764
phone_19765,acc_19765
phone_19766,acc_19766
phone_19767,acc_19767
phone_19768,acc_19768
phone_19769,acc_19769
phone_19770,acc_19770
phone_19771,acc_19771
phone_19772,acc_19772
phone_19773,acc_19773
phone_19774,acc_19774
phone_19775,acc_19775
phone_19776,acc_19776
phone_19777,acc_19777
phone_19778,acc_19778
phone_19779,acc_19779
phone_19780,acc_19780
phone_19781,acc_19781
phone_19782,acc_19782
phone_19783,acc_19783
phone_19784,acc_19784
phone_19785,acc_19785
phone_19786,acc_19786
phone_19787,acc_19787
phone_19788,acc_19788
phone_19789,acc_19789
phone_19790,acc_19790
phone_19791,acc_19791
phone_19792,acc_19792
phone_19793,acc_19793
phone_19794,acc_19794
phone_19795,acc_19795
phone_19796,acc_19796
phone_19797,acc_19797
phone_19798,acc_19798
phone_19799,acc_19799
phone_19800,acc_19800
phone_19801,acc_19801
phone_19802,acc_19802
phone_19803,acc_19803
phone_19804,acc_19804
phone_19805,acc_19805
phone_19806,acc_19806
phone_19807,acc_19807
phone_19808,acc_19808
phone_19809,acc_19809
phone_19810,acc_19810
phone_19811,acc_19811
phone_19812,acc_19812
phone_19813,acc_19813
phone_19814,acc_19814
phone_19815,acc_19815
phone_19816,acc_19816
phone_19817,acc_19817
phone_19818,acc_19818
phone_19819,acc_19819
phone_19820,acc_19820
phone_19821,acc_19821
phone_19822,acc_19822
phone_19823,acc_19823
phone_19824,acc_19824
phone_19825,acc_19825
phone_19826,acc_19826
phone_19827,acc_19827
phone_19828,acc_19828
phone_19829,acc_19829
phone_19830,acc_19830
phone_19831,acc_19831
phone_19832,acc_19832
phone_19833,acc_19833
phone_19834,acc_19834
phone_19835,acc_19835
phone_19836,acc_19836
phone_19837,acc_19837
phone_19838,acc_19838
phone_19839,acc_19839
phone_19840,acc_19840
phone_19841,acc_19841
phone_19842,acc_19842
phone_19843,acc_19843
phone_19844,acc_19844
phone_19845,acc_19845
phone_19846,acc_19846
phone_19847,acc_19847
phone_19848,acc_19848
phone_19849,acc_19849
phone_19850,acc_19850
phone_19851,acc_19851
phone_19852,acc_19852
phone_19853,acc_19853
phone_19854,acc_19854
phone_19855,acc_19855
phone_19856,acc_19856
phone_19857,acc_19857
phone_19858,acc_19858
phone_19859,acc_19859
phone_19860,acc_19860
phone_19861,acc_19861
phone_19862,acc_19862
phone_19863,acc_19863
phone_19864,acc_19864
phone_19865,acc_19865
phone_19866,acc_19866
phone_19867,acc_19867
phone_19868,acc_19868
phone_19869,acc_19869
phone_19870,acc_19870
phone_19871,acc_19871
phone_19872,acc_19872
phone_19873,acc_19873
phone_19874,acc_19874
phone_19875,acc_19875
phone_19876,acc_19876
phone_19877,acc_19877
phone_19878,acc_19878
phone_19879,acc_19879
phone_19880,acc_19880
phone_19881,acc_19881
phone_19882,acc_19882
phone_19883,acc_19883
phone_19884,acc_19884
phone_19885,acc_19885
phone_19886,acc_19886
phone_19887,acc_19887
phone_19888,acc_19888
phone_19889,acc_19889
phone_19890,acc_19890
phone_19891,acc_19891
phone_19892,acc_19892
phone_19893,acc_19893
phone_19894,acc_19894
phone_19895,acc_19895
phone_19896,acc_19896
phone_19897,acc_19897
phone_19898,acc_19898
phone_19899,acc_19899
phone_19900,acc_19900
phone_19901,acc_19901
phone_19902,acc_19902
phone_19903,acc_19903
phone_19904,acc_19904
phone_19905,acc_19905
phone_19906,acc_19906
phone_19907,acc_19907
phone_19908,acc_19908
phone_19909,acc_19909
phone_19910,acc_19910
phone_19911,acc_19911
phone_19912,acc_19912
phone_19913,acc_19913
phone_19914,acc_19914
phone_19915,acc_19915
phone_19916,acc_19916
phone_19917,acc_19917
phone_19918,acc_19918
phone_19919,acc_19919
phone_19920,acc_19920
phone_19921,acc_19921
phone_19922,acc_19922
phone_19923,acc_19923
phone_19924,acc_19924
phone_19925,acc_19925
phone_19926,acc_19926
phone_19927,acc_19927
phone_19928,acc_19928
phone_19929,acc_19929
phone_19930,acc_19930
phone_19931,acc_19931
phone_19932,acc_19932
phone_19933,acc_19933
phone_19934,acc_19934
phone_19935,acc_19935
phone_19936,acc_19936
phone_19937,acc_19937
phone_19938,acc_19938
phone_19939,acc_19939
phone_19940,acc_19940
phone_19941,acc_19941
phone_19942,acc_19942
phone_19943,acc_19943
phone_19944,acc_19944
phone_19945,acc_19945
phone_19946,acc_19946
phone_19947,acc_19947
phone_19948,acc_19948
phone_19949,acc_19949
phone_19950,acc_19950
phone_19951,acc_19951
phone_19952,acc_19952
phone_19953,acc_19953
phone_19954,acc_19954
phone_19955,acc_19955
phone_19956,acc_19956
phone_19957,acc_19957
phone_19958,acc_19958
phone_19959,acc_19959
phone_19960,acc_19960
phone_19961,acc_19961
phone_19962,acc_19962
phone_19963,acc_19963
phone_19964,acc_19964
phone_19965,acc_19965
phone_19966,acc_19966
phone_19967,acc_19967
phone_19968,acc_19968
phone_19969,acc_19969
phone_19970,acc_19970
phone_19971,acc_19971
phone_19972,acc_19972
phone_19973,acc_19973
phone_19974,acc_19974
phone_19975,acc_19975
phone_19976,acc_19976
phone_19977,acc_19977
phone_19978,acc_19978
phone_19979,acc_19979
phone_19980,acc_19980
phone_19981,acc_19981
phone_19982,acc_19982
phone_19983,acc_19983
phone_19984,acc_19984
phone_19985,acc_19985
phone_19986,acc_19986
phone_19987,acc_19987
phone_19988,acc_19988
phone_19989,acc_19989
phone_19990,acc_19990
phone_19991,acc_19991
phone_19992,acc_19992
phone_19993,acc_19993
phone_19994,acc_19994
phone_19995,acc_19995
phone_19996,acc_19996
phone_19997,acc_19997
phone_19998,acc_19998
phone_19999,acc_19999
phone_20000,acc_20000
phone_20001,acc_20001
phone_20002,acc_20002
phone_20003,acc_20003
phone_20004,acc_20004
phone_20005,acc_20005
phone_20006,acc_20006
phone_20007,acc_20007
phone_20008,acc_20008
phone_20009,acc_20009
phone_20010,acc_20010
phone_20011,acc_20011
phone_20012,acc_20012
phone_20013,acc_20013
phone_20014,acc_20014
phone_20015,acc_20015
phone_20016,acc_20016
phone_20017,acc_20017
phone_20018,acc_20018
phone_20019,acc_20019
phone_20020,acc_20020
phone_20021,acc_20021
phone_20022,acc_20022
phone_20023,acc_20023
phone_20024,acc_20024
phone_20025,acc_20025
phone_20026,acc_20026
phone_20027,acc_20027
phone_20028,acc_20028
phone_20029,acc_20029
phone_20030,acc_20030
phone_20031,acc_20031
phone_20032,acc_20032
phone_20033,acc_20033
phone_20034,acc_20034
phone_20035,acc_20035
phone_20036,acc_20036
phone_20037,acc_20037
phone_20038,acc_20038
phone_20039,acc_20039
phone_20040,acc_20040
phone_20041,acc_20041
phone_20042,acc_20042
phone_20043,acc_20043
phone_20044,acc_20044
phone_20045,acc_20045
phone_20046,acc_20046
phone_20047,acc_20047
phone_20048,acc_20048
phone_20049,acc_20049
phone_20050,acc_20050
phone_20051,acc_20051
phone_20052,acc_20052
phone_20053,acc_20053
phone_20054,acc_20054
phone_20055,acc_20055
phone_20056,acc_20056
phone_20057,acc_20057
phone_20058,acc_20058
phone_20059,acc_20059
phone_20060,acc_20060
phone_20061,acc_20061
phone_20062,acc_20062
phone_20063,acc_20063
phone_20064,acc_20064
phone_20065,acc_20065
phone_20066,acc_20066
phone_20067,acc_20067
phone_20068,acc_20068
phone_20069,acc_20069
phone_20070,acc_20070
phone_20071,acc_20071
phone_20072,acc_20072
phone_20073,acc_20073
phone_20074,acc_20074
phone_20075,acc_20075
phone_20076,acc_20076
phone_20077,acc_20077
phone_20078,acc_20078
phone_20079,acc_20079
phone_20080,acc_20080
phone_20081,acc_20081
phone_20082,acc_20082
phone_20083,acc_20083
phone_20084,acc_20084
phone_20085,acc_20085
phone_20086,acc_20086
phone_20087,acc_20087
phone_20088,acc_20088
phone_20089,acc_20089
phone_20090,acc_20090
phone_20091,acc_20091
phone_20092,acc_20092
phone_20093,acc_20093
phone_20094,acc_20094
phone_20095,acc_20095
phone_20096,acc_20096
phone_20097,acc_20097
phone_20098,acc_20098
phone_20099,acc_20099
phone_20100,acc_20100
phone_20101,acc_20101
phone_20102,acc_20102
phone_20103,acc_20103
phone_20104,acc_20104
phone_20105,acc_20105
phone_20106,acc_20106
phone_20107,acc_20107
phone_20108,acc_20108
phone_20109,acc_20109
phone_20110,acc_20110
phone_20111,acc_20111
phone_20112,acc_20112
phone_20113,acc_20113
phone_20114,acc_20114
phone_20115,acc_20115
phone_20116,acc_20116
phone_20117,acc_20117
phone_20118,acc_20118
phone_20119,acc_20119
phone_20120,acc_20120
phone_20121,acc_20121
phone_20122,acc_20122
phone_20123,acc_20123
phone_20124,acc_20124
phone_20125,acc_20125
phone_20126,acc_20126
phone_20127,acc_20127
phone_20128,acc_20128
phone_20129,acc_20129
phone_20130,acc_20130
phone_20131,acc_20131
phone_20132,acc_20132
phone_20133,acc_20133
phone_20134,acc_20134
phone_20135,acc_20135
phone_20136,acc_20136
phone_20137,acc_20137
phone_20138,acc_20138
phone_20139,acc_20139
phone_20140,acc_20140
phone_20141,acc_20141
phone_20142,acc_20142
phone_20143,acc_20143
phone_20144,acc_20144
phone_20145,acc_20145
phone_20146,acc_20146
phone_20147,acc_20147
phone_20148,acc_20148
phone_20149,acc_20149
phone_20150,acc_20150
phone_20151,acc_20151
phone_20152,acc_20152
phone_20153,acc_20153
phone_20154,acc_20154
phone_20155,acc_20155
phone_20156,acc_20156
phone_20157,acc_20157
phone_20158,acc_20158
phone_20159,acc_20159
phone_20160,acc_20160
phone_20161,acc_20161
phone_20162,acc_20162
phone_20163,acc_20163
phone_20164,acc_20164
phone_20165,acc_20165
phone_20166,acc_20166
phone_20167,acc_20167
phone_20168,acc_20168
phone_20169,acc_20169
phone_20170,acc_20170
phone_20171,acc_20171
phone_20172,acc_20172
phone_20173,acc_20173
phone_20174,acc_20174
phone_20175,acc_20175
phone_20176,acc_20176
phone_20177,acc_20177
phone_20178,acc_20178
phone_20179,acc_20179
phone_20180,acc_20180
phone_20181,acc_20181
phone_20182,acc_20182
phone_20183,acc_20183
phone_20184,acc_20184
phone_20185,acc_20185
phone_20186,acc_20186
phone_20187,acc_20187
phone_20188,acc_20188
phone_20189,acc_20189
phone_20190,acc_20190
phone_20191,acc_20191
phone_20192,acc_20192
phone_20193,acc_20193
phone_20194,acc_20194
phone_20195,acc_20195
phone_20196,acc_20196
phone_20197,acc_20197
phone_20198,acc_20198
phone_20199,acc_20199
phone_20200,acc_20200
phone_20201,acc_20201
phone_20202,acc_20202
phone_20203,acc_20203
phone_20204,acc_20204
phone_20205,acc_20205
phone_20206,acc_20206
phone_20207,acc_20207
phone_20208,acc_20208
phone_20209,acc_20209
phone_20210,acc_20210
phone_20211,acc_20211
phone_20212,acc_20212
phone_20213,acc_20213
phone_20214,acc_20214
phone_20215,acc_20215
phone_20216,acc_20216
phone_20217,acc_20217
phone_20218,acc_20218
phone_20219,acc_20219
phone_20220,acc_20220
phone_20221,acc_20221
phone_20222,acc_20222
phone_20223,acc_20223
phone_20224,acc_20224
phone_20225,acc_20225
phone_20226,acc_20226
phone_20227,acc_20227
phone_20228,acc_20228
phone_20229,acc_20229
phone_20230,acc_20230
phone_20231,acc_20231
phone_20232,acc_20232
phone_20233,acc_20233
phone_20234,acc_20234
phone_20235,acc_20235
phone_20236,acc_20236
phone_20237,acc_20237
phone_20238,acc_20238
phone_20239,acc_20239
phone_20240,acc_20240
phone_20241,acc_20241
phone_20242,acc_20242
phone_20243,acc_20243
phone_20244,acc_20244
phone_20245,acc_20245
phone_20246,acc_20246
phone_20247,acc_20247
phone_20248,acc_20248
phone_20249,acc_20249
phone_20250,acc_20250
phone_20251,acc_20251
phone_20252,acc_20252
phone_20253,acc_20253
phone_20254,acc_20254
phone_20255,acc_20255
phone_20256,acc_20256
phone_20257,acc_20257
phone_20258,acc_20258
phone_20259,acc_20259
phone_20260,acc_20260
phone_20261,acc_20261
phone_20262,acc_20262
phone_20263,acc_20263
phone_20264,acc_20264
phone_20265,acc_20265
phone_20266,acc_20266
phone_20267,acc_20267
phone_20268,acc_20268
phone_20269,acc_20269
phone_20270,acc_20270
phone_20271,acc_20271
phone_20272,acc_20272
phone_20273,acc_20273
phone_20274,acc_20274
phone_20275,acc_20275
phone_20276,acc_20276
phone_20277,acc_20277
phone_20278,acc_20278
phone_20279,acc_20279
phone_20280,acc_20280
phone_20281,acc_20281
phone_20282,acc_20282
phone_20283,acc_20283
phone_20284,acc_20284
phone_20285,acc_20285
phone_20286,acc_20286
phone_20287,acc_20287
phone_20288,acc_20288
phone_20289,acc_20289
phone_20290,acc_20290
phone_20291,acc_20291
phone_20292,acc_20292
phone_20293,acc_20293
phone_20294,acc_20294
phone_20295,acc_20295
phone_20296,acc_20296
phone_20297,acc_20297
phone_20298,acc_20298
phone_20299,acc_20299
phone_20300,acc_20300
phone_20301,acc_20301
phone_20302,acc_20302
phone_20303,acc_20303
phone_20304,acc_20304
phone_20305,acc_20305
phone_20306,acc_20306
phone_20307,acc_20307
phone_20308,acc_20308
phone_20309,acc_20309
phone_20310,acc_20310
phone_20311,acc_20311
phone_20312,acc_20312
phone_20313,acc_20313
phone_20314,acc_20314
phone_20315,acc_20315
phone_20316,acc_20316
phone_20317,acc_20317
phone_20318,acc_20318
phone_20319,acc_20319
phone_20320,acc_20320
phone_20321,acc_20321
phone_20322,acc_20322
phone_20323,acc_20323
phone_20324,acc_20324
phone_20325,acc_20325
phone_20326,acc_20326
phone_20327,acc_20327
phone_20328,acc_20328
phone_20329,acc_20329
phone_20330,acc_20330
phone_20331,acc_20331
phone_20332,acc_20332
phone_20333,acc_20333
phone_20334,acc_20334
phone_20335,acc_20335
phone_20336,acc_20336
phone_20337,acc_20337
phone_20338,acc_20338
phone_20339,acc_20339
phone_20340,acc_20340
phone_20341,acc_20341
phone_20342,acc_20342
phone_20343,acc_20343
phone_20344,acc_20344
phone_20345,acc_20345
phone_20346,acc_20346
phone_20347,acc_20347
phone_20348,acc_20348
phone_20349,acc_20349
phone_20350,acc_20350
phone_20351,acc_20351
phone_20352,acc_20352
phone_20353,acc_20353
phone_20354,acc_20354
phone_20355,acc_20355
phone_20356,acc_20356
phone_20357,acc_20357
phone_20358,acc_20358
phone_20359,acc_20359
phone_20360,acc_20360
phone_20361,acc_20361
phone_20362,acc_20362
phone_20363,acc_20363
phone_20364,acc_20364
phone_20365,acc_20365
phone_20366,acc_20366
phone_20367,acc_20367
phone_20368,acc_20368
phone_20369,acc_20369
phone_20370,acc_20370
phone_20371,acc_20371
phone_20372,acc_20372
phone_20373,acc_20373
phone_20374,acc_20374
phone_20375,acc_20375
phone_20376,acc_20376
phone_20377,acc_20377
phone_20378,acc_20378
phone_20379,acc_20379
phone_20380,acc_20380
phone_20381,acc_20381
phone_20382,acc_20382
phone_20383,acc_20383
phone_20384,acc_20384
phone_20385,acc_20385
phone_20386,acc_20386
phone_20387,acc_20387
phone_20388,acc_20388
phone_20389,acc_20389
phone_20390,acc_20390
phone_20391,acc_20391
phone_20392,acc_20392
phone_20393,acc_20393
phone_20394,acc_20394
phone_20395,acc_20395
phone_20396,acc_20396
phone_20397,acc_20397
phone_20398,acc_20398
phone_20399,acc_20399
phone_20400,acc_20400
phone_20401,acc_20401
phone_20402,acc_20402
phone_20403,acc_20403
phone_20404,acc_20404
phone_20405,acc_20405
phone_20406,acc_20406
phone_20407,acc_20407
phone_20408,acc_20408
phone_20409,acc_20409
phone_20410,acc_20410
phone_20411,acc_20411
phone_20412,acc_20412
phone_20413,acc_20413
phone_20414,acc_20414
phone_20415,acc_20415
phone_20416,acc_20416
phone_20417,acc_20417
phone_20418,acc_20418
phone_20419,acc_20419
phone_20420,acc_20420
phone_20421,acc_20421
phone_20422,acc_20422
phone_20423,acc_20423
phone_20424,acc_20424
phone_20425,acc_20425
phone_20426,acc_20426
phone_20427,acc_20427
phone_20428,acc_20428
phone_20429,acc_20429
phone_20430,acc_20430
phone_20431,acc_20431
phone_20432,acc_20432
phone_20433,acc_20433
phone_20434,acc_20434
phone_20435,acc_20435
phone_20436,acc_20436
phone_20437,acc_20437
phone_20438,acc_20438
phone_20439,acc_20439
phone_20440,acc_20440
phone_20441,acc_20441
phone_20442,acc_20442
phone_20443,acc_20443
phone_20444,acc_20444
phone_20445,acc_20445
phone_20446,acc_20446
phone_20447,acc_20447
phone_20448,acc_20448
phone_20449,acc_20449
phone_20450,acc_20450
phone_20451,acc_20451
phone_20452,acc_20452
phone_20453,acc_20453
phone_20454,acc_20454
phone_20455,acc_20455
phone_20456,acc_20456
phone_20457,acc_20457
phone_20458,acc_20458
phone_20459,acc_20459
phone_20460,acc_20460
phone_20461,acc_20461
phone_20462,acc_20462
phone_20463,acc_20463
phone_20464,acc_20464
phone_20465,acc_20465
phone_20466,acc_20466
phone_20467,acc_20467
phone_20468,acc_20468
phone_20469,acc_20469
phone_20470,acc_20470
phone_20471,acc_20471
phone_20472,acc_20472
phone_20473,acc_20473
phone_20474,acc_20474
phone_20475,acc_20475
phone_20476,acc_20476
phone_20477,acc_20477
phone_20478,acc_20478
phone_20479,acc_20479
phone_20480,acc_20480
phone_20481,acc_20481
phone_20482,acc_20482
phone_20483,acc_20483
phone_20484,acc_20484
phone_20485,acc_20485
phone_20486,acc_20486
phone_20487,acc_20487
phone_20488,acc_20488
phone_20489,acc_20489
phone_20490,acc_20490
phone_20491,acc_20491
phone_20492,acc_20492
phone_20493,acc_20493
phone_20494,acc_20494
phone_20495,acc_20495
phone_20496,acc_20496
phone_20497,acc_20497
phone_20498,acc_20498
phone_20499,acc_20499
phone_20500,acc_20500
phone_20501,acc_20501
phone_20502,acc_20502
phone_20503,acc_20503
phone_20504,acc_20504
phone_20505,acc_20505
phone_20506,acc_20506
phone_20507,acc_20507
phone_20508,acc_20508
phone_20509,acc_20509
phone_20510,acc_20510
phone_20511,acc_20511
phone_20512,acc_20512
phone_20513,acc_20513
phone_20514,acc_20514
phone_20515,acc_20515
phone_20516,acc_20516
phone_20517,acc_20517
phone_20518,acc_20518
phone_20519,acc_20519
phone_20520,acc_20520
phone_20521,acc_20521
phone_20522,acc_20522
phone_20523,acc_20523
phone_20524,acc_20524
phone_20525,acc_20525
phone_20526,acc_20526
phone_20527,acc_20527
phone_20528,acc_20528
phone_20529,acc_20529
phone_20530,acc_20530
phone_20531,acc_20531
phone_20532,acc_20532
phone_20533,acc_20533
phone_20534,acc_20534
phone_20535,acc_20535
phone_20536,acc_20536
phone_20537,acc_20537
phone_20538,acc_20538
phone_20539,acc_20539
phone_20540,acc_20540
phone_20541,acc_20541
phone_20542,acc_20542
phone_20543,acc_20543
phone_20544,acc_20544
phone_20545,acc_20545
phone_20546,acc_20546
phone_20547,acc_20547
phone_20548,acc_20548
phone_20549,acc_20549
phone_20550,acc_20550
phone_20551,acc_20551
phone_20552,acc_20552
phone_20553,acc_20553
phone_20554,acc_20554
phone_20555,acc_20555
phone_20556,acc_20556
phone_20557,acc_20557
phone_20558,acc_20558
phone_20559,acc_20559
phone_20560,acc_20560
phone_20561,acc_20561
phone_20562,acc_20562
phone_20563,acc_20563
phone_20564,acc_20564
phone_20565,acc_20565
phone_20566,acc_20566
phone_20567,acc_20567
phone_20568,acc_20568
phone_20569,acc_20569
phone_20570,acc_20570
phone_20571,acc_20571
phone_20572,acc_20572
phone_20573,acc_20573
phone_20574,acc_20574
phone_20575,acc_20575
phone_20576,acc_20576
phone_20577,acc_20577
phone_20578,acc_20578
phone_20579,acc_20579
phone_20580,acc_20580
phone_20581,acc_20581
phone_20582,acc_20582
phone_20583,acc_20583
phone_20584,acc_20584
phone_20585,acc_20585
phone_20586,acc_20586
phone_20587,acc_20587
phone_20588,acc_20588
phone_20589,acc_20589
phone_20590,acc_20590
phone_20591,acc_20591
phone_20592,acc_20592
phone_20593,acc_20593
phone_20594,acc_20594
phone_20595,acc_20595
phone_20596,acc_20596
phone_20597,acc_20597
phone_20598,acc_20598
phone_20599,acc_20599
phone_20600,acc_20600
phone_20601,acc_20601
phone_20602,acc_20602
phone_20603,acc_20603
phone_20604,acc_20604
phone_20605,acc_20605
phone_20606,acc_20606
phone_20607,acc_20607
phone_20608,acc_20608
phone_20609,acc_20609
phone_20610,acc_20610
phone_20611,acc_20611
phone_20612,acc_20612
phone_20613,acc_20613
phone_20614,acc_20614
phone_20615,acc_20615
phone_20616,acc_20616
phone_20617,acc_20617
phone_20618,acc_20618
phone_20619,acc_20619
phone_20620,acc_20620
phone_20621,acc_20621
phone_20622,acc_20622
phone_20623,acc_20623
phone_20624,acc_20624
phone_20625,acc_20625
phone_20626,acc_20626
phone_20627,acc_20627
phone_20628,acc_20628
phone_20629,acc_20629
phone_20630,acc_20630
phone_20631,acc_20631
phone_20632,acc_20632
phone_20633,acc_20633
phone_20634,acc_20634
phone_20635,acc_20635
phone_20636,acc_20636
phone_20637,acc_20637
phone_20638,acc_20638
phone_20639,acc_20639
phone_20640,acc_20640
phone_20641,acc_20641
phone_20642,acc_20642
phone_20643,acc_20643
phone_20644,acc_20644
phone_20645,acc_20645
phone_20646,acc_20646
phone_20647,acc_20647
phone_20648,acc_20648
phone_20649,acc_20649
phone_20650,acc_20650
phone_20651,acc_20651
phone_20652,acc_20652
phone_20653,acc_20653
phone_20654,acc_20654
phone_20655,acc_20655
phone_20656,acc_20656
phone_20657,acc_20657
phone_20658,acc_20658
phone_20659,acc_20659
phone_20660,acc_20660
phone_20661,acc_20661
phone_20662,acc_20662
phone_20663,acc_20663
phone_20664,acc_20664
phone_20665,acc_20665
phone_20666,acc_20666
phone_20667,acc_20667
phone_20668,acc_20668
phone_20669,acc_20669
phone_20670,acc_20670
phone_20671,acc_20671
phone_20672,acc_20672
phone_20673,acc_20673
phone_20674,acc_20674
phone_20675,acc_20675
phone_20676,acc_20676
phone_20677,acc_20677
phone_20678,acc_20678
phone_20679,acc_20679
phone_20680,acc_20680
phone_20681,acc_20681
phone_20682,acc_20682
phone_20683,acc_20683
phone_20684,acc_20684
phone_20685,acc_20685
phone_20686,acc_20686
phone_20687,acc_20687
phone_20688,acc_20688
phone_20689,acc_20689
phone_20690,acc_20690
phone_20691,acc_20691
phone_20692,acc_20692
phone_20693,acc_20693
phone_20694,acc_20694
phone_20695,acc_20695
phone_20696,acc_20696
phone_20697,acc_20697
phone_20698,acc_20698
phone_20699,acc_20699
phone_20700,acc_20700
phone_20701,acc_20701
phone_20702,acc_20702
phone_20703,acc_20703
phone_20704,acc_20704
phone_20705,acc_20705
phone_20706,acc_20706
phone_20707,acc_20707
phone_20708,acc_20708
phone_20709,acc_20709
phone_20710,acc_20710
phone_20711,acc_20711
phone_20712,acc_20712
phone_20713,acc_20713
phone_20714,acc_20714
phone_20715,acc_20715
phone_20716,acc_20716
phone_20717,acc_20717
phone_20718,acc_20718
phone_20719,acc_20719
phone_20720,acc_20720
phone_20721,acc_20721
phone_20722,acc_20722
phone_20723,acc_20723
phone_20724,acc_20724
phone_20725,acc_20725
phone_20726,acc_20726
phone_20727,acc_20727
phone_20728,acc_20728
phone_20729,acc_20729
phone_20730,acc_20730
phone_20731,acc_20731
phone_20732,acc_20732
phone_20733,acc_20733
phone_20734,acc_20734
phone_20735,acc_20735
phone_20736,acc_20736
phone_20737,acc_20737
phone_20738,acc_20738
phone_20739,acc_20739
phone_20740,acc_20740
phone_20741,acc_20741
phone_20742,acc_20742
phone_20743,acc_20743
phone_20744,acc_20744
phone_20745,acc_20745
phone_20746,acc_20746
phone_20747,acc_20747
phone_20748,acc_20748
phone_20749,acc_20749
phone_20750,acc_20750
phone_20751,acc_20751
phone_20752,acc_20752
phone_20753,acc_20753
phone_20754,acc_20754
phone_20755,acc_20755
phone_20756,acc_20756
phone_20757,acc_20757
phone_20758,acc_20758
phone_20759,acc_20759
phone_20760,acc_20760
phone_20761,acc_20761
phone_20762,acc_20762
phone_20763,acc_20763
phone_20764,acc_20764
phone_20765,acc_20765
phone_20766,acc_20766
phone_20767,acc_20767
phone_20768,acc_20768
phone_20769,acc_20769
phone_20770,acc_20770
phone_20771,acc_20771
phone_20772,acc_20772
phone_20773,acc_20773
phone_20774,acc_20774
phone_20775,acc_20775
phone_20776,acc_20776
phone_20777,acc_20777
phone_20778,acc_20778
phone_20779,acc_20779
phone_20780,acc_20780
phone_20781,acc_20781
phone_20782,acc_20782
phone_20783,acc_20783
phone_20784,acc_20784
phone_20785,acc_20785
phone_20786,acc_20786
phone_20787,acc_20787
phone_20788,acc_20788
phone_20789,acc_20789
phone_20790,acc_20790
phone_20791,acc_20791
phone_20792,acc_20792
phone_20793,acc_20793
phone_20794,acc_20794
phone_20795,acc_20795
phone_20796,acc_20796
phone_20797,acc_20797
phone_20798,acc_20798
phone_20799,acc_20799
phone_20800,acc_20800
phone_20801,acc_20801
phone_20802,acc_20802
phone_20803,acc_20803
phone_20804,acc_20804
phone_20805,acc_20805
phone_20806,acc_20806
phone_20807,acc_20807
phone_20808,acc_20808
phone_20809,acc_20809
phone_20810,acc_20810
phone_20811,acc_20811
phone_20812,acc_20812
phone_20813,acc_20813
phone_20814,acc_20814
phone_20815,acc_20815
phone_20816,acc_20816
phone_20817,acc_20817
phone_20818,acc_20818
phone_20819,acc_20819
phone_20820,acc_20820
phone_20821,acc_20821
phone_20822,acc_20822
phone_20823,acc_20823
phone_20824,acc_20824
phone_20825,acc_20825
phone_20826,acc_20826
phone_20827,acc_20827
phone_20828,acc_20828
phone_20829,acc_20829
phone_20830,acc_20830
phone_20831,acc_20831
phone_20832,acc_20832
phone_20833,acc_20833
phone_20834,acc_20834
phone_20835,acc_20835
phone_20836,acc_20836
phone_20837,acc_20837
phone_20838,acc_20838
phone_20839,acc_20839
phone_20840,acc_20840
phone_20841,acc_20841
phone_20842,acc_20842
phone_20843,acc_20843
phone_20844,acc_20844
phone_20845,acc_20845
phone_20846,acc_20846
phone_20847,acc_20847
phone_20848,acc_20848
phone_20849,acc_20849
phone_20850,acc_20850
phone_20851,acc_20851
phone_20852,acc_20852
phone_20853,acc_20853
phone_20854,acc_20854
phone_20855,acc_20855
phone_20856,acc_20856
phone_20857,acc_20857
phone_20858,acc_20858
phone_20859,acc_20859
phone_20860,acc_20860
phone_20861,acc_20861
phone_20862,acc_20862
phone_20863,acc_20863
phone_20864,acc_20864
phone_20865,acc_20865
phone_20866,acc_20866
phone_20867,acc_20867
phone_20868,acc_20868
phone_20869,acc_20869
phone_20870,acc_20870
phone_20871,acc_20871
phone_20872,acc_20872
phone_20873,acc_20873
phone_20874,acc_20874
phone_20875,acc_20875
phone_20876,acc_20876
phone_20877,acc_20877
phone_20878,acc_20878
phone_20879,acc_20879
phone_20880,acc_20880
phone_20881,acc_20881
phone_20882,acc_20882
phone_20883,acc_20883
phone_20884,acc_20884
phone_20885,acc_20885
phone_20886,acc_20886
phone_20887,acc_20887
phone_20888,acc_20888
phone_20889,acc_20889
phone_20890,acc_20890
phone_20891,acc_20891
phone_20892,acc_20892
phone_20893,acc_20893
phone_20894,acc_20894
phone_20895,acc_20895
phone_20896,acc_20896
phone_20897,acc_20897
phone_20898,acc_20898
phone_20899,acc_20899
phone_20900,acc_20900
phone_20901,acc_20901
phone_20902,acc_20902
phone_20903,acc_20903
phone_20904,acc_20904
phone_20905,acc_20905
phone_20906,acc_20906
phone_20907,acc_20907
phone_20908,acc_20908
phone_20909,acc_20909
phone_20910,acc_20910
phone_20911,acc_20911
phone_20912,acc_20912
phone_20913,acc_20913
phone_20914,acc_20914
phone_20915,acc_20915
phone_20916,acc_20916
phone_20917,acc_20917
phone_20918,acc_20918
phone_20919,acc_20919
phone_20920,acc_20920
phone_20921,acc_20921
phone_20922,acc_20922
phone_20923,acc_20923
phone_20924,acc_20924
phone_20925,acc_20925
phone_20926,acc_20926
phone_20927,acc_20927
phone_20928,acc_20928
phone_20929,acc_20929
phone_20930,acc_20930
phone_20931,acc_20931
phone_20932,acc_20932
phone_20933,acc_20933
phone_20934,acc_20934
phone_20935,acc_20935
phone_20936,acc_20936
phone_20937,acc_20937
phone_20938,acc_20938
phone_20939,acc_20939
phone_20940,acc_20940
phone_20941,acc_20941
phone_20942,acc_20942
phone_20943,acc_20943
phone_20944,acc_20944
phone_20945,acc_20945
phone_20946,acc_20946
phone_20947,acc_20947
phone_20948,acc_20948
phone_20949,acc_20949
phone_20950,acc_20950
phone_20951,acc_20951
phone_20952,acc_20952
phone_20953,acc_20953
phone_20954,acc_20954
phone_20955,acc_20955
phone_20956,acc_20956
phone_20957,acc_20957
phone_20958,acc_20958
phone_20959,acc_20959
phone_20960,acc_20960
phone_20961,acc_20961
phone_20962,acc_20962
phone_20963,acc_20963
phone_20964,acc_20964
phone_20965,acc_20965
phone_20966,acc_20966
phone_20967,acc_20967
phone_20968,acc_20968
phone_20969,acc_20969
phone_20970,acc_20970
phone_20971,acc_20971
phone_20972,acc_20972
phone_20973,acc_20973
phone_20974,acc_20974
phone_20975,acc_20975
phone_20976,acc_20976
phone_20977,acc_20977
phone_20978,acc_20978
phone_20979,acc_20979
phone_20980,acc_20980
phone_20981,acc_20981
phone_20982,acc_20982
phone_20983,acc_20983
phone_20984,acc_20984
phone_20985,acc_20985
phone_20986,acc_20986
phone_20987,acc_20987
phone_20988,acc_20988
phone_20989,acc_20989
phone_20990,acc_20990
phone_20991,acc_20991
phone_20992,acc_20992
phone_20993,acc_20993
phone_20994,acc_20994
phone_20995,acc_20995
phone_20996,acc_20996
phone_20997,acc_20997
phone_20998,acc_20998
phone_20999,acc_20999
phone_21000,acc_21000
phone_21001,acc_21001
phone_21002,acc_21002
phone_21003,acc_21003
phone_21004,acc_21004
phone_21005,acc_21005
phone_21006,acc_21006
phone_21007,acc_21007
phone_21008,acc_21008
phone_21009,acc_21009
phone_21010,acc_21010
phone_21011,acc_21011
phone_21012,acc_21012
phone_21013,acc_21013
phone_21014,acc_21014
phone_21015,acc_21015
phone_21016,acc_21016
phone_21017,acc_21017
phone_21018,acc_21018
phone_21019,acc_21019
phone_21020,acc_21020
phone_21021,acc_21021
phone_21022,acc_21022
phone_21023,acc_21023
phone_21024,acc_21024
phone_21025,acc_21025
phone_21026,acc_21026
phone_21027,acc_21027
phone_21028,acc_21028
phone_21029,acc_21029
phone_21030,acc_21030
phone_21031,acc_21031
phone_21032,acc_21032
phone_21033,acc_21033
phone_21034,acc_21034
phone_21035,acc_21035
phone_21036,acc_21036
phone_21037,acc_21037
phone_21038,acc_21038
phone_21039,acc_21039
phone_21040,acc_21040
phone_21041,acc_21041
phone_21042,acc_21042
phone_21043,acc_21043
phone_21044,acc_21044
phone_21045,acc_21045
phone_21046,acc_21046
phone_21047,acc_21047
phone_21048,acc_21048
phone_21049,acc_21049
phone_21050,acc_21050
phone_21051,acc_21051
phone_21052,acc_21052
phone_21053,acc_21053
phone_21054,acc_21054
phone_21055,acc_21055
phone_21056,acc_21056
phone_21057,acc_21057
phone_21058,acc_21058
phone_21059,acc_21059
phone_21060,acc_21060
phone_21061,acc_21061
phone_21062,acc_21062
phone_21063,acc_21063
phone_21064,acc_21064
phone_21065,acc_21065
phone_21066,acc_21066
phone_21067,acc_21067
phone_21068,acc_21068
phone_21069,acc_21069
phone_21070,acc_21070
phone_21071,acc_21071
phone_21072,acc_21072
phone_21073,acc_21073
phone_21074,acc_21074
phone_21075,acc_21075
phone_21076,acc_21076
phone_21077,acc_21077
phone_21078,acc_21078
phone_21079,acc_21079
phone_21080,acc_21080
phone_21081,acc_21081
phone_21082,acc_21082
phone_21083,acc_21083
phone_21084,acc_21084
phone_21085,acc_21085
phone_21086,acc_21086
phone_21087,acc_21087
phone_21088,acc_21088
phone_21089,acc_21089
phone_21090,acc_21090
phone_21091,acc_21091
phone_21092,acc_21092
phone_21093,acc_21093
phone_21094,acc_21094
phone_21095,acc_21095
phone_21096,acc_21096
phone_21097,acc_21097
phone_21098,acc_21098
phone_21099,acc_21099
phone_21100,acc_21100
phone_21101,acc_21101
phone_21102,acc_21102
phone_21103,acc_21103
phone_21104,acc_21104
phone_21105,acc_21105
phone_21106,acc_21106
phone_21107,acc_21107
phone_21108,acc_21108
phone_21109,acc_21109
phone_21110,acc_21110
phone_21111,acc_21111
phone_21112,acc_21112
phone_21113,acc_21113
phone_21114,acc_21114
phone_21115,acc_21115
phone_21116,acc_21116
phone_21117,acc_21117
phone_21118,acc_21118
phone_21119,acc_21119
phone_21120,acc_21120
phone_21121,acc_21121
phone_21122,acc_21122
phone_21123,acc_21123
phone_21124,acc_21124
phone_21125,acc_21125
phone_21126,acc_21126
phone_21127,acc_21127
phone_21128,acc_21128
phone_21129,acc_21129
phone_21130,acc_21130
phone_21131,acc_21131
phone_21132,acc_21132
phone_21133,acc_21133
phone_21134,acc_21134
phone_21135,acc_21135
phone_21136,acc_21136
phone_21137,acc_21137
phone_21138,acc_21138
phone_21139,acc_21139
phone_21140,acc_21140
phone_21141,acc_21141
phone_21142,acc_21142
phone_21143,acc_21143
phone_21144,acc_21144
phone_21145,acc_21145
phone_21146,acc_21146
phone_21147,acc_21147
phone_21148,acc_21148
phone_21149,acc_21149
phone_21150,acc_21150
phone_21151,acc_21151
phone_21152,acc_21152
phone_21153,acc_21153
phone_21154,acc_21154
phone_21155,acc_21155
phone_21156,acc_21156
phone_21157,acc_21157
phone_21158,acc_21158
phone_21159,acc_21159
phone_21160,acc_21160
phone_21161,acc_21161
phone_21162,acc_21162
phone_21163,acc_21163
phone_21164,acc_21164
phone_21165,acc_21165
phone_21166,acc_21166
phone_21167,acc_21167
phone_21168,acc_21168
phone_21169,acc_21169
phone_21170,acc_21170
phone_21171,acc_21171
phone_21172,acc_21172
phone_21173,acc_21173
phone_21174,acc_21174
phone_21175,acc_21175
phone_21176,acc_21176
phone_21177,acc_21177
phone_21178,acc_21178
phone_21179,acc_21179
phone_21180,acc_21180
phone_21181,acc_21181
phone_21182,acc_21182
phone_21183,acc_21183
phone_21184,acc_21184
phone_21185,acc_21185
phone_21186,acc_21186
phone_21187,acc_21187
phone_21188,acc_21188
phone_21189,acc_21189
phone_21190,acc_21190
phone_21191,acc_21191
phone_21192,acc_21192
phone_21193,acc_21193
phone_21194,acc_21194
phone_21195,acc_21195
phone_21196,acc_21196
phone_21197,acc_21197
phone_21198,acc_21198
phone_21199,acc_21199
phone_21200,acc_21200
phone_21201,acc_21201
phone_21202,acc_21202
phone_21203,acc_21203
phone_21204,acc_21204
phone_21205,acc_21205
phone_21206,acc_21206
phone_21207,acc_21207
phone_21208,acc_21208
phone_21209,acc_21209
phone_21210,acc_21210
phone_21211,acc_21211
phone_21212,acc_21212
phone_21213,acc_21213
phone_21214,acc_21214
phone_21215,acc_21215
phone_21216,acc_21216
phone_21217,acc_21217
phone_21218,acc_21218
phone_21219,acc_21219
phone_21220,acc_21220
phone_21221,acc_21221
phone_21222,acc_21222
phone_21223,acc_21223
phone_21224,acc_21224
phone_21225,acc_21225
phone_21226,acc_21226
phone_21227,acc_21227
phone_21228,acc_21228
phone_21229,acc_21229
phone_21230,acc_21230
phone_21231,acc_21231
phone_21232,acc_21232
phone_21233,acc_21233
phone_21234,acc_21234
phone_21235,acc_21235
phone_21236,acc_21236
phone_21237,acc_21237
phone_21238,acc_21238
phone_21239,acc_21239
phone_21240,acc_21240
phone_21241,acc_21241
phone_21242,acc_21242
phone_21243,acc_21243
phone_21244,acc_21244
phone_21245,acc_21245
phone_21246,acc_21246
phone_21247,acc_21247
phone_21248,acc_21248
phone_21249,acc_21249
phone_21250,acc_21250
phone_21251,acc_21251
phone_21252,acc_21252
phone_21253,acc_21253
phone_21254,acc_21254
phone_21255,acc_21255
phone_21256,acc_21256
phone_21257,acc_21257
phone_21258,acc_21258
phone_21259,acc_21259
phone_21260,acc_21260
phone_21261,acc_21261
phone_21262,acc_21262
phone_21263,acc_21263
phone_21264,acc_21264
phone_21265,acc_21265
phone_21266,acc_21266
phone_21267,acc_21267
phone_21268,acc_21268
phone_21269,acc_21269
phone_21270,acc_21270
phone_21271,acc_21271
phone_21272,acc_21272
phone_21273,acc_21273
phone_21274,acc_21274
phone_21275,acc_21275
phone_21276,acc_21276
phone_21277,acc_21277
phone_21278,acc_21278
phone_21279,acc_21279
phone_21280,acc_21280
phone_21281,acc_21281
phone_21282,acc_21282
phone_21283,acc_21283
phone_21284,acc_21284
phone_21285,acc_21285
phone_21286,acc_21286
phone_21287,acc_21287
phone_21288,acc_21288
phone_21289,acc_21289
phone_21290,acc_21290
phone_21291,acc_21291
phone_21292,acc_21292
phone_21293,acc_21293
phone_21294,acc_21294
phone_21295,acc_21295
phone_21296,acc_21296
phone_21297,acc_21297
phone_21298,acc_21298
phone_21299,acc_21299
phone_21300,acc_21300
phone_21301,acc_21301
phone_21302,acc_21302
phone_21303,acc_21303
phone_21304,acc_21304
phone_21305,acc_21305
phone_21306,acc_21306
phone_21307,acc_21307
phone_21308,acc_21308
phone_21309,acc_21309
phone_21310,acc_21310
phone_21311,acc_21311
phone_21312,acc_21312
phone_21313,acc_21313
phone_21314,acc_21314
phone_21315,acc_21315
phone_21316,acc_21316
phone_21317,acc_21317
phone_21318,acc_21318
phone_21319,acc_21319
phone_21320,acc_21320
phone_21321,acc_21321
phone_21322,acc_21322
phone_21323,acc_21323
phone_21324,acc_21324
phone_21325,acc_21325
phone_21326,acc_21326
phone_21327,acc_21327
phone_21328,acc_21328
phone_21329,acc_21329
phone_21330,acc_21330
phone_21331,acc_21331
phone_21332,acc_21332
phone_21333,acc_21333
phone_21334,acc_21334
phone_21335,acc_21335
phone_21336,acc_21336
phone_21337,acc_21337
phone_21338,acc_21338
phone_21339,acc_21339
phone_21340,acc_21340
phone_21341,acc_21341
phone_21342,acc_21342
phone_21343,acc_21343
phone_21344,acc_21344
phone_21345,acc_21345
phone_21346,acc_21346
phone_21347,acc_21347
phone_21348,acc_21348
phone_21349,acc_21349
phone_21350,acc_21350
phone_21351,acc_21351
phone_21352,acc_21352
phone_21353,acc_21353
phone_21354,acc_21354
phone_21355,acc_21355
phone_21356,acc_21356
phone_21357,acc_21357
phone_21358,acc_21358
phone_21359,acc_21359
phone_21360,acc_21360
phone_21361,acc_21361
phone_21362,acc_21362
phone_21363,acc_21363
phone_21364,acc_21364
phone_21365,acc_21365
phone_21366,acc_21366
phone_21367,acc_21367
phone_21368,acc_21368
phone_21369,acc_21369
phone_21370,acc_21370
phone_21371,acc_21371
phone_21372,acc_21372
phone_21373,acc_21373
phone_21374,acc_21374
phone_21375,acc_21375
phone_21376,acc_21376
phone_21377,acc_21377
phone_21378,acc_21378
phone_21379,acc_21379
phone_21380,acc_21380
phone_21381,acc_21381
phone_21382,acc_21382
phone_21383,acc_21383
phone_21384,acc_21384
phone_21385,acc_21385
phone_21386,acc_21386
phone_21387,acc_21387
phone_21388,acc_21388
phone_21389,acc_21389
phone_21390,acc_21390
phone_21391,acc_21391
phone_21392,acc_21392
phone_21393,acc_21393
phone_21394,acc_21394
phone_21395,acc_21395
phone_21396,acc_21396
phone_21397,acc_21397
phone_21398,acc_21398
phone_21399,acc_21399
phone_21400,acc_21400
phone_21401,acc_21401
phone_21402,acc_21402
phone_21403,acc_21403
phone_21404,acc_21404
phone_21405,acc_21405
phone_21406,acc_21406
phone_21407,acc_21407
phone_21408,acc_21408
phone_21409,acc_21409
phone_21410,acc_21410
phone_21411,acc_21411
phone_21412,acc_21412
phone_21413,acc_21413
phone_21414,acc_21414
phone_21415,acc_21415
phone_21416,acc_21416
phone_21417,acc_21417
phone_21418,acc_21418
phone_21419,acc_21419
phone_21420,acc_21420
phone_21421,acc_21421
phone_21422,acc_21422
phone_21423,acc_21423
phone_21424,acc_21424
phone_21425,acc_21425
phone_21426,acc_21426
phone_21427,acc_21427
phone_21428,acc_21428
phone_21429,acc_21429
phone_21430,acc_21430
phone_21431,acc_21431
phone_21432,acc_21432
phone_21433,acc_21433
phone_21434,acc_21434
phone_21435,acc_21435
phone_21436,acc_21436
phone_21437,acc_21437
phone_21438,acc_21438
phone_21439,acc_21439
phone_21440,acc_21440
phone_21441,acc_21441
phone_21442,acc_21442
phone_21443,acc_21443
phone_21444,acc_21444
phone_21445,acc_21445
phone_21446,acc_21446
phone_21447,acc_21447
phone_21448,acc_21448
phone_21449,acc_21449
phone_21450,acc_21450
phone_21451,acc_21451
phone_21452,acc_21452
phone_21453,acc_21453
phone_21454,acc_21454
phone_21455,acc_21455
phone_21456,acc_21456
phone_21457,acc_21457
phone_21458,acc_21458
phone_21459,acc_21459
phone_21460,acc_21460
phone_21461,acc_21461
phone_21462,acc_21462
phone_21463,acc_21463
phone_21464,acc_21464
phone_21465,acc_21465
phone_21466,acc_21466
phone_21467,acc_21467
phone_21468,acc_21468
phone_21469,acc_21469
phone_21470,acc_21470
phone_21471,acc_21471
phone_21472,acc_21472
phone_21473,acc_21473
phone_21474,acc_21474
phone_21475,acc_21475
phone_21476,acc_21476
phone_21477,acc_21477
phone_21478,acc_21478
phone_21479,acc_21479
phone_21480,acc_21480
phone_21481,acc_21481
phone_21482,acc_21482
phone_21483,acc_21483
phone_21484,acc_21484
phone_21485,acc_21485
phone_21486,acc_21486
phone_21487,acc_21487
phone_21488,acc_21488
phone_21489,acc_21489
phone_21490,acc_21490
phone_21491,acc_21491
phone_21492,acc_21492
phone_21493,acc_21493
phone_21494,acc_21494
phone_21495,acc_21495
phone_21496,acc_21496
phone_21497,acc_21497
phone_21498,acc_21498
phone_21499,acc_21499
phone_21500,acc_21500
phone_21501,acc_21501
phone_21502,acc_21502
phone_21503,acc_21503
phone_21504,acc_21504
phone_21505,acc_21505
phone_21506,acc_21506
phone_21507,acc_21507
phone_21508,acc_21508
phone_21509,acc_21509
phone_21510,acc_21510
phone_21511,acc_21511
phone_21512,acc_21512
phone_21513,acc_21513
phone_21514,acc_21514
phone_21515,acc_21515
phone_21516,acc_21516
phone_21517,acc_21517
phone_21518,acc_21518
phone_21519,acc_21519
phone_21520,acc_21520
phone_21521,acc_21521
phone_21522,acc_21522
phone_21523,acc_21523
phone_21524,acc_21524
phone_21525,acc_21525
phone_21526,acc_21526
phone_21527,acc_21527
phone_21528,acc_21528
phone_21529,acc_21529
phone_21530,acc_21530
phone_21531,acc_21531
phone_21532,acc_21532
phone_21533,acc_21533
phone_21534,acc_21534
phone_21535,acc_21535
phone_21536,acc_21536
phone_21537,acc_21537
phone_21538,acc_21538
phone_21539,acc_21539
phone_21540,acc_21540
phone_21541,acc_21541
phone_21542,acc_21542
phone_21543,acc_21543
phone_21544,acc_21544
phone_21545,acc_21545
phone_21546,acc_21546
phone_21547,acc_21547
phone_21548,acc_21548
phone_21549,acc_21549
phone_21550,acc_21550
phone_21551,acc_21551
phone_21552,acc_21552
phone_21553,acc_21553
phone_21554,acc_21554
phone_21555,acc_21555
phone_21556,acc_21556
phone_21557,acc_21557
phone_21558,acc_21558
phone_21559,acc_21559
phone_21560,acc_21560
phone_21561,acc_21561
phone_21562,acc_21562
phone_21563,acc_21563
phone_21564,acc_21564
phone_21565,acc_21565
phone_21566,acc_21566
phone_21567,acc_21567
phone_21568,acc_21568
phone_21569,acc_21569
phone_21570,acc_21570
phone_21571,acc_21571
phone_21572,acc_21572
phone_21573,acc_21573
phone_21574,acc_21574
phone_21575,acc_21575
phone_21576,acc_21576
phone_21577,acc_21577
phone_21578,acc_21578
phone_21579,acc_21579
phone_21580,acc_21580
phone_21581,acc_21581
phone_21582,acc_21582
phone_21583,acc_21583
phone_21584,acc_21584
phone_21585,acc_21585
phone_21586,acc_21586
phone_21587,acc_21587
phone_21588,acc_21588
phone_21589,acc_21589
phone_21590,acc_21590
phone_21591,acc_21591
phone_21592,acc_21592
phone_21593,acc_21593
phone_21594,acc_21594
phone_21595,acc_21595
phone_21596,acc_21596
phone_21597,acc_21597
phone_21598,acc_21598
phone_21599,acc_21599
phone_21600,acc_21600
phone_21601,acc_21601
phone_21602,acc_21602
phone_21603,acc_21603
phone_21604,acc_21604
phone_21605,acc_21605
phone_21606,acc_21606
phone_21607,acc_21607
phone_21608,acc_21608
phone_21609,acc_21609
phone_21610,acc_21610
phone_21611,acc_21611
phone_21612,acc_21612
phone_21613,acc_21613
phone_21614,acc_21614
phone_21615,acc_21615
phone_21616,acc_21616
phone_21617,acc_21617
phone_21618,acc_21618
phone_21619,acc_21619
phone_21620,acc_21620
phone_21621,acc_21621
phone_21622,acc_21622
phone_21623,acc_21623
phone_21624,acc_21624
phone_21625,acc_21625
phone_21626,acc_21626
phone_21627,acc_21627
phone_21628,acc_21628
phone_21629,acc_21629
phone_21630,acc_21630
phone_21631,acc_21631
phone_21632,acc_21632
phone_21633,acc_21633
phone_21634,acc_21634
phone_21635,acc_21635
phone_21636,acc_21636
phone_21637,acc_21637
phone_21638,acc_21638
phone_21639,acc_21639
phone_21640,acc_21640
phone_21641,acc_21641
phone_21642,acc_21642
phone_21643,acc_21643
phone_21644,acc_21644
phone_21645,acc_21645
phone_21646,acc_21646
phone_21647,acc_21647
phone_21648,acc_21648
phone_21649,acc_21649
phone_21650,acc_21650
phone_21651,acc_21651
phone_21652,acc_21652
phone_21653,acc_21653
phone_21654,acc_21654
phone_21655,acc_21655
phone_21656,acc_21656
phone_21657,acc_21657
phone_21658,acc_21658
phone_21659,acc_21659
phone_21660,acc_21660
phone_21661,acc_21661
phone_21662,acc_21662
phone_21663,acc_21663
phone_21664,acc_21664
phone_21665,acc_21665
phone_21666,acc_21666
phone_21667,acc_21667
phone_21668,acc_21668
phone_21669,acc_21669
phone_21670,acc_21670
phone_21671,acc_21671
phone_21672,acc_21672
phone_21673,acc_21673
phone_21674,acc_21674
phone_21675,acc_21675
phone_21676,acc_21676
phone_21677,acc_21677
phone_21678,acc_21678
phone_21679,acc_21679
phone_21680,acc_21680
phone_21681,acc_21681
phone_21682,acc_21682
phone_21683,acc_21683
phone_21684,acc_21684
phone_21685,acc_21685
phone_21686,acc_21686
phone_21687,acc_21687
phone_21688,acc_21688
phone_21689,acc_21689
phone_21690,acc_21690
phone_21691,acc_21691
phone_21692,acc_21692
phone_21693,acc_21693
phone_21694,acc_21694
phone_21695,acc_21695
phone_21696,acc_21696
phone_21697,acc_21697
phone_21698,acc_21698
phone_21699,acc_21699
phone_21700,acc_21700
phone_21701,acc_21701
phone_21702,acc_21702
phone_21703,acc_21703
phone_21704,acc_21704
phone_21705,acc_21705
phone_21706,acc_21706
phone_21707,acc_21707
phone_21708,acc_21708
phone_21709,acc_21709
phone_21710,acc_21710
phone_21711,acc_21711
phone_21712,acc_21712
phone_21713,acc_21713
phone_21714,acc_21714
phone_21715,acc_21715
phone_21716,acc_21716
phone_21717,acc_21717
phone_21718,acc_21718
phone_21719,acc_21719
phone_21720,acc_21720
phone_21721,acc_21721
phone_21722,acc_21722
phone_21723,acc_21723
phone_21724,acc_21724
phone_21725,acc_21725
phone_21726,acc_21726
phone_21727,acc_21727
phone_21728,acc_21728
phone_21729,acc_21729
phone_21730,acc_21730
phone_21731,acc_21731
phone_21732,acc_21732
phone_21733,acc_21733
phone_21734,acc_21734
phone_21735,acc_21735
phone_21736,acc_21736
phone_21737,acc_21737
phone_21738,acc_21738
phone_21739,acc_21739
phone_21740,acc_21740
phone_21741,acc_21741
phone_21742,acc_21742
phone_21743,acc_21743
phone_21744,acc_21744
phone_21745,acc_21745
phone_21746,acc_21746
phone_21747,acc_21747
phone_21748,acc_21748
phone_21749,acc_21749
phone_21750,acc_21750
phone_21751,acc_21751
phone_21752,acc_21752
phone_21753,acc_21753
phone_21754,acc_21754
phone_21755,acc_21755
phone_21756,acc_21756
phone_21757,acc_21757
phone_21758,acc_21758
phone_21759,acc_21759
phone_21760,acc_21760
phone_21761,acc_21761
phone_21762,acc_21762
phone_21763,acc_21763
phone_21764,acc_21764
phone_21765,acc_21765
phone_21766,acc_21766
phone_21767,acc_21767
phone_21768,acc_21768
phone_21769,acc_21769
phone_21770,acc_21770
phone_21771,acc_21771
phone_21772,acc_21772
phone_21773,acc_21773
phone_21774,acc_21774
phone_21775,acc_21775
phone_21776,acc_21776
phone_21777,acc_21777
phone_21778,acc_21778
phone_21779,acc_21779
phone_21780,acc_21780
phone_21781,acc_21781
phone_21782,acc_21782
phone_21783,acc_21783
phone_21784,acc_21784
phone_21785,acc_21785
phone_21786,acc_21786
phone_21787,acc_21787
phone_21788,acc_21788
phone_21789,acc_21789
phone_21790,acc_21790
phone_21791,acc_21791
phone_21792,acc_21792
phone_21793,acc_21793
phone_21794,acc_21794
phone_21795,acc_21795
phone_21796,acc_21796
phone_21797,acc_21797
phone_21798,acc_21798
phone_21799,acc_21799
phone_21800,acc_21800
phone_21801,acc_21801
phone_21802,acc_21802
phone_21803,acc_21803
phone_21804,acc_21804
phone_21805,acc_21805
phone_21806,acc_21806
phone_21807,acc_21807
phone_21808,acc_21808
phone_21809,acc_21809
phone_21810,acc_21810
phone_21811,acc_21811
phone_21812,acc_21812
phone_21813,acc_21813
phone_21814,acc_21814
phone_21815,acc_21815
phone_21816,acc_21816
phone_21817,acc_21817
phone_21818,acc_21818
phone_21819,acc_21819
phone_21820,acc_21820
phone_21821,acc_21821
phone_21822,acc_21822
phone_21823,acc_21823
phone_21824,acc_21824
phone_21825,acc_21825
phone_21826,acc_21826
phone_21827,acc_21827
phone_21828,acc_21828
phone_21829,acc_21829
phone_21830,acc_21830
phone_21831,acc_21831
phone_21832,acc_21832
phone_21833,acc_21833
phone_21834,acc_21834
phone_21835,acc_21835
phone_21836,acc_21836
phone_21837,acc_21837
phone_21838,acc_21838
phone_21839,acc_21839
phone_21840,acc_21840
phone_21841,acc_21841
phone_21842,acc_21842
phone_21843,acc_21843
phone_21844,acc_21844
phone_21845,acc_21845
phone_21846,acc_21846
phone_21847,acc_21847
phone_21848,acc_21848
phone_21849,acc_21849
phone_21850,acc_21850
phone_21851,acc_21851
phone_21852,acc_21852
phone_21853,acc_21853
phone_21854,acc_21854
phone_21855,acc_21855
phone_21856,acc_21856
phone_21857,acc_21857
phone_21858,acc_21858
phone_21859,acc_21859
phone_21860,acc_21860
phone_21861,acc_21861
phone_21862,acc_21862
phone_21863,acc_21863
phone_21864,acc_21864
phone_21865,acc_21865
phone_21866,acc_21866
phone_21867,acc_21867
phone_21868,acc_21868
phone_21869,acc_21869
phone_21870,acc_21870
phone_21871,acc_21871
phone_21872,acc_21872
phone_21873,acc_21873
phone_21874,acc_21874
phone_21875,acc_21875
phone_21876,acc_21876
phone_21877,acc_21877
phone_21878,acc_21878
phone_21879,acc_21879
phone_21880,acc_21880
phone_21881,acc_21881
phone_21882,acc_21882
phone_21883,acc_21883
phone_21884,acc_21884
phone_21885,acc_21885
phone_21886,acc_21886
phone_21887,acc_21887
phone_21888,acc_21888
phone_21889,acc_21889
phone_21890,acc_21890
phone_21891,acc_21891
phone_21892,acc_21892
phone_21893,acc_21893
phone_21894,acc_21894
phone_21895,acc_21895
phone_21896,acc_21896
phone_21897,acc_21897
phone_21898,acc_21898
phone_21899,acc_21899
phone_21900,acc_21900
phone_21901,acc_21901
phone_21902,acc_21902
phone_21903,acc_21903
phone_21904,acc_21904
phone_21905,acc_21905
phone_21906,acc_21906
phone_21907,acc_21907
phone_21908,acc_21908
phone_21909,acc_21909
phone_21910,acc_21910
phone_21911,acc_21911
phone_21912,acc_21912
phone_21913,acc_21913
phone_21914,acc_21914
phone_21915,acc_21915
phone_21916,acc_21916
phone_21917,acc_21917
phone_21918,acc_21918
phone_21919,acc_21919
phone_21920,acc_21920
phone_21921,acc_21921
phone_21922,acc_21922
phone_21923,acc_21923
phone_21924,acc_21924
phone_21925,acc_21925
phone_21926,acc_21926
phone_21927,acc_21927
phone_21928,acc_21928
phone_21929,acc_21929
phone_21930,acc_21930
phone_21931,acc_21931
phone_21932,acc_21932
phone_21933,acc_21933
phone_21934,acc_21934
phone_21935,acc_21935
phone_21936,acc_21936
phone_21937,acc_21937
phone_21938,acc_21938
phone_21939,acc_21939
phone_21940,acc_21940
phone_21941,acc_21941
phone_21942,acc_21942
phone_21943,acc_21943
phone_21944,acc_21944
phone_21945,acc_21945
phone_21946,acc_21946
phone_21947,acc_21947
phone_21948,acc_21948
phone_21949,acc_21949
phone_21950,acc_21950
phone_21951,acc_21951
phone_21952,acc_21952
phone_21953,acc_21953
phone_21954,acc_21954
phone_21955,acc_21955
phone_21956,acc_21956
phone_21957,acc_21957
phone_21958,acc_21958
phone_21959,acc_21959
phone_21960,acc_21960
phone_21961,acc_21961
phone_21962,acc_21962
phone_21963,acc_21963
phone_21964,acc_21964
phone_21965,acc_21965
phone_21966,acc_21966
phone_21967,acc_21967
phone_21968,acc_21968
phone_21969,acc_21969
phone_21970,acc_21970
phone_21971,acc_21971
phone_21972,acc_21972
phone_21973,acc_21973
phone_21974,acc_21974
phone_21975,acc_21975
phone_21976,acc_21976
phone_21977,acc_21977
phone_21978,acc_21978
phone_21979,acc_21979
phone_21980,acc_21980
phone_21981,acc_21981
phone_21982,acc_21982
phone_21983,acc_21983
phone_21984,acc_21984
phone_21985,acc_21985
phone_21986,acc_21986
phone_21987,acc_21987
phone_21988,acc_21988
phone_21989,acc_21989
phone_21990,acc_21990
phone_21991,acc_21991
phone_21992,acc_21992
phone_21993,acc_21993
phone_21994,acc_21994
phone_21995,acc_21995
phone_21996,acc_21996
phone_21997,acc_21997
phone_21998,acc_21998
phone_21999,acc_21999
phone_22000,acc_22000
phone_22001,acc_22001
phone_22002,acc_22002
phone_22003,acc_22003
phone_22004,acc_22004
phone_22005,acc_22005
phone_22006,acc_22006
phone_22007,acc_22007
phone_22008,acc_22008
phone_22009,acc_22009
phone_22010,acc_22010
phone_22011,acc_22011
phone_22012,acc_22012
phone_22013,acc_22013
phone_22014,acc_22014
phone_22015,acc_22015
phone_22016,acc_22016
phone_22017,acc_22017
phone_22018,acc_22018
phone_22019,acc_22019
phone_22020,acc_22020
phone_22021,acc_22021
phone_22022,acc_22022
phone_22023,acc_22023
phone_22024,acc_22024
phone_22025,acc_22025
phone_22026,acc_22026
phone_22027,acc_22027
phone_22028,acc_22028
phone_22029,acc_22029
phone_22030,acc_22030
phone_22031,acc_22031
phone_22032,acc_22032
phone_22033,acc_22033
phone_22034,acc_22034
phone_22035,acc_22035
phone_22036,acc_22036
phone_22037,acc_22037
phone_22038,acc_22038
phone_22039,acc_22039
phone_22040,acc_22040
phone_22041,acc_22041
phone_22042,acc_22042
phone_22043,acc_22043
phone_22044,acc_22044
phone_22045,acc_22045
phone_22046,acc_22046
phone_22047,acc_22047
phone_22048,acc_22048
phone_22049,acc_22049
phone_22050,acc_22050
phone_22051,acc_22051
phone_22052,acc_22052
phone_22053,acc_22053
phone_22054,acc_22054
phone_22055,acc_22055
phone_22056,acc_22056
phone_22057,acc_22057
phone_22058,acc_22058
phone_22059,acc_22059
phone_22060,acc_22060
phone_22061,acc_22061
phone_22062,acc_22062
phone_22063,acc_22063
phone_22064,acc_22064
phone_22065,acc_22065
phone_22066,acc_22066
phone_22067,acc_22067
phone_22068,acc_22068
phone_22069,acc_22069
phone_22070,acc_22070
phone_22071,acc_22071
phone_22072,acc_22072
phone_22073,acc_22073
phone_22074,acc_22074
phone_22075,acc_22075
phone_22076,acc_22076
phone_22077,acc_22077
phone_22078,acc_22078
phone_22079,acc_22079
phone_22080,acc_22080
phone_22081,acc_22081
phone_22082,acc_22082
phone_22083,acc_22083
phone_22084,acc_22084
phone_22085,acc_22085
phone_22086,acc_22086
phone_22087,acc_22087
phone_22088,acc_22088
phone_22089,acc_22089
phone_22090,acc_22090
phone_22091,acc_22091
phone_22092,acc_22092
phone_22093,acc_22093
phone_22094,acc_22094
phone_22095,acc_22095
phone_22096,acc_22096
phone_22097,acc_22097
phone_22098,acc_22098
phone_22099,acc_22099
phone_22100,acc_22100
phone_22101,acc_22101
phone_22102,acc_22102
phone_22103,acc_22103
phone_22104,acc_22104
phone_22105,acc_22105
phone_22106,acc_22106
phone_22107,acc_22107
phone_22108,acc_22108
phone_22109,acc_22109
phone_22110,acc_22110
phone_22111,acc_22111
phone_22112,acc_22112
phone_22113,acc_22113
phone_22114,acc_22114
phone_22115,acc_22115
phone_22116,acc_22116
phone_22117,acc_22117
phone_22118,acc_22118
phone_22119,acc_22119
phone_22120,acc_22120
phone_22121,acc_22121
phone_22122,acc_22122
phone_22123,acc_22123
phone_22124,acc_22124
phone_22125,acc_22125
phone_22126,acc_22126
phone_22127,acc_22127
phone_22128,acc_22128
phone_22129,acc_22129
phone_22130,acc_22130
phone_22131,acc_22131
phone_22132,acc_22132
phone_22133,acc_22133
phone_22134,acc_22134
phone_22135,acc_22135
phone_22136,acc_22136
phone_22137,acc_22137
phone_22138,acc_22138
phone_22139,acc_22139
phone_22140,acc_22140
phone_22141,acc_22141
phone_22142,acc_22142
phone_22143,acc_22143
phone_22144,acc_22144
phone_22145,acc_22145
phone_22146,acc_22146
phone_22147,acc_22147
phone_22148,acc_22148
phone_22149,acc_22149
phone_22150,acc_22150
phone_22151,acc_22151
phone_22152,acc_22152
phone_22153,acc_22153
phone_22154,acc_22154
phone_22155,acc_22155
phone_22156,acc_22156
phone_22157,acc_22157
phone_22158,acc_22158
phone_22159,acc_22159
phone_22160,acc_22160
phone_22161,acc_22161
phone_22162,acc_22162
phone_22163,acc_22163
phone_22164,acc_22164
phone_22165,acc_22165
phone_22166,acc_22166
phone_22167,acc_22167
phone_22168,acc_22168
phone_22169,acc_22169
phone_22170,acc_22170
phone_22171,acc_22171
phone_22172,acc_22172
phone_22173,acc_22173
phone_22174,acc_22174
phone_22175,acc_22175
phone_22176,acc_22176
phone_22177,acc_22177
phone_22178,acc_22178
phone_22179,acc_22179
phone_22180,acc_22180
phone_22181,acc_22181
phone_22182,acc_22182
phone_22183,acc_22183
phone_22184,acc_22184
phone_22185,acc_22185
phone_22186,acc_22186
phone_22187,acc_22187
phone_22188,acc_22188
phone_22189,acc_22189
phone_22190,acc_22190
phone_22191,acc_22191
phone_22192,acc_22192
phone_22193,acc_22193
phone_22194,acc_22194
phone_22195,acc_22195
phone_22196,acc_22196
phone_22197,acc_22197
phone_22198,acc_22198
phone_22199,acc_22199
phone_22200,acc_22200
phone_22201,acc_22201
phone_22202,acc_22202
phone_22203,acc_22203
phone_22204,acc_22204
phone_22205,acc_22205
phone_22206,acc_22206
phone_22207,acc_22207
phone_22208,acc_22208
phone_22209,acc_22209
phone_22210,acc_22210
phone_22211,acc_22211
phone_22212,acc_22212
phone_22213,acc_22213
phone_22214,acc_22214
phone_22215,acc_22215
phone_22216,acc_22216
phone_22217,acc_22217
phone_22218,acc_22218
phone_22219,acc_22219
phone_22220,acc_22220
phone_22221,acc_22221
phone_22222,acc_22222
phone_22223,acc_22223
phone_22224,acc_22224
phone_22225,acc_22225
phone_22226,acc_22226
phone_22227,acc_22227
phone_22228,acc_22228
phone_22229,acc_22229
phone_22230,acc_22230
phone_22231,acc_22231
phone_22232,acc_22232
phone_22233,acc_22233
phone_22234,acc_22234
phone_22235,acc_22235
phone_22236,acc_22236
phone_22237,acc_22237
phone_22238,acc_22238
phone_22239,acc_22239
phone_22240,acc_22240
phone_22241,acc_22241
phone_22242,acc_22242
phone_22243,acc_22243
phone_22244,acc_22244
phone_22245,acc_22245
phone_22246,acc_22246
phone_22247,acc_22247
phone_22248,acc_22248
phone_22249,acc_22249
phone_22250,acc_22250
phone_22251,acc_22251
phone_22252,acc_22252
phone_22253,acc_22253
phone_22254,acc_22254
phone_22255,acc_22255
phone_22256,acc_22256
phone_22257,acc_22257
phone_22258,acc_22258
phone_22259,acc_22259
phone_22260,acc_22260
phone_22261,acc_22261
phone_22262,acc_22262
phone_22263,acc_22263
phone_22264,acc_22264
phone_22265,acc_22265
phone_22266,acc_22266
phone_22267,acc_22267
phone_22268,acc_22268
phone_22269,acc_22269
phone_22270,acc_22270
phone_22271,acc_22271
phone_22272,acc_22272
phone_22273,acc_22273
phone_22274,acc_22274
phone_22275,acc_22275
phone_22276,acc_22276
phone_22277,acc_22277
phone_22278,acc_22278
phone_22279,acc_22279
phone_22280,acc_22280
phone_22281,acc_22281
phone_22282,acc_22282
phone_22283,acc_22283
phone_22284,acc_22284
phone_22285,acc_22285
phone_22286,acc_22286
phone_22287,acc_22287
phone_22288,acc_22288
phone_22289,acc_22289
phone_22290,acc_22290
phone_22291,acc_22291
phone_22292,acc_22292
phone_22293,acc_22293
phone_22294,acc_22294
phone_22295,acc_22295
phone_22296,acc_22296
phone_22297,acc_22297
phone_22298,acc_22298
phone_22299,acc_22299
phone_22300,acc_22300
phone_22301,acc_22301
phone_22302,acc_22302
phone_22303,acc_22303
phone_22304,acc_22304
phone_22305,acc_22305
phone_22306,acc_22306
phone_22307,acc_22307
phone_22308,acc_22308
phone_22309,acc_22309
phone_22310,acc_22310
phone_22311,acc_22311
phone_22312,acc_22312
phone_22313,acc_22313
phone_22314,acc_22314
phone_22315,acc_22315
phone_22316,acc_22316
phone_22317,acc_22317
phone_22318,acc_22318
phone_22319,acc_22319
phone_22320,acc_22320
phone_22321,acc_22321
phone_22322,acc_22322
phone_22323,acc_22323
phone_22324,acc_22324
phone_22325,acc_22325
phone_22326,acc_22326
phone_22327,acc_22327
phone_22328,acc_22328
phone_22329,acc_22329
phone_22330,acc_22330
phone_22331,acc_22331
phone_22332,acc_22332
phone_22333,acc_22333
phone_22334,acc_22334
phone_22335,acc_22335
phone_22336,acc_22336
phone_22337,acc_22337
phone_22338,acc_22338
phone_22339,acc_22339
phone_22340,acc_22340
phone_22341,acc_22341
phone_22342,acc_22342
phone_22343,acc_22343
phone_22344,acc_22344
phone_22345,acc_22345
phone_22346,acc_22346
phone_22347,acc_22347
phone_22348,acc_22348
phone_22349,acc_22349
phone_22350,acc_22350
phone_22351,acc_22351
phone_22352,acc_22352
phone_22353,acc_22353
phone_22354,acc_22354
phone_22355,acc_22355
phone_22356,acc_22356
phone_22357,acc_22357
phone_22358,acc_22358
phone_22359,acc_22359
phone_22360,acc_22360
phone_22361,acc_22361
phone_22362,acc_22362
phone_22363,acc_22363
phone_22364,acc_22364
phone_22365,acc_22365
phone_22366,acc_22366
phone_22367,acc_22367
phone_22368,acc_22368
phone_22369,acc_22369
phone_22370,acc_22370
phone_22371,acc_22371
phone_22372,acc_22372
phone_22373,acc_22373
phone_22374,acc_22374
phone_22375,acc_22375
phone_22376,acc_22376
phone_22377,acc_22377
phone_22378,acc_22378
phone_22379,acc_22379
phone_22380,acc_22380
phone_22381,acc_22381
phone_22382,acc_22382
phone_22383,acc_22383
phone_22384,acc_22384
phone_22385,acc_22385
phone_22386,acc_22386
phone_22387,acc_22387
phone_22388,acc_22388
phone_22389,acc_22389
phone_22390,acc_22390
phone_22391,acc_22391
phone_22392,acc_22392
phone_22393,acc_22393
phone_22394,acc_22394
phone_22395,acc_22395
phone_22396,acc_22396
phone_22397,acc_22397
phone_22398,acc_22398
phone_22399,acc_22399
phone_22400,acc_22400
phone_22401,acc_22401
phone_22402,acc_22402
phone_22403,acc_22403
phone_22404,acc_22404
phone_22405,acc_22405
phone_22406,acc_22406
phone_22407,acc_22407
phone_22408,acc_22408
phone_22409,acc_22409
phone_22410,acc_22410
phone_22411,acc_22411
phone_22412,acc_22412
phone_22413,acc_22413
phone_22414,acc_22414
phone_22415,acc_22415
phone_22416,acc_22416
phone_22417,acc_22417
phone_22418,acc_22418
phone_22419,acc_22419
phone_22420,acc_22420
phone_22421,acc_22421
phone_22422,acc_22422
phone_22423,acc_22423
phone_22424,acc_22424
phone_22425,acc_22425
phone_22426,acc_22426
phone_22427,acc_22427
phone_22428,acc_22428
phone_22429,acc_22429
phone_22430,acc_22430
phone_22431,acc_22431
phone_22432,acc_22432
phone_22433,acc_22433
phone_22434,acc_22434
phone_22435,acc_22435
phone_22436,acc_22436
phone_22437,acc_22437
phone_22438,acc_22438
phone_22439,acc_22439
phone_22440,acc_22440
phone_22441,acc_22441
phone_22442,acc_22442
phone_22443,acc_22443
phone_22444,acc_22444
phone_22445,acc_22445
phone_22446,acc_22446
phone_22447,acc_22447
phone_22448,acc_22448
phone_22449,acc_22449
phone_22450,acc_22450
phone_22451,acc_22451
phone_22452,acc_22452
phone_22453,acc_22453
phone_22454,acc_22454
phone_22455,acc_22455
phone_22456,acc_22456
phone_22457,acc_22457
phone_22458,acc_22458
phone_22459,acc_22459
phone_22460,acc_22460
phone_22461,acc_22461
phone_22462,acc_22462
phone_22463,acc_22463
phone_22464,acc_22464
phone_22465,acc_22465
phone_22466,acc_22466
phone_22467,acc_22467
phone_22468,acc_22468
phone_22469,acc_22469
phone_22470,acc_22470
phone_22471,acc_22471
phone_22472,acc_22472
phone_22473,acc_22473
phone_22474,acc_22474
phone_22475,acc_22475
phone_22476,acc_22476
phone_22477,acc_22477
phone_22478,acc_22478
phone_22479,acc_22479
phone_22480,acc_22480
phone_22481,acc_22481
phone_22482,acc_22482
phone_22483,acc_22483
phone_22484,acc_22484
phone_22485,acc_22485
phone_22486,acc_22486
phone_22487,acc_22487
phone_22488,acc_22488
phone_22489,acc_22489
phone_22490,acc_22490
phone_22491,acc_22491
phone_22492,acc_22492
phone_22493,acc_22493
phone_22494,acc_22494
phone_22495,acc_22495
phone_22496,acc_22496
phone_22497,acc_22497
phone_22498,acc_22498
phone_22499,acc_22499
phone_22500,acc_22500
phone_22501,acc_22501
phone_22502,acc_22502
phone_22503,acc_22503
phone_22504,acc_22504
phone_22505,acc_22505
phone_22506,acc_22506
phone_22507,acc_22507
phone_22508,acc_22508
phone_22509,acc_22509
phone_22510,acc_22510
phone_22511,acc_22511
phone_22512,acc_22512
phone_22513,acc_22513
phone_22514,acc_22514
phone_22515,acc_22515
phone_22516,acc_22516
phone_22517,acc_22517
phone_22518,acc_22518
phone_22519,acc_22519
phone_22520,acc_22520
phone_22521,acc_22521
phone_22522,acc_22522
phone_22523,acc_22523
phone_22524,acc_22524
phone_22525,acc_22525
phone_22526,acc_22526
phone_22527,acc_22527
phone_22528,acc_22528
phone_22529,acc_22529
phone_22530,acc_22530
phone_22531,acc_22531
phone_22532,acc_22532
phone_22533,acc_22533
phone_22534,acc_22534
phone_22535,acc_22535
phone_22536,acc_22536
phone_22537,acc_22537
phone_22538,acc_22538
phone_22539,acc_22539
phone_22540,acc_22540
phone_22541,acc_22541
phone_22542,acc_22542
phone_22543,acc_22543
phone_22544,acc_22544
phone_22545,acc_22545
phone_22546,acc_22546
phone_22547,acc_22547
phone_22548,acc_22548
phone_22549,acc_22549
phone_22550,acc_22550
phone_22551,acc_22551
phone_22552,acc_22552
phone_22553,acc_22553
phone_22554,acc_22554
phone_22555,acc_22555
phone_22556,acc_22556
phone_22557,acc_22557
phone_22558,acc_22558
phone_22559,acc_22559
phone_22560,acc_22560
phone_22561,acc_22561
phone_22562,acc_22562
phone_22563,acc_22563
phone_22564,acc_22564
phone_22565,acc_22565
phone_22566,acc_22566
phone_22567,acc_22567
phone_22568,acc_22568
phone_22569,acc_22569
phone_22570,acc_22570
phone_22571,acc_22571
phone_22572,acc_22572
phone_22573,acc_22573
phone_22574,acc_22574
phone_22575,acc_22575
phone_22576,acc_22576
phone_22577,acc_22577
phone_22578,acc_22578
phone_22579,acc_22579
phone_22580,acc_22580
phone_22581,acc_22581
phone_22582,acc_22582
phone_22583,acc_22583
phone_22584,acc_22584
phone_22585,acc_22585
phone_22586,acc_22586
phone_22587,acc_22587
phone_22588,acc_22588
phone_22589,acc_22589
phone_22590,acc_22590
phone_22591,acc_22591
phone_22592,acc_22592
phone_22593,acc_22593
phone_22594,acc_22594
phone_22595,acc_22595
phone_22596,acc_22596
phone_22597,acc_22597
phone_22598,acc_22598
phone_22599,acc_22599
phone_22600,acc_22600
phone_22601,acc_22601
phone_22602,acc_22602
phone_22603,acc_22603
phone_22604,acc_22604
phone_22605,acc_22605
phone_22606,acc_22606
phone_22607,acc_22607
phone_22608,acc_22608
phone_22609,acc_22609
phone_22610,acc_22610
phone_22611,acc_22611
phone_22612,acc_22612
phone_22613,acc_22613
phone_22614,acc_22614
phone_22615,acc_22615
phone_22616,acc_22616
phone_22617,acc_22617
phone_22618,acc_22618
phone_22619,acc_22619
phone_22620,acc_22620
phone_22621,acc_22621
phone_22622,acc_22622
phone_22623,acc_22623
phone_22624,acc_22624
phone_22625,acc_22625
phone_22626,acc_22626
phone_22627,acc_22627
phone_22628,acc_22628
phone_22629,acc_22629
phone_22630,acc_22630
phone_22631,acc_22631
phone_22632,acc_22632
phone_22633,acc_22633
phone_22634,acc_22634
phone_22635,acc_22635
phone_22636,acc_22636
phone_22637,acc_22637
phone_22638,acc_22638
phone_22639,acc_22639
phone_22640,acc_22640
phone_22641,acc_22641
phone_22642,acc_22642
phone_22643,acc_22643
phone_22644,acc_22644
phone_22645,acc_22645
phone_22646,acc_22646
phone_22647,acc_22647
phone_22648,acc_22648
phone_22649,acc_22649
phone_22650,acc_22650
phone_22651,acc_22651
phone_22652,acc_22652
phone_22653,acc_22653
phone_22654,acc_22654
phone_22655,acc_22655
phone_22656,acc_22656
phone_22657,acc_22657
phone_22658,acc_22658
phone_22659,acc_22659
phone_22660,acc_22660
phone_22661,acc_22661
phone_22662,acc_22662
phone_22663,acc_22663
phone_22664,acc_22664
phone_22665,acc_22665
phone_22666,acc_22666
phone_22667,acc_22667
phone_22668,acc_22668
phone_22669,acc_22669
phone_22670,acc_22670
phone_22671,acc_22671
phone_22672,acc_22672
phone_22673,acc_22673
phone_22674,acc_22674
phone_22675,acc_22675
phone_22676,acc_22676
phone_22677,acc_22677
phone_22678,acc_22678
phone_22679,acc_22679
phone_22680,acc_22680
phone_22681,acc_22681
phone_22682,acc_22682
phone_22683,acc_22683
phone_22684,acc_22684
phone_22685,acc_22685
phone_22686,acc_22686
phone_22687,acc_22687
phone_22688,acc_22688
phone_22689,acc_22689
phone_22690,acc_22690
phone_22691,acc_22691
phone_22692,acc_22692
phone_22693,acc_22693
phone_22694,acc_22694
phone_22695,acc_22695
phone_22696,acc_22696
phone_22697,acc_22697
phone_22698,acc_22698
phone_22699,acc_22699
phone_22700,acc_22700
phone_22701,acc_22701
phone_22702,acc_22702
phone_22703,acc_22703
phone_22704,acc_22704
phone_22705,acc_22705
phone_22706,acc_22706
phone_22707,acc_22707
phone_22708,acc_22708
phone_22709,acc_22709
phone_22710,acc_22710
phone_22711,acc_22711
phone_22712,acc_22712
phone_22713,acc_22713
phone_22714,acc_22714
phone_22715,acc_22715
phone_22716,acc_22716
phone_22717,acc_22717
phone_22718,acc_22718
phone_22719,acc_22719
phone_22720,acc_22720
phone_22721,acc_22721
phone_22722,acc_22722
phone_22723,acc_22723
phone_22724,acc_22724
phone_22725,acc_22725
phone_22726,acc_22726
phone_22727,acc_22727
phone_22728,acc_22728
phone_22729,acc_22729
phone_22730,acc_22730
phone_22731,acc_22731
phone_22732,acc_22732
phone_22733,acc_22733
phone_22734,acc_22734
phone_22735,acc_22735
phone_22736,acc_22736
phone_22737,acc_22737
phone_22738,acc_22738
phone_22739,acc_22739
phone_22740,acc_22740
phone_22741,acc_22741
phone_22742,acc_22742
phone_22743,acc_22743
phone_22744,acc_22744
phone_22745,acc_22745
phone_22746,acc_22746
phone_22747,acc_22747
phone_22748,acc_22748
phone_22749,acc_22749
phone_22750,acc_22750
phone_22751,acc_22751
phone_22752,acc_22752
phone_22753,acc_22753
phone_22754,acc_22754
phone_22755,acc_22755
phone_22756,acc_22756
phone_22757,acc_22757
phone_22758,acc_22758
phone_22759,acc_22759
phone_22760,acc_22760
phone_22761,acc_22761
phone_22762,acc_22762
phone_22763,acc_22763
phone_22764,acc_22764
phone_22765,acc_22765
phone_22766,acc_22766
phone_22767,acc_22767
phone_22768,acc_22768
phone_22769,acc_22769
phone_22770,acc_22770
phone_22771,acc_22771
phone_22772,acc_22772
phone_22773,acc_22773
phone_22774,acc_22774
phone_22775,acc_22775
phone_22776,acc_22776
phone_22777,acc_22777
phone_22778,acc_22778
phone_22779,acc_22779
phone_22780,acc_22780
phone_22781,acc_22781
phone_22782,acc_22782
phone_22783,acc_22783
phone_22784,acc_22784
phone_22785,acc_22785
phone_22786,acc_22786
phone_22787,acc_22787
phone_22788,acc_22788
phone_22789,acc_22789
phone_22790,acc_22790
phone_22791,acc_22791
phone_22792,acc_22792
phone_22793,acc_22793
phone_22794,acc_22794
phone_22795,acc_22795
phone_22796,acc_22796
phone_22797,acc_22797
phone_22798,acc_22798
phone_22799,acc_22799
phone_22800,acc_22800
phone_22801,acc_22801
phone_22802,acc_22802
phone_22803,acc_22803
phone_22804,acc_22804
phone_22805,acc_22805
phone_22806,acc_22806
phone_22807,acc_22807
phone_22808,acc_22808
phone_22809,acc_22809
phone_22810,acc_22810
phone_22811,acc_22811
phone_22812,acc_22812
phone_22813,acc_22813
phone_22814,acc_22814
phone_22815,acc_22815
phone_22816,acc_22816
phone_22817,acc_22817
phone_22818,acc_22818
phone_22819,acc_22819
phone_22820,acc_22820
phone_22821,acc_22821
phone_22822,acc_22822
phone_22823,acc_22823
phone_22824,acc_22824
phone_22825,acc_22825
phone_22826,acc_22826
phone_22827,acc_22827
phone_22828,acc_22828
phone_22829,acc_22829
phone_22830,acc_22830
phone_22831,acc_22831
phone_22832,acc_22832
phone_22833,acc_22833
phone_22834,acc_22834
phone_22835,acc_22835
phone_22836,acc_22836
phone_22837,acc_22837
phone_22838,acc_22838
phone_22839,acc_22839
phone_22840,acc_22840
phone_22841,acc_22841
phone_22842,acc_22842
phone_22843,acc_22843
phone_22844,acc_22844
phone_22845,acc_22845
phone_22846,acc_22846
phone_22847,acc_22847
phone_22848,acc_22848
phone_22849,acc_22849
phone_22850,acc_22850
phone_22851,acc_22851
phone_22852,acc_22852
phone_22853,acc_22853
phone_22854,acc_22854
phone_22855,acc_22855
phone_22856,acc_22856
phone_22857,acc_22857
phone_22858,acc_22858
phone_22859,acc_22859
phone_22860,acc_22860
phone_22861,acc_22861
phone_22862,acc_22862
phone_22863,acc_22863
phone_22864,acc_22864
phone_22865,acc_22865
phone_22866,acc_22866
phone_22867,acc_22867
phone_22868,acc_22868
phone_22869,acc_22869
phone_22870,acc_22870
phone_22871,acc_22871
phone_22872,acc_22872
phone_22873,acc_22873
phone_22874,acc_22874
phone_22875,acc_22875
phone_22876,acc_22876
phone_22877,acc_22877
phone_22878,acc_22878
phone_22879,acc_22879
phone_22880,acc_22880
phone_22881,acc_22881
phone_22882,acc_22882
phone_22883,acc_22883
phone_22884,acc_22884
phone_22885,acc_22885
phone_22886,acc_22886
phone_22887,acc_22887
phone_22888,acc_22888
phone_22889,acc_22889
phone_22890,acc_22890
phone_22891,acc_22891
phone_22892,acc_22892
phone_22893,acc_22893
phone_22894,acc_22894
phone_22895,acc_22895
phone_22896,acc_22896
phone_22897,acc_22897
phone_22898,acc_22898
phone_22899,acc_22899
phone_22900,acc_22900
phone_22901,acc_22901
phone_22902,acc_22902
phone_22903,acc_22903
phone_22904,acc_22904
phone_22905,acc_22905
phone_22906,acc_22906
phone_22907,acc_22907
phone_22908,acc_22908
phone_22909,acc_22909
phone_22910,acc_22910
phone_22911,acc_22911
phone_22912,acc_22912
phone_22913,acc_22913
phone_22914,acc_22914
phone_22915,acc_22915
phone_22916,acc_22916
phone_22917,acc_22917
phone_22918,acc_22918
phone_22919,acc_22919
phone_22920,acc_22920
phone_22921,acc_22921
phone_22922,acc_22922
phone_22923,acc_22923
phone_22924,acc_22924
phone_22925,acc_22925
phone_22926,acc_22926
phone_22927,acc_22927
phone_22928,acc_22928
phone_22929,acc_22929
phone_22930,acc_22930
phone_22931,acc_22931
phone_22932,acc_22932
phone_22933,acc_22933
phone_22934,acc_22934
phone_22935,acc_22935
phone_22936,acc_22936
phone_22937,acc_22937
phone_22938,acc_22938
phone_22939,acc_22939
phone_22940,acc_22940
phone_22941,acc_22941
phone_22942,acc_22942
phone_22943,acc_22943
phone_22944,acc_22944
phone_22945,acc_22945
phone_22946,acc_22946
phone_22947,acc_22947
phone_22948,acc_22948
phone_22949,acc_22949
phone_22950,acc_22950
phone_22951,acc_22951
phone_22952,acc_22952
phone_22953,acc_22953
phone_22954,acc_22954
phone_22955,acc_22955
phone_22956,acc_22956
phone_22957,acc_22957
phone_22958,acc_22958
phone_22959,acc_22959
phone_22960,acc_22960
phone_22961,acc_22961
phone_22962,acc_22962
phone_22963,acc_22963
phone_22964,acc_22964
phone_22965,acc_22965
phone_22966,acc_22966
phone_22967,acc_22967
phone_22968,acc_22968
phone_22969,acc_22969
phone_22970,acc_22970
phone_22971,acc_22971
phone_22972,acc_22972
phone_22973,acc_22973
phone_22974,acc_22974
phone_22975,acc_22975
phone_22976,acc_22976
phone_22977,acc_22977
phone_22978,acc_22978
phone_22979,acc_22979
phone_22980,acc_22980
phone_22981,acc_22981
phone_22982,acc_22982
phone_22983,acc_22983
phone_22984,acc_22984
phone_22985,acc_22985
phone_22986,acc_22986
phone_22987,acc_22987
phone_22988,acc_22988
phone_22989,acc_22989
phone_22990,acc_22990
phone_22991,acc_22991
phone_22992,acc_22992
phone_22993,acc_22993
phone_22994,acc_22994
phone_22995,acc_22995
phone_22996,acc_22996
phone_22997,acc_22997
phone_22998,acc_22998
phone_22999,acc_22999
phone_23000,acc_23000
phone_23001,acc_23001
phone_23002,acc_23002
phone_23003,acc_23003
phone_23004,acc_23004
phone_23005,acc_23005
phone_23006,acc_23006
phone_23007,acc_23007
phone_23008,acc_23008
phone_23009,acc_23009
phone_23010,acc_23010
phone_23011,acc_23011
phone_23012,acc_23012
phone_23013,acc_23013
phone_23014,acc_23014
phone_23015,acc_23015
phone_23016,acc_23016
phone_23017,acc_23017
phone_23018,acc_23018
phone_23019,acc_23019
phone_23020,acc_23020
phone_23021,acc_23021
phone_23022,acc_23022
phone_23023,acc_23023
phone_23024,acc_23024
phone_23025,acc_23025
phone_23026,acc_23026
phone_23027,acc_23027
phone_23028,acc_23028
phone_23029,acc_23029
phone_23030,acc_23030
phone_23031,acc_23031
phone_23032,acc_23032
phone_23033,acc_23033
phone_23034,acc_23034
phone_23035,acc_23035
phone_23036,acc_23036
phone_23037,acc_23037
phone_23038,acc_23038
phone_23039,acc_23039
phone_23040,acc_23040
phone_23041,acc_23041
phone_23042,acc_23042
phone_23043,acc_23043
phone_23044,acc_23044
phone_23045,acc_23045
phone_23046,acc_23046
phone_23047,acc_23047
phone_23048,acc_23048
phone_23049,acc_23049
phone_23050,acc_23050
phone_23051,acc_23051
phone_23052,acc_23052
phone_23053,acc_23053
phone_23054,acc_23054
phone_23055,acc_23055
phone_23056,acc_23056
phone_23057,acc_23057
phone_23058,acc_23058
phone_23059,acc_23059
phone_23060,acc_23060
phone_23061,acc_23061
phone_23062,acc_23062
phone_23063,acc_23063
phone_23064,acc_23064
phone_23065,acc_23065
phone_23066,acc_23066
phone_23067,acc_23067
phone_23068,acc_23068
phone_23069,acc_23069
phone_23070,acc_23070
phone_23071,acc_23071
phone_23072,acc_23072
phone_23073,acc_23073
phone_23074,acc_23074
phone_23075,acc_23075
phone_23076,acc_23076
phone_23077,acc_23077
phone_23078,acc_23078
phone_23079,acc_23079
phone_23080,acc_23080
phone_23081,acc_23081
phone_23082,acc_23082
phone_23083,acc_23083
phone_23084,acc_23084
phone_23085,acc_23085
phone_23086,acc_23086
phone_23087,acc_23087
phone_23088,acc_23088
phone_23089,acc_23089
phone_23090,acc_23090
phone_23091,acc_23091
phone_23092,acc_23092
phone_23093,acc_23093
phone_23094,acc_23094
phone_23095,acc_23095
phone_23096,acc_23096
phone_23097,acc_23097
phone_23098,acc_23098
phone_23099,acc_23099
phone_23100,acc_23100
phone_23101,acc_23101
phone_23102,acc_23102
phone_23103,acc_23103
phone_23104,acc_23104
phone_23105,acc_23105
phone_23106,acc_23106
phone_23107,acc_23107
phone_23108,acc_23108
phone_23109,acc_23109
phone_23110,acc_23110
phone_23111,acc_23111
phone_23112,acc_23112
phone_23113,acc_23113
phone_23114,acc_23114
phone_23115,acc_23115
phone_23116,acc_23116
phone_23117,acc_23117
phone_23118,acc_23118
phone_23119,acc_23119
phone_23120,acc_23120
phone_23121,acc_23121
phone_23122,acc_23122
phone_23123,acc_23123
phone_23124,acc_23124
phone_23125,acc_23125
phone_23126,acc_23126
phone_23127,acc_23127
phone_23128,acc_23128
phone_23129,acc_23129
phone_23130,acc_23130
phone_23131,acc_23131
phone_23132,acc_23132
phone_23133,acc_23133
phone_23134,acc_23134
phone_23135,acc_23135
phone_23136,acc_23136
phone_23137,acc_23137
phone_23138,acc_23138
phone_23139,acc_23139
phone_23140,acc_23140
phone_23141,acc_23141
phone_23142,acc_23142
phone_23143,acc_23143
phone_23144,acc_23144
phone_23145,acc_23145
phone_23146,acc_23146
phone_23147,acc_23147
phone_23148,acc_23148
phone_23149,acc_23149
phone_23150,acc_23150
phone_23151,acc_23151
phone_23152,acc_23152
phone_23153,acc_23153
phone_23154,acc_23154
phone_23155,acc_23155
phone_23156,acc_23156
phone_23157,acc_23157
phone_23158,acc_23158
phone_23159,acc_23159
phone_23160,acc_23160
phone_23161,acc_23161
phone_23162,acc_23162
phone_23163,acc_23163
phone_23164,acc_23164
phone_23165,acc_23165
phone_23166,acc_23166
phone_23167,acc_23167
phone_23168,acc_23168
phone_23169,acc_23169
phone_23170,acc_23170
phone_23171,acc_23171
phone_23172,acc_23172
phone_23173,acc_23173
phone_23174,acc_23174
phone_23175,acc_23175
phone_23176,acc_23176
phone_23177,acc_23177
phone_23178,acc_23178
phone_23179,acc_23179
phone_23180,acc_23180
phone_23181,acc_23181
phone_23182,acc_23182
phone_23183,acc_23183
phone_23184,acc_23184
phone_23185,acc_23185
phone_23186,acc_23186
phone_23187,acc_23187
phone_23188,acc_23188
phone_23189,acc_23189
phone_23190,acc_23190
phone_23191,acc_23191
phone_23192,acc_23192
phone_23193,acc_23193
phone_23194,acc_23194
phone_23195,acc_23195
phone_23196,acc_23196
phone_23197,acc_23197
phone_23198,acc_23198
phone_23199,acc_23199
phone_23200,acc_23200
phone_23201,acc_23201
phone_23202,acc_23202
phone_23203,acc_23203
phone_23204,acc_23204
phone_23205,acc_23205
phone_23206,acc_23206
phone_23207,acc_23207
phone_23208,acc_23208
phone_23209,acc_23209
phone_23210,acc_23210
phone_23211,acc_23211
phone_23212,acc_23212
phone_23213,acc_23213
phone_23214,acc_23214
phone_23215,acc_23215
phone_23216,acc_23216
phone_23217,acc_23217
phone_23218,acc_23218
phone_23219,acc_23219
phone_23220,acc_23220
phone_23221,acc_23221
phone_23222,acc_23222
phone_23223,acc_23223
phone_23224,acc_23224
phone_23225,acc_23225
phone_23226,acc_23226
phone_23227,acc_23227
phone_23228,acc_23228
phone_23229,acc_23229
phone_23230,acc_23230
phone_23231,acc_23231
phone_23232,acc_23232
phone_23233,acc_23233
phone_23234,acc_23234
phone_23235,acc_23235
phone_23236,acc_23236
phone_23237,acc_23237
phone_23238,acc_23238
phone_23239,acc_23239
phone_23240,acc_23240
phone_23241,acc_23241
phone_23242,acc_23242
phone_23243,acc_23243
phone_23244,acc_23244
phone_23245,acc_23245
phone_23246,acc_23246
phone_23247,acc_23247
phone_23248,acc_23248
phone_23249,acc_23249
phone_23250,acc_23250
phone_23251,acc_23251
phone_23252,acc_23252
phone_23253,acc_23253
phone_23254,acc_23254
phone_23255,acc_23255
phone_23256,acc_23256
phone_23257,acc_23257
phone_23258,acc_23258
phone_23259,acc_23259
phone_23260,acc_23260
phone_23261,acc_23261
phone_23262,acc_23262
phone_23263,acc_23263
phone_23264,acc_23264
phone_23265,acc_23265
phone_23266,acc_23266
phone_23267,acc_23267
phone_23268,acc_23268
phone_23269,acc_23269
phone_23270,acc_23270
phone_23271,acc_23271
phone_23272,acc_23272
phone_23273,acc_23273
phone_23274,acc_23274
phone_23275,acc_23275
phone_23276,acc_23276
phone_23277,acc_23277
phone_23278,acc_23278
phone_23279,acc_23279
phone_23280,acc_23280
phone_23281,acc_23281
phone_23282,acc_23282
phone_23283,acc_23283
phone_23284,acc_23284
phone_23285,acc_23285
phone_23286,acc_23286
phone_23287,acc_23287
phone_23288,acc_23288
phone_23289,acc_23289
phone_23290,acc_23290
phone_23291,acc_23291
phone_23292,acc_23292
phone_23293,acc_23293
phone_23294,acc_23294
phone_23295,acc_23295
phone_23296,acc_23296
phone_23297,acc_23297
phone_23298,acc_23298
phone_23299,acc_23299
phone_23300,acc_23300
phone_23301,acc_23301
phone_23302,acc_23302
phone_23303,acc_23303
phone_23304,acc_23304
phone_23305,acc_23305
phone_23306,acc_23306
phone_23307,acc_23307
phone_23308,acc_23308
phone_23309,acc_23309
phone_23310,acc_23310
phone_23311,acc_23311
phone_23312,acc_23312
phone_23313,acc_23313
phone_23314,acc_23314
phone_23315,acc_23315
phone_23316,acc_23316
phone_23317,acc_23317
phone_23318,acc_23318
phone_23319,acc_23319
phone_23320,acc_23320
phone_23321,acc_23321
phone_23322,acc_23322
phone_23323,acc_23323
phone_23324,acc_23324
phone_23325,acc_23325
phone_23326,acc_23326
phone_23327,acc_23327
phone_23328,acc_23328
phone_23329,acc_23329
phone_23330,acc_23330
phone_23331,acc_23331
phone_23332,acc_23332
phone_23333,acc_23333
phone_23334,acc_23334
phone_23335,acc_23335
phone_23336,acc_23336
phone_23337,acc_23337
phone_23338,acc_23338
phone_23339,acc_23339
phone_23340,acc_23340
phone_23341,acc_23341
phone_23342,acc_23342
phone_23343,acc_23343
phone_23344,acc_23344
phone_23345,acc_23345
phone_23346,acc_23346
phone_23347,acc_23347
phone_23348,acc_23348
phone_23349,acc_23349
phone_23350,acc_23350
phone_23351,acc_23351
phone_23352,acc_23352
phone_23353,acc_23353
phone_23354,acc_23354
phone_23355,acc_23355
phone_23356,acc_23356
phone_23357,acc_23357
phone_23358,acc_23358
phone_23359,acc_23359
phone_23360,acc_23360
phone_23361,acc_23361
phone_23362,acc_23362
phone_23363,acc_23363
phone_23364,acc_23364
phone_23365,acc_23365
phone_23366,acc_23366
phone_23367,acc_23367
phone_23368,acc_23368
phone_23369,acc_23369
phone_23370,acc_23370
phone_23371,acc_23371
phone_23372,acc_23372
phone_23373,acc_23373
phone_23374,acc_23374
phone_23375,acc_23375
phone_23376,acc_23376
phone_23377,acc_23377
phone_23378,acc_23378
phone_23379,acc_23379
phone_23380,acc_23380
phone_23381,acc_23381
phone_23382,acc_23382
phone_23383,acc_23383
phone_23384,acc_23384
phone_23385,acc_23385
phone_23386,acc_23386
phone_23387,acc_23387
phone_23388,acc_23388
phone_23389,acc_23389
phone_23390,acc_23390
phone_23391,acc_23391
phone_23392,acc_23392
phone_23393,acc_23393
phone_23394,acc_23394
phone_23395,acc_23395
phone_23396,acc_23396
phone_23397,acc_23397
phone_23398,acc_23398
phone_23399,acc_23399
phone_23400,acc_23400
phone_23401,acc_23401
phone_23402,acc_23402
phone_23403,acc_23403
phone_23404,acc_23404
phone_23405,acc_23405
phone_23406,acc_23406
phone_23407,acc_23407
phone_23408,acc_23408
phone_23409,acc_23409
phone_23410,acc_23410
phone_23411,acc_23411
phone_23412,acc_23412
phone_23413,acc_23413
phone_23414,acc_23414
phone_23415,acc_23415
phone_23416,acc_23416
phone_23417,acc_23417
phone_23418,acc_23418
phone_23419,acc_23419
phone_23420,acc_23420
phone_23421,acc_23421
phone_23422,acc_23422
phone_23423,acc_23423
phone_23424,acc_23424
phone_23425,acc_23425
phone_23426,acc_23426
phone_23427,acc_23427
phone_23428,acc_23428
phone_23429,acc_23429
phone_23430,acc_23430
phone_23431,acc_23431
phone_23432,acc_23432
phone_23433,acc_23433
phone_23434,acc_23434
phone_23435,acc_23435
phone_23436,acc_23436
phone_23437,acc_23437
phone_23438,acc_23438
phone_23439,acc_23439
phone_23440,acc_23440
phone_23441,acc_23441
phone_23442,acc_23442
phone_23443,acc_23443
phone_23444,acc_23444
phone_23445,acc_23445
phone_23446,acc_23446
phone_23447,acc_23447
phone_23448,acc_23448
phone_23449,acc_23449
phone_23450,acc_23450
phone_23451,acc_23451
phone_23452,acc_23452
phone_23453,acc_23453
phone_23454,acc_23454
phone_23455,acc_23455
phone_23456,acc_23456
phone_23457,acc_23457
phone_23458,acc_23458
phone_23459,acc_23459
phone_23460,acc_23460
phone_23461,acc_23461
phone_23462,acc_23462
phone_23463,acc_23463
phone_23464,acc_23464
phone_23465,acc_23465
phone_23466,acc_23466
phone_23467,acc_23467
phone_23468,acc_23468
phone_23469,acc_23469
phone_23470,acc_23470
phone_23471,acc_23471
phone_23472,acc_23472
phone_23473,acc_23473
phone_23474,acc_23474
phone_23475,acc_23475
phone_23476,acc_23476
phone_23477,acc_23477
phone_23478,acc_23478
phone_23479,acc_23479
phone_23480,acc_23480
phone_23481,acc_23481
phone_23482,acc_23482
phone_23483,acc_23483
phone_23484,acc_23484
phone_23485,acc_23485
phone_23486,acc_23486
phone_23487,acc_23487
phone_23488,acc_23488
phone_23489,acc_23489
phone_23490,acc_23490
phone_23491,acc_23491
phone_23492,acc_23492
phone_23493,acc_23493
phone_23494,acc_23494
phone_23495,acc_23495
phone_23496,acc_23496
phone_23497,acc_23497
phone_23498,acc_23498
phone_23499,acc_23499
phone_23500,acc_23500
phone_23501,acc_23501
phone_23502,acc_23502
phone_23503,acc_23503
phone_23504,acc_23504
phone_23505,acc_23505
phone_23506,acc_23506
phone_23507,acc_23507
phone_23508,acc_23508
phone_23509,acc_23509
phone_23510,acc_23510
phone_23511,acc_23511
phone_23512,acc_23512
phone_23513,acc_23513
phone_23514,acc_23514
phone_23515,acc_23515
phone_23516,acc_23516
phone_23517,acc_23517
phone_23518,acc_23518
phone_23519,acc_23519
phone_23520,acc_23520
phone_23521,acc_23521
phone_23522,acc_23522
phone_23523,acc_23523
phone_23524,acc_23524
phone_23525,acc_23525
phone_23526,acc_23526
phone_23527,acc_23527
phone_23528,acc_23528
phone_23529,acc_23529
phone_23530,acc_23530
phone_23531,acc_23531
phone_23532,acc_23532
phone_23533,acc_23533
phone_23534,acc_23534
phone_23535,acc_23535
phone_23536,acc_23536
phone_23537,acc_23537
phone_23538,acc_23538
phone_23539,acc_23539
phone_23540,acc_23540
phone_23541,acc_23541
phone_23542,acc_23542
phone_23543,acc_23543
phone_23544,acc_23544
phone_23545,acc_23545
phone_23546,acc_23546
phone_23547,acc_23547
phone_23548,acc_23548
phone_23549,acc_23549
phone_23550,acc_23550
phone_23551,acc_23551
phone_23552,acc_23552
phone_23553,acc_23553
phone_23554,acc_23554
phone_23555,acc_23555
phone_23556,acc_23556
phone_23557,acc_23557
phone_23558,acc_23558
phone_23559,acc_23559
phone_23560,acc_23560
phone_23561,acc_23561
phone_23562,acc_23562
phone_23563,acc_23563
phone_23564,acc_23564
phone_23565,acc_23565
phone_23566,acc_23566
phone_23567,acc_23567
phone_23568,acc_23568
phone_23569,acc_23569
phone_23570,acc_23570
phone_23571,acc_23571
phone_23572,acc_23572
phone_23573,acc_23573
phone_23574,acc_23574
phone_23575,acc_23575
phone_23576,acc_23576
phone_23577,acc_23577
phone_23578,acc_23578
phone_23579,acc_23579
phone_23580,acc_23580
phone_23581,acc_23581
phone_23582,acc_23582
phone_23583,acc_23583
phone_23584,acc_23584
phone_23585,acc_23585
phone_23586,acc_23586
phone_23587,acc_23587
phone_23588,acc_23588
phone_23589,acc_23589
phone_23590,acc_23590
phone_23591,acc_23591
phone_23592,acc_23592
phone_23593,acc_23593
phone_23594,acc_23594
phone_23595,acc_23595
phone_23596,acc_23596
phone_23597,acc_23597
phone_23598,acc_23598
phone_23599,acc_23599
phone_23600,acc_23600
phone_23601,acc_23601
phone_23602,acc_23602
phone_23603,acc_23603
phone_23604,acc_23604
phone_23605,acc_23605
phone_23606,acc_23606
phone_23607,acc_23607
phone_23608,acc_23608
phone_23609,acc_23609
phone_23610,acc_23610
phone_23611,acc_23611
phone_23612,acc_23612
phone_23613,acc_23613
phone_23614,acc_23614
phone_23615,acc_23615
phone_23616,acc_23616
phone_23617,acc_23617
phone_23618,acc_23618
phone_23619,acc_23619
phone_23620,acc_23620
phone_23621,acc_23621
phone_23622,acc_23622
phone_23623,acc_23623
phone_23624,acc_23624
phone_23625,acc_23625
phone_23626,acc_23626
phone_23627,acc_23627
phone_23628,acc_23628
phone_23629,acc_23629
phone_23630,acc_23630
phone_23631,acc_23631
phone_23632,acc_23632
phone_23633,acc_23633
phone_23634,acc_23634
phone_23635,acc_23635
phone_23636,acc_23636
phone_23637,acc_23637
phone_23638,acc_23638
phone_23639,acc_23639
phone_23640,acc_23640
phone_23641,acc_23641
phone_23642,acc_23642
phone_23643,acc_23643
phone_23644,acc_23644
phone_23645,acc_23645
phone_23646,acc_23646
phone_23647,acc_23647
phone_23648,acc_23648
phone_23649,acc_23649
phone_23650,acc_23650
phone_23651,acc_23651
phone_23652,acc_23652
phone_23653,acc_23653
phone_23654,acc_23654
phone_23655,acc_23655
phone_23656,acc_23656
phone_23657,acc_23657
phone_23658,acc_23658
phone_23659,acc_23659
phone_23660,acc_23660
phone_23661,acc_23661
phone_23662,acc_23662
phone_23663,acc_23663
phone_23664,acc_23664
phone_23665,acc_23665
phone_23666,acc_23666
phone_23667,acc_23667
phone_23668,acc_23668
phone_23669,acc_23669
phone_23670,acc_23670
phone_23671,acc_23671
phone_23672,acc_23672
phone_23673,acc_23673
phone_23674,acc_23674
phone_23675,acc_23675
phone_23676,acc_23676
phone_23677,acc_23677
phone_23678,acc_23678
phone_23679,acc_23679
phone_23680,acc_23680
phone_23681,acc_23681
phone_23682,acc_23682
phone_23683,acc_23683
phone_23684,acc_23684
phone_23685,acc_23685
phone_23686,acc_23686
phone_23687,acc_23687
phone_23688,acc_23688
phone_23689,acc_23689
phone_23690,acc_23690
phone_23691,acc_23691
phone_23692,acc_23692
phone_23693,acc_23693
phone_23694,acc_23694
phone_23695,acc_23695
phone_23696,acc_23696
phone_23697,acc_23697
phone_23698,acc_23698
phone_23699,acc_23699
phone_23700,acc_23700
phone_23701,acc_23701
phone_23702,acc_23702
phone_23703,acc_23703
phone_23704,acc_23704
phone_23705,acc_23705
phone_23706,acc_23706
phone_23707,acc_23707
phone_23708,acc_23708
phone_23709,acc_23709
phone_23710,acc_23710
phone_23711,acc_23711
phone_23712,acc_23712
phone_23713,acc_23713
phone_23714,acc_23714
phone_23715,acc_23715
phone_23716,acc_23716
phone_23717,acc_23717
phone_23718,acc_23718
phone_23719,acc_23719
phone_23720,acc_23720
phone_23721,acc_23721
phone_23722,acc_23722
phone_23723,acc_23723
phone_23724,acc_23724
phone_23725,acc_23725
phone_23726,acc_23726
phone_23727,acc_23727
phone_23728,acc_23728
phone_23729,acc_23729
phone_23730,acc_23730
phone_23731,acc_23731
phone_23732,acc_23732
phone_23733,acc_23733
phone_23734,acc_23734
phone_23735,acc_23735
phone_23736,acc_23736
phone_23737,acc_23737
phone_23738,acc_23738
phone_23739,acc_23739
phone_23740,acc_23740
phone_23741,acc_23741
phone_23742,acc_23742
phone_23743,acc_23743
phone_23744,acc_23744
phone_23745,acc_23745
phone_23746,acc_23746
phone_23747,acc_23747
phone_23748,acc_23748
phone_23749,acc_23749
phone_23750,acc_23750
phone_23751,acc_23751
phone_23752,acc_23752
phone_23753,acc_23753
phone_23754,acc_23754
phone_23755,acc_23755
phone_23756,acc_23756
phone_23757,acc_23757
phone_23758,acc_23758
phone_23759,acc_23759
phone_23760,acc_23760
phone_23761,acc_23761
phone_23762,acc_23762
phone_23763,acc_23763
phone_23764,acc_23764
phone_23765,acc_23765
phone_23766,acc_23766
phone_23767,acc_23767
phone_23768,acc_23768
phone_23769,acc_23769
phone_23770,acc_23770
phone_23771,acc_23771
phone_23772,acc_23772
phone_23773,acc_23773
phone_23774,acc_23774
phone_23775,acc_23775
phone_23776,acc_23776
phone_23777,acc_23777
phone_23778,acc_23778
phone_23779,acc_23779
phone_23780,acc_23780
phone_23781,acc_23781
phone_23782,acc_23782
phone_23783,acc_23783
phone_23784,acc_23784
phone_23785,acc_23785
phone_23786,acc_23786
phone_23787,acc_23787
phone_23788,acc_23788
phone_23789,acc_23789
phone_23790,acc_23790
phone_23791,acc_23791
phone_23792,acc_23792
phone_23793,acc_23793
phone_23794,acc_23794
phone_23795,acc_23795
phone_23796,acc_23796
phone_23797,acc_23797
phone_23798,acc_23798
phone_23799,acc_23799
phone_23800,acc_23800
phone_23801,acc_23801
phone_23802,acc_23802
phone_23803,acc_23803
phone_23804,acc_23804
phone_23805,acc_23805
phone_23806,acc_23806
phone_23807,acc_23807
phone_23808,acc_23808
phone_23809,acc_23809
phone_23810,acc_23810
phone_23811,acc_23811
phone_23812,acc_23812
phone_23813,acc_23813
phone_23814,acc_23814
phone_23815,acc_23815
phone_23816,acc_23816
phone_23817,acc_23817
phone_23818,acc_23818
phone_23819,acc_23819
phone_23820,acc_23820
phone_23821,acc_23821
phone_23822,acc_23822
phone_23823,acc_23823
phone_23824,acc_23824
phone_23825,acc_23825
phone_23826,acc_23826
phone_23827,acc_23827
phone_23828,acc_23828
phone_23829,acc_23829
phone_23830,acc_23830
phone_23831,acc_23831
phone_23832,acc_23832
phone_23833,acc_23833
phone_23834,acc_23834
phone_23835,acc_23835
phone_23836,acc_23836
phone_23837,acc_23837
phone_23838,acc_23838
phone_23839,acc_23839
phone_23840,acc_23840
phone_23841,acc_23841
phone_23842,acc_23842
phone_23843,acc_23843
phone_23844,acc_23844
phone_23845,acc_23845
phone_23846,acc_23846
phone_23847,acc_23847
phone_23848,acc_23848
phone_23849,acc_23849
phone_23850,acc_23850
phone_23851,acc_23851
phone_23852,acc_23852
phone_23853,acc_23853
phone_23854,acc_23854
phone_23855,acc_23855
phone_23856,acc_23856
phone_23857,acc_23857
phone_23858,acc_23858
phone_23859,acc_23859
phone_23860,acc_23860
phone_23861,acc_23861
phone_23862,acc_23862
phone_23863,acc_23863
phone_23864,acc_23864
phone_23865,acc_23865
phone_23866,acc_23866
phone_23867,acc_23867
phone_23868,acc_23868
phone_23869,acc_23869
phone_23870,acc_23870
phone_23871,acc_23871
phone_23872,acc_23872
phone_23873,acc_23873
phone_23874,acc_23874
phone_23875,acc_23875
phone_23876,acc_23876
phone_23877,acc_23877
phone_23878,acc_23878
phone_23879,acc_23879
phone_23880,acc_23880
phone_23881,acc_23881
phone_23882,acc_23882
phone_23883,acc_23883
phone_23884,acc_23884
phone_23885,acc_23885
phone_23886,acc_23886
phone_23887,acc_23887
phone_23888,acc_23888
phone_23889,acc_23889
phone_23890,acc_23890
phone_23891,acc_23891
phone_23892,acc_23892
phone_23893,acc_23893
phone_23894,acc_23894
phone_23895,acc_23895
phone_23896,acc_23896
phone_23897,acc_23897
phone_23898,acc_23898
phone_23899,acc_23899
phone_23900,acc_23900
phone_23901,acc_23901
phone_23902,acc_23902
phone_23903,acc_23903
phone_23904,acc_23904
phone_23905,acc_23905
phone_23906,acc_23906
phone_23907,acc_23907
phone_23908,acc_23908
phone_23909,acc_23909
phone_23910,acc_23910
phone_23911,acc_23911
phone_23912,acc_23912
phone_23913,acc_23913
phone_23914,acc_23914
phone_23915,acc_23915
phone_23916,acc_23916
phone_23917,acc_23917
phone_23918,acc_23918
phone_23919,acc_23919
phone_23920,acc_23920
phone_23921,acc_23921
phone_23922,acc_23922
phone_23923,acc_23923
phone_23924,acc_23924
phone_23925,acc_23925
phone_23926,acc_23926
phone_23927,acc_23927
phone_23928,acc_23928
phone_23929,acc_23929
phone_23930,acc_23930
phone_23931,acc_23931
phone_23932,acc_23932
phone_23933,acc_23933
phone_23934,acc_23934
phone_23935,acc_23935
phone_23936,acc_23936
phone_23937,acc_23937
phone_23938,acc_23938
phone_23939,acc_23939
phone_23940,acc_23940
phone_23941,acc_23941
phone_23942,acc_23942
phone_23943,acc_23943
phone_23944,acc_23944
phone_23945,acc_23945
phone_23946,acc_23946
phone_23947,acc_23947
phone_23948,acc_23948
phone_23949,acc_23949
phone_23950,acc_23950
phone_23951,acc_23951
phone_23952,acc_23952
phone_23953,acc_23953
phone_23954,acc_23954
phone_23955,acc_23955
phone_23956,acc_23956
phone_23957,acc_23957
phone_23958,acc_23958
phone_23959,acc_23959
phone_23960,acc_23960
phone_23961,acc_23961
phone_23962,acc_23962
phone_23963,acc_23963
phone_23964,acc_23964
phone_23965,acc_23965
phone_23966,acc_23966
phone_23967,acc_23967
phone_23968,acc_23968
phone_23969,acc_23969
phone_23970,acc_23970
phone_23971,acc_23971
phone_23972,acc_23972
phone_23973,acc_23973
phone_23974,acc_23974
phone_23975,acc_23975
phone_23976,acc_23976
phone_23977,acc_23977
phone_23978,acc_23978
phone_23979,acc_23979
phone_23980,acc_23980
phone_23981,acc_23981
phone_23982,acc_23982
phone_23983,acc_23983
phone_23984,acc_23984
phone_23985,acc_23985
phone_23986,acc_23986
phone_23987,acc_23987
phone_23988,acc_23988
phone_23989,acc_23989
phone_23990,acc_23990
phone_23991,acc_23991
phone_23992,acc_23992
phone_23993,acc_23993
phone_23994,acc_23994
phone_23995,acc_23995
phone_23996,acc_23996
phone_23997,acc_23997
phone_23998,acc_23998
phone_23999,acc_23999
phone_24000,acc_24000
phone_24001,acc_24001
phone_24002,acc_24002
phone_24003,acc_24003
phone_24004,acc_24004
phone_24005,acc_24005
phone_24006,acc_24006
phone_24007,acc_24007
phone_24008,acc_24008
phone_24009,acc_24009
phone_24010,acc_24010
phone_24011,acc_24011
phone_24012,acc_24012
phone_24013,acc_24013
phone_24014,acc_24014
phone_24015,acc_24015
phone_24016,acc_24016
phone_24017,acc_24017
phone_24018,acc_24018
phone_24019,acc_24019
phone_24020,acc_24020
phone_24021,acc_24021
phone_24022,acc_24022
phone_24023,acc_24023
phone_24024,acc_24024
phone_24025,acc_24025
phone_24026,acc_24026
phone_24027,acc_24027
phone_24028,acc_24028
phone_24029,acc_24029
phone_24030,acc_24030
phone_24031,acc_24031
phone_24032,acc_24032
phone_24033,acc_24033
phone_24034,acc_24034
phone_24035,acc_24035
phone_24036,acc_24036
phone_24037,acc_24037
phone_24038,acc_24038
phone_24039,acc_24039
phone_24040,acc_24040
phone_24041,acc_24041
phone_24042,acc_24042
phone_24043,acc_24043
phone_24044,acc_24044
phone_24045,acc_24045
phone_24046,acc_24046
phone_24047,acc_24047
phone_24048,acc_24048
phone_24049,acc_24049
phone_24050,acc_24050
phone_24051,acc_24051
phone_24052,acc_24052
phone_24053,acc_24053
phone_24054,acc_24054
phone_24055,acc_24055
phone_24056,acc_24056
phone_24057,acc_24057
phone_24058,acc_24058
phone_24059,acc_24059
phone_24060,acc_24060
phone_24061,acc_24061
phone_24062,acc_24062
phone_24063,acc_24063
phone_24064,acc_24064
phone_24065,acc_24065
phone_24066,acc_24066
phone_24067,acc_24067
phone_24068,acc_24068
phone_24069,acc_24069
phone_24070,acc_24070
phone_24071,acc_24071
phone_24072,acc_24072
phone_24073,acc_24073
phone_24074,acc_24074
phone_24075,acc_24075
phone_24076,acc_24076
phone_24077,acc_24077
phone_24078,acc_24078
phone_24079,acc_24079
phone_24080,acc_24080
phone_24081,acc_24081
phone_24082,acc_24082
phone_24083,acc_24083
phone_24084,acc_24084
phone_24085,acc_24085
phone_24086,acc_24086
phone_24087,acc_24087
phone_24088,acc_24088
phone_24089,acc_24089
phone_24090,acc_24090
phone_24091,acc_24091
phone_24092,acc_24092
phone_24093,acc_24093
phone_24094,acc_24094
phone_24095,acc_24095
phone_24096,acc_24096
phone_24097,acc_24097
phone_24098,acc_24098
phone_24099,acc_24099
phone_24100,acc_24100
phone_24101,acc_24101
phone_24102,acc_24102
phone_24103,acc_24103
phone_24104,acc_24104
phone_24105,acc_24105
phone_24106,acc_24106
phone_24107,acc_24107
phone_24108,acc_24108
phone_24109,acc_24109
phone_24110,acc_24110
phone_24111,acc_24111
phone_24112,acc_24112
phone_24113,acc_24113
phone_24114,acc_24114
phone_24115,acc_24115
phone_24116,acc_24116
phone_24117,acc_24117
phone_24118,acc_24118
phone_24119,acc_24119
phone_24120,acc_24120
phone_24121,acc_24121
phone_24122,acc_24122
phone_24123,acc_24123
phone_24124,acc_24124
phone_24125,acc_24125
phone_24126,acc_24126
phone_24127,acc_24127
phone_24128,acc_24128
phone_24129,acc_24129
phone_24130,acc_24130
phone_24131,acc_24131
phone_24132,acc_24132
phone_24133,acc_24133
phone_24134,acc_24134
phone_24135,acc_24135
phone_24136,acc_24136
phone_24137,acc_24137
phone_24138,acc_24138
phone_24139,acc_24139
phone_24140,acc_24140
phone_24141,acc_24141
phone_24142,acc_24142
phone_24143,acc_24143
phone_24144,acc_24144
phone_24145,acc_24145
phone_24146,acc_24146
phone_24147,acc_24147
phone_24148,acc_24148
phone_24149,acc_24149
phone_24150,acc_24150
phone_24151,acc_24151
phone_24152,acc_24152
phone_24153,acc_24153
phone_24154,acc_24154
phone_24155,acc_24155
phone_24156,acc_24156
phone_24157,acc_24157
phone_24158,acc_24158
phone_24159,acc_24159
phone_24160,acc_24160
phone_24161,acc_24161
phone_24162,acc_24162
phone_24163,acc_24163
phone_24164,acc_24164
phone_24165,acc_24165
phone_24166,acc_24166
phone_24167,acc_24167
phone_24168,acc_24168
phone_24169,acc_24169
phone_24170,acc_24170
phone_24171,acc_24171
phone_24172,acc_24172
phone_24173,acc_24173
phone_24174,acc_24174
phone_24175,acc_24175
phone_24176,acc_24176
phone_24177,acc_24177
phone_24178,acc_24178
phone_24179,acc_24179
phone_24180,acc_24180
phone_24181,acc_24181
phone_24182,acc_24182
phone_24183,acc_24183
phone_24184,acc_24184
phone_24185,acc_24185
phone_24186,acc_24186
phone_24187,acc_24187
phone_24188,acc_24188
phone_24189,acc_24189
phone_24190,acc_24190
phone_24191,acc_24191
phone_24192,acc_24192
phone_24193,acc_24193
phone_24194,acc_24194
phone_24195,acc_24195
phone_24196,acc_24196
phone_24197,acc_24197
phone_24198,acc_24198
phone_24199,acc_24199
phone_24200,acc_24200
phone_24201,acc_24201
phone_24202,acc_24202
phone_24203,acc_24203
phone_24204,acc_24204
phone_24205,acc_24205
phone_24206,acc_24206
phone_24207,acc_24207
phone_24208,acc_24208
phone_24209,acc_24209
phone_24210,acc_24210
phone_24211,acc_24211
phone_24212,acc_24212
phone_24213,acc_24213
phone_24214,acc_24214
phone_24215,acc_24215
phone_24216,acc_24216
phone_24217,acc_24217
phone_24218,acc_24218
phone_24219,acc_24219
phone_24220,acc_24220
phone_24221,acc_24221
phone_24222,acc_24222
phone_24223,acc_24223
phone_24224,acc_24224
phone_24225,acc_24225
phone_24226,acc_24226
phone_24227,acc_24227
phone_24228,acc_24228
phone_24229,acc_24229
phone_24230,acc_24230
phone_24231,acc_24231
phone_24232,acc_24232
phone_24233,acc_24233
phone_24234,acc_24234
phone_24235,acc_24235
phone_24236,acc_24236
phone_24237,acc_24237
phone_24238,acc_24238
phone_24239,acc_24239
phone_24240,acc_24240
phone_24241,acc_24241
phone_24242,acc_24242
phone_24243,acc_24243
phone_24244,acc_24244
phone_24245,acc_24245
phone_24246,acc_24246
phone_24247,acc_24247
phone_24248,acc_24248
phone_24249,acc_24249
phone_24250,acc_24250
phone_24251,acc_24251
phone_24252,acc_24252
phone_24253,acc_24253
phone_24254,acc_24254
phone_24255,acc_24255
phone_24256,acc_24256
phone_24257,acc_24257
phone_24258,acc_24258
phone_24259,acc_24259
phone_24260,acc_24260
phone_24261,acc_24261
phone_24262,acc_24262
phone_24263,acc_24263
phone_24264,acc_24264
phone_24265,acc_24265
phone_24266,acc_24266
phone_24267,acc_24267
phone_24268,acc_24268
phone_24269,acc_24269
phone_24270,acc_24270
phone_24271,acc_24271
phone_24272,acc_24272
phone_24273,acc_24273
phone_24274,acc_24274
phone_24275,acc_24275
phone_24276,acc_24276
phone_24277,acc_24277
phone_24278,acc_24278
phone_24279,acc_24279
phone_24280,acc_24280
phone_24281,acc_24281
phone_24282,acc_24282
phone_24283,acc_24283
phone_24284,acc_24284
phone_24285,acc_24285
phone_24286,acc_24286
phone_24287,acc_24287
phone_24288,acc_24288
phone_24289,acc_24289
phone_24290,acc_24290
phone_24291,acc_24291
phone_24292,acc_24292
phone_24293,acc_24293
phone_24294,acc_24294
phone_24295,acc_24295
phone_24296,acc_24296
phone_24297,acc_24297
phone_24298,acc_24298
phone_24299,acc_24299
phone_24300,acc_24300
phone_24301,acc_24301
phone_24302,acc_24302
phone_24303,acc_24303
phone_24304,acc_24304
phone_24305,acc_24305
phone_24306,acc_24306
phone_24307,acc_24307
phone_24308,acc_24308
phone_24309,acc_24309
phone_24310,acc_24310
phone_24311,acc_24311
phone_24312,acc_24312
phone_24313,acc_24313
phone_24314,acc_24314
phone_24315,acc_24315
phone_24316,acc_24316
phone_24317,acc_24317
phone_24318,acc_24318
phone_24319,acc_24319
phone_24320,acc_24320
phone_24321,acc_24321
phone_24322,acc_24322
phone_24323,acc_24323
phone_24324,acc_24324
phone_24325,acc_24325
phone_24326,acc_24326
phone_24327,acc_24327
phone_24328,acc_24328
phone_24329,acc_24329
phone_24330,acc_24330
phone_24331,acc_24331
phone_24332,acc_24332
phone_24333,acc_24333
phone_24334,acc_24334
phone_24335,acc_24335
phone_24336,acc_24336
phone_24337,acc_24337
phone_24338,acc_24338
phone_24339,acc_24339
phone_24340,acc_24340
phone_24341,acc_24341
phone_24342,acc_24342
phone_24343,acc_24343
phone_24344,acc_24344
phone_24345,acc_24345
phone_24346,acc_24346
phone_24347,acc_24347
phone_24348,acc_24348
phone_24349,acc_24349
phone_24350,acc_24350
phone_24351,acc_24351
phone_24352,acc_24352
phone_24353,acc_24353
phone_24354,acc_24354
phone_24355,acc_24355
phone_24356,acc_24356
phone_24357,acc_24357
phone_24358,acc_24358
phone_24359,acc_24359
phone_24360,acc_24360
phone_24361,acc_24361
phone_24362,acc_24362
phone_24363,acc_24363
phone_24364,acc_24364
phone_24365,acc_24365
phone_24366,acc_24366
phone_24367,acc_24367
phone_24368,acc_24368
phone_24369,acc_24369
phone_24370,acc_24370
phone_24371,acc_24371
phone_24372,acc_24372
phone_24373,acc_24373
phone_24374,acc_24374
phone_24375,acc_24375
phone_24376,acc_24376
phone_24377,acc_24377
phone_24378,acc_24378
phone_24379,acc_24379
phone_24380,acc_24380
phone_24381,acc_24381
phone_24382,acc_24382
phone_24383,acc_24383
phone_24384,acc_24384
phone_24385,acc_24385
phone_24386,acc_24386
phone_24387,acc_24387
phone_24388,acc_24388
phone_24389,acc_24389
phone_24390,acc_24390
phone_24391,acc_24391
phone_24392,acc_24392
phone_24393,acc_24393
phone_24394,acc_24394
phone_24395,acc_24395
phone_24396,acc_24396
phone_24397,acc_24397
phone_24398,acc_24398
phone_24399,acc_24399
phone_24400,acc_24400
phone_24401,acc_24401
phone_24402,acc_24402
phone_24403,acc_24403
phone_24404,acc_24404
phone_24405,acc_24405
phone_24406,acc_24406
phone_24407,acc_24407
phone_24408,acc_24408
phone_24409,acc_24409
phone_24410,acc_24410
phone_24411,acc_24411
phone_24412,acc_24412
phone_24413,acc_24413
phone_24414,acc_24414
phone_24415,acc_24415
phone_24416,acc_24416
phone_24417,acc_24417
phone_24418,acc_24418
phone_24419,acc_24419
phone_24420,acc_24420
phone_24421,acc_24421
phone_24422,acc_24422
phone_24423,acc_24423
phone_24424,acc_24424
phone_24425,acc_24425
phone_24426,acc_24426
phone_24427,acc_24427
phone_24428,acc_24428
phone_24429,acc_24429
phone_24430,acc_24430
phone_24431,acc_24431
phone_24432,acc_24432
phone_24433,acc_24433
phone_24434,acc_24434
phone_24435,acc_24435
phone_24436,acc_24436
phone_24437,acc_24437
phone_24438,acc_24438
phone_24439,acc_24439
phone_24440,acc_24440
phone_24441,acc_24441
phone_24442,acc_24442
phone_24443,acc_24443
phone_24444,acc_24444
phone_24445,acc_24445
phone_24446,acc_24446
phone_24447,acc_24447
phone_24448,acc_24448
phone_24449,acc_24449
phone_24450,acc_24450
phone_24451,acc_24451
phone_24452,acc_24452
phone_24453,acc_24453
phone_24454,acc_24454
phone_24455,acc_24455
phone_24456,acc_24456
phone_24457,acc_24457
phone_24458,acc_24458
phone_24459,acc_24459
phone_24460,acc_24460
phone_24461,acc_24461
phone_24462,acc_24462
phone_24463,acc_24463
phone_24464,acc_24464
phone_24465,acc_24465
phone_24466,acc_24466
phone_24467,acc_24467
phone_24468,acc_24468
phone_24469,acc_24469
phone_24470,acc_24470
phone_24471,acc_24471
phone_24472,acc_24472
phone_24473,acc_24473
phone_24474,acc_24474
phone_24475,acc_24475
phone_24476,acc_24476
phone_24477,acc_24477
phone_24478,acc_24478
phone_24479,acc_24479
phone_24480,acc_24480
phone_24481,acc_24481
phone_24482,acc_24482
phone_24483,acc_24483
phone_24484,acc_24484
phone_24485,acc_24485
phone_24486,acc_24486
phone_24487,acc_24487
phone_24488,acc_24488
phone_24489,acc_24489
phone_24490,acc_24490
phone_24491,acc_24491
phone_24492,acc_24492
phone_24493,acc_24493
phone_24494,acc_24494
phone_24495,acc_24495
phone_24496,acc_24496
phone_24497,acc_24497
phone_24498,acc_24498
phone_24499,acc_24499
phone_24500,acc_24500
phone_24501,acc_24501
phone_24502,acc_24502
phone_24503,acc_24503
phone_24504,acc_24504
phone_24505,acc_24505
phone_24506,acc_24506
phone_24507,acc_24507
phone_24508,acc_24508
phone_24509,acc_24509
phone_24510,acc_24510
phone_24511,acc_24511
phone_24512,acc_24512
phone_24513,acc_24513
phone_24514,acc_24514
phone_24515,acc_24515
phone_24516,acc_24516
phone_24517,acc_24517
phone_24518,acc_24518
phone_24519,acc_24519
phone_24520,acc_24520
phone_24521,acc_24521
phone_24522,acc_24522
phone_24523,acc_24523
phone_24524,acc_24524
phone_24525,acc_24525
phone_24526,acc_24526
phone_24527,acc_24527
phone_24528,acc_24528
phone_24529,acc_24529
phone_24530,acc_24530
phone_24531,acc_24531
phone_24532,acc_24532
phone_24533,acc_24533
phone_24534,acc_24534
phone_24535,acc_24535
phone_24536,acc_24536
phone_24537,acc_24537
phone_24538,acc_24538
phone_24539,acc_24539
phone_24540,acc_24540
phone_24541,acc_24541
phone_24542,acc_24542
phone_24543,acc_24543
phone_24544,acc_24544
phone_24545,acc_24545
phone_24546,acc_24546
phone_24547,acc_24547
phone_24548,acc_24548
phone_24549,acc_24549
phone_24550,acc_24550
phone_24551,acc_24551
phone_24552,acc_24552
phone_24553,acc_24553
phone_24554,acc_24554
phone_24555,acc_24555
phone_24556,acc_24556
phone_24557,acc_24557
phone_24558,acc_24558
phone_24559,acc_24559
phone_24560,acc_24560
phone_24561,acc_24561
phone_24562,acc_24562
phone_24563,acc_24563
phone_24564,acc_24564
phone_24565,acc_24565
phone_24566,acc_24566
phone_24567,acc_24567
phone_24568,acc_24568
phone_24569,acc_24569
phone_24570,acc_24570
phone_24571,acc_24571
phone_24572,acc_24572
phone_24573,acc_24573
phone_24574,acc_24574
phone_24575,acc_24575
phone_24576,acc_24576
phone_24577,acc_24577
phone_24578,acc_24578
phone_24579,acc_24579
phone_24580,acc_24580
phone_24581,acc_24581
phone_24582,acc_24582
phone_24583,acc_24583
phone_24584,acc_24584
phone_24585,acc_24585
phone_24586,acc_24586
phone_24587,acc_24587
phone_24588,acc_24588
phone_24589,acc_24589
phone_24590,acc_24590
phone_24591,acc_24591
phone_24592,acc_24592
phone_24593,acc_24593
phone_24594,acc_24594
phone_24595,acc_24595
phone_24596,acc_24596
phone_24597,acc_24597
phone_24598,acc_24598
phone_24599,acc_24599
phone_24600,acc_24600
phone_24601,acc_24601
phone_24602,acc_24602
phone_24603,acc_24603
phone_24604,acc_24604
phone_24605,acc_24605
phone_24606,acc_24606
phone_24607,acc_24607
phone_24608,acc_24608
phone_24609,acc_24609
phone_24610,acc_24610
phone_24611,acc_24611
phone_24612,acc_24612
phone_24613,acc_24613
phone_24614,acc_24614
phone_24615,acc_24615
phone_24616,acc_24616
phone_24617,acc_24617
phone_24618,acc_24618
phone_24619,acc_24619
phone_24620,acc_24620
phone_24621,acc_24621
phone_24622,acc_24622
phone_24623,acc_24623
phone_24624,acc_24624
phone_24625,acc_24625
phone_24626,acc_24626
phone_24627,acc_24627
phone_24628,acc_24628
phone_24629,acc_24629
phone_24630,acc_24630
phone_24631,acc_24631
phone_24632,acc_24632
phone_24633,acc_24633
phone_24634,acc_24634
phone_24635,acc_24635
phone_24636,acc_24636
phone_24637,acc_24637
phone_24638,acc_24638
phone_24639,acc_24639
phone_24640,acc_24640
phone_24641,acc_24641
phone_24642,acc_24642
phone_24643,acc_24643
phone_24644,acc_24644
phone_24645,acc_24645
phone_24646,acc_24646
phone_24647,acc_24647
phone_24648,acc_24648
phone_24649,acc_24649
phone_24650,acc_24650
phone_24651,acc_24651
phone_24652,acc_24652
phone_24653,acc_24653
phone_24654,acc_24654
phone_24655,acc_24655
phone_24656,acc_24656
phone_24657,acc_24657
phone_24658,acc_24658
phone_24659,acc_24659
phone_24660,acc_24660
phone_24661,acc_24661
phone_24662,acc_24662
phone_24663,acc_24663
phone_24664,acc_24664
phone_24665,acc_24665
phone_24666,acc_24666
phone_24667,acc_24667
phone_24668,acc_24668
phone_24669,acc_24669
phone_24670,acc_24670
phone_24671,acc_24671
phone_24672,acc_24672
phone_24673,acc_24673
phone_24674,acc_24674
phone_24675,acc_24675
phone_24676,acc_24676
phone_24677,acc_24677
phone_24678,acc_24678
phone_24679,acc_24679
phone_24680,acc_24680
phone_24681,acc_24681
phone_24682,acc_24682
phone_24683,acc_24683
phone_24684,acc_24684
phone_24685,acc_24685
phone_24686,acc_24686
phone_24687,acc_24687
phone_24688,acc_24688
phone_24689,acc_24689
phone_24690,acc_24690
phone_24691,acc_24691
phone_24692,acc_24692
phone_24693,acc_24693
phone_24694,acc_24694
phone_24695,acc_24695
phone_24696,acc_24696
phone_24697,acc_24697
phone_24698,acc_24698
phone_24699,acc_24699
phone_24700,acc_24700
phone_24701,acc_24701
phone_24702,acc_24702
phone_24703,acc_24703
phone_24704,acc_24704
phone_24705,acc_24705
phone_24706,acc_24706
phone_24707,acc_24707
phone_24708,acc_24708
phone_24709,acc_24709
phone_24710,acc_24710
phone_24711,acc_24711
phone_24712,acc_24712
phone_24713,acc_24713
phone_24714,acc_24714
phone_24715,acc_24715
phone_24716,acc_24716
phone_24717,acc_24717
phone_24718,acc_24718
phone_24719,acc_24719
phone_24720,acc_24720
phone_24721,acc_24721
phone_24722,acc_24722
phone_24723,acc_24723
phone_24724,acc_24724
phone_24725,acc_24725
phone_24726,acc_24726
phone_24727,acc_24727
phone_24728,acc_24728
phone_24729,acc_24729
phone_24730,acc_24730
phone_24731,acc_24731
phone_24732,acc_24732
phone_24733,acc_24733
phone_24734,acc_24734
phone_24735,acc_24735
phone_24736,acc_24736
phone_24737,acc_24737
phone_24738,acc_24738
phone_24739,acc_24739
phone_24740,acc_24740
phone_24741,acc_24741
phone_24742,acc_24742
phone_24743,acc_24743
phone_24744,acc_24744
phone_24745,acc_24745
phone_24746,acc_24746
phone_24747,acc_24747
phone_24748,acc_24748
phone_24749,acc_24749
phone_24750,acc_24750
phone_24751,acc_24751
phone_24752,acc_24752
phone_24753,acc_24753
phone_24754,acc_24754
phone_24755,acc_24755
phone_24756,acc_24756
phone_24757,acc_24757
phone_24758,acc_24758
phone_24759,acc_24759
phone_24760,acc_24760
phone_24761,acc_24761
phone_24762,acc_24762
phone_24763,acc_24763
phone_24764,acc_24764
phone_24765,acc_24765
phone_24766,acc_24766
phone_24767,acc_24767
phone_24768,acc_24768
phone_24769,acc_24769
phone_24770,acc_24770
phone_24771,acc_24771
phone_24772,acc_24772
phone_24773,acc_24773
phone_24774,acc_24774
phone_24775,acc_24775
phone_24776,acc_24776
phone_24777,acc_24777
phone_24778,acc_24778
phone_24779,acc_24779
phone_24780,acc_24780
phone_24781,acc_24781
phone_24782,acc_24782
phone_24783,acc_24783
phone_24784,acc_24784
phone_24785,acc_24785
phone_24786,acc_24786
phone_24787,acc_24787
phone_24788,acc_24788
phone_24789,acc_24789
phone_24790,acc_24790
phone_24791,acc_24791
phone_24792,acc_24792
phone_24793,acc_24793
phone_24794,acc_24794
phone_24795,acc_24795
phone_24796,acc_24796
phone_24797,acc_24797
phone_24798,acc_24798
phone_24799,acc_24799
phone_24800,acc_24800
phone_24801,acc_24801
phone_24802,acc_24802
phone_24803,acc_24803
phone_24804,acc_24804
phone_24805,acc_24805
phone_24806,acc_24806
phone_24807,acc_24807
phone_24808,acc_24808
phone_24809,acc_24809
phone_24810,acc_24810
phone_24811,acc_24811
phone_24812,acc_24812
phone_24813,acc_24813
phone_24814,acc_24814
phone_24815,acc_24815
phone_24816,acc_24816
phone_24817,acc_24817
phone_24818,acc_24818
phone_24819,acc_24819
phone_24820,acc_24820
phone_24821,acc_24821
phone_24822,acc_24822
phone_24823,acc_24823
phone_24824,acc_24824
phone_24825,acc_24825
phone_24826,acc_24826
phone_24827,acc_24827
phone_24828,acc_24828
phone_24829,acc_24829
phone_24830,acc_24830
phone_24831,acc_24831
phone_24832,acc_24832
phone_24833,acc_24833
phone_24834,acc_24834
phone_24835,acc_24835
phone_24836,acc_24836
phone_24837,acc_24837
phone_24838,acc_24838
phone_24839,acc_24839
phone_24840,acc_24840
phone_24841,acc_24841
phone_24842,acc_24842
phone_24843,acc_24843
phone_24844,acc_24844
phone_24845,acc_24845
phone_24846,acc_24846
phone_24847,acc_24847
phone_24848,acc_24848
phone_24849,acc_24849
phone_24850,acc_24850
phone_24851,acc_24851
phone_24852,acc_24852
phone_24853,acc_24853
phone_24854,acc_24854
phone_24855,acc_24855
phone_24856,acc_24856
phone_24857,acc_24857
phone_24858,acc_24858
phone_24859,acc_24859
phone_24860,acc_24860
phone_24861,acc_24861
phone_24862,acc_24862
phone_24863,acc_24863
phone_24864,acc_24864
phone_24865,acc_24865
phone_24866,acc_24866
phone_24867,acc_24867
phone_24868,acc_24868
phone_24869,acc_24869
phone_24870,acc_24870
phone_24871,acc_24871
phone_24872,acc_24872
phone_24873,acc_24873
phone_24874,acc_24874
phone_24875,acc_24875
phone_24876,acc_24876
phone_24877,acc_24877
phone_24878,acc_24878
phone_24879,acc_24879
phone_24880,acc_24880
phone_24881,acc_24881
phone_24882,acc_24882
phone_24883,acc_24883
phone_24884,acc_24884
phone_24885,acc_24885
phone_24886,acc_24886
phone_24887,acc_24887
phone_24888,acc_24888
phone_24889,acc_24889
phone_24890,acc_24890
phone_24891,acc_24891
phone_24892,acc_24892
phone_24893,acc_24893
phone_24894,acc_24894
phone_24895,acc_24895
phone_24896,acc_24896
phone_24897,acc_24897
phone_24898,acc_24898
phone_24899,acc_24899
phone_24900,acc_24900
phone_24901,acc_24901
phone_24902,acc_24902
phone_24903,acc_24903
phone_24904,acc_24904
phone_24905,acc_24905
phone_24906,acc_24906
phone_24907,acc_24907
phone_24908,acc_24908
phone_24909,acc_24909
phone_24910,acc_24910
phone_24911,acc_24911
phone_24912,acc_24912
phone_24913,acc_24913
phone_24914,acc_24914
phone_24915,acc_24915
phone_24916,acc_24916
phone_24917,acc_24917
phone_24918,acc_24918
phone_24919,acc_24919
phone_24920,acc_24920
phone_24921,acc_24921
phone_24922,acc_24922
phone_24923,acc_24923
phone_24924,acc_24924
phone_24925,acc_24925
phone_24926,acc_24926
phone_24927,acc_24927
phone_24928,acc_24928
phone_24929,acc_24929
phone_24930,acc_24930
phone_24931,acc_24931
phone_24932,acc_24932
phone_24933,acc_24933
phone_24934,acc_24934
phone_24935,acc_24935
phone_24936,acc_24936
phone_24937,acc_24937
phone_24938,acc_24938
phone_24939,acc_24939
phone_24940,acc_24940
phone_24941,acc_24941
phone_24942,acc_24942
phone_24943,acc_24943
phone_24944,acc_24944
phone_24945,acc_24945
phone_24946,acc_24946
phone_24947,acc_24947
phone_24948,acc_24948
phone_24949,acc_24949
phone_24950,acc_24950
phone_24951,acc_24951
phone_24952,acc_24952
phone_24953,acc_24953
phone_24954,acc_24954
phone_24955,acc_24955
phone_24956,acc_24956
phone_24957,acc_24957
phone_24958,acc_24958
phone_24959,acc_24959
phone_24960,acc_24960
phone_24961,acc_24961
phone_24962,acc_24962
phone_24963,acc_24963
phone_24964,acc_24964
phone_24965,acc_24965
phone_24966,acc_24966
phone_24967,acc_24967
phone_24968,acc_24968
phone_24969,acc_24969
phone_24970,acc_24970
phone_24971,acc_24971
phone_24972,acc_24972
phone_24973,acc_24973
phone_24974,acc_24974
phone_24975,acc_24975
phone_24976,acc_24976
phone_24977,acc_24977
phone_24978,acc_24978
phone_24979,acc_24979
phone_24980,acc_24980
phone_24981,acc_24981
phone_24982,acc_24982
phone_24983,acc_24983
phone_24984,acc_24984
phone_24985,acc_24985
phone_24986,acc_24986
phone_24987,acc_24987
phone_24988,acc_24988
phone_24989,acc_24989
phone_24990,acc_24990
phone_24991,acc_24991
phone_24992,acc_24992
phone_24993,acc_24993
phone_24994,acc_24994
phone_24995,acc_24995
phone_24996,acc_24996
phone_24997,acc_24997
phone_24998,acc_24998
phone_24999,acc_24999
phone_25000,acc_25000
phone_25001,acc_25001
phone_25002,acc_25002
phone_25003,acc_25003
phone_25004,acc_25004
phone_25005,acc_25005
phone_25006,acc_25006
phone_25007,acc_25007
phone_25008,acc_25008
phone_25009,acc_25009
phone_25010,acc_25010
phone_25011,acc_25011
phone_25012,acc_25012
phone_25013,acc_25013
phone_25014,acc_25014
phone_25015,acc_25015
phone_25016,acc_25016
phone_25017,acc_25017
phone_25018,acc_25018
phone_25019,acc_25019
phone_25020,acc_25020
phone_25021,acc_25021
phone_25022,acc_25022
phone_25023,acc_25023
phone_25024,acc_25024
phone_25025,acc_25025
phone_25026,acc_25026
phone_25027,acc_25027
phone_25028,acc_25028
phone_25029,acc_25029
phone_25030,acc_25030
phone_25031,acc_25031
phone_25032,acc_25032
phone_25033,acc_25033
phone_25034,acc_25034
phone_25035,acc_25035
phone_25036,acc_25036
phone_25037,acc_25037
phone_25038,acc_25038
phone_25039,acc_25039
phone_25040,acc_25040
phone_25041,acc_25041
phone_25042,acc_25042
phone_25043,acc_25043
phone_25044,acc_25044
phone_25045,acc_25045
phone_25046,acc_25046
phone_25047,acc_25047
phone_25048,acc_25048
phone_25049,acc_25049
phone_25050,acc_25050
phone_25051,acc_25051
phone_25052,acc_25052
phone_25053,acc_25053
phone_25054,acc_25054
phone_25055,acc_25055
phone_25056,acc_25056
phone_25057,acc_25057
phone_25058,acc_25058
phone_25059,acc_25059
phone_25060,acc_25060
phone_25061,acc_25061
phone_25062,acc_25062
phone_25063,acc_25063
phone_25064,acc_25064
phone_25065,acc_25065
phone_25066,acc_25066
phone_25067,acc_25067
phone_25068,acc_25068
phone_25069,acc_25069
phone_25070,acc_25070
phone_25071,acc_25071
phone_25072,acc_25072
phone_25073,acc_25073
phone_25074,acc_25074
phone_25075,acc_25075
phone_25076,acc_25076
phone_25077,acc_25077
phone_25078,acc_25078
phone_25079,acc_25079
phone_25080,acc_25080
phone_25081,acc_25081
phone_25082,acc_25082
phone_25083,acc_25083
phone_25084,acc_25084
phone_25085,acc_25085
phone_25086,acc_25086
phone_25087,acc_25087
phone_25088,acc_25088
phone_25089,acc_25089
phone_25090,acc_25090
phone_25091,acc_25091
phone_25092,acc_25092
phone_25093,acc_25093
phone_25094,acc_25094
phone_25095,acc_25095
phone_25096,acc_25096
phone_25097,acc_25097
phone_25098,acc_25098
phone_25099,acc_25099
phone_25100,acc_25100
phone_25101,acc_25101
phone_25102,acc_25102
phone_25103,acc_25103
phone_25104,acc_25104
phone_25105,acc_25105
phone_25106,acc_25106
phone_25107,acc_25107
phone_25108,acc_25108
phone_25109,acc_25109
phone_25110,acc_25110
phone_25111,acc_25111
phone_25112,acc_25112
phone_25113,acc_25113
phone_25114,acc_25114
phone_25115,acc_25115
phone_25116,acc_25116
phone_25117,acc_25117
phone_25118,acc_25118
phone_25119,acc_25119
phone_25120,acc_25120
phone_25121,acc_25121
phone_25122,acc_25122
phone_25123,acc_25123
phone_25124,acc_25124
phone_25125,acc_25125
phone_25126,acc_25126
phone_25127,acc_25127
phone_25128,acc_25128
phone_25129,acc_25129
phone_25130,acc_25130
phone_25131,acc_25131
phone_25132,acc_25132
phone_25133,acc_25133
phone_25134,acc_25134
phone_25135,acc_25135
phone_25136,acc_25136
phone_25137,acc_25137
phone_25138,acc_25138
phone_25139,acc_25139
phone_25140,acc_25140
phone_25141,acc_25141
phone_25142,acc_25142
phone_25143,acc_25143
phone_25144,acc_25144
phone_25145,acc_25145
phone_25146,acc_25146
phone_25147,acc_25147
phone_25148,acc_25148
phone_25149,acc_25149
phone_25150,acc_25150
phone_25151,acc_25151
phone_25152,acc_25152
phone_25153,acc_25153
phone_25154,acc_25154
phone_25155,acc_25155
phone_25156,acc_25156
phone_25157,acc_25157
phone_25158,acc_25158
phone_25159,acc_25159
phone_25160,acc_25160
phone_25161,acc_25161
phone_25162,acc_25162
phone_25163,acc_25163
phone_25164,acc_25164
phone_25165,acc_25165
phone_25166,acc_25166
phone_25167,acc_25167
phone_25168,acc_25168
phone_25169,acc_25169
phone_25170,acc_25170
phone_25171,acc_25171
phone_25172,acc_25172
phone_25173,acc_25173
phone_25174,acc_25174
phone_25175,acc_25175
phone_25176,acc_25176
phone_25177,acc_25177
phone_25178,acc_25178
phone_25179,acc_25179
phone_25180,acc_25180
phone_25181,acc_25181
phone_25182,acc_25182
phone_25183,acc_25183
phone_25184,acc_25184
phone_25185,acc_25185
phone_25186,acc_25186
phone_25187,acc_25187
phone_25188,acc_25188
phone_25189,acc_25189
phone_25190,acc_25190
phone_25191,acc_25191
phone_25192,acc_25192
phone_25193,acc_25193
phone_25194,acc_25194
phone_25195,acc_25195
phone_25196,acc_25196
phone_25197,acc_25197
phone_25198,acc_25198
phone_25199,acc_25199
phone_25200,acc_25200
phone_25201,acc_25201
phone_25202,acc_25202
phone_25203,acc_25203
phone_25204,acc_25204
phone_25205,acc_25205
phone_25206,acc_25206
phone_25207,acc_25207
phone_25208,acc_25208
phone_25209,acc_25209
phone_25210,acc_25210
phone_25211,acc_25211
phone_25212,acc_25212
phone_25213,acc_25213
phone_25214,acc_25214
phone_25215,acc_25215
phone_25216,acc_25216
phone_25217,acc_25217
phone_25218,acc_25218
phone_25219,acc_25219
phone_25220,acc_25220
phone_25221,acc_25221
phone_25222,acc_25222
phone_25223,acc_25223
phone_25224,acc_25224
phone_25225,acc_25225
phone_25226,acc_25226
phone_25227,acc_25227
phone_25228,acc_25228
phone_25229,acc_25229
phone_25230,acc_25230
phone_25231,acc_25231
phone_25232,acc_25232
phone_25233,acc_25233
phone_25234,acc_25234
phone_25235,acc_25235
phone_25236,acc_25236
phone_25237,acc_25237
phone_25238,acc_25238
phone_25239,acc_25239
phone_25240,acc_25240
phone_25241,acc_25241
phone_25242,acc_25242
phone_25243,acc_25243
phone_25244,acc_25244
phone_25245,acc_25245
phone_25246,acc_25246
phone_25247,acc_25247
phone_25248,acc_25248
phone_25249,acc_25249
phone_25250,acc_25250
phone_25251,acc_25251
phone_25252,acc_25252
phone_25253,acc_25253
phone_25254,acc_25254
phone_25255,acc_25255
phone_25256,acc_25256
phone_25257,acc_25257
phone_25258,acc_25258
phone_25259,acc_25259
phone_25260,acc_25260
phone_25261,acc_25261
phone_25262,acc_25262
phone_25263,acc_25263
phone_25264,acc_25264
phone_25265,acc_25265
phone_25266,acc_25266
phone_25267,acc_25267
phone_25268,acc_25268
phone_25269,acc_25269
phone_25270,acc_25270
phone_25271,acc_25271
phone_25272,acc_25272
phone_25273,acc_25273
phone_25274,acc_25274
phone_25275,acc_25275
phone_25276,acc_25276
phone_25277,acc_25277
phone_25278,acc_25278
phone_25279,acc_25279
phone_25280,acc_25280
phone_25281,acc_25281
phone_25282,acc_25282
phone_25283,acc_25283
phone_25284,acc_25284
phone_25285,acc_25285
phone_25286,acc_25286
phone_25287,acc_25287
phone_25288,acc_25288
phone_25289,acc_25289
phone_25290,acc_25290
phone_25291,acc_25291
phone_25292,acc_25292
phone_25293,acc_25293
phone_25294,acc_25294
phone_25295,acc_25295
phone_25296,acc_25296
phone_25297,acc_25297
phone_25298,acc_25298
phone_25299,acc_25299
phone_25300,acc_25300
phone_25301,acc_25301
phone_25302,acc_25302
phone_25303,acc_25303
phone_25304,acc_25304
phone_25305,acc_25305
phone_25306,acc_25306
phone_25307,acc_25307
phone_25308,acc_25308
phone_25309,acc_25309
phone_25310,acc_25310
phone_25311,acc_25311
phone_25312,acc_25312
phone_25313,acc_25313
phone_25314,acc_25314
phone_25315,acc_25315
phone_25316,acc_25316
phone_25317,acc_25317
phone_25318,acc_25318
phone_25319,acc_25319
phone_25320,acc_25320
phone_25321,acc_25321
phone_25322,acc_25322
phone_25323,acc_25323
phone_25324,acc_25324
phone_25325,acc_25325
phone_25326,acc_25326
phone_25327,acc_25327
phone_25328,acc_25328
phone_25329,acc_25329
phone_25330,acc_25330
phone_25331,acc_25331
phone_25332,acc_25332
phone_25333,acc_25333
phone_25334,acc_25334
phone_25335,acc_25335
phone_25336,acc_25336
phone_25337,acc_25337
phone_25338,acc_25338
phone_25339,acc_25339
phone_25340,acc_25340
phone_25341,acc_25341
phone_25342,acc_25342
phone_25343,acc_25343
phone_25344,acc_25344
phone_25345,acc_25345
phone_25346,acc_25346
phone_25347,acc_25347
phone_25348,acc_25348
phone_25349,acc_25349
phone_25350,acc_25350
phone_25351,acc_25351
phone_25352,acc_25352
phone_25353,acc_25353
phone_25354,acc_25354
phone_25355,acc_25355
phone_25356,acc_25356
phone_25357,acc_25357
phone_25358,acc_25358
phone_25359,acc_25359
phone_25360,acc_25360
phone_25361,acc_25361
phone_25362,acc_25362
phone_25363,acc_25363
phone_25364,acc_25364
phone_25365,acc_25365
phone_25366,acc_25366
phone_25367,acc_25367
phone_25368,acc_25368
phone_25369,acc_25369
phone_25370,acc_25370
phone_25371,acc_25371
phone_25372,acc_25372
phone_25373,acc_25373
phone_25374,acc_25374
phone_25375,acc_25375
phone_25376,acc_25376
phone_25377,acc_25377
phone_25378,acc_25378
phone_25379,acc_25379
phone_25380,acc_25380
phone_25381,acc_25381
phone_25382,acc_25382
phone_25383,acc_25383
phone_25384,acc_25384
phone_25385,acc_25385
phone_25386,acc_25386
phone_25387,acc_25387
phone_25388,acc_25388
phone_25389,acc_25389
phone_25390,acc_25390
phone_25391,acc_25391
phone_25392,acc_25392
phone_25393,acc_25393
phone_25394,acc_25394
phone_25395,acc_25395
phone_25396,acc_25396
phone_25397,acc_25397
phone_25398,acc_25398
phone_25399,acc_25399
phone_25400,acc_25400
phone_25401,acc_25401
phone_25402,acc_25402
phone_25403,acc_25403
phone_25404,acc_25404
phone_25405,acc_25405
phone_25406,acc_25406
phone_25407,acc_25407
phone_25408,acc_25408
phone_25409,acc_25409
phone_25410,acc_25410
phone_25411,acc_25411
phone_25412,acc_25412
phone_25413,acc_25413
phone_25414,acc_25414
phone_25415,acc_25415
phone_25416,acc_25416
phone_25417,acc_25417
phone_25418,acc_25418
phone_25419,acc_25419
phone_25420,acc_25420
phone_25421,acc_25421
phone_25422,acc_25422
phone_25423,acc_25423
phone_25424,acc_25424
phone_25425,acc_25425
phone_25426,acc_25426
phone_25427,acc_25427
phone_25428,acc_25428
phone_25429,acc_25429
phone_25430,acc_25430
phone_25431,acc_25431
phone_25432,acc_25432
phone_25433,acc_25433
phone_25434,acc_25434
phone_25435,acc_25435
phone_25436,acc_25436
phone_25437,acc_25437
phone_25438,acc_25438
phone_25439,acc_25439
phone_25440,acc_25440
phone_25441,acc_25441
phone_25442,acc_25442
phone_25443,acc_25443
phone_25444,acc_25444
phone_25445,acc_25445
phone_25446,acc_25446
phone_25447,acc_25447
phone_25448,acc_25448
phone_25449,acc_25449
phone_25450,acc_25450
phone_25451,acc_25451
phone_25452,acc_25452
phone_25453,acc_25453
phone_25454,acc_25454
phone_25455,acc_25455
phone_25456,acc_25456
phone_25457,acc_25457
phone_25458,acc_25458
phone_25459,acc_25459
phone_25460,acc_25460
phone_25461,acc_25461
phone_25462,acc_25462
phone_25463,acc_25463
phone_25464,acc_25464
phone_25465,acc_25465
phone_25466,acc_25466
phone_25467,acc_25467
phone_25468,acc_25468
phone_25469,acc_25469
phone_25470,acc_25470
phone_25471,acc_25471
phone_25472,acc_25472
phone_25473,acc_25473
phone_25474,acc_25474
phone_25475,acc_25475
phone_25476,acc_25476
phone_25477,acc_25477
phone_25478,acc_25478
phone_25479,acc_25479
phone_25480,acc_25480
phone_25481,acc_25481
phone_25482,acc_25482
phone_25483,acc_25483
phone_25484,acc_25484
phone_25485,acc_25485
phone_25486,acc_25486
phone_25487,acc_25487
phone_25488,acc_25488
phone_25489,acc_25489
phone_25490,acc_25490
phone_25491,acc_25491
phone_25492,acc_25492
phone_25493,acc_25493
phone_25494,acc_25494
phone_25495,acc_25495
phone_25496,acc_25496
phone_25497,acc_25497
phone_25498,acc_25498
phone_25499,acc_25499
phone_25500,acc_25500
phone_25501,acc_25501
phone_25502,acc_25502
phone_25503,acc_25503
phone_25504,acc_25504
phone_25505,acc_25505
phone_25506,acc_25506
phone_25507,acc_25507
phone_25508,acc_25508
phone_25509,acc_25509
phone_25510,acc_25510
phone_25511,acc_25511
phone_25512,acc_25512
phone_25513,acc_25513
phone_25514,acc_25514
phone_25515,acc_25515
phone_25516,acc_25516
phone_25517,acc_25517
phone_25518,acc_25518
phone_25519,acc_25519
phone_25520,acc_25520
phone_25521,acc_25521
phone_25522,acc_25522
phone_25523,acc_25523
phone_25524,acc_25524
phone_25525,acc_25525
phone_25526,acc_25526
phone_25527,acc_25527
phone_25528,acc_25528
phone_25529,acc_25529
phone_25530,acc_25530
phone_25531,acc_25531
phone_25532,acc_25532
phone_25533,acc_25533
phone_25534,acc_25534
phone_25535,acc_25535
phone_25536,acc_25536
phone_25537,acc_25537
phone_25538,acc_25538
phone_25539,acc_25539
phone_25540,acc_25540
phone_25541,acc_25541
phone_25542,acc_25542
phone_25543,acc_25543
phone_25544,acc_25544
phone_25545,acc_25545
phone_25546,acc_25546
phone_25547,acc_25547
phone_25548,acc_25548
phone_25549,acc_25549
phone_25550,acc_25550
phone_25551,acc_25551
phone_25552,acc_25552
phone_25553,acc_25553
phone_25554,acc_25554
phone_25555,acc_25555
phone_25556,acc_25556
phone_25557,acc_25557
phone_25558,acc_25558
phone_25559,acc_25559
phone_25560,acc_25560
phone_25561,acc_25561
phone_25562,acc_25562
phone_25563,acc_25563
phone_25564,acc_25564
phone_25565,acc_25565
phone_25566,acc_25566
phone_25567,acc_25567
phone_25568,acc_25568
phone_25569,acc_25569
phone_25570,acc_25570
phone_25571,acc_25571
phone_25572,acc_25572
phone_25573,acc_25573
phone_25574,acc_25574
phone_25575,acc_25575
phone_25576,acc_25576
phone_25577,acc_25577
phone_25578,acc_25578
phone_25579,acc_25579
phone_25580,acc_25580
phone_25581,acc_25581
phone_25582,acc_25582
phone_25583,acc_25583
phone_25584,acc_25584
phone_25585,acc_25585
phone_25586,acc_25586
phone_25587,acc_25587
phone_25588,acc_25588
phone_25589,acc_25589
phone_25590,acc_25590
phone_25591,acc_25591
phone_25592,acc_25592
phone_25593,acc_25593
phone_25594,acc_25594
phone_25595,acc_25595
phone_25596,acc_25596
phone_25597,acc_25597
phone_25598,acc_25598
phone_25599,acc_25599
phone_25600,acc_25600
phone_25601,acc_25601
phone_25602,acc_25602
phone_25603,acc_25603
phone_25604,acc_25604
phone_25605,acc_25605
phone_25606,acc_25606
phone_25607,acc_25607
phone_25608,acc_25608
phone_25609,acc_25609
phone_25610,acc_25610
phone_25611,acc_25611
phone_25612,acc_25612
phone_25613,acc_25613
phone_25614,acc_25614
phone_25615,acc_25615
phone_25616,acc_25616
phone_25617,acc_25617
phone_25618,acc_25618
phone_25619,acc_25619
phone_25620,acc_25620
phone_25621,acc_25621
phone_25622,acc_25622
phone_25623,acc_25623
phone_25624,acc_25624
phone_25625,acc_25625
phone_25626,acc_25626
phone_25627,acc_25627
phone_25628,acc_25628
phone_25629,acc_25629
phone_25630,acc_25630
phone_25631,acc_25631
phone_25632,acc_25632
phone_25633,acc_25633
phone_25634,acc_25634
phone_25635,acc_25635
phone_25636,acc_25636
phone_25637,acc_25637
phone_25638,acc_25638
phone_25639,acc_25639
phone_25640,acc_25640
phone_25641,acc_25641
phone_25642,acc_25642
phone_25643,acc_25643
phone_25644,acc_25644
phone_25645,acc_25645
phone_25646,acc_25646
phone_25647,acc_25647
phone_25648,acc_25648
phone_25649,acc_25649
phone_25650,acc_25650
phone_25651,acc_25651
phone_25652,acc_25652
phone_25653,acc_25653
phone_25654,acc_25654
phone_25655,acc_25655
phone_25656,acc_25656
phone_25657,acc_25657
phone_25658,acc_25658
phone_25659,acc_25659
phone_25660,acc_25660
phone_25661,acc_25661
phone_25662,acc_25662
phone_25663,acc_25663
phone_25664,acc_25664
phone_25665,acc_25665
phone_25666,acc_25666
phone_25667,acc_25667
phone_25668,acc_25668
phone_25669,acc_25669
phone_25670,acc_25670
phone_25671,acc_25671
phone_25672,acc_25672
phone_25673,acc_25673
phone_25674,acc_25674
phone_25675,acc_25675
phone_25676,acc_25676
phone_25677,acc_25677
phone_25678,acc_25678
phone_25679,acc_25679
phone_25680,acc_25680
phone_25681,acc_25681
phone_25682,acc_25682
phone_25683,acc_25683
phone_25684,acc_25684
phone_25685,acc_25685
phone_25686,acc_25686
phone_25687,acc_25687
phone_25688,acc_25688
phone_25689,acc_25689
phone_25690,acc_25690
phone_25691,acc_25691
phone_25692,acc_25692
phone_25693,acc_25693
phone_25694,acc_25694
phone_25695,acc_25695
phone_25696,acc_25696
phone_25697,acc_25697
phone_25698,acc_25698
phone_25699,acc_25699
phone_25700,acc_25700
phone_25701,acc_25701
phone_25702,acc_25702
phone_25703,acc_25703
phone_25704,acc_25704
phone_25705,acc_25705
phone_25706,acc_25706
phone_25707,acc_25707
phone_25708,acc_25708
phone_25709,acc_25709
phone_25710,acc_25710
phone_25711,acc_25711
phone_25712,acc_25712
phone_25713,acc_25713
phone_25714,acc_25714
phone_25715,acc_25715
phone_25716,acc_25716
phone_25717,acc_25717
phone_25718,acc_25718
phone_25719,acc_25719
phone_25720,acc_25720
phone_25721,acc_25721
phone_25722,acc_25722
phone_25723,acc_25723
phone_25724,acc_25724
phone_25725,acc_25725
phone_25726,acc_25726
phone_25727,acc_25727
phone_25728,acc_25728
phone_25729,acc_25729
phone_25730,acc_25730
phone_25731,acc_25731
phone_25732,acc_25732
phone_25733,acc_25733
phone_25734,acc_25734
phone_25735,acc_25735
phone_25736,acc_25736
phone_25737,acc_25737
phone_25738,acc_25738
phone_25739,acc_25739
phone_25740,acc_25740
phone_25741,acc_25741
phone_25742,acc_25742
phone_25743,acc_25743
phone_25744,acc_25744
phone_25745,acc_25745
phone_25746,acc_25746
phone_25747,acc_25747
phone_25748,acc_25748
phone_25749,acc_25749
phone_25750,acc_25750
phone_25751,acc_25751
phone_25752,acc_25752
phone_25753,acc_25753
phone_25754,acc_25754
phone_25755,acc_25755
phone_25756,acc_25756
phone_25757,acc_25757
phone_25758,acc_25758
phone_25759,acc_25759
phone_25760,acc_25760
phone_25761,acc_25761
phone_25762,acc_25762
phone_25763,acc_25763
phone_25764,acc_25764
phone_25765,acc_25765
phone_25766,acc_25766
phone_25767,acc_25767
phone_25768,acc_25768
phone_25769,acc_25769
phone_25770,acc_25770
phone_25771,acc_25771
phone_25772,acc_25772
phone_25773,acc_25773
phone_25774,acc_25774
phone_25775,acc_25775
phone_25776,acc_25776
phone_25777,acc_25777
phone_25778,acc_25778
phone_25779,acc_25779
phone_25780,acc_25780
phone_25781,acc_25781
phone_25782,acc_25782
phone_25783,acc_25783
phone_25784,acc_25784
phone_25785,acc_25785
phone_25786,acc_25786
phone_25787,acc_25787
phone_25788,acc_25788
phone_25789,acc_25789
phone_25790,acc_25790
phone_25791,acc_25791
phone_25792,acc_25792
phone_25793,acc_25793
phone_25794,acc_25794
phone_25795,acc_25795
phone_25796,acc_25796
phone_25797,acc_25797
phone_25798,acc_25798
phone_25799,acc_25799
phone_25800,acc_25800
phone_25801,acc_25801
phone_25802,acc_25802
phone_25803,acc_25803
phone_25804,acc_25804
phone_25805,acc_25805
phone_25806,acc_25806
phone_25807,acc_25807
phone_25808,acc_25808
phone_25809,acc_25809
phone_25810,acc_25810
phone_25811,acc_25811
phone_25812,acc_25812
phone_25813,acc_25813
phone_25814,acc_25814
phone_25815,acc_25815
phone_25816,acc_25816
phone_25817,acc_25817
phone_25818,acc_25818
phone_25819,acc_25819
phone_25820,acc_25820
phone_25821,acc_25821
phone_25822,acc_25822
phone_25823,acc_25823
phone_25824,acc_25824
phone_25825,acc_25825
phone_25826,acc_25826
phone_25827,acc_25827
phone_25828,acc_25828
phone_25829,acc_25829
phone_25830,acc_25830
phone_25831,acc_25831
phone_25832,acc_25832
phone_25833,acc_25833
phone_25834,acc_25834
phone_25835,acc_25835
phone_25836,acc_25836
phone_25837,acc_25837
phone_25838,acc_25838
phone_25839,acc_25839
phone_25840,acc_25840
phone_25841,acc_25841
phone_25842,acc_25842
phone_25843,acc_25843
phone_25844,acc_25844
phone_25845,acc_25845
phone_25846,acc_25846
phone_25847,acc_25847
phone_25848,acc_25848
phone_25849,acc_25849
phone_25850,acc_25850
phone_25851,acc_25851
phone_25852,acc_25852
phone_25853,acc_25853
phone_25854,acc_25854
phone_25855,acc_25855
phone_25856,acc_25856
phone_25857,acc_25857
phone_25858,acc_25858
phone_25859,acc_25859
phone_25860,acc_25860
phone_25861,acc_25861
phone_25862,acc_25862
phone_25863,acc_25863
phone_25864,acc_25864
phone_25865,acc_25865
phone_25866,acc_25866
phone_25867,acc_25867
phone_25868,acc_25868
phone_25869,acc_25869
phone_25870,acc_25870
phone_25871,acc_25871
phone_25872,acc_25872
phone_25873,acc_25873
phone_25874,acc_25874
phone_25875,acc_25875
phone_25876,acc_25876
phone_25877,acc_25877
phone_25878,acc_25878
phone_25879,acc_25879
phone_25880,acc_25880
phone_25881,acc_25881
phone_25882,acc_25882
phone_25883,acc_25883
phone_25884,acc_25884
phone_25885,acc_25885
phone_25886,acc_25886
phone_25887,acc_25887
phone_25888,acc_25888
phone_25889,acc_25889
phone_25890,acc_25890
phone_25891,acc_25891
phone_25892,acc_25892
phone_25893,acc_25893
phone_25894,acc_25894
phone_25895,acc_25895
phone_25896,acc_25896
phone_25897,acc_25897
phone_25898,acc_25898
phone_25899,acc_25899
phone_25900,acc_25900
phone_25901,acc_25901
phone_25902,acc_25902
phone_25903,acc_25903
phone_25904,acc_25904
phone_25905,acc_25905
phone_25906,acc_25906
phone_25907,acc_25907
phone_25908,acc_25908
phone_25909,acc_25909
phone_25910,acc_25910
phone_25911,acc_25911
phone_25912,acc_25912
phone_25913,acc_25913
phone_25914,acc_25914
phone_25915,acc_25915
phone_25916,acc_25916
phone_25917,acc_25917
phone_25918,acc_25918
phone_25919,acc_25919
phone_25920,acc_25920
phone_25921,acc_25921
phone_25922,acc_25922
phone_25923,acc_25923
phone_25924,acc_25924
phone_25925,acc_25925
phone_25926,acc_25926
phone_25927,acc_25927
phone_25928,acc_25928
phone_25929,acc_25929
phone_25930,acc_25930
phone_25931,acc_25931
phone_25932,acc_25932
phone_25933,acc_25933
phone_25934,acc_25934
phone_25935,acc_25935
phone_25936,acc_25936
phone_25937,acc_25937
phone_25938,acc_25938
phone_25939,acc_25939
phone_25940,acc_25940
phone_25941,acc_25941
phone_25942,acc_25942
phone_25943,acc_25943
phone_25944,acc_25944
phone_25945,acc_25945
phone_25946,acc_25946
phone_25947,acc_25947
phone_25948,acc_25948
phone_25949,acc_25949
phone_25950,acc_25950
phone_25951,acc_25951
phone_25952,acc_25952
phone_25953,acc_25953
phone_25954,acc_25954
phone_25955,acc_25955
phone_25956,acc_25956
phone_25957,acc_25957
phone_25958,acc_25958
phone_25959,acc_25959
phone_25960,acc_25960
phone_25961,acc_25961
phone_25962,acc_25962
phone_25963,acc_25963
phone_25964,acc_25964
phone_25965,acc_25965
phone_25966,acc_25966
phone_25967,acc_25967
phone_25968,acc_25968
phone_25969,acc_25969
phone_25970,acc_25970
phone_25971,acc_25971
phone_25972,acc_25972
phone_25973,acc_25973
phone_25974,acc_25974
phone_25975,acc_25975
phone_25976,acc_25976
phone_25977,acc_25977
phone_25978,acc_25978
phone_25979,acc_25979
phone_25980,acc_25980
phone_25981,acc_25981
phone_25982,acc_25982
phone_25983,acc_25983
phone_25984,acc_25984
phone_25985,acc_25985
phone_25986,acc_25986
phone_25987,acc_25987
phone_25988,acc_25988
phone_25989,acc_25989
phone_25990,acc_25990
phone_25991,acc_25991
phone_25992,acc_25992
phone_25993,acc_25993
phone_25994,acc_25994
phone_25995,acc_25995
phone_25996,acc_25996
phone_25997,acc_25997
phone_25998,acc_25998
phone_25999,acc_25999
phone_26000,acc_26000
phone_26001,acc_26001
phone_26002,acc_26002
phone_26003,acc_26003
phone_26004,acc_26004
phone_26005,acc_26005
phone_26006,acc_26006
phone_26007,acc_26007
phone_26008,acc_26008
phone_26009,acc_26009
phone_26010,acc_26010
phone_26011,acc_26011
phone_26012,acc_26012
phone_26013,acc_26013
phone_26014,acc_26014
phone_26015,acc_26015
phone_26016,acc_26016
phone_26017,acc_26017
phone_26018,acc_26018
phone_26019,acc_26019
phone_26020,acc_26020
phone_26021,acc_26021
phone_26022,acc_26022
phone_26023,acc_26023
phone_26024,acc_26024
phone_26025,acc_26025
phone_26026,acc_26026
phone_26027,acc_26027
phone_26028,acc_26028
phone_26029,acc_26029
phone_26030,acc_26030
phone_26031,acc_26031
phone_26032,acc_26032
phone_26033,acc_26033
phone_26034,acc_26034
phone_26035,acc_26035
phone_26036,acc_26036
phone_26037,acc_26037
phone_26038,acc_26038
phone_26039,acc_26039
phone_26040,acc_26040
phone_26041,acc_26041
phone_26042,acc_26042
phone_26043,acc_26043
phone_26044,acc_26044
phone_26045,acc_26045
phone_26046,acc_26046
phone_26047,acc_26047
phone_26048,acc_26048
phone_26049,acc_26049
phone_26050,acc_26050
phone_26051,acc_26051
phone_26052,acc_26052
phone_26053,acc_26053
phone_26054,acc_26054
phone_26055,acc_26055
phone_26056,acc_26056
phone_26057,acc_26057
phone_26058,acc_26058
phone_26059,acc_26059
phone_26060,acc_26060
phone_26061,acc_26061
phone_26062,acc_26062
phone_26063,acc_26063
phone_26064,acc_26064
phone_26065,acc_26065
phone_26066,acc_26066
phone_26067,acc_26067
phone_26068,acc_26068
phone_26069,acc_26069
phone_26070,acc_26070
phone_26071,acc_26071
phone_26072,acc_26072
phone_26073,acc_26073
phone_26074,acc_26074
phone_26075,acc_26075
phone_26076,acc_26076
phone_26077,acc_26077
phone_26078,acc_26078
phone_26079,acc_26079
phone_26080,acc_26080
phone_26081,acc_26081
phone_26082,acc_26082
phone_26083,acc_26083
phone_26084,acc_26084
phone_26085,acc_26085
phone_26086,acc_26086
phone_26087,acc_26087
phone_26088,acc_26088
phone_26089,acc_26089
phone_26090,acc_26090
phone_26091,acc_26091
phone_26092,acc_26092
phone_26093,acc_26093
phone_26094,acc_26094
phone_26095,acc_26095
phone_26096,acc_26096
phone_26097,acc_26097
phone_26098,acc_26098
phone_26099,acc_26099
phone_26100,acc_26100
phone_26101,acc_26101
phone_26102,acc_26102
phone_26103,acc_26103
phone_26104,acc_26104
phone_26105,acc_26105
phone_26106,acc_26106
phone_26107,acc_26107
phone_26108,acc_26108
phone_26109,acc_26109
phone_26110,acc_26110
phone_26111,acc_26111
phone_26112,acc_26112
phone_26113,acc_26113
phone_26114,acc_26114
phone_26115,acc_26115
phone_26116,acc_26116
phone_26117,acc_26117
phone_26118,acc_26118
phone_26119,acc_26119
phone_26120,acc_26120
phone_26121,acc_26121
phone_26122,acc_26122
phone_26123,acc_26123
phone_26124,acc_26124
phone_26125,acc_26125
phone_26126,acc_26126
phone_26127,acc_26127
phone_26128,acc_26128
phone_26129,acc_26129
phone_26130,acc_26130
phone_26131,acc_26131
phone_26132,acc_26132
phone_26133,acc_26133
phone_26134,acc_26134
phone_26135,acc_26135
phone_26136,acc_26136
phone_26137,acc_26137
phone_26138,acc_26138
phone_26139,acc_26139
phone_26140,acc_26140
phone_26141,acc_26141
phone_26142,acc_26142
phone_26143,acc_26143
phone_26144,acc_26144
phone_26145,acc_26145
phone_26146,acc_26146
phone_26147,acc_26147
phone_26148,acc_26148
phone_26149,acc_26149
phone_26150,acc_26150
phone_26151,acc_26151
phone_26152,acc_26152
phone_26153,acc_26153
phone_26154,acc_26154
phone_26155,acc_26155
phone_26156,acc_26156
phone_26157,acc_26157
phone_26158,acc_26158
phone_26159,acc_26159
phone_26160,acc_26160
phone_26161,acc_26161
phone_26162,acc_26162
phone_26163,acc_26163
phone_26164,acc_26164
phone_26165,acc_26165
phone_26166,acc_26166
phone_26167,acc_26167
phone_26168,acc_26168
phone_26169,acc_26169
phone_26170,acc_26170
phone_26171,acc_26171
phone_26172,acc_26172
phone_26173,acc_26173
phone_26174,acc_26174
phone_26175,acc_26175
phone_26176,acc_26176
phone_26177,acc_26177
phone_26178,acc_26178
phone_26179,acc_26179
phone_26180,acc_26180
phone_26181,acc_26181
phone_26182,acc_26182
phone_26183,acc_26183
phone_26184,acc_26184
phone_26185,acc_26185
phone_26186,acc_26186
phone_26187,acc_26187
phone_26188,acc_26188
phone_26189,acc_26189
phone_26190,acc_26190
phone_26191,acc_26191
phone_26192,acc_26192
phone_26193,acc_26193
phone_26194,acc_26194
phone_26195,acc_26195
phone_26196,acc_26196
phone_26197,acc_26197
phone_26198,acc_26198
phone_26199,acc_26199
phone_26200,acc_26200
phone_26201,acc_26201
phone_26202,acc_26202
phone_26203,acc_26203
phone_26204,acc_26204
phone_26205,acc_26205
phone_26206,acc_26206
phone_26207,acc_26207
phone_26208,acc_26208
phone_26209,acc_26209
phone_26210,acc_26210
phone_26211,acc_26211
phone_26212,acc_26212
phone_26213,acc_26213
phone_26214,acc_26214
phone_26215,acc_26215
phone_26216,acc_26216
phone_26217,acc_26217
phone_26218,acc_26218
phone_26219,acc_26219
phone_26220,acc_26220
phone_26221,acc_26221
phone_26222,acc_26222
phone_26223,acc_26223
phone_26224,acc_26224
phone_26225,acc_26225
phone_26226,acc_26226
phone_26227,acc_26227
phone_26228,acc_26228
phone_26229,acc_26229
phone_26230,acc_26230
phone_26231,acc_26231
phone_26232,acc_26232
phone_26233,acc_26233
phone_26234,acc_26234
phone_26235,acc_26235
phone_26236,acc_26236
phone_26237,acc_26237
phone_26238,acc_26238
phone_26239,acc_26239
phone_26240,acc_26240
phone_26241,acc_26241
phone_26242,acc_26242
phone_26243,acc_26243
phone_26244,acc_26244
phone_26245,acc_26245
phone_26246,acc_26246
phone_26247,acc_26247
phone_26248,acc_26248
phone_26249,acc_26249
phone_26250,acc_26250
phone_26251,acc_26251
phone_26252,acc_26252
phone_26253,acc_26253
phone_26254,acc_26254
phone_26255,acc_26255
phone_26256,acc_26256
phone_26257,acc_26257
phone_26258,acc_26258
phone_26259,acc_26259
phone_26260,acc_26260
phone_26261,acc_26261
phone_26262,acc_26262
phone_26263,acc_26263
phone_26264,acc_26264
phone_26265,acc_26265
phone_26266,acc_26266
phone_26267,acc_26267
phone_26268,acc_26268
phone_26269,acc_26269
phone_26270,acc_26270
phone_26271,acc_26271
phone_26272,acc_26272
phone_26273,acc_26273
phone_26274,acc_26274
phone_26275,acc_26275
phone_26276,acc_26276
phone_26277,acc_26277
phone_26278,acc_26278
phone_26279,acc_26279
phone_26280,acc_26280
phone_26281,acc_26281
phone_26282,acc_26282
phone_26283,acc_26283
phone_26284,acc_26284
phone_26285,acc_26285
phone_26286,acc_26286
phone_26287,acc_26287
phone_26288,acc_26288
phone_26289,acc_26289
phone_26290,acc_26290
phone_26291,acc_26291
phone_26292,acc_26292
phone_26293,acc_26293
phone_26294,acc_26294
phone_26295,acc_26295
phone_26296,acc_26296
phone_26297,acc_26297
phone_26298,acc_26298
phone_26299,acc_26299
phone_26300,acc_26300
phone_26301,acc_26301
phone_26302,acc_26302
phone_26303,acc_26303
phone_26304,acc_26304
phone_26305,acc_26305
phone_26306,acc_26306
phone_26307,acc_26307
phone_26308,acc_26308
phone_26309,acc_26309
phone_26310,acc_26310
phone_26311,acc_26311
phone_26312,acc_26312
phone_26313,acc_26313
phone_26314,acc_26314
phone_26315,acc_26315
phone_26316,acc_26316
phone_26317,acc_26317
phone_26318,acc_26318
phone_26319,acc_26319
phone_26320,acc_26320
phone_26321,acc_26321
phone_26322,acc_26322
phone_26323,acc_26323
phone_26324,acc_26324
phone_26325,acc_26325
phone_26326,acc_26326
phone_26327,acc_26327
phone_26328,acc_26328
phone_26329,acc_26329
phone_26330,acc_26330
phone_26331,acc_26331
phone_26332,acc_26332
phone_26333,acc_26333
phone_26334,acc_26334
phone_26335,acc_26335
phone_26336,acc_26336
phone_26337,acc_26337
phone_26338,acc_26338
phone_26339,acc_26339
phone_26340,acc_26340
phone_26341,acc_26341
phone_26342,acc_26342
phone_26343,acc_26343
phone_26344,acc_26344
phone_26345,acc_26345
phone_26346,acc_26346
phone_26347,acc_26347
phone_26348,acc_26348
phone_26349,acc_26349
phone_26350,acc_26350
phone_26351,acc_26351
phone_26352,acc_26352
phone_26353,acc_26353
phone_26354,acc_26354
phone_26355,acc_26355
phone_26356,acc_26356
phone_26357,acc_26357
phone_26358,acc_26358
phone_26359,acc_26359
phone_26360,acc_26360
phone_26361,acc_26361
phone_26362,acc_26362
phone_26363,acc_26363
phone_26364,acc_26364
phone_26365,acc_26365
phone_26366,acc_26366
phone_26367,acc_26367
phone_26368,acc_26368
phone_26369,acc_26369
phone_26370,acc_26370
phone_26371,acc_26371
phone_26372,acc_26372
phone_26373,acc_26373
phone_26374,acc_26374
phone_26375,acc_26375
phone_26376,acc_26376
phone_26377,acc_26377
phone_26378,acc_26378
phone_26379,acc_26379
phone_26380,acc_26380
phone_26381,acc_26381
phone_26382,acc_26382
phone_26383,acc_26383
phone_26384,acc_26384
phone_26385,acc_26385
phone_26386,acc_26386
phone_26387,acc_26387
phone_26388,acc_26388
phone_26389,acc_26389
phone_26390,acc_26390
phone_26391,acc_26391
phone_26392,acc_26392
phone_26393,acc_26393
phone_26394,acc_26394
phone_26395,acc_26395
phone_26396,acc_26396
phone_26397,acc_26397
phone_26398,acc_26398
phone_26399,acc_26399
phone_26400,acc_26400
phone_26401,acc_26401
phone_26402,acc_26402
phone_26403,acc_26403
phone_26404,acc_26404
phone_26405,acc_26405
phone_26406,acc_26406
phone_26407,acc_26407
phone_26408,acc_26408
phone_26409,acc_26409
phone_26410,acc_26410
phone_26411,acc_26411
phone_26412,acc_26412
phone_26413,acc_26413
phone_26414,acc_26414
phone_26415,acc_26415
phone_26416,acc_26416
phone_26417,acc_26417
phone_26418,acc_26418
phone_26419,acc_26419
phone_26420,acc_26420
phone_26421,acc_26421
phone_26422,acc_26422
phone_26423,acc_26423
phone_26424,acc_26424
phone_26425,acc_26425
phone_26426,acc_26426
phone_26427,acc_26427
phone_26428,acc_26428
phone_26429,acc_26429
phone_26430,acc_26430
phone_26431,acc_26431
phone_26432,acc_26432
phone_26433,acc_26433
phone_26434,acc_26434
phone_26435,acc_26435
phone_26436,acc_26436
phone_26437,acc_26437
phone_26438,acc_26438
phone_26439,acc_26439
phone_26440,acc_26440
phone_26441,acc_26441
phone_26442,acc_26442
phone_26443,acc_26443
phone_26444,acc_26444
phone_26445,acc_26445
phone_26446,acc_26446
phone_26447,acc_26447
phone_26448,acc_26448
phone_26449,acc_26449
phone_26450,acc_26450
phone_26451,acc_26451
phone_26452,acc_26452
phone_26453,acc_26453
phone_26454,acc_26454
phone_26455,acc_26455
phone_26456,acc_26456
phone_26457,acc_26457
phone_26458,acc_26458
phone_26459,acc_26459
phone_26460,acc_26460
phone_26461,acc_26461
phone_26462,acc_26462
phone_26463,acc_26463
phone_26464,acc_26464
phone_26465,acc_26465
phone_26466,acc_26466
phone_26467,acc_26467
phone_26468,acc_26468
phone_26469,acc_26469
phone_26470,acc_26470
phone_26471,acc_26471
phone_26472,acc_26472
phone_26473,acc_26473
phone_26474,acc_26474
phone_26475,acc_26475
phone_26476,acc_26476
phone_26477,acc_26477
phone_26478,acc_26478
phone_26479,acc_26479
phone_26480,acc_26480
phone_26481,acc_26481
phone_26482,acc_26482
phone_26483,acc_26483
phone_26484,acc_26484
phone_26485,acc_26485
phone_26486,acc_26486
phone_26487,acc_26487
phone_26488,acc_26488
phone_26489,acc_26489
phone_26490,acc_26490
phone_26491,acc_26491
phone_26492,acc_26492
phone_26493,acc_26493
phone_26494,acc_26494
phone_26495,acc_26495
phone_26496,acc_26496
phone_26497,acc_26497
phone_26498,acc_26498
phone_26499,acc_26499
phone_26500,acc_26500
phone_26501,acc_26501
phone_26502,acc_26502
phone_26503,acc_26503
phone_26504,acc_26504
phone_26505,acc_26505
phone_26506,acc_26506
phone_26507,acc_26507
phone_26508,acc_26508
phone_26509,acc_26509
phone_26510,acc_26510
phone_26511,acc_26511
phone_26512,acc_26512
phone_26513,acc_26513
phone_26514,acc_26514
phone_26515,acc_26515
phone_26516,acc_26516
phone_26517,acc_26517
phone_26518,acc_26518
phone_26519,acc_26519
phone_26520,acc_26520
phone_26521,acc_26521
phone_26522,acc_26522
phone_26523,acc_26523
phone_26524,acc_26524
phone_26525,acc_26525
phone_26526,acc_26526
phone_26527,acc_26527
phone_26528,acc_26528
phone_26529,acc_26529
phone_26530,acc_26530
phone_26531,acc_26531
phone_26532,acc_26532
phone_26533,acc_26533
phone_26534,acc_26534
phone_26535,acc_26535
phone_26536,acc_26536
phone_26537,acc_26537
phone_26538,acc_26538
phone_26539,acc_26539
phone_26540,acc_26540
phone_26541,acc_26541
phone_26542,acc_26542
phone_26543,acc_26543
phone_26544,acc_26544
phone_26545,acc_26545
phone_26546,acc_26546
phone_26547,acc_26547
phone_26548,acc_26548
phone_26549,acc_26549
phone_26550,acc_26550
phone_26551,acc_26551
phone_26552,acc_26552
phone_26553,acc_26553
phone_26554,acc_26554
phone_26555,acc_26555
phone_26556,acc_26556
phone_26557,acc_26557
phone_26558,acc_26558
phone_26559,acc_26559
phone_26560,acc_26560
phone_26561,acc_26561
phone_26562,acc_26562
phone_26563,acc_26563
phone_26564,acc_26564
phone_26565,acc_26565
phone_26566,acc_26566
phone_26567,acc_26567
phone_26568,acc_26568
phone_26569,acc_26569
phone_26570,acc_26570
phone_26571,acc_26571
phone_26572,acc_26572
phone_26573,acc_26573
phone_26574,acc_26574
phone_26575,acc_26575
phone_26576,acc_26576
phone_26577,acc_26577
phone_26578,acc_26578
phone_26579,acc_26579
phone_26580,acc_26580
phone_26581,acc_26581
phone_26582,acc_26582
phone_26583,acc_26583
phone_26584,acc_26584
phone_26585,acc_26585
phone_26586,acc_26586
phone_26587,acc_26587
phone_26588,acc_26588
phone_26589,acc_26589
phone_26590,acc_26590
phone_26591,acc_26591
phone_26592,acc_26592
phone_26593,acc_26593
phone_26594,acc_26594
phone_26595,acc_26595
phone_26596,acc_26596
phone_26597,acc_26597
phone_26598,acc_26598
phone_26599,acc_26599
phone_26600,acc_26600
phone_26601,acc_26601
phone_26602,acc_26602
phone_26603,acc_26603
phone_26604,acc_26604
phone_26605,acc_26605
phone_26606,acc_26606
phone_26607,acc_26607
phone_26608,acc_26608
phone_26609,acc_26609
phone_26610,acc_26610
phone_26611,acc_26611
phone_26612,acc_26612
phone_26613,acc_26613
phone_26614,acc_26614
phone_26615,acc_26615
phone_26616,acc_26616
phone_26617,acc_26617
phone_26618,acc_26618
phone_26619,acc_26619
phone_26620,acc_26620
phone_26621,acc_26621
phone_26622,acc_26622
phone_26623,acc_26623
phone_26624,acc_26624
phone_26625,acc_26625
phone_26626,acc_26626
phone_26627,acc_26627
phone_26628,acc_26628
phone_26629,acc_26629
phone_26630,acc_26630
phone_26631,acc_26631
phone_26632,acc_26632
phone_26633,acc_26633
phone_26634,acc_26634
phone_26635,acc_26635
phone_26636,acc_26636
phone_26637,acc_26637
phone_26638,acc_26638
phone_26639,acc_26639
phone_26640,acc_26640
phone_26641,acc_26641
phone_26642,acc_26642
phone_26643,acc_26643
phone_26644,acc_26644
phone_26645,acc_26645
phone_26646,acc_26646
phone_26647,acc_26647
phone_26648,acc_26648
phone_26649,acc_26649
phone_26650,acc_26650
phone_26651,acc_26651
phone_26652,acc_26652
phone_26653,acc_26653
phone_26654,acc_26654
phone_26655,acc_26655
phone_26656,acc_26656
phone_26657,acc_26657
phone_26658,acc_26658
phone_26659,acc_26659
phone_26660,acc_26660
phone_26661,acc_26661
phone_26662,acc_26662
phone_26663,acc_26663
phone_26664,acc_26664
phone_26665,acc_26665
phone_26666,acc_26666
phone_26667,acc_26667
phone_26668,acc_26668
phone_26669,acc_26669
phone_26670,acc_26670
phone_26671,acc_26671
phone_26672,acc_26672
phone_26673,acc_26673
phone_26674,acc_26674
phone_26675,acc_26675
phone_26676,acc_26676
phone_26677,acc_26677
phone_26678,acc_26678
phone_26679,acc_26679
phone_26680,acc_26680
phone_26681,acc_26681
phone_26682,acc_26682
phone_26683,acc_26683
phone_26684,acc_26684
phone_26685,acc_26685
phone_26686,acc_26686
phone_26687,acc_26687
phone_26688,acc_26688
phone_26689,acc_26689
phone_26690,acc_26690
phone_26691,acc_26691
phone_26692,acc_26692
phone_26693,acc_26693
phone_26694,acc_26694
phone_26695,acc_26695
phone_26696,acc_26696
phone_26697,acc_26697
phone_26698,acc_26698
phone_26699,acc_26699
phone_26700,acc_26700
phone_26701,acc_26701
phone_26702,acc_26702
phone_26703,acc_26703
phone_26704,acc_26704
phone_26705,acc_26705
phone_26706,acc_26706
phone_26707,acc_26707
phone_26708,acc_26708
phone_26709,acc_26709
phone_26710,acc_26710
phone_26711,acc_26711
phone_26712,acc_26712
phone_26713,acc_26713
phone_26714,acc_26714
phone_26715,acc_26715
phone_26716,acc_26716
phone_26717,acc_26717
phone_26718,acc_26718
phone_26719,acc_26719
phone_26720,acc_26720
phone_26721,acc_26721
phone_26722,acc_26722
phone_26723,acc_26723
phone_26724,acc_26724
phone_26725,acc_26725
phone_26726,acc_26726
phone_26727,acc_26727
phone_26728,acc_26728
phone_26729,acc_26729
phone_26730,acc_26730
phone_26731,acc_26731
phone_26732,acc_26732
phone_26733,acc_26733
phone_26734,acc_26734
phone_26735,acc_26735
phone_26736,acc_26736
phone_26737,acc_26737
phone_26738,acc_26738
phone_26739,acc_26739
phone_26740,acc_26740
phone_26741,acc_26741
phone_26742,acc_26742
phone_26743,acc_26743
phone_26744,acc_26744
phone_26745,acc_26745
phone_26746,acc_26746
phone_26747,acc_26747
phone_26748,acc_26748
phone_26749,acc_26749
phone_26750,acc_26750
phone_26751,acc_26751
phone_26752,acc_26752
phone_26753,acc_26753
phone_26754,acc_26754
phone_26755,acc_26755
phone_26756,acc_26756
phone_26757,acc_26757
phone_26758,acc_26758
phone_26759,acc_26759
phone_26760,acc_26760
phone_26761,acc_26761
phone_26762,acc_26762
phone_26763,acc_26763
phone_26764,acc_26764
phone_26765,acc_26765
phone_26766,acc_26766
phone_26767,acc_26767
phone_26768,acc_26768
phone_26769,acc_26769
phone_26770,acc_26770
phone_26771,acc_26771
phone_26772,acc_26772
phone_26773,acc_26773
phone_26774,acc_26774
phone_26775,acc_26775
phone_26776,acc_26776
phone_26777,acc_26777
phone_26778,acc_26778
phone_26779,acc_26779
phone_26780,acc_26780
phone_26781,acc_26781
phone_26782,acc_26782
phone_26783,acc_26783
phone_26784,acc_26784
phone_26785,acc_26785
phone_26786,acc_26786
phone_26787,acc_26787
phone_26788,acc_26788
phone_26789,acc_26789
phone_26790,acc_26790
phone_26791,acc_26791
phone_26792,acc_26792
phone_26793,acc_26793
phone_26794,acc_26794
phone_26795,acc_26795
phone_26796,acc_26796
phone_26797,acc_26797
phone_26798,acc_26798
phone_26799,acc_26799
phone_26800,acc_26800
phone_26801,acc_26801
phone_26802,acc_26802
phone_26803,acc_26803
phone_26804,acc_26804
phone_26805,acc_26805
phone_26806,acc_26806
phone_26807,acc_26807
phone_26808,acc_26808
phone_26809,acc_26809
phone_26810,acc_26810
phone_26811,acc_26811
phone_26812,acc_26812
phone_26813,acc_26813
phone_26814,acc_26814
phone_26815,acc_26815
phone_26816,acc_26816
phone_26817,acc_26817
phone_26818,acc_26818
phone_26819,acc_26819
phone_26820,acc_26820
phone_26821,acc_26821
phone_26822,acc_26822
phone_26823,acc_26823
phone_26824,acc_26824
phone_26825,acc_26825
phone_26826,acc_26826
phone_26827,acc_26827
phone_26828,acc_26828
phone_26829,acc_26829
phone_26830,acc_26830
phone_26831,acc_26831
phone_26832,acc_26832
phone_26833,acc_26833
phone_26834,acc_26834
phone_26835,acc_26835
phone_26836,acc_26836
phone_26837,acc_26837
phone_26838,acc_26838
phone_26839,acc_26839
phone_26840,acc_26840
phone_26841,acc_26841
phone_26842,acc_26842
phone_26843,acc_26843
phone_26844,acc_26844
phone_26845,acc_26845
phone_26846,acc_26846
phone_26847,acc_26847
phone_26848,acc_26848
phone_26849,acc_26849
phone_26850,acc_26850
phone_26851,acc_26851
phone_26852,acc_26852
phone_26853,acc_26853
phone_26854,acc_26854
phone_26855,acc_26855
phone_26856,acc_26856
phone_26857,acc_26857
phone_26858,acc_26858
phone_26859,acc_26859
phone_26860,acc_26860
phone_26861,acc_26861
phone_26862,acc_26862
phone_26863,acc_26863
phone_26864,acc_26864
phone_26865,acc_26865
phone_26866,acc_26866
phone_26867,acc_26867
phone_26868,acc_26868
phone_26869,acc_26869
phone_26870,acc_26870
phone_26871,acc_26871
phone_26872,acc_26872
phone_26873,acc_26873
phone_26874,acc_26874
phone_26875,acc_26875
phone_26876,acc_26876
phone_26877,acc_26877
phone_26878,acc_26878
phone_26879,acc_26879
phone_26880,acc_26880
phone_26881,acc_26881
phone_26882,acc_26882
phone_26883,acc_26883
phone_26884,acc_26884
phone_26885,acc_26885
phone_26886,acc_26886
phone_26887,acc_26887
phone_26888,acc_26888
phone_26889,acc_26889
phone_26890,acc_26890
phone_26891,acc_26891
phone_26892,acc_26892
phone_26893,acc_26893
phone_26894,acc_26894
phone_26895,acc_26895
phone_26896,acc_26896
phone_26897,acc_26897
phone_26898,acc_26898
phone_26899,acc_26899
phone_26900,acc_26900
phone_26901,acc_26901
phone_26902,acc_26902
phone_26903,acc_26903
phone_26904,acc_26904
phone_26905,acc_26905
phone_26906,acc_26906
phone_26907,acc_26907
phone_26908,acc_26908
phone_26909,acc_26909
phone_26910,acc_26910
phone_26911,acc_26911
phone_26912,acc_26912
phone_26913,acc_26913
phone_26914,acc_26914
phone_26915,acc_26915
phone_26916,acc_26916
phone_26917,acc_26917
phone_26918,acc_26918
phone_26919,acc_26919
phone_26920,acc_26920
phone_26921,acc_26921
phone_26922,acc_26922
phone_26923,acc_26923
phone_26924,acc_26924
phone_26925,acc_26925
phone_26926,acc_26926
phone_26927,acc_26927
phone_26928,acc_26928
phone_26929,acc_26929
phone_26930,acc_26930
phone_26931,acc_26931
phone_26932,acc_26932
phone_26933,acc_26933
phone_26934,acc_26934
phone_26935,acc_26935
phone_26936,acc_26936
phone_26937,acc_26937
phone_26938,acc_26938
phone_26939,acc_26939
phone_26940,acc_26940
phone_26941,acc_26941
phone_26942,acc_26942
phone_26943,acc_26943
phone_26944,acc_26944
phone_26945,acc_26945
phone_26946,acc_26946
phone_26947,acc_26947
phone_26948,acc_26948
phone_26949,acc_26949
phone_26950,acc_26950
phone_26951,acc_26951
phone_26952,acc_26952
phone_26953,acc_26953
phone_26954,acc_26954
phone_26955,acc_26955
phone_26956,acc_26956
phone_26957,acc_26957
phone_26958,acc_26958
phone_26959,acc_26959
phone_26960,acc_26960
phone_26961,acc_26961
phone_26962,acc_26962
phone_26963,acc_26963
phone_26964,acc_26964
phone_26965,acc_26965
phone_26966,acc_26966
phone_26967,acc_26967
phone_26968,acc_26968
phone_26969,acc_26969
phone_26970,acc_26970
phone_26971,acc_26971
phone_26972,acc_26972
phone_26973,acc_26973
phone_26974,acc_26974
phone_26975,acc_26975
phone_26976,acc_26976
phone_26977,acc_26977
phone_26978,acc_26978
phone_26979,acc_26979
phone_26980,acc_26980
phone_26981,acc_26981
phone_26982,acc_26982
phone_26983,acc_26983
phone_26984,acc_26984
phone_26985,acc_26985
phone_26986,acc_26986
phone_26987,acc_26987
phone_26988,acc_26988
phone_26989,acc_26989
phone_26990,acc_26990
phone_26991,acc_26991
phone_26992,acc_26992
phone_26993,acc_26993
phone_26994,acc_26994
phone_26995,acc_26995
phone_26996,acc_26996
phone_26997,acc_26997
phone_26998,acc_26998
phone_26999,acc_26999
phone_27000,acc_27000
phone_27001,acc_27001
phone_27002,acc_27002
phone_27003,acc_27003
phone_27004,acc_27004
phone_27005,acc_27005
phone_27006,acc_27006
phone_27007,acc_27007
phone_27008,acc_27008
phone_27009,acc_27009
phone_27010,acc_27010
phone_27011,acc_27011
phone_27012,acc_27012
phone_27013,acc_27013
phone_27014,acc_27014
phone_27015,acc_27015
phone_27016,acc_27016
phone_27017,acc_27017
phone_27018,acc_27018
phone_27019,acc_27019
phone_27020,acc_27020
phone_27021,acc_27021
phone_27022,acc_27022
phone_27023,acc_27023
phone_27024,acc_27024
phone_27025,acc_27025
phone_27026,acc_27026
phone_27027,acc_27027
phone_27028,acc_27028
phone_27029,acc_27029
phone_27030,acc_27030
phone_27031,acc_27031
phone_27032,acc_27032
phone_27033,acc_27033
phone_27034,acc_27034
phone_27035,acc_27035
phone_27036,acc_27036
phone_27037,acc_27037
phone_27038,acc_27038
phone_27039,acc_27039
phone_27040,acc_27040
phone_27041,acc_27041
phone_27042,acc_27042
phone_27043,acc_27043
phone_27044,acc_27044
phone_27045,acc_27045
phone_27046,acc_27046
phone_27047,acc_27047
phone_27048,acc_27048
phone_27049,acc_27049
phone_27050,acc_27050
phone_27051,acc_27051
phone_27052,acc_27052
phone_27053,acc_27053
phone_27054,acc_27054
phone_27055,acc_27055
phone_27056,acc_27056
phone_27057,acc_27057
phone_27058,acc_27058
phone_27059,acc_27059
phone_27060,acc_27060
phone_27061,acc_27061
phone_27062,acc_27062
phone_27063,acc_27063
phone_27064,acc_27064
phone_27065,acc_27065
phone_27066,acc_27066
phone_27067,acc_27067
phone_27068,acc_27068
phone_27069,acc_27069
phone_27070,acc_27070
phone_27071,acc_27071
phone_27072,acc_27072
phone_27073,acc_27073
phone_27074,acc_27074
phone_27075,acc_27075
phone_27076,acc_27076
phone_27077,acc_27077
phone_27078,acc_27078
phone_27079,acc_27079
phone_27080,acc_27080
phone_27081,acc_27081
phone_27082,acc_27082
phone_27083,acc_27083
phone_27084,acc_27084
phone_27085,acc_27085
phone_27086,acc_27086
phone_27087,acc_27087
phone_27088,acc_27088
phone_27089,acc_27089
phone_27090,acc_27090
phone_27091,acc_27091
phone_27092,acc_27092
phone_27093,acc_27093
phone_27094,acc_27094
phone_27095,acc_27095
phone_27096,acc_27096
phone_27097,acc_27097
phone_27098,acc_27098
phone_27099,acc_27099
phone_27100,acc_27100
phone_27101,acc_27101
phone_27102,acc_27102
phone_27103,acc_27103
phone_27104,acc_27104
phone_27105,acc_27105
phone_27106,acc_27106
phone_27107,acc_27107
phone_27108,acc_27108
phone_27109,acc_27109
phone_27110,acc_27110
phone_27111,acc_27111
phone_27112,acc_27112
phone_27113,acc_27113
phone_27114,acc_27114
phone_27115,acc_27115
phone_27116,acc_27116
phone_27117,acc_27117
phone_27118,acc_27118
phone_27119,acc_27119
phone_27120,acc_27120
phone_27121,acc_27121
phone_27122,acc_27122
phone_27123,acc_27123
phone_27124,acc_27124
phone_27125,acc_27125
phone_27126,acc_27126
phone_27127,acc_27127
phone_27128,acc_27128
phone_27129,acc_27129
phone_27130,acc_27130
phone_27131,acc_27131
phone_27132,acc_27132
phone_27133,acc_27133
phone_27134,acc_27134
phone_27135,acc_27135
phone_27136,acc_27136
phone_27137,acc_27137
phone_27138,acc_27138
phone_27139,acc_27139
phone_27140,acc_27140
phone_27141,acc_27141
phone_27142,acc_27142
phone_27143,acc_27143
phone_27144,acc_27144
phone_27145,acc_27145
phone_27146,acc_27146
phone_27147,acc_27147
phone_27148,acc_27148
phone_27149,acc_27149
phone_27150,acc_27150
phone_27151,acc_27151
phone_27152,acc_27152
phone_27153,acc_27153
phone_27154,acc_27154
phone_27155,acc_27155
phone_27156,acc_27156
phone_27157,acc_27157
phone_27158,acc_27158
phone_27159,acc_27159
phone_27160,acc_27160
phone_27161,acc_27161
phone_27162,acc_27162
phone_27163,acc_27163
phone_27164,acc_27164
phone_27165,acc_27165
phone_27166,acc_27166
phone_27167,acc_27167
phone_27168,acc_27168
phone_27169,acc_27169
phone_27170,acc_27170
phone_27171,acc_27171
phone_27172,acc_27172
phone_27173,acc_27173
phone_27174,acc_27174
phone_27175,acc_27175
phone_27176,acc_27176
phone_27177,acc_27177
phone_27178,acc_27178
phone_27179,acc_27179
phone_27180,acc_27180
phone_27181,acc_27181
phone_27182,acc_27182
phone_27183,acc_27183
phone_27184,acc_27184
phone_27185,acc_27185
phone_27186,acc_27186
phone_27187,acc_27187
phone_27188,acc_27188
phone_27189,acc_27189
phone_27190,acc_27190
phone_27191,acc_27191
phone_27192,acc_27192
phone_27193,acc_27193
phone_27194,acc_27194
phone_27195,acc_27195
phone_27196,acc_27196
phone_27197,acc_27197
phone_27198,acc_27198
phone_27199,acc_27199
phone_27200,acc_27200
phone_27201,acc_27201
phone_27202,acc_27202
phone_27203,acc_27203
phone_27204,acc_27204
phone_27205,acc_27205
phone_27206,acc_27206
phone_27207,acc_27207
phone_27208,acc_27208
phone_27209,acc_27209
phone_27210,acc_27210
phone_27211,acc_27211
phone_27212,acc_27212
phone_27213,acc_27213
phone_27214,acc_27214
phone_27215,acc_27215
phone_27216,acc_27216
phone_27217,acc_27217
phone_27218,acc_27218
phone_27219,acc_27219
phone_27220,acc_27220
phone_27221,acc_27221
phone_27222,acc_27222
phone_27223,acc_27223
phone_27224,acc_27224
phone_27225,acc_27225
phone_27226,acc_27226
phone_27227,acc_27227
phone_27228,acc_27228
phone_27229,acc_27229
phone_27230,acc_27230
phone_27231,acc_27231
phone_27232,acc_27232
phone_27233,acc_27233
phone_27234,acc_27234
phone_27235,acc_27235
phone_27236,acc_27236
phone_27237,acc_27237
phone_27238,acc_27238
phone_27239,acc_27239
phone_27240,acc_27240
phone_27241,acc_27241
phone_27242,acc_27242
phone_27243,acc_27243
phone_27244,acc_27244
phone_27245,acc_27245
phone_27246,acc_27246
phone_27247,acc_27247
phone_27248,acc_27248
phone_27249,acc_27249
phone_27250,acc_27250
phone_27251,acc_27251
phone_27252,acc_27252
phone_27253,acc_27253
phone_27254,acc_27254
phone_27255,acc_27255
phone_27256,acc_27256
phone_27257,acc_27257
phone_27258,acc_27258
phone_27259,acc_27259
phone_27260,acc_27260
phone_27261,acc_27261
phone_27262,acc_27262
phone_27263,acc_27263
phone_27264,acc_27264
phone_27265,acc_27265
phone_27266,acc_27266
phone_27267,acc_27267
phone_27268,acc_27268
phone_27269,acc_27269
phone_27270,acc_27270
phone_27271,acc_27271
phone_27272,acc_27272
phone_27273,acc_27273
phone_27274,acc_27274
phone_27275,acc_27275
phone_27276,acc_27276
phone_27277,acc_27277
phone_27278,acc_27278
phone_27279,acc_27279
phone_27280,acc_27280
phone_27281,acc_27281
phone_27282,acc_27282
phone_27283,acc_27283
phone_27284,acc_27284
phone_27285,acc_27285
phone_27286,acc_27286
phone_27287,acc_27287
phone_27288,acc_27288
phone_27289,acc_27289
phone_27290,acc_27290
phone_27291,acc_27291
phone_27292,acc_27292
phone_27293,acc_27293
phone_27294,acc_27294
phone_27295,acc_27295
phone_27296,acc_27296
phone_27297,acc_27297
phone_27298,acc_27298
phone_27299,acc_27299
phone_27300,acc_27300
phone_27301,acc_27301
phone_27302,acc_27302
phone_27303,acc_27303
phone_27304,acc_27304
phone_27305,acc_27305
phone_27306,acc_27306
phone_27307,acc_27307
phone_27308,acc_27308
phone_27309,acc_27309
phone_27310,acc_27310
phone_27311,acc_27311
phone_27312,acc_27312
phone_27313,acc_27313
phone_27314,acc_27314
phone_27315,acc_27315
phone_27316,acc_27316
phone_27317,acc_27317
phone_27318,acc_27318
phone_27319,acc_27319
phone_27320,acc_27320
phone_27321,acc_27321
phone_27322,acc_27322
phone_27323,acc_27323
phone_27324,acc_27324
phone_27325,acc_27325
phone_27326,acc_27326
phone_27327,acc_27327
phone_27328,acc_27328
phone_27329,acc_27329
phone_27330,acc_27330
phone_27331,acc_27331
phone_27332,acc_27332
phone_27333,acc_27333
phone_27334,acc_27334
phone_27335,acc_27335
phone_27336,acc_27336
phone_27337,acc_27337
phone_27338,acc_27338
phone_27339,acc_27339
phone_27340,acc_27340
phone_27341,acc_27341
phone_27342,acc_27342
phone_27343,acc_27343
phone_27344,acc_27344
phone_27345,acc_27345
phone_27346,acc_27346
phone_27347,acc_27347
phone_27348,acc_27348
phone_27349,acc_27349
phone_27350,acc_27350
phone_27351,acc_27351
phone_27352,acc_27352
phone_27353,acc_27353
phone_27354,acc_27354
phone_27355,acc_27355
phone_27356,acc_27356
phone_27357,acc_27357
phone_27358,acc_27358
phone_27359,acc_27359
phone_27360,acc_27360
phone_27361,acc_27361
phone_27362,acc_27362
phone_27363,acc_27363
phone_27364,acc_27364
phone_27365,acc_27365
phone_27366,acc_27366
phone_27367,acc_27367
phone_27368,acc_27368
phone_27369,acc_27369
phone_27370,acc_27370
phone_27371,acc_27371
phone_27372,acc_27372
phone_27373,acc_27373
phone_27374,acc_27374
phone_27375,acc_27375
phone_27376,acc_27376
phone_27377,acc_27377
phone_27378,acc_27378
phone_27379,acc_27379
phone_27380,acc_27380
phone_27381,acc_27381
phone_27382,acc_27382
phone_27383,acc_27383
phone_27384,acc_27384
phone_27385,acc_27385
phone_27386,acc_27386
phone_27387,acc_27387
phone_27388,acc_27388
phone_27389,acc_27389
phone_27390,acc_27390
phone_27391,acc_27391
phone_27392,acc_27392
phone_27393,acc_27393
phone_27394,acc_27394
phone_27395,acc_27395
phone_27396,acc_27396
phone_27397,acc_27397
phone_27398,acc_27398
phone_27399,acc_27399
phone_27400,acc_27400
phone_27401,acc_27401
phone_27402,acc_27402
phone_27403,acc_27403
phone_27404,acc_27404
phone_27405,acc_27405
phone_27406,acc_27406
phone_27407,acc_27407
phone_27408,acc_27408
phone_27409,acc_27409
phone_27410,acc_27410
phone_27411,acc_27411
phone_27412,acc_27412
phone_27413,acc_27413
phone_27414,acc_27414
phone_27415,acc_27415
phone_27416,acc_27416
phone_27417,acc_27417
phone_27418,acc_27418
phone_27419,acc_27419
phone_27420,acc_27420
phone_27421,acc_27421
phone_27422,acc_27422
phone_27423,acc_27423
phone_27424,acc_27424
phone_27425,acc_27425
phone_27426,acc_27426
phone_27427,acc_27427
phone_27428,acc_27428
phone_27429,acc_27429
phone_27430,acc_27430
phone_27431,acc_27431
phone_27432,acc_27432
phone_27433,acc_27433
phone_27434,acc_27434
phone_27435,acc_27435
phone_27436,acc_27436
phone_27437,acc_27437
phone_27438,acc_27438
phone_27439,acc_27439
phone_27440,acc_27440
phone_27441,acc_27441
phone_27442,acc_27442
phone_27443,acc_27443
phone_27444,acc_27444
phone_27445,acc_27445
phone_27446,acc_27446
phone_27447,acc_27447
phone_27448,acc_27448
phone_27449,acc_27449
phone_27450,acc_27450
phone_27451,acc_27451
phone_27452,acc_27452
phone_27453,acc_27453
phone_27454,acc_27454
phone_27455,acc_27455
phone_27456,acc_27456
phone_27457,acc_27457
phone_27458,acc_27458
phone_27459,acc_27459
phone_27460,acc_27460
phone_27461,acc_27461
phone_27462,acc_27462
phone_27463,acc_27463
phone_27464,acc_27464
phone_27465,acc_27465
phone_27466,acc_27466
phone_27467,acc_27467
phone_27468,acc_27468
phone_27469,acc_27469
phone_27470,acc_27470
phone_27471,acc_27471
phone_27472,acc_27472
phone_27473,acc_27473
phone_27474,acc_27474
phone_27475,acc_27475
phone_27476,acc_27476
phone_27477,acc_27477
phone_27478,acc_27478
phone_27479,acc_27479
phone_27480,acc_27480
phone_27481,acc_27481
phone_27482,acc_27482
phone_27483,acc_27483
phone_27484,acc_27484
phone_27485,acc_27485
phone_27486,acc_27486
phone_27487,acc_27487
phone_27488,acc_27488
phone_27489,acc_27489
phone_27490,acc_27490
phone_27491,acc_27491
phone_27492,acc_27492
phone_27493,acc_27493
phone_27494,acc_27494
phone_27495,acc_27495
phone_27496,acc_27496
phone_27497,acc_27497
phone_27498,acc_27498
phone_27499,acc_27499
phone_27500,acc_27500
phone_27501,acc_27501
phone_27502,acc_27502
phone_27503,acc_27503
phone_27504,acc_27504
phone_27505,acc_27505
phone_27506,acc_27506
phone_27507,acc_27507
phone_27508,acc_27508
phone_27509,acc_27509
phone_27510,acc_27510
phone_27511,acc_27511
phone_27512,acc_27512
phone_27513,acc_27513
phone_27514,acc_27514
phone_27515,acc_27515
phone_27516,acc_27516
phone_27517,acc_27517
phone_27518,acc_27518
phone_27519,acc_27519
phone_27520,acc_27520
phone_27521,acc_27521
phone_27522,acc_27522
phone_27523,acc_27523
phone_27524,acc_27524
phone_27525,acc_27525
phone_27526,acc_27526
phone_27527,acc_27527
phone_27528,acc_27528
phone_27529,acc_27529
phone_27530,acc_27530
phone_27531,acc_27531
phone_27532,acc_27532
phone_27533,acc_27533
phone_27534,acc_27534
phone_27535,acc_27535
phone_27536,acc_27536
phone_27537,acc_27537
phone_27538,acc_27538
phone_27539,acc_27539
phone_27540,acc_27540
phone_27541,acc_27541
phone_27542,acc_27542
phone_27543,acc_27543
phone_27544,acc_27544
phone_27545,acc_27545
phone_27546,acc_27546
phone_27547,acc_27547
phone_27548,acc_27548
phone_27549,acc_27549
phone_27550,acc_27550
phone_27551,acc_27551
phone_27552,acc_27552
phone_27553,acc_27553
phone_27554,acc_27554
phone_27555,acc_27555
phone_27556,acc_27556
phone_27557,acc_27557
phone_27558,acc_27558
phone_27559,acc_27559
phone_27560,acc_27560
phone_27561,acc_27561
phone_27562,acc_27562
phone_27563,acc_27563
phone_27564,acc_27564
phone_27565,acc_27565
phone_27566,acc_27566
phone_27567,acc_27567
phone_27568,acc_27568
phone_27569,acc_27569
phone_27570,acc_27570
phone_27571,acc_27571
phone_27572,acc_27572
phone_27573,acc_27573
phone_27574,acc_27574
phone_27575,acc_27575
phone_27576,acc_27576
phone_27577,acc_27577
phone_27578,acc_27578
phone_27579,acc_27579
phone_27580,acc_27580
phone_27581,acc_27581
phone_27582,acc_27582
phone_27583,acc_27583
phone_27584,acc_27584
phone_27585,acc_27585
phone_27586,acc_27586
phone_27587,acc_27587
phone_27588,acc_27588
phone_27589,acc_27589
phone_27590,acc_27590
phone_27591,acc_27591
phone_27592,acc_27592
phone_27593,acc_27593
phone_27594,acc_27594
phone_27595,acc_27595
phone_27596,acc_27596
phone_27597,acc_27597
phone_27598,acc_27598
phone_27599,acc_27599
phone_27600,acc_27600
phone_27601,acc_27601
phone_27602,acc_27602
phone_27603,acc_27603
phone_27604,acc_27604
phone_27605,acc_27605
phone_27606,acc_27606
phone_27607,acc_27607
phone_27608,acc_27608
phone_27609,acc_27609
phone_27610,acc_27610
phone_27611,acc_27611
phone_27612,acc_27612
phone_27613,acc_27613
phone_27614,acc_27614
phone_27615,acc_27615
phone_27616,acc_27616
phone_27617,acc_27617
phone_27618,acc_27618
phone_27619,acc_27619
phone_27620,acc_27620
phone_27621,acc_27621
phone_27622,acc_27622
phone_27623,acc_27623
phone_27624,acc_27624
phone_27625,acc_27625
phone_27626,acc_27626
phone_27627,acc_27627
phone_27628,acc_27628
phone_27629,acc_27629
phone_27630,acc_27630
phone_27631,acc_27631
phone_27632,acc_27632
phone_27633,acc_27633
phone_27634,acc_27634
phone_27635,acc_27635
phone_27636,acc_27636
phone_27637,acc_27637
phone_27638,acc_27638
phone_27639,acc_27639
phone_27640,acc_27640
phone_27641,acc_27641
phone_27642,acc_27642
phone_27643,acc_27643
phone_27644,acc_27644
phone_27645,acc_27645
phone_27646,acc_27646
phone_27647,acc_27647
phone_27648,acc_27648
phone_27649,acc_27649
phone_27650,acc_27650
phone_27651,acc_27651
phone_27652,acc_27652
phone_27653,acc_27653
phone_27654,acc_27654
phone_27655,acc_27655
phone_27656,acc_27656
phone_27657,acc_27657
phone_27658,acc_27658
phone_27659,acc_27659
phone_27660,acc_27660
phone_27661,acc_27661
phone_27662,acc_27662
phone_27663,acc_27663
phone_27664,acc_27664
phone_27665,acc_27665
phone_27666,acc_27666
phone_27667,acc_27667
phone_27668,acc_27668
phone_27669,acc_27669
phone_27670,acc_27670
phone_27671,acc_27671
phone_27672,acc_27672
phone_27673,acc_27673
phone_27674,acc_27674
phone_27675,acc_27675
phone_27676,acc_27676
phone_27677,acc_27677
phone_27678,acc_27678
phone_27679,acc_27679
phone_27680,acc_27680
phone_27681,acc_27681
phone_27682,acc_27682
phone_27683,acc_27683
phone_27684,acc_27684
phone_27685,acc_27685
phone_27686,acc_27686
phone_27687,acc_27687
phone_27688,acc_27688
phone_27689,acc_27689
phone_27690,acc_27690
phone_27691,acc_27691
phone_27692,acc_27692
phone_27693,acc_27693
phone_27694,acc_27694
phone_27695,acc_27695
phone_27696,acc_27696
phone_27697,acc_27697
phone_27698,acc_27698
phone_27699,acc_27699
phone_27700,acc_27700
phone_27701,acc_27701
phone_27702,acc_27702
phone_27703,acc_27703
phone_27704,acc_27704
phone_27705,acc_27705
phone_27706,acc_27706
phone_27707,acc_27707
phone_27708,acc_27708
phone_27709,acc_27709
phone_27710,acc_27710
phone_27711,acc_27711
phone_27712,acc_27712
phone_27713,acc_27713
phone_27714,acc_27714
phone_27715,acc_27715
phone_27716,acc_27716
phone_27717,acc_27717
phone_27718,acc_27718
phone_27719,acc_27719
phone_27720,acc_27720
phone_27721,acc_27721
phone_27722,acc_27722
phone_27723,acc_27723
phone_27724,acc_27724
phone_27725,acc_27725
phone_27726,acc_27726
phone_27727,acc_27727
phone_27728,acc_27728
phone_27729,acc_27729
phone_27730,acc_27730
phone_27731,acc_27731
phone_27732,acc_27732
phone_27733,acc_27733
phone_27734,acc_27734
phone_27735,acc_27735
phone_27736,acc_27736
phone_27737,acc_27737
phone_27738,acc_27738
phone_27739,acc_27739
phone_27740,acc_27740
phone_27741,acc_27741
phone_27742,acc_27742
phone_27743,acc_27743
phone_27744,acc_27744
phone_27745,acc_27745
phone_27746,acc_27746
phone_27747,acc_27747
phone_27748,acc_27748
phone_27749,acc_27749
phone_27750,acc_27750
phone_27751,acc_27751
phone_27752,acc_27752
phone_27753,acc_27753
phone_27754,acc_27754
phone_27755,acc_27755
phone_27756,acc_27756
phone_27757,acc_27757
phone_27758,acc_27758
phone_27759,acc_27759
phone_27760,acc_27760
phone_27761,acc_27761
phone_27762,acc_27762
phone_27763,acc_27763
phone_27764,acc_27764
phone_27765,acc_27765
phone_27766,acc_27766
phone_27767,acc_27767
phone_27768,acc_27768
phone_27769,acc_27769
phone_27770,acc_27770
phone_27771,acc_27771
phone_27772,acc_27772
phone_27773,acc_27773
phone_27774,acc_27774
phone_27775,acc_27775
phone_27776,acc_27776
phone_27777,acc_27777
phone_27778,acc_27778
phone_27779,acc_27779
phone_27780,acc_27780
phone_27781,acc_27781
phone_27782,acc_27782
phone_27783,acc_27783
phone_27784,acc_27784
phone_27785,acc_27785
phone_27786,acc_27786
phone_27787,acc_27787
phone_27788,acc_27788
phone_27789,acc_27789
phone_27790,acc_27790
phone_27791,acc_27791
phone_27792,acc_27792
phone_27793,acc_27793
phone_27794,acc_27794
phone_27795,acc_27795
phone_27796,acc_27796
phone_27797,acc_27797
phone_27798,acc_27798
phone_27799,acc_27799
phone_27800,acc_27800
phone_27801,acc_27801
phone_27802,acc_27802
phone_27803,acc_27803
phone_27804,acc_27804
phone_27805,acc_27805
phone_27806,acc_27806
phone_27807,acc_27807
phone_27808,acc_27808
phone_27809,acc_27809
phone_27810,acc_27810
phone_27811,acc_27811
phone_27812,acc_27812
phone_27813,acc_27813
phone_27814,acc_27814
phone_27815,acc_27815
phone_27816,acc_27816
phone_27817,acc_27817
phone_27818,acc_27818
phone_27819,acc_27819
phone_27820,acc_27820
phone_27821,acc_27821
phone_27822,acc_27822
phone_27823,acc_27823
phone_27824,acc_27824
phone_27825,acc_27825
phone_27826,acc_27826
phone_27827,acc_27827
phone_27828,acc_27828
phone_27829,acc_27829
phone_27830,acc_27830
phone_27831,acc_27831
phone_27832,acc_27832
phone_27833,acc_27833
phone_27834,acc_27834
phone_27835,acc_27835
phone_27836,acc_27836
phone_27837,acc_27837
phone_27838,acc_27838
phone_27839,acc_27839
phone_27840,acc_27840
phone_27841,acc_27841
phone_27842,acc_27842
phone_27843,acc_27843
phone_27844,acc_27844
phone_27845,acc_27845
phone_27846,acc_27846
phone_27847,acc_27847
phone_27848,acc_27848
phone_27849,acc_27849
phone_27850,acc_27850
phone_27851,acc_27851
phone_27852,acc_27852
phone_27853,acc_27853
phone_27854,acc_27854
phone_27855,acc_27855
phone_27856,acc_27856
phone_27857,acc_27857
phone_27858,acc_27858
phone_27859,acc_27859
phone_27860,acc_27860
phone_27861,acc_27861
phone_27862,acc_27862
phone_27863,acc_27863
phone_27864,acc_27864
phone_27865,acc_27865
phone_27866,acc_27866
phone_27867,acc_27867
phone_27868,acc_27868
phone_27869,acc_27869
phone_27870,acc_27870
phone_27871,acc_27871
phone_27872,acc_27872
phone_27873,acc_27873
phone_27874,acc_27874
phone_27875,acc_27875
phone_27876,acc_27876
phone_27877,acc_27877
phone_27878,acc_27878
phone_27879,acc_27879
phone_27880,acc_27880
phone_27881,acc_27881
phone_27882,acc_27882
phone_27883,acc_27883
phone_27884,acc_27884
phone_27885,acc_27885
phone_27886,acc_27886
phone_27887,acc_27887
phone_27888,acc_27888
phone_27889,acc_27889
phone_27890,acc_27890
phone_27891,acc_27891
phone_27892,acc_27892
phone_27893,acc_27893
phone_27894,acc_27894
phone_27895,acc_27895
phone_27896,acc_27896
phone_27897,acc_27897
phone_27898,acc_27898
phone_27899,acc_27899
phone_27900,acc_27900
phone_27901,acc_27901
phone_27902,acc_27902
phone_27903,acc_27903
phone_27904,acc_27904
phone_27905,acc_27905
phone_27906,acc_27906
phone_27907,acc_27907
phone_27908,acc_27908
phone_27909,acc_27909
phone_27910,acc_27910
phone_27911,acc_27911
phone_27912,acc_27912
phone_27913,acc_27913
phone_27914,acc_27914
phone_27915,acc_27915
phone_27916,acc_27916
phone_27917,acc_27917
phone_27918,acc_27918
phone_27919,acc_27919
phone_27920,acc_27920
phone_27921,acc_27921
phone_27922,acc_27922
phone_27923,acc_27923
phone_27924,acc_27924
phone_27925,acc_27925
phone_27926,acc_27926
phone_27927,acc_27927
phone_27928,acc_27928
phone_27929,acc_27929
phone_27930,acc_27930
phone_27931,acc_27931
phone_27932,acc_27932
phone_27933,acc_27933
phone_27934,acc_27934
phone_27935,acc_27935
phone_27936,acc_27936
phone_27937,acc_27937
phone_27938,acc_27938
phone_27939,acc_27939
phone_27940,acc_27940
phone_27941,acc_27941
phone_27942,acc_27942
phone_27943,acc_27943
phone_27944,acc_27944
phone_27945,acc_27945
phone_27946,acc_27946
phone_27947,acc_27947
phone_27948,acc_27948
phone_27949,acc_27949
phone_27950,acc_27950
phone_27951,acc_27951
phone_27952,acc_27952
phone_27953,acc_27953
phone_27954,acc_27954
phone_27955,acc_27955
phone_27956,acc_27956
phone_27957,acc_27957
phone_27958,acc_27958
phone_27959,acc_27959
phone_27960,acc_27960
phone_27961,acc_27961
phone_27962,acc_27962
phone_27963,acc_27963
phone_27964,acc_27964
phone_27965,acc_27965
phone_27966,acc_27966
phone_27967,acc_27967
phone_27968,acc_27968
phone_27969,acc_27969
phone_27970,acc_27970
phone_27971,acc_27971
phone_27972,acc_27972
phone_27973,acc_27973
phone_27974,acc_27974
phone_27975,acc_27975
phone_27976,acc_27976
phone_27977,acc_27977
phone_27978,acc_27978
phone_27979,acc_27979
phone_27980,acc_27980
phone_27981,acc_27981
phone_27982,acc_27982
phone_27983,acc_27983
phone_27984,acc_27984
phone_27985,acc_27985
phone_27986,acc_27986
phone_27987,acc_27987
phone_27988,acc_27988
phone_27989,acc_27989
phone_27990,acc_27990
phone_27991,acc_27991
phone_27992,acc_27992
phone_27993,acc_27993
phone_27994,acc_27994
phone_27995,acc_27995
phone_27996,acc_27996
phone_27997,acc_27997
phone_27998,acc_27998
phone_27999,acc_27999
phone_28000,acc_28000
phone_28001,acc_28001
phone_28002,acc_28002
phone_28003,acc_28003
phone_28004,acc_28004
phone_28005,acc_28005
phone_28006,acc_28006
phone_28007,acc_28007
phone_28008,acc_28008
phone_28009,acc_28009
phone_28010,acc_28010
phone_28011,acc_28011
phone_28012,acc_28012
phone_28013,acc_28013
phone_28014,acc_28014
phone_28015,acc_28015
phone_28016,acc_28016
phone_28017,acc_28017
phone_28018,acc_28018
phone_28019,acc_28019
phone_28020,acc_28020
phone_28021,acc_28021
phone_28022,acc_28022
phone_28023,acc_28023
phone_28024,acc_28024
phone_28025,acc_28025
phone_28026,acc_28026
phone_28027,acc_28027
phone_28028,acc_28028
phone_28029,acc_28029
phone_28030,acc_28030
phone_28031,acc_28031
phone_28032,acc_28032
phone_28033,acc_28033
phone_28034,acc_28034
phone_28035,acc_28035
phone_28036,acc_28036
phone_28037,acc_28037
phone_28038,acc_28038
phone_28039,acc_28039
phone_28040,acc_28040
phone_28041,acc_28041
phone_28042,acc_28042
phone_28043,acc_28043
phone_28044,acc_28044
phone_28045,acc_28045
phone_28046,acc_28046
phone_28047,acc_28047
phone_28048,acc_28048
phone_28049,acc_28049
phone_28050,acc_28050
phone_28051,acc_28051
phone_28052,acc_28052
phone_28053,acc_28053
phone_28054,acc_28054
phone_28055,acc_28055
phone_28056,acc_28056
phone_28057,acc_28057
phone_28058,acc_28058
phone_28059,acc_28059
phone_28060,acc_28060
phone_28061,acc_28061
phone_28062,acc_28062
phone_28063,acc_28063
phone_28064,acc_28064
phone_28065,acc_28065
phone_28066,acc_28066
phone_28067,acc_28067
phone_28068,acc_28068
phone_28069,acc_28069
phone_28070,acc_28070
phone_28071,acc_28071
phone_28072,acc_28072
phone_28073,acc_28073
phone_28074,acc_28074
phone_28075,acc_28075
phone_28076,acc_28076
phone_28077,acc_28077
phone_28078,acc_28078
phone_28079,acc_28079
phone_28080,acc_28080
phone_28081,acc_28081
phone_28082,acc_28082
phone_28083,acc_28083
phone_28084,acc_28084
phone_28085,acc_28085
phone_28086,acc_28086
phone_28087,acc_28087
phone_28088,acc_28088
phone_28089,acc_28089
phone_28090,acc_28090
phone_28091,acc_28091
phone_28092,acc_28092
phone_28093,acc_28093
phone_28094,acc_28094
phone_28095,acc_28095
phone_28096,acc_28096
phone_28097,acc_28097
phone_28098,acc_28098
phone_28099,acc_28099
phone_28100,acc_28100
phone_28101,acc_28101
phone_28102,acc_28102
phone_28103,acc_28103
phone_28104,acc_28104
phone_28105,acc_28105
phone_28106,acc_28106
phone_28107,acc_28107
phone_28108,acc_28108
phone_28109,acc_28109
phone_28110,acc_28110
phone_28111,acc_28111
phone_28112,acc_28112
phone_28113,acc_28113
phone_28114,acc_28114
phone_28115,acc_28115
phone_28116,acc_28116
phone_28117,acc_28117
phone_28118,acc_28118
phone_28119,acc_28119
phone_28120,acc_28120
phone_28121,acc_28121
phone_28122,acc_28122
phone_28123,acc_28123
phone_28124,acc_28124
phone_28125,acc_28125
phone_28126,acc_28126
phone_28127,acc_28127
phone_28128,acc_28128
phone_28129,acc_28129
phone_28130,acc_28130
phone_28131,acc_28131
phone_28132,acc_28132
phone_28133,acc_28133
phone_28134,acc_28134
phone_28135,acc_28135
phone_28136,acc_28136
phone_28137,acc_28137
phone_28138,acc_28138
phone_28139,acc_28139
phone_28140,acc_28140
phone_28141,acc_28141
phone_28142,acc_28142
phone_28143,acc_28143
phone_28144,acc_28144
phone_28145,acc_28145
phone_28146,acc_28146
phone_28147,acc_28147
phone_28148,acc_28148
phone_28149,acc_28149
phone_28150,acc_28150
phone_28151,acc_28151
phone_28152,acc_28152
phone_28153,acc_28153
phone_28154,acc_28154
phone_28155,acc_28155
phone_28156,acc_28156
phone_28157,acc_28157
phone_28158,acc_28158
phone_28159,acc_28159
phone_28160,acc_28160
phone_28161,acc_28161
phone_28162,acc_28162
phone_28163,acc_28163
phone_28164,acc_28164
phone_28165,acc_28165
phone_28166,acc_28166
phone_28167,acc_28167
phone_28168,acc_28168
phone_28169,acc_28169
phone_28170,acc_28170
phone_28171,acc_28171
phone_28172,acc_28172
phone_28173,acc_28173
phone_28174,acc_28174
phone_28175,acc_28175
phone_28176,acc_28176
phone_28177,acc_28177
phone_28178,acc_28178
phone_28179,acc_28179
phone_28180,acc_28180
phone_28181,acc_28181
phone_28182,acc_28182
phone_28183,acc_28183
phone_28184,acc_28184
phone_28185,acc_28185
phone_28186,acc_28186
phone_28187,acc_28187
phone_28188,acc_28188
phone_28189,acc_28189
phone_28190,acc_28190
phone_28191,acc_28191
phone_28192,acc_28192
phone_28193,acc_28193
phone_28194,acc_28194
phone_28195,acc_28195
phone_28196,acc_28196
phone_28197,acc_28197
phone_28198,acc_28198
phone_28199,acc_28199
phone_28200,acc_28200
phone_28201,acc_28201
phone_28202,acc_28202
phone_28203,acc_28203
phone_28204,acc_28204
phone_28205,acc_28205
phone_28206,acc_28206
phone_28207,acc_28207
phone_28208,acc_28208
phone_28209,acc_28209
phone_28210,acc_28210
phone_28211,acc_28211
phone_28212,acc_28212
phone_28213,acc_28213
phone_28214,acc_28214
phone_28215,acc_28215
phone_28216,acc_28216
phone_28217,acc_28217
phone_28218,acc_28218
phone_28219,acc_28219
phone_28220,acc_28220
phone_28221,acc_28221
phone_28222,acc_28222
phone_28223,acc_28223
phone_28224,acc_28224
phone_28225,acc_28225
phone_28226,acc_28226
phone_28227,acc_28227
phone_28228,acc_28228
phone_28229,acc_28229
phone_28230,acc_28230
phone_28231,acc_28231
phone_28232,acc_28232
phone_28233,acc_28233
phone_28234,acc_28234
phone_28235,acc_28235
phone_28236,acc_28236
phone_28237,acc_28237
phone_28238,acc_28238
phone_28239,acc_28239
phone_28240,acc_28240
phone_28241,acc_28241
phone_28242,acc_28242
phone_28243,acc_28243
phone_28244,acc_28244
phone_28245,acc_28245
phone_28246,acc_28246
phone_28247,acc_28247
phone_28248,acc_28248
phone_28249,acc_28249
phone_28250,acc_28250
phone_28251,acc_28251
phone_28252,acc_28252
phone_28253,acc_28253
phone_28254,acc_28254
phone_28255,acc_28255
phone_28256,acc_28256
phone_28257,acc_28257
phone_28258,acc_28258
phone_28259,acc_28259
phone_28260,acc_28260
phone_28261,acc_28261
phone_28262,acc_28262
phone_28263,acc_28263
phone_28264,acc_28264
phone_28265,acc_28265
phone_28266,acc_28266
phone_28267,acc_28267
phone_28268,acc_28268
phone_28269,acc_28269
phone_28270,acc_28270
phone_28271,acc_28271
phone_28272,acc_28272
phone_28273,acc_28273
phone_28274,acc_28274
phone_28275,acc_28275
phone_28276,acc_28276
phone_28277,acc_28277
phone_28278,acc_28278
phone_28279,acc_28279
phone_28280,acc_28280
phone_28281,acc_28281
phone_28282,acc_28282
phone_28283,acc_28283
phone_28284,acc_28284
phone_28285,acc_28285
phone_28286,acc_28286
phone_28287,acc_28287
phone_28288,acc_28288
phone_28289,acc_28289
phone_28290,acc_28290
phone_28291,acc_28291
phone_28292,acc_28292
phone_28293,acc_28293
phone_28294,acc_28294
phone_28295,acc_28295
phone_28296,acc_28296
phone_28297,acc_28297
phone_28298,acc_28298
phone_28299,acc_28299
phone_28300,acc_28300
phone_28301,acc_28301
phone_28302,acc_28302
phone_28303,acc_28303
phone_28304,acc_28304
phone_28305,acc_28305
phone_28306,acc_28306
phone_28307,acc_28307
phone_28308,acc_28308
phone_28309,acc_28309
phone_28310,acc_28310
phone_28311,acc_28311
phone_28312,acc_28312
phone_28313,acc_28313
phone_28314,acc_28314
phone_28315,acc_28315
phone_28316,acc_28316
phone_28317,acc_28317
phone_28318,acc_28318
phone_28319,acc_28319
phone_28320,acc_28320
phone_28321,acc_28321
phone_28322,acc_28322
phone_28323,acc_28323
phone_28324,acc_28324
phone_28325,acc_28325
phone_28326,acc_28326
phone_28327,acc_28327
phone_28328,acc_28328
phone_28329,acc_28329
phone_28330,acc_28330
phone_28331,acc_28331
phone_28332,acc_28332
phone_28333,acc_28333
phone_28334,acc_28334
phone_28335,acc_28335
phone_28336,acc_28336
phone_28337,acc_28337
phone_28338,acc_28338
phone_28339,acc_28339
phone_28340,acc_28340
phone_28341,acc_28341
phone_28342,acc_28342
phone_28343,acc_28343
phone_28344,acc_28344
phone_28345,acc_28345
phone_28346,acc_28346
phone_28347,acc_28347
phone_28348,acc_28348
phone_28349,acc_28349
phone_28350,acc_28350
phone_28351,acc_28351
phone_28352,acc_28352
phone_28353,acc_28353
phone_28354,acc_28354
phone_28355,acc_28355
phone_28356,acc_28356
phone_28357,acc_28357
phone_28358,acc_28358
phone_28359,acc_28359
phone_28360,acc_28360
phone_28361,acc_28361
phone_28362,acc_28362
phone_28363,acc_28363
phone_28364,acc_28364
phone_28365,acc_28365
phone_28366,acc_28366
phone_28367,acc_28367
phone_28368,acc_28368
phone_28369,acc_28369
phone_28370,acc_28370
phone_28371,acc_28371
phone_28372,acc_28372
phone_28373,acc_28373
phone_28374,acc_28374
phone_28375,acc_28375
phone_28376,acc_28376
phone_28377,acc_28377
phone_28378,acc_28378
phone_28379,acc_28379
phone_28380,acc_28380
phone_28381,acc_28381
phone_28382,acc_28382
phone_28383,acc_28383
phone_28384,acc_28384
phone_28385,acc_28385
phone_28386,acc_28386
phone_28387,acc_28387
phone_28388,acc_28388
phone_28389,acc_28389
phone_28390,acc_28390
phone_28391,acc_28391
phone_28392,acc_28392
phone_28393,acc_28393
phone_28394,acc_28394
phone_28395,acc_28395
phone_28396,acc_28396
phone_28397,acc_28397
phone_28398,acc_28398
phone_28399,acc_28399
phone_28400,acc_28400
phone_28401,acc_28401
phone_28402,acc_28402
phone_28403,acc_28403
phone_28404,acc_28404
phone_28405,acc_28405
phone_28406,acc_28406
phone_28407,acc_28407
phone_28408,acc_28408
phone_28409,acc_28409
phone_28410,acc_28410
phone_28411,acc_28411
phone_28412,acc_28412
phone_28413,acc_28413
phone_28414,acc_28414
phone_28415,acc_28415
phone_28416,acc_28416
phone_28417,acc_28417
phone_28418,acc_28418
phone_28419,acc_28419
phone_28420,acc_28420
phone_28421,acc_28421
phone_28422,acc_28422
phone_28423,acc_28423
phone_28424,acc_28424
phone_28425,acc_28425
phone_28426,acc_28426
phone_28427,acc_28427
phone_28428,acc_28428
phone_28429,acc_28429
phone_28430,acc_28430
phone_28431,acc_28431
phone_28432,acc_28432
phone_28433,acc_28433
phone_28434,acc_28434
phone_28435,acc_28435
phone_28436,acc_28436
phone_28437,acc_28437
phone_28438,acc_28438
phone_28439,acc_28439
phone_28440,acc_28440
phone_28441,acc_28441
phone_28442,acc_28442
phone_28443,acc_28443
phone_28444,acc_28444
phone_28445,acc_28445
phone_28446,acc_28446
phone_28447,acc_28447
phone_28448,acc_28448
phone_28449,acc_28449
phone_28450,acc_28450
phone_28451,acc_28451
phone_28452,acc_28452
phone_28453,acc_28453
phone_28454,acc_28454
phone_28455,acc_28455
phone_28456,acc_28456
phone_28457,acc_28457
phone_28458,acc_28458
phone_28459,acc_28459
phone_28460,acc_28460
phone_28461,acc_28461
phone_28462,acc_28462
phone_28463,acc_28463
phone_28464,acc_28464
phone_28465,acc_28465
phone_28466,acc_28466
phone_28467,acc_28467
phone_28468,acc_28468
phone_28469,acc_28469
phone_28470,acc_28470
phone_28471,acc_28471
phone_28472,acc_28472
phone_28473,acc_28473
phone_28474,acc_28474
phone_28475,acc_28475
phone_28476,acc_28476
phone_28477,acc_28477
phone_28478,acc_28478
phone_28479,acc_28479
phone_28480,acc_28480
phone_28481,acc_28481
phone_28482,acc_28482
phone_28483,acc_28483
phone_28484,acc_28484
phone_28485,acc_28485
phone_28486,acc_28486
phone_28487,acc_28487
phone_28488,acc_28488
phone_28489,acc_28489
phone_28490,acc_28490
phone_28491,acc_28491
phone_28492,acc_28492
phone_28493,acc_28493
phone_28494,acc_28494
phone_28495,acc_28495
phone_28496,acc_28496
phone_28497,acc_28497
phone_28498,acc_28498
phone_28499,acc_28499
phone_28500,acc_28500
phone_28501,acc_28501
phone_28502,acc_28502
phone_28503,acc_28503
phone_28504,acc_28504
phone_28505,acc_28505
phone_28506,acc_28506
phone_28507,acc_28507
phone_28508,acc_28508
phone_28509,acc_28509
phone_28510,acc_28510
phone_28511,acc_28511
phone_28512,acc_28512
phone_28513,acc_28513
phone_28514,acc_28514
phone_28515,acc_28515
phone_28516,acc_28516
phone_28517,acc_28517
phone_28518,acc_28518
phone_28519,acc_28519
phone_28520,acc_28520
phone_28521,acc_28521
phone_28522,acc_28522
phone_28523,acc_28523
phone_28524,acc_28524
phone_28525,acc_28525
phone_28526,acc_28526
phone_28527,acc_28527
phone_28528,acc_28528
phone_28529,acc_28529
phone_28530,acc_28530
phone_28531,acc_28531
phone_28532,acc_28532
phone_28533,acc_28533
phone_28534,acc_28534
phone_28535,acc_28535
phone_28536,acc_28536
phone_28537,acc_28537
phone_28538,acc_28538
phone_28539,acc_28539
phone_28540,acc_28540
phone_28541,acc_28541
phone_28542,acc_28542
phone_28543,acc_28543
phone_28544,acc_28544
phone_28545,acc_28545
phone_28546,acc_28546
phone_28547,acc_28547
phone_28548,acc_28548
phone_28549,acc_28549
phone_28550,acc_28550
phone_28551,acc_28551
phone_28552,acc_28552
phone_28553,acc_28553
phone_28554,acc_28554
phone_28555,acc_28555
phone_28556,acc_28556
phone_28557,acc_28557
phone_28558,acc_28558
phone_28559,acc_28559
phone_28560,acc_28560
phone_28561,acc_28561
phone_28562,acc_28562
phone_28563,acc_28563
phone_28564,acc_28564
phone_28565,acc_28565
phone_28566,acc_28566
phone_28567,acc_28567
phone_28568,acc_28568
phone_28569,acc_28569
phone_28570,acc_28570
phone_28571,acc_28571
phone_28572,acc_28572
phone_28573,acc_28573
phone_28574,acc_28574
phone_28575,acc_28575
phone_28576,acc_28576
phone_28577,acc_28577
phone_28578,acc_28578
phone_28579,acc_28579
phone_28580,acc_28580
phone_28581,acc_28581
phone_28582,acc_28582
phone_28583,acc_28583
phone_28584,acc_28584
phone_28585,acc_28585
phone_28586,acc_28586
phone_28587,acc_28587
phone_28588,acc_28588
phone_28589,acc_28589
phone_28590,acc_28590
phone_28591,acc_28591
phone_28592,acc_28592
phone_28593,acc_28593
phone_28594,acc_28594
phone_28595,acc_28595
phone_28596,acc_28596
phone_28597,acc_28597
phone_28598,acc_28598
phone_28599,acc_28599
phone_28600,acc_28600
phone_28601,acc_28601
phone_28602,acc_28602
phone_28603,acc_28603
phone_28604,acc_28604
phone_28605,acc_28605
phone_28606,acc_28606
phone_28607,acc_28607
phone_28608,acc_28608
phone_28609,acc_28609
phone_28610,acc_28610
phone_28611,acc_28611
phone_28612,acc_28612
phone_28613,acc_28613
phone_28614,acc_28614
phone_28615,acc_28615
phone_28616,acc_28616
phone_28617,acc_28617
phone_28618,acc_28618
phone_28619,acc_28619
phone_28620,acc_28620
phone_28621,acc_28621
phone_28622,acc_28622
phone_28623,acc_28623
phone_28624,acc_28624
phone_28625,acc_28625
phone_28626,acc_28626
phone_28627,acc_28627
phone_28628,acc_28628
phone_28629,acc_28629
phone_28630,acc_28630
phone_28631,acc_28631
phone_28632,acc_28632
phone_28633,acc_28633
phone_28634,acc_28634
phone_28635,acc_28635
phone_28636,acc_28636
phone_28637,acc_28637
phone_28638,acc_28638
phone_28639,acc_28639
phone_28640,acc_28640
phone_28641,acc_28641
phone_28642,acc_28642
phone_28643,acc_28643
phone_28644,acc_28644
phone_28645,acc_28645
phone_28646,acc_28646
phone_28647,acc_28647
phone_28648,acc_28648
phone_28649,acc_28649
phone_28650,acc_28650
phone_28651,acc_28651
phone_28652,acc_28652
phone_28653,acc_28653
phone_28654,acc_28654
phone_28655,acc_28655
phone_28656,acc_28656
phone_28657,acc_28657
phone_28658,acc_28658
phone_28659,acc_28659
phone_28660,acc_28660
phone_28661,acc_28661
phone_28662,acc_28662
phone_28663,acc_28663
phone_28664,acc_28664
phone_28665,acc_28665
phone_28666,acc_28666
phone_28667,acc_28667
phone_28668,acc_28668
phone_28669,acc_28669
phone_28670,acc_28670
phone_28671,acc_28671
phone_28672,acc_28672
phone_28673,acc_28673
phone_28674,acc_28674
phone_28675,acc_28675
phone_28676,acc_28676
phone_28677,acc_28677
phone_28678,acc_28678
phone_28679,acc_28679
phone_28680,acc_28680
phone_28681,acc_28681
phone_28682,acc_28682
phone_28683,acc_28683
phone_28684,acc_28684
phone_28685,acc_28685
phone_28686,acc_28686
phone_28687,acc_28687
phone_28688,acc_28688
phone_28689,acc_28689
phone_28690,acc_28690
phone_28691,acc_28691
phone_28692,acc_28692
phone_28693,acc_28693
phone_28694,acc_28694
phone_28695,acc_28695
phone_28696,acc_28696
phone_28697,acc_28697
phone_28698,acc_28698
phone_28699,acc_28699
phone_28700,acc_28700
phone_28701,acc_28701
phone_28702,acc_28702
phone_28703,acc_28703
phone_28704,acc_28704
phone_28705,acc_28705
phone_28706,acc_28706
phone_28707,acc_28707
phone_28708,acc_28708
phone_28709,acc_28709
phone_28710,acc_28710
phone_28711,acc_28711
phone_28712,acc_28712
phone_28713,acc_28713
phone_28714,acc_28714
phone_28715,acc_28715
phone_28716,acc_28716
phone_28717,acc_28717
phone_28718,acc_28718
phone_28719,acc_28719
phone_28720,acc_28720
phone_28721,acc_28721
phone_28722,acc_28722
phone_28723,acc_28723
phone_28724,acc_28724
phone_28725,acc_28725
phone_28726,acc_28726
phone_28727,acc_28727
phone_28728,acc_28728
phone_28729,acc_28729
phone_28730,acc_28730
phone_28731,acc_28731
phone_28732,acc_28732
phone_28733,acc_28733
phone_28734,acc_28734
phone_28735,acc_28735
phone_28736,acc_28736
phone_28737,acc_28737
phone_28738,acc_28738
phone_28739,acc_28739
phone_28740,acc_28740
phone_28741,acc_28741
phone_28742,acc_28742
phone_28743,acc_28743
phone_28744,acc_28744
phone_28745,acc_28745
phone_28746,acc_28746
phone_28747,acc_28747
phone_28748,acc_28748
phone_28749,acc_28749
phone_28750,acc_28750
phone_28751,acc_28751
phone_28752,acc_28752
phone_28753,acc_28753
phone_28754,acc_28754
phone_28755,acc_28755
phone_28756,acc_28756
phone_28757,acc_28757
phone_28758,acc_28758
phone_28759,acc_28759
phone_28760,acc_28760
phone_28761,acc_28761
phone_28762,acc_28762
phone_28763,acc_28763
phone_28764,acc_28764
phone_28765,acc_28765
phone_28766,acc_28766
phone_28767,acc_28767
phone_28768,acc_28768
phone_28769,acc_28769
phone_28770,acc_28770
phone_28771,acc_28771
phone_28772,acc_28772
phone_28773,acc_28773
phone_28774,acc_28774
phone_28775,acc_28775
phone_28776,acc_28776
phone_28777,acc_28777
phone_28778,acc_28778
phone_28779,acc_28779
phone_28780,acc_28780
phone_28781,acc_28781
phone_28782,acc_28782
phone_28783,acc_28783
phone_28784,acc_28784
phone_28785,acc_28785
phone_28786,acc_28786
phone_28787,acc_28787
phone_28788,acc_28788
phone_28789,acc_28789
phone_28790,acc_28790
phone_28791,acc_28791
phone_28792,acc_28792
phone_28793,acc_28793
phone_28794,acc_28794
phone_28795,acc_28795
phone_28796,acc_28796
phone_28797,acc_28797
phone_28798,acc_28798
phone_28799,acc_28799
phone_28800,acc_28800
phone_28801,acc_28801
phone_28802,acc_28802
phone_28803,acc_28803
phone_28804,acc_28804
phone_28805,acc_28805
phone_28806,acc_28806
phone_28807,acc_28807
phone_28808,acc_28808
phone_28809,acc_28809
phone_28810,acc_28810
phone_28811,acc_28811
phone_28812,acc_28812
phone_28813,acc_28813
phone_28814,acc_28814
phone_28815,acc_28815
phone_28816,acc_28816
phone_28817,acc_28817
phone_28818,acc_28818
phone_28819,acc_28819
phone_28820,acc_28820
phone_28821,acc_28821
phone_28822,acc_28822
phone_28823,acc_28823
phone_28824,acc_28824
phone_28825,acc_28825
phone_28826,acc_28826
phone_28827,acc_28827
phone_28828,acc_28828
phone_28829,acc_28829
phone_28830,acc_28830
phone_28831,acc_28831
phone_28832,acc_28832
phone_28833,acc_28833
phone_28834,acc_28834
phone_28835,acc_28835
phone_28836,acc_28836
phone_28837,acc_28837
phone_28838,acc_28838
phone_28839,acc_28839
phone_28840,acc_28840
phone_28841,acc_28841
phone_28842,acc_28842
phone_28843,acc_28843
phone_28844,acc_28844
phone_28845,acc_28845
phone_28846,acc_28846
phone_28847,acc_28847
phone_28848,acc_28848
phone_28849,acc_28849
phone_28850,acc_28850
phone_28851,acc_28851
phone_28852,acc_28852
phone_28853,acc_28853
phone_28854,acc_28854
phone_28855,acc_28855
phone_28856,acc_28856
phone_28857,acc_28857
phone_28858,acc_28858
phone_28859,acc_28859
phone_28860,acc_28860
phone_28861,acc_28861
phone_28862,acc_28862
phone_28863,acc_28863
phone_28864,acc_28864
phone_28865,acc_28865
phone_28866,acc_28866
phone_28867,acc_28867
phone_28868,acc_28868
phone_28869,acc_28869
phone_28870,acc_28870
phone_28871,acc_28871
phone_28872,acc_28872
phone_28873,acc_28873
phone_28874,acc_28874
phone_28875,acc_28875
phone_28876,acc_28876
phone_28877,acc_28877
phone_28878,acc_28878
phone_28879,acc_28879
phone_28880,acc_28880
phone_28881,acc_28881
phone_28882,acc_28882
phone_28883,acc_28883
phone_28884,acc_28884
phone_28885,acc_28885
phone_28886,acc_28886
phone_28887,acc_28887
phone_28888,acc_28888
phone_28889,acc_28889
phone_28890,acc_28890
phone_28891,acc_28891
phone_28892,acc_28892
phone_28893,acc_28893
phone_28894,acc_28894
phone_28895,acc_28895
phone_28896,acc_28896
phone_28897,acc_28897
phone_28898,acc_28898
phone_28899,acc_28899
phone_28900,acc_28900
phone_28901,acc_28901
phone_28902,acc_28902
phone_28903,acc_28903
phone_28904,acc_28904
phone_28905,acc_28905
phone_28906,acc_28906
phone_28907,acc_28907
phone_28908,acc_28908
phone_28909,acc_28909
phone_28910,acc_28910
phone_28911,acc_28911
phone_28912,acc_28912
phone_28913,acc_28913
phone_28914,acc_28914
phone_28915,acc_28915
phone_28916,acc_28916
phone_28917,acc_28917
phone_28918,acc_28918
phone_28919,acc_28919
phone_28920,acc_28920
phone_28921,acc_28921
phone_28922,acc_28922
phone_28923,acc_28923
phone_28924,acc_28924
phone_28925,acc_28925
phone_28926,acc_28926
phone_28927,acc_28927
phone_28928,acc_28928
phone_28929,acc_28929
phone_28930,acc_28930
phone_28931,acc_28931
phone_28932,acc_28932
phone_28933,acc_28933
phone_28934,acc_28934
phone_28935,acc_28935
phone_28936,acc_28936
phone_28937,acc_28937
phone_28938,acc_28938
phone_28939,acc_28939
phone_28940,acc_28940
phone_28941,acc_28941
phone_28942,acc_28942
phone_28943,acc_28943
phone_28944,acc_28944
phone_28945,acc_28945
phone_28946,acc_28946
phone_28947,acc_28947
phone_28948,acc_28948
phone_28949,acc_28949
phone_28950,acc_28950
phone_28951,acc_28951
phone_28952,acc_28952
phone_28953,acc_28953
phone_28954,acc_28954
phone_28955,acc_28955
phone_28956,acc_28956
phone_28957,acc_28957
phone_28958,acc_28958
phone_28959,acc_28959
phone_28960,acc_28960
phone_28961,acc_28961
phone_28962,acc_28962
phone_28963,acc_28963
phone_28964,acc_28964
phone_28965,acc_28965
phone_28966,acc_28966
phone_28967,acc_28967
phone_28968,acc_28968
phone_28969,acc_28969
phone_28970,acc_28970
phone_28971,acc_28971
phone_28972,acc_28972
phone_28973,acc_28973
phone_28974,acc_28974
phone_28975,acc_28975
phone_28976,acc_28976
phone_28977,acc_28977
phone_28978,acc_28978
phone_28979,acc_28979
phone_28980,acc_28980
phone_28981,acc_28981
phone_28982,acc_28982
phone_28983,acc_28983
phone_28984,acc_28984
phone_28985,acc_28985
phone_28986,acc_28986
phone_28987,acc_28987
phone_28988,acc_28988
phone_28989,acc_28989
phone_28990,acc_28990
phone_28991,acc_28991
phone_28992,acc_28992
phone_28993,acc_28993
phone_28994,acc_28994
phone_28995,acc_28995
phone_28996,acc_28996
phone_28997,acc_28997
phone_28998,acc_28998
phone_28999,acc_28999
phone_29000,acc_29000
phone_29001,acc_29001
phone_29002,acc_29002
phone_29003,acc_29003
phone_29004,acc_29004
phone_29005,acc_29005
phone_29006,acc_29006
phone_29007,acc_29007
phone_29008,acc_29008
phone_29009,acc_29009
phone_29010,acc_29010
phone_29011,acc_29011
phone_29012,acc_29012
phone_29013,acc_29013
phone_29014,acc_29014
phone_29015,acc_29015
phone_29016,acc_29016
phone_29017,acc_29017
phone_29018,acc_29018
phone_29019,acc_29019
phone_29020,acc_29020
phone_29021,acc_29021
phone_29022,acc_29022
phone_29023,acc_29023
phone_29024,acc_29024
phone_29025,acc_29025
phone_29026,acc_29026
phone_29027,acc_29027
phone_29028,acc_29028
phone_29029,acc_29029
phone_29030,acc_29030
phone_29031,acc_29031
phone_29032,acc_29032
phone_29033,acc_29033
phone_29034,acc_29034
phone_29035,acc_29035
phone_29036,acc_29036
phone_29037,acc_29037
phone_29038,acc_29038
phone_29039,acc_29039
phone_29040,acc_29040
phone_29041,acc_29041
phone_29042,acc_29042
phone_29043,acc_29043
phone_29044,acc_29044
phone_29045,acc_29045
phone_29046,acc_29046
phone_29047,acc_29047
phone_29048,acc_29048
phone_29049,acc_29049
phone_29050,acc_29050
phone_29051,acc_29051
phone_29052,acc_29052
phone_29053,acc_29053
phone_29054,acc_29054
phone_29055,acc_29055
phone_29056,acc_29056
phone_29057,acc_29057
phone_29058,acc_29058
phone_29059,acc_29059
phone_29060,acc_29060
phone_29061,acc_29061
phone_29062,acc_29062
phone_29063,acc_29063
phone_29064,acc_29064
phone_29065,acc_29065
phone_29066,acc_29066
phone_29067,acc_29067
phone_29068,acc_29068
phone_29069,acc_29069
phone_29070,acc_29070
phone_29071,acc_29071
phone_29072,acc_29072
phone_29073,acc_29073
phone_29074,acc_29074
phone_29075,acc_29075
phone_29076,acc_29076
phone_29077,acc_29077
phone_29078,acc_29078
phone_29079,acc_29079
phone_29080,acc_29080
phone_29081,acc_29081
phone_29082,acc_29082
phone_29083,acc_29083
phone_29084,acc_29084
phone_29085,acc_29085
phone_29086,acc_29086
phone_29087,acc_29087
phone_29088,acc_29088
phone_29089,acc_29089
phone_29090,acc_29090
phone_29091,acc_29091
phone_29092,acc_29092
phone_29093,acc_29093
phone_29094,acc_29094
phone_29095,acc_29095
phone_29096,acc_29096
phone_29097,acc_29097
phone_29098,acc_29098
phone_29099,acc_29099
phone_29100,acc_29100
phone_29101,acc_29101
phone_29102,acc_29102
phone_29103,acc_29103
phone_29104,acc_29104
phone_29105,acc_29105
phone_29106,acc_29106
phone_29107,acc_29107
phone_29108,acc_29108
phone_29109,acc_29109
phone_29110,acc_29110
phone_29111,acc_29111
phone_29112,acc_29112
phone_29113,acc_29113
phone_29114,acc_29114
phone_29115,acc_29115
phone_29116,acc_29116
phone_29117,acc_29117
phone_29118,acc_29118
phone_29119,acc_29119
phone_29120,acc_29120
phone_29121,acc_29121
phone_29122,acc_29122
phone_29123,acc_29123
phone_29124,acc_29124
phone_29125,acc_29125
phone_29126,acc_29126
phone_29127,acc_29127
phone_29128,acc_29128
phone_29129,acc_29129
phone_29130,acc_29130
phone_29131,acc_29131
phone_29132,acc_29132
phone_29133,acc_29133
phone_29134,acc_29134
phone_29135,acc_29135
phone_29136,acc_29136
phone_29137,acc_29137
phone_29138,acc_29138
phone_29139,acc_29139
phone_29140,acc_29140
phone_29141,acc_29141
phone_29142,acc_29142
phone_29143,acc_29143
phone_29144,acc_29144
phone_29145,acc_29145
phone_29146,acc_29146
phone_29147,acc_29147
phone_29148,acc_29148
phone_29149,acc_29149
phone_29150,acc_29150
phone_29151,acc_29151
phone_29152,acc_29152
phone_29153,acc_29153
phone_29154,acc_29154
phone_29155,acc_29155
phone_29156,acc_29156
phone_29157,acc_29157
phone_29158,acc_29158
phone_29159,acc_29159
phone_29160,acc_29160
phone_29161,acc_29161
phone_29162,acc_29162
phone_29163,acc_29163
phone_29164,acc_29164
phone_29165,acc_29165
phone_29166,acc_29166
phone_29167,acc_29167
phone_29168,acc_29168
phone_29169,acc_29169
phone_29170,acc_29170
phone_29171,acc_29171
phone_29172,acc_29172
phone_29173,acc_29173
phone_29174,acc_29174
phone_29175,acc_29175
phone_29176,acc_29176
phone_29177,acc_29177
phone_29178,acc_29178
phone_29179,acc_29179
phone_29180,acc_29180
phone_29181,acc_29181
phone_29182,acc_29182
phone_29183,acc_29183
phone_29184,acc_29184
phone_29185,acc_29185
phone_29186,acc_29186
phone_29187,acc_29187
phone_29188,acc_29188
phone_29189,acc_29189
phone_29190,acc_29190
phone_29191,acc_29191
phone_29192,acc_29192
phone_29193,acc_29193
phone_29194,acc_29194
phone_29195,acc_29195
phone_29196,acc_29196
phone_29197,acc_29197
phone_29198,acc_29198
phone_29199,acc_29199
phone_29200,acc_29200
phone_29201,acc_29201
phone_29202,acc_29202
phone_29203,acc_29203
phone_29204,acc_29204
phone_29205,acc_29205
phone_29206,acc_29206
phone_29207,acc_29207
phone_29208,acc_29208
phone_29209,acc_29209
phone_29210,acc_29210
phone_29211,acc_29211
phone_29212,acc_29212
phone_29213,acc_29213
phone_29214,acc_29214
phone_29215,acc_29215
phone_29216,acc_29216
phone_29217,acc_29217
phone_29218,acc_29218
phone_29219,acc_29219
phone_29220,acc_29220
phone_29221,acc_29221
phone_29222,acc_29222
phone_29223,acc_29223
phone_29224,acc_29224
phone_29225,acc_29225
phone_29226,acc_29226
phone_29227,acc_29227
phone_29228,acc_29228
phone_29229,acc_29229
phone_29230,acc_29230
phone_29231,acc_29231
phone_29232,acc_29232
phone_29233,acc_29233
phone_29234,acc_29234
phone_29235,acc_29235
phone_29236,acc_29236
phone_29237,acc_29237
phone_29238,acc_29238
phone_29239,acc_29239
phone_29240,acc_29240
phone_29241,acc_29241
phone_29242,acc_29242
phone_29243,acc_29243
phone_29244,acc_29244
phone_29245,acc_29245
phone_29246,acc_29246
phone_29247,acc_29247
phone_29248,acc_29248
phone_29249,acc_29249
phone_29250,acc_29250
phone_29251,acc_29251
phone_29252,acc_29252
phone_29253,acc_29253
phone_29254,acc_29254
phone_29255,acc_29255
phone_29256,acc_29256
phone_29257,acc_29257
phone_29258,acc_29258
phone_29259,acc_29259
phone_29260,acc_29260
phone_29261,acc_29261
phone_29262,acc_29262
phone_29263,acc_29263
phone_29264,acc_29264
phone_29265,acc_29265
phone_29266,acc_29266
phone_29267,acc_29267
phone_29268,acc_29268
phone_29269,acc_29269
phone_29270,acc_29270
phone_29271,acc_29271
phone_29272,acc_29272
phone_29273,acc_29273
phone_29274,acc_29274
phone_29275,acc_29275
phone_29276,acc_29276
phone_29277,acc_29277
phone_29278,acc_29278
phone_29279,acc_29279
phone_29280,acc_29280
phone_29281,acc_29281
phone_29282,acc_29282
phone_29283,acc_29283
phone_29284,acc_29284
phone_29285,acc_29285
phone_29286,acc_29286
phone_29287,acc_29287
phone_29288,acc_29288
phone_29289,acc_29289
phone_29290,acc_29290
phone_29291,acc_29291
phone_29292,acc_29292
phone_29293,acc_29293
phone_29294,acc_29294
phone_29295,acc_29295
phone_29296,acc_29296
phone_29297,acc_29297
phone_29298,acc_29298
phone_29299,acc_29299
phone_29300,acc_29300
phone_29301,acc_29301
phone_29302,acc_29302
phone_29303,acc_29303
phone_29304,acc_29304
phone_29305,acc_29305
phone_29306,acc_29306
phone_29307,acc_29307
phone_29308,acc_29308
phone_29309,acc_29309
phone_29310,acc_29310
phone_29311,acc_29311
phone_29312,acc_29312
phone_29313,acc_29313
phone_29314,acc_29314
phone_29315,acc_29315
phone_29316,acc_29316
phone_29317,acc_29317
phone_29318,acc_29318
phone_29319,acc_29319
phone_29320,acc_29320
phone_29321,acc_29321
phone_29322,acc_29322
phone_29323,acc_29323
phone_29324,acc_29324
phone_29325,acc_29325
phone_29326,acc_29326
phone_29327,acc_29327
phone_29328,acc_29328
phone_29329,acc_29329
phone_29330,acc_29330
phone_29331,acc_29331
phone_29332,acc_29332
phone_29333,acc_29333
phone_29334,acc_29334
phone_29335,acc_29335
phone_29336,acc_29336
phone_29337,acc_29337
phone_29338,acc_29338
phone_29339,acc_29339
phone_29340,acc_29340
phone_29341,acc_29341
phone_29342,acc_29342
phone_29343,acc_29343
phone_29344,acc_29344
phone_29345,acc_29345
phone_29346,acc_29346
phone_29347,acc_29347
phone_29348,acc_29348
phone_29349,acc_29349
phone_29350,acc_29350
phone_29351,acc_29351
phone_29352,acc_29352
phone_29353,acc_29353
phone_29354,acc_29354
phone_29355,acc_29355
phone_29356,acc_29356
phone_29357,acc_29357
phone_29358,acc_29358
phone_29359,acc_29359
phone_29360,acc_29360
phone_29361,acc_29361
phone_29362,acc_29362
phone_29363,acc_29363
phone_29364,acc_29364
phone_29365,acc_29365
phone_29366,acc_29366
phone_29367,acc_29367
phone_29368,acc_29368
phone_29369,acc_29369
phone_29370,acc_29370
phone_29371,acc_29371
phone_29372,acc_29372
phone_29373,acc_29373
phone_29374,acc_29374
phone_29375,acc_29375
phone_29376,acc_29376
phone_29377,acc_29377
phone_29378,acc_29378
phone_29379,acc_29379
phone_29380,acc_29380
phone_29381,acc_29381
phone_29382,acc_29382
phone_29383,acc_29383
phone_29384,acc_29384
phone_29385,acc_29385
phone_29386,acc_29386
phone_29387,acc_29387
phone_29388,acc_29388
phone_29389,acc_29389
phone_29390,acc_29390
phone_29391,acc_29391
phone_29392,acc_29392
phone_29393,acc_29393
phone_29394,acc_29394
phone_29395,acc_29395
phone_29396,acc_29396
phone_29397,acc_29397
phone_29398,acc_29398
phone_29399,acc_29399
phone_29400,acc_29400
phone_29401,acc_29401
phone_29402,acc_29402
phone_29403,acc_29403
phone_29404,acc_29404
phone_29405,acc_29405
phone_29406,acc_29406
phone_29407,acc_29407
phone_29408,acc_29408
phone_29409,acc_29409
phone_29410,acc_29410
phone_29411,acc_29411
phone_29412,acc_29412
phone_29413,acc_29413
phone_29414,acc_29414
phone_29415,acc_29415
phone_29416,acc_29416
phone_29417,acc_29417
phone_29418,acc_29418
phone_29419,acc_29419
phone_29420,acc_29420
phone_29421,acc_29421
phone_29422,acc_29422
phone_29423,acc_29423
phone_29424,acc_29424
phone_29425,acc_29425
phone_29426,acc_29426
phone_29427,acc_29427
phone_29428,acc_29428
phone_29429,acc_29429
phone_29430,acc_29430
phone_29431,acc_29431
phone_29432,acc_29432
phone_29433,acc_29433
phone_29434,acc_29434
phone_29435,acc_29435
phone_29436,acc_29436
phone_29437,acc_29437
phone_29438,acc_29438
phone_29439,acc_29439
phone_29440,acc_29440
phone_29441,acc_29441
phone_29442,acc_29442
phone_29443,acc_29443
phone_29444,acc_29444
phone_29445,acc_29445
phone_29446,acc_29446
phone_29447,acc_29447
phone_29448,acc_29448
phone_29449,acc_29449
phone_29450,acc_29450
phone_29451,acc_29451
phone_29452,acc_29452
phone_29453,acc_29453
phone_29454,acc_29454
phone_29455,acc_29455
phone_29456,acc_29456
phone_29457,acc_29457
phone_29458,acc_29458
phone_29459,acc_29459
phone_29460,acc_29460
phone_29461,acc_29461
phone_29462,acc_29462
phone_29463,acc_29463
phone_29464,acc_29464
phone_29465,acc_29465
phone_29466,acc_29466
phone_29467,acc_29467
phone_29468,acc_29468
phone_29469,acc_29469
phone_29470,acc_29470
phone_29471,acc_29471
phone_29472,acc_29472
phone_29473,acc_29473
phone_29474,acc_29474
phone_29475,acc_29475
phone_29476,acc_29476
phone_29477,acc_29477
phone_29478,acc_29478
phone_29479,acc_29479
phone_29480,acc_29480
phone_29481,acc_29481
phone_29482,acc_29482
phone_29483,acc_29483
phone_29484,acc_29484
phone_29485,acc_29485
phone_29486,acc_29486
phone_29487,acc_29487
phone_29488,acc_29488
phone_29489,acc_29489
phone_29490,acc_29490
phone_29491,acc_29491
phone_29492,acc_29492
phone_29493,acc_29493
phone_29494,acc_29494
phone_29495,acc_29495
phone_29496,acc_29496
phone_29497,acc_29497
phone_29498,acc_29498
phone_29499,acc_29499
phone_29500,acc_29500
phone_29501,acc_29501
phone_29502,acc_29502
phone_29503,acc_29503
phone_29504,acc_29504
phone_29505,acc_29505
phone_29506,acc_29506
phone_29507,acc_29507
phone_29508,acc_29508
phone_29509,acc_29509
phone_29510,acc_29510
phone_29511,acc_29511
phone_29512,acc_29512
phone_29513,acc_29513
phone_29514,acc_29514
phone_29515,acc_29515
phone_29516,acc_29516
phone_29517,acc_29517
phone_29518,acc_29518
phone_29519,acc_29519
phone_29520,acc_29520
phone_29521,acc_29521
phone_29522,acc_29522
phone_29523,acc_29523
phone_29524,acc_29524
phone_29525,acc_29525
phone_29526,acc_29526
phone_29527,acc_29527
phone_29528,acc_29528
phone_29529,acc_29529
phone_29530,acc_29530
phone_29531,acc_29531
phone_29532,acc_29532
phone_29533,acc_29533
phone_29534,acc_29534
phone_29535,acc_29535
phone_29536,acc_29536
phone_29537,acc_29537
phone_29538,acc_29538
phone_29539,acc_29539
phone_29540,acc_29540
phone_29541,acc_29541
phone_29542,acc_29542
phone_29543,acc_29543
phone_29544,acc_29544
phone_29545,acc_29545
phone_29546,acc_29546
phone_29547,acc_29547
phone_29548,acc_29548
phone_29549,acc_29549
phone_29550,acc_29550
phone_29551,acc_29551
phone_29552,acc_29552
phone_29553,acc_29553
phone_29554,acc_29554
phone_29555,acc_29555
phone_29556,acc_29556
phone_29557,acc_29557
phone_29558,acc_29558
phone_29559,acc_29559
phone_29560,acc_29560
phone_29561,acc_29561
phone_29562,acc_29562
phone_29563,acc_29563
phone_29564,acc_29564
phone_29565,acc_29565
phone_29566,acc_29566
phone_29567,acc_29567
phone_29568,acc_29568
phone_29569,acc_29569
phone_29570,acc_29570
phone_29571,acc_29571
phone_29572,acc_29572
phone_29573,acc_29573
phone_29574,acc_29574
phone_29575,acc_29575
phone_29576,acc_29576
phone_29577,acc_29577
phone_29578,acc_29578
phone_29579,acc_29579
phone_29580,acc_29580
phone_29581,acc_29581
phone_29582,acc_29582
phone_29583,acc_29583
phone_29584,acc_29584
phone_29585,acc_29585
phone_29586,acc_29586
phone_29587,acc_29587
phone_29588,acc_29588
phone_29589,acc_29589
phone_29590,acc_29590
phone_29591,acc_29591
phone_29592,acc_29592
phone_29593,acc_29593
phone_29594,acc_29594
phone_29595,acc_29595
phone_29596,acc_29596
phone_29597,acc_29597
phone_29598,acc_29598
phone_29599,acc_29599
phone_29600,acc_29600
phone_29601,acc_29601
phone_29602,acc_29602
phone_29603,acc_29603
phone_29604,acc_29604
phone_29605,acc_29605
phone_29606,acc_29606
phone_29607,acc_29607
phone_29608,acc_29608
phone_29609,acc_29609
phone_29610,acc_29610
phone_29611,acc_29611
phone_29612,acc_29612
phone_29613,acc_29613
phone_29614,acc_29614
phone_29615,acc_29615
phone_29616,acc_29616
phone_29617,acc_29617
phone_29618,acc_29618
phone_29619,acc_29619
phone_29620,acc_29620
phone_29621,acc_29621
phone_29622,acc_29622
phone_29623,acc_29623
phone_29624,acc_29624
phone_29625,acc_29625
phone_29626,acc_29626
phone_29627,acc_29627
phone_29628,acc_29628
phone_29629,acc_29629
phone_29630,acc_29630
phone_29631,acc_29631
phone_29632,acc_29632
phone_29633,acc_29633
phone_29634,acc_29634
phone_29635,acc_29635
phone_29636,acc_29636
phone_29637,acc_29637
phone_29638,acc_29638
phone_29639,acc_29639
phone_29640,acc_29640
phone_29641,acc_29641
phone_29642,acc_29642
phone_29643,acc_29643
phone_29644,acc_29644
phone_29645,acc_29645
phone_29646,acc_29646
phone_29647,acc_29647
phone_29648,acc_29648
phone_29649,acc_29649
phone_29650,acc_29650
phone_29651,acc_29651
phone_29652,acc_29652
phone_29653,acc_29653
phone_29654,acc_29654
phone_29655,acc_29655
phone_29656,acc_29656
phone_29657,acc_29657
phone_29658,acc_29658
phone_29659,acc_29659
phone_29660,acc_29660
phone_29661,acc_29661
phone_29662,acc_29662
phone_29663,acc_29663
phone_29664,acc_29664
phone_29665,acc_29665
phone_29666,acc_29666
phone_29667,acc_29667
phone_29668,acc_29668
phone_29669,acc_29669
phone_29670,acc_29670
phone_29671,acc_29671
phone_29672,acc_29672
phone_29673,acc_29673
phone_29674,acc_29674
phone_29675,acc_29675
phone_29676,acc_29676
phone_29677,acc_29677
phone_29678,acc_29678
phone_29679,acc_29679
phone_29680,acc_29680
phone_29681,acc_29681
phone_29682,acc_29682
phone_29683,acc_29683
phone_29684,acc_29684
phone_29685,acc_29685
phone_29686,acc_29686
phone_29687,acc_29687
phone_29688,acc_29688
phone_29689,acc_29689
phone_29690,acc_29690
phone_29691,acc_29691
phone_29692,acc_29692
phone_29693,acc_29693
phone_29694,acc_29694
phone_29695,acc_29695
phone_29696,acc_29696
phone_29697,acc_29697
phone_29698,acc_29698
phone_29699,acc_29699
phone_29700,acc_29700
phone_29701,acc_29701
phone_29702,acc_29702
phone_29703,acc_29703
phone_29704,acc_29704
phone_29705,acc_29705
phone_29706,acc_29706
phone_29707,acc_29707
phone_29708,acc_29708
phone_29709,acc_29709
phone_29710,acc_29710
phone_29711,acc_29711
phone_29712,acc_29712
phone_29713,acc_29713
phone_29714,acc_29714
phone_29715,acc_29715
phone_29716,acc_29716
phone_29717,acc_29717
phone_29718,acc_29718
phone_29719,acc_29719
phone_29720,acc_29720
phone_29721,acc_29721
phone_29722,acc_29722
phone_29723,acc_29723
phone_29724,acc_29724
phone_29725,acc_29725
phone_29726,acc_29726
phone_29727,acc_29727
phone_29728,acc_29728
phone_29729,acc_29729
phone_29730,acc_29730
phone_29731,acc_29731
phone_29732,acc_29732
phone_29733,acc_29733
phone_29734,acc_29734
phone_29735,acc_29735
phone_29736,acc_29736
phone_29737,acc_29737
phone_29738,acc_29738
phone_29739,acc_29739
phone_29740,acc_29740
phone_29741,acc_29741
phone_29742,acc_29742
phone_29743,acc_29743
phone_29744,acc_29744
phone_29745,acc_29745
phone_29746,acc_29746
phone_29747,acc_29747
phone_29748,acc_29748
phone_29749,acc_29749
phone_29750,acc_29750
phone_29751,acc_29751
phone_29752,acc_29752
phone_29753,acc_29753
phone_29754,acc_29754
phone_29755,acc_29755
phone_29756,acc_29756
phone_29757,acc_29757
phone_29758,acc_29758
phone_29759,acc_29759
phone_29760,acc_29760
phone_29761,acc_29761
phone_29762,acc_29762
phone_29763,acc_29763
phone_29764,acc_29764
phone_29765,acc_29765
phone_29766,acc_29766
phone_29767,acc_29767
phone_29768,acc_29768
phone_29769,acc_29769
phone_29770,acc_29770
phone_29771,acc_29771
phone_29772,acc_29772
phone_29773,acc_29773
phone_29774,acc_29774
phone_29775,acc_29775
phone_29776,acc_29776
phone_29777,acc_29777
phone_29778,acc_29778
phone_29779,acc_29779
phone_29780,acc_29780
phone_29781,acc_29781
phone_29782,acc_29782
phone_29783,acc_29783
phone_29784,acc_29784
phone_29785,acc_29785
phone_29786,acc_29786
phone_29787,acc_29787
phone_29788,acc_29788
phone_29789,acc_29789
phone_29790,acc_29790
phone_29791,acc_29791
phone_29792,acc_29792
phone_29793,acc_29793
phone_29794,acc_29794
phone_29795,acc_29795
phone_29796,acc_29796
phone_29797,acc_29797
phone_29798,acc_29798
phone_29799,acc_29799
phone_29800,acc_29800
phone_29801,acc_29801
phone_29802,acc_29802
phone_29803,acc_29803
phone_29804,acc_29804
phone_29805,acc_29805
phone_29806,acc_29806
phone_29807,acc_29807
phone_29808,acc_29808
phone_29809,acc_29809
phone_29810,acc_29810
phone_29811,acc_29811
phone_29812,acc_29812
phone_29813,acc_29813
phone_29814,acc_29814
phone_29815,acc_29815
phone_29816,acc_29816
phone_29817,acc_29817
phone_29818,acc_29818
phone_29819,acc_29819
phone_29820,acc_29820
phone_29821,acc_29821
phone_29822,acc_29822
phone_29823,acc_29823
phone_29824,acc_29824
phone_29825,acc_29825
phone_29826,acc_29826
phone_29827,acc_29827
phone_29828,acc_29828
phone_29829,acc_29829
phone_29830,acc_29830
phone_29831,acc_29831
phone_29832,acc_29832
phone_29833,acc_29833
phone_29834,acc_29834
phone_29835,acc_29835
phone_29836,acc_29836
phone_29837,acc_29837
phone_29838,acc_29838
phone_29839,acc_29839
phone_29840,acc_29840
phone_29841,acc_29841
phone_29842,acc_29842
phone_29843,acc_29843
phone_29844,acc_29844
phone_29845,acc_29845
phone_29846,acc_29846
phone_29847,acc_29847
phone_29848,acc_29848
phone_29849,acc_29849
phone_29850,acc_29850
phone_29851,acc_29851
phone_29852,acc_29852
phone_29853,acc_29853
phone_29854,acc_29854
phone_29855,acc_29855
phone_29856,acc_29856
phone_29857,acc_29857
phone_29858,acc_29858
phone_29859,acc_29859
phone_29860,acc_29860
phone_29861,acc_29861
phone_29862,acc_29862
phone_29863,acc_29863
phone_29864,acc_29864
phone_29865,acc_29865
phone_29866,acc_29866
phone_29867,acc_29867
phone_29868,acc_29868
phone_29869,acc_29869
phone_29870,acc_29870
phone_29871,acc_29871
phone_29872,acc_29872
phone_29873,acc_29873
phone_29874,acc_29874
phone_29875,acc_29875
phone_29876,acc_29876
phone_29877,acc_29877
phone_29878,acc_29878
phone_29879,acc_29879
phone_29880,acc_29880
phone_29881,acc_29881
phone_29882,acc_29882
phone_29883,acc_29883
phone_29884,acc_29884
phone_29885,acc_29885
phone_29886,acc_29886
phone_29887,acc_29887
phone_29888,acc_29888
phone_29889,acc_29889
phone_29890,acc_29890
phone_29891,acc_29891
phone_29892,acc_29892
phone_29893,acc_29893
phone_29894,acc_29894
phone_29895,acc_29895
phone_29896,acc_29896
phone_29897,acc_29897
phone_29898,acc_29898
phone_29899,acc_29899
phone_29900,acc_29900
phone_29901,acc_29901
phone_29902,acc_29902
phone_29903,acc_29903
phone_29904,acc_29904
phone_29905,acc_29905
phone_29906,acc_29906
phone_29907,acc_29907
phone_29908,acc_29908
phone_29909,acc_29909
phone_29910,acc_29910
phone_29911,acc_29911
phone_29912,acc_29912
phone_29913,acc_29913
phone_29914,acc_29914
phone_29915,acc_29915
phone_29916,acc_29916
phone_29917,acc_29917
phone_29918,acc_29918
phone_29919,acc_29919
phone_29920,acc_29920
phone_29921,acc_29921
phone_29922,acc_29922
phone_29923,acc_29923
phone_29924,acc_29924
phone_29925,acc_29925
phone_29926,acc_29926
phone_29927,acc_29927
phone_29928,acc_29928
phone_29929,acc_29929
phone_29930,acc_29930
phone_29931,acc_29931
phone_29932,acc_29932
phone_29933,acc_29933
phone_29934,acc_29934
phone_29935,acc_29935
phone_29936,acc_29936
phone_29937,acc_29937
phone_29938,acc_29938
phone_29939,acc_29939
phone_29940,acc_29940
phone_29941,acc_29941
phone_29942,acc_29942
phone_29943,acc_29943
phone_29944,acc_29944
phone_29945,acc_29945
phone_29946,acc_29946
phone_29947,acc_29947
phone_29948,acc_29948
phone_29949,acc_29949
phone_29950,acc_29950
phone_29951,acc_29951
phone_29952,acc_29952
phone_29953,acc_29953
phone_29954,acc_29954
phone_29955,acc_29955
phone_29956,acc_29956
phone_29957,acc_29957
phone_29958,acc_29958
phone_29959,acc_29959
phone_29960,acc_29960
phone_29961,acc_29961
phone_29962,acc_29962
phone_29963,acc_29963
phone_29964,acc_29964
phone_29965,acc_29965
phone_29966,acc_29966
phone_29967,acc_29967
phone_29968,acc_29968
phone_29969,acc_29969
phone_29970,acc_29970
phone_29971,acc_29971
phone_29972,acc_29972
phone_29973,acc_29973
phone_29974,acc_29974
phone_29975,acc_29975
phone_29976,acc_29976
phone_29977,acc_29977
phone_29978,acc_29978
phone_29979,acc_29979
phone_29980,acc_29980
phone_29981,acc_29981
phone_29982,acc_29982
phone_29983,acc_29983
phone_29984,acc_29984
phone_29985,acc_29985
phone_29986,acc_29986
phone_29987,acc_29987
phone_29988,acc_29988
phone_29989,acc_29989
phone_29990,acc_29990
phone_29991,acc_29991
phone_29992,acc_29992
phone_29993,acc_29993
phone_29994,acc_29994
phone_29995,acc_29995
phone_29996,acc_29996
phone_29997,acc_29997
phone_29998,acc_29998
phone_29999,acc_29999
